{
  "timesteps": [
    0,
    1,
    2,
    3,
    4,
    5,
    6,
    7,
    8,
    9,
    10,
    11,
    12,
    13,
    14,
    15,
    16,
    17,
    18,
    19,
    20,
    21,
    22,
    23,
    24,
    25,
    26,
    27,
    28,
    29,
    30,
    31,
    32,
    33,
    34,
    35,
    36,
    37,
    38,
    39,
    40,
    41,
    42,
    43,
    44,
    45,
    46,
    47,
    48,
    49,
    50,
    51,
    52,
    53,
    54,
    55,
    56,
    57,
    58,
    59,
    60,
    61,
    62,
    63,
    64,
    65,
    66,
    67,
    68,
    69,
    70,
    71,
    72,
    73,
    74,
    75,
    76,
    77,
    78,
    79,
    80,
    81,
    82,
    83,
    84,
    85,
    86,
    87,
    88,
    89,
    90,
    91,
    92,
    93,
    94,
    95,
    96,
    97,
    98,
    99,
    100,
    101,
    102,
    103,
    104,
    105,
    106,
    107,
    108,
    109,
    110,
    111,
    112,
    113,
    114,
    115,
    116,
    117,
    118,
    119,
    120,
    121,
    122,
    123,
    124,
    125,
    126,
    127,
    128,
    129,
    130,
    131,
    132,
    133,
    134,
    135,
    136,
    137,
    138,
    139,
    140,
    141,
    142,
    143,
    144,
    145,
    146,
    147,
    148,
    149,
    150,
    151,
    152,
    153,
    154,
    155,
    156,
    157,
    158,
    159,
    160,
    161,
    162,
    163,
    164,
    165,
    166,
    167,
    168,
    169,
    170,
    171,
    172,
    173,
    174,
    175,
    176,
    177,
    178,
    179,
    180,
    181,
    182,
    183,
    184,
    185,
    186,
    187,
    188,
    189,
    190,
    191,
    192,
    193,
    194,
    195,
    196,
    197,
    198,
    199
  ],
  "states": [
    50.0,
    49.50451087328646,
    50.98238066638932,
    52.00294363823805,
    52.31231334598587,
    53.92962482140449,
    52.782579142768746,
    50.74991857144805,
    52.64144322222144,
    51.96729997750178,
    53.19578793083143,
    52.956734268595376,
    52.34535065013711,
    52.68502014395063,
    52.84820129926095,
    53.69683491598852,
    53.376741891489,
    53.575901860778224,
    53.34471515203466,
    52.77819968195657,
    52.142956295197266,
    49.660111301121916,
    50.622842251932255,
    50.14682347281475,
    51.53210823092948,
    50.838629987741626,
    50.3077429827265,
    50.74707465706976,
    51.48000387741859,
    53.97740410487276,
    54.484216017977324,
    57.49094684904711,
    57.996024021087315,
    57.22299327172626,
    58.948049863407746,
    60.910709440984434,
    64.75102615508357,
    63.94350218517698,
    62.67517638395619,
    63.57830484075676,
    63.6678142590908,
    65.29891316101222,
    64.2058393570644,
    64.24708898629,
    64.92767078449003,
    59.81145791171248,
    58.709951190687356,
    57.13717227687454,
    60.11529918673865,
    57.39267224896053,
    57.387952627283525,
    58.86345288543705,
    59.110396631439876,
    60.85426675080472,
    60.06135676875145,
    58.81765408572517,
    59.20170097855155,
    58.20790285538186,
    57.68286325251479,
    57.07187812283567,
    55.76926081839469,
    55.99404057122335,
    54.84095768789487,
    54.71556274797181,
    55.050935662995144,
    56.47929565260112,
    54.89980433707306,
    54.78038155650764,
    54.593673800342266,
    57.60554503129889,
    57.1901736391646,
    54.2239792560863,
    55.538582907433515,
    56.42824418972452,
    57.33588142351681,
    57.07846238676244,
    57.57447744915237,
    57.85432204930363,
    57.615327294497995,
    59.56837639466753,
    61.09709893720612,
    61.225710573093316,
    60.12720966338376,
    61.2311467270773,
    59.894004089718635,
    61.68425481113487,
    63.95539426478469,
    62.00232204894476,
    60.93588377509573,
    58.47135061648065,
    59.78675562945066,
    63.19398323749254,
    59.5473329484165,
    60.645890956696924,
    61.10498532783997,
    60.88196035764952,
    62.87503906905825,
    59.67187198226644,
    58.416074094867405,
    57.48886974079843,
    57.59567568718959,
    57.59166310990346,
    55.48198213216583,
    55.83642396766483,
    55.91347664345768,
    54.26445833553472,
    53.15381456050927,
    52.751193413688206,
    51.07565763341486,
    49.009932825962906,
    44.78872002779142,
    45.22894659393797,
    44.87591417260378,
    44.036943308580916,
    47.06669792704066,
    45.20119613383617,
    46.933209291446275,
    47.58864584617205,
    46.20238220991674,
    47.429950738311085,
    45.2710202288918,
    44.543984376786135,
    44.87778946140652,
    45.077879735016,
    45.52608588713055,
    46.27037480730699,
    44.885461264271456,
    45.15629851896245,
    43.71419569114048,
    44.532248309707605,
    45.43221598690528,
    45.02023324016999,
    44.48516001414387,
    42.016393483136966,
    41.01758657631315,
    42.918030773115,
    42.733187299916274,
    43.35142871508317,
    42.29143674665779,
    42.45938236177103,
    46.50450644416307,
    44.40477027645957,
    46.97150116418335,
    45.37114131739641,
    45.277009981960795,
    41.37294894642766,
    41.6432713389185,
    42.17649513792858,
    40.00607477934236,
    42.43613840077987,
    45.21801202565754,
    44.47273915581714,
    44.536822929191544,
    44.927326840207556,
    42.52122097670226,
    41.66858980498269,
    41.595870768211824,
    42.5858358523705,
    41.667870217847764,
    43.84137321493438,
    43.211617585848806,
    41.78566318045934,
    39.80878990101023,
    39.037671459663144,
    38.62931810068843,
    40.02755559023025,
    42.421016335574755,
    40.78564146058377,
    37.878092285728414,
    39.71299990713619,
    39.824531559169294,
    40.873954956576206,
    40.640343300960254,
    40.035812460602585,
    40.34088523316192,
    41.07171255250346,
    39.337569438648366,
    37.73385102187564,
    37.87030353349105,
    37.74772146531086,
    36.21565021406385,
    37.15423303333425,
    37.86647698090036,
    37.60073008490747,
    37.20765445830934,
    35.44514005243383,
    33.73628494215881,
    33.570660739013434,
    36.31148859599233,
    38.27649606695996,
    36.005150737398125,
    36.31419700280134,
    37.12593729353506,
    37.5218241865759,
    40.49043271180032,
    39.084839771597636,
    36.71803840307142,
    37.21852174032746,
    38.38499849087823,
    37.72878405115798,
    38.690875729201295
  ],
  "actions": [],
  "observations": [
    1,
    1,
    1,
    1,
    1,
    1,
    1,
    1,
    1,
    1,
    1,
    1,
    1,
    1,
    1,
    1,
    1,
    1,
    1,
    1,
    1,
    1,
    1,
    1,
    1,
    1,
    1,
    1,
    1,
    1,
    1,
    2,
    2,
    2,
    2,
    2,
    2,
    2,
    2,
    2,
    2,
    2,
    2,
    2,
    2,
    2,
    2,
    2,
    2,
    2,
    2,
    2,
    2,
    2,
    2,
    2,
    2,
    2,
    2,
    2,
    2,
    2,
    1,
    1,
    2,
    2,
    1,
    1,
    1,
    2,
    2,
    1,
    2,
    2,
    2,
    2,
    2,
    2,
    2,
    2,
    2,
    2,
    2,
    2,
    2,
    2,
    2,
    2,
    2,
    2,
    2,
    2,
    2,
    2,
    2,
    2,
    2,
    2,
    2,
    2,
    2,
    2,
    2,
    2,
    2,
    1,
    1,
    1,
    1,
    1,
    0,
    1,
    0,
    0,
    1,
    1,
    1,
    1,
    1,
    1,
    1,
    0,
    0,
    1,
    1,
    1,
    0,
    1,
    0,
    0,
    1,
    1,
    0,
    0,
    0,
    0,
    0,
    0,
    0,
    0,
    1,
    0,
    1,
    1,
    1,
    0,
    0,
    0,
    0,
    0,
    1,
    0,
    0,
    0,
    0,
    0,
    0,
    0,
    0,
    0,
    0,
    0,
    0,
    0,
    0,
    0,
    0,
    0,
    0,
    0,
    0,
    0,
    0,
    0,
    0,
    0,
    0,
    0,
    0,
    0,
    0,
    0,
    0,
    0,
    0,
    0,
    0,
    0,
    0,
    0,
    0,
    0,
    0,
    0,
    0,
    0,
    0,
    0,
    0,
    0
  ],