{
  "timesteps": [
    0,
    1,
    2,
    3,
    4,
    5,
    6,
    7,
    8,
    9,
    10,
    11,
    12,
    13,
    14,
    15,
    16,
    17,
    18,
    19,
    20,
    21,
    22,
    23,
    24,
    25,
    26,
    27,
    28,
    29,
    30,
    31,
    32,
    33,
    34,
    35,
    36,
    37,
    38,
    39,
    40,
    41,
    42,
    43,
    44,
    45,
    46,
    47,
    48,
    49,
    50,
    51,
    52,
    53,
    54,
    55,
    56,
    57,
    58,
    59,
    60,
    61,
    62,
    63,
    64,
    65,
    66,
    67,
    68,
    69,
    70,
    71,
    72,
    73,
    74,
    75,
    76,
    77,
    78,
    79,
    80,
    81,
    82,
    83,
    84,
    85,
    86,
    87,
    88,
    89,
    90,
    91,
    92,
    93,
    94,
    95,
    96,
    97,
    98,
    99,
    100,
    101,
    102,
    103,
    104,
    105,
    106,
    107,
    108,
    109,
    110,
    111,
    112,
    113,
    114,
    115,
    116,
    117,
    118,
    119,
    120,
    121,
    122,
    123,
    124,
    125,
    126,
    127,
    128,
    129,
    130,
    131,
    132,
    133,
    134,
    135,
    136,
    137,
    138,
    139,
    140,
    141,
    142,
    143,
    144,
    145,
    146,
    147,
    148,
    149,
    150,
    151,
    152,
    153,
    154,
    155,
    156,
    157,
    158,
    159,
    160,
    161,
    162,
    163,
    164,
    165,
    166,
    167,
    168,
    169,
    170,
    171,
    172,
    173,
    174,
    175,
    176,
    177,
    178,
    179,
    180,
    181,
    182,
    183,
    184,
    185,
    186,
    187,
    188,
    189,
    190,
    191,
    192,
    193,
    194,
    195,
    196,
    197,
    198,
    199
  ],
  "states": [
    50.0,
    47.088252085075716,
    44.9253789778291,
    44.4763486947222,
    45.47131967426464,
    44.442840507189736,
    44.959036084174954,
    42.29329863051451,
    42.176773969530785,
    41.861816830893666,
    39.58291107799897,
    41.030257793447184,
    42.07519810382008,
    42.76314737243517,
    43.03788222649113,
    43.723777835926896,
    40.08828962664119,
    37.93824551915615,
    39.80950326258652,
    40.213657664893134,
    39.50385702992391,
    37.30797166139535,
    37.85308976175673,
    39.057868588889576,
    40.24367415882367,
    40.0151347302982,
    39.24562435367915,
    40.373444732199225,
    41.062308284453074,
    40.76048822991404,
    39.126427390515076,
    41.00362948880774,
    39.61334528131624,
    38.918679069298335,
    42.70025623384967,
    44.1157810156815,
    45.887960884574234,
    46.01083731924079,
    46.92067180640544,
    47.779226480508676,
    46.095915770901385,
    47.09506149952002,
    44.09147712823885,
    44.85521206567177,
    44.34689808490698,
    44.672843297700936,
    47.06766504792142,
    49.20417982747142,
    48.25371392088542,
    48.409040508446616,
    46.0882441602695,
    43.66601787470371,
    42.506372942242216,
    44.46060866787331,
    45.303609035840026,
    46.17663468483022,
    49.16570083788706,
    53.107598942778935,
    54.183702536570976,
    55.97530672401698,
    55.32047890409586,
    53.25857503967807,
    52.9107858837694,
    52.8574533609901,
    53.089313776531895,
    52.9975498953784,
    53.3588158580219,
    52.825805663773075,
    53.07090003048543,
    55.33177345092668,
    56.99540549505356,
    56.70890931817438,
    57.44878277567347,
    58.37746401247482,
    57.16024899376169,
    58.8775775965186,
    59.682123019739514,
    59.220374543636325,
    60.72350722000712,
    60.589818649887356,
    60.26523866240593,
    60.36149772468502,
    62.103286185153976,
    64.12587437392607,
    63.566288030681655,
    66.23127766967366,
    66.46879755806886,
    64.55856034600815,
    63.22586942071289,
    62.99072050959657,
    65.0733452469139,
    65.1650083778647,
    64.5513561628738,
    65.2381902725489,
    65.6962583666163,
    63.49063279637975,
    64.95076938205298,
    62.33032401792995,
    59.480325233906576,
    59.732276954566984,
    57.7200063737704,
    56.62442180978962,
    58.33316374826098,
    59.044254705271634,
    57.4125814035041,
    56.49476171883311,
    58.33442577475293,
    56.047494785390676,
    57.19646609773304,
    55.57204298182729,
    55.40184501717231,
    54.475627120147415,
    56.788007115384346,
    57.71505737361091,
    59.06796488628873,
    58.25682929012849,
    56.9858691273713,
    54.51879782814205,
    53.41769759439324,
    54.33231751907204,
    55.052729931911294,
    53.91564141070149,
    52.44976335408394,
    51.06648210219019,
    50.4527075173077,
    49.03370920501504,
    48.66050042906261,
    49.81458426062687,
    47.99654551338691,
    48.49439124379992,
    48.84377848390839,
    50.932999439889144,
    51.219468715073425,
    52.12671530281335,
    51.15920561016762,
    51.39988002722953,
    48.65579999276274,
    49.13055553864294,
    48.399293082045,
    48.328858256876266,
    50.52146012411542,
    50.3765847003092,
    50.872094992326666,
    53.157311067344146,
    54.40069324870383,
    55.32890338237459,
    51.91935848046514,
    53.63860706025072,
    54.61625838595362,
    56.32699637369321,
    54.78602498491714,
    53.97394532406527,
    51.5406258232604,
    52.96148894458153,
    51.6527919685033,
    51.50131190278008,
    49.70384707551132,
    52.220146627560105,
    50.30223303605875,
    47.85681976350415,
    47.63486135878894,
    47.97061890480041,
    48.585352723137404,
    49.579792726127,
    50.3519608171333,
    51.94885727026967,
    50.62681878972419,
    49.857191719948425,
    49.62843666637205,
    47.91608834720037,
    47.092039859604455,
    46.736464142112574,
    46.265942345982594,
    46.83029180388391,
    44.190596452105595,
    44.2311552290436,
    45.87423794902385,
    45.517788925600534,
    44.96674074533737,
    43.74418948077005,
    43.312028944083465,
    43.050297341888076,
    40.61154874352758,
    41.56836964524017,
    42.22259852330148,
    43.116403672478796,
    39.32812500049446,
    40.409353830939175,
    41.25925514112144,
    44.14090784209678,
    43.95534351269586,
    44.853140895056015,
    43.783917186813035,
    43.63354740428945,
    41.608670895012,
    40.1440039859731,
    37.2138892291547,
    37.44945802374519,
    38.25037693225961,
    35.91840809210673,
    35.056791227133104
  ],
  "actions": [],
  "observations": [
    1,
    1,
    0,
    0,
    1,
    0,
    0,
    0,
    0,
    0,
    0,
    0,
    0,
    0,
    0,
    0,
    0,
    0,
    0,
    0,
    0,
    0,
    0,
    0,
    0,
    0,
    0,
    0,
    0,
    0,
    0,
    0,
    0,
    0,
    0,
    0,
    1,
    1,
    1,
    1,
    1,
    1,
    0,
    0,
    0,
    0,
    1,
    1,
    1,
    1,
    1,
    0,
    0,
    0,
    1,
    1,
    1,
    1,
    1,
    2,
    2,
    1,
    1,
    1,
    1,
    1,
    1,
    1,
    1,
    2,
    2,
    2,
    2,
    2,
    2,
    2,
    2,
    2,
    2,
    2,
    2,
    2,
    2,
    2,
    2,
    2,
    2,
    2,
    2,
    2,
    2,
    2,
    2,
    2,
    2,
    2,
    2,
    2,
    2,
    2,
    2,
    2,
    2,
    2,
    2,
    2,
    2,
    2,
    2,
    2,
    2,
    1,
    2,
    2,
    2,
    2,
    2,
    1,
    1,
    1,
    2,
    1,
    1,
    1,
    1,
    1,
    1,
    1,
    1,
    1,
    1,
    1,
    1,
    1,
    1,
    1,
    1,
    1,
    1,
    1,
    1,
    1,
    1,
    1,
    1,
    2,
    1,
    1,
    1,
    2,
    1,
    1,
    1,
    1,
    1,
    1,
    1,
    1,
    1,
    1,
    1,
    1,
    1,
    1,
    1,
    1,
    1,
    1,
    1,
    1,
    1,
    1,
    1,
    1,
    0,
    0,
    1,
    1,
    0,
    0,
    0,
    0,
    0,
    0,
    0,
    0,
    0,
    0,
    0,
    0,
    0,
    0,
    0,
    0,
    0,
    0,
    0,
    0,
    0,
    0
  ],