{
  "timesteps": [
    0,
    1,
    2,
    3,
    4,
    5,
    6,
    7,
    8,
    9,
    10,
    11,
    12,
    13,
    14,
    15,
    16,
    17,
    18,
    19,
    20,
    21,
    22,
    23,
    24,
    25,
    26,
    27,
    28,
    29,
    30,
    31,
    32,
    33,
    34,
    35,
    36,
    37,
    38,
    39,
    40,
    41,
    42,
    43,
    44,
    45,
    46,
    47,
    48,
    49,
    50,
    51,
    52,
    53,
    54,
    55,
    56,
    57,
    58,
    59,
    60,
    61,
    62,
    63,
    64,
    65,
    66,
    67,
    68,
    69,
    70,
    71,
    72,
    73,
    74,
    75,
    76,
    77,
    78,
    79,
    80,
    81,
    82,
    83,
    84,
    85,
    86,
    87,
    88,
    89,
    90,
    91,
    92,
    93,
    94,
    95,
    96,
    97,
    98,
    99,
    100,
    101,
    102,
    103,
    104,
    105,
    106,
    107,
    108,
    109,
    110,
    111,
    112,
    113,
    114,
    115,
    116,
    117,
    118,
    119,
    120,
    121,
    122,
    123,
    124,
    125,
    126,
    127,
    128,
    129,
    130,
    131,
    132,
    133,
    134,
    135,
    136,
    137,
    138,
    139,
    140,
    141,
    142,
    143,
    144,
    145,
    146,
    147,
    148,
    149,
    150,
    151,
    152,
    153,
    154,
    155,
    156,
    157,
    158,
    159,
    160,
    161,
    162,
    163,
    164,
    165,
    166,
    167,
    168,
    169,
    170,
    171,
    172,
    173,
    174,
    175,
    176,
    177,
    178,
    179,
    180,
    181,
    182,
    183,
    184,
    185,
    186,
    187,
    188,
    189,
    190,
    191,
    192,
    193,
    194,
    195,
    196,
    197,
    198,
    199
  ],
  "states": [
    50.0,
    49.84234559603487,
    49.94525287402,
    49.889970637618724,
    49.83706074096931,
    49.7928123366114,
    49.60398665777859,
    49.50189023338502,
    49.458641112833234,
    49.56386957346801,
    49.53889848269999,
    49.61938627213088,
    49.59309044587576,
    49.71784654110044,
    49.66613158511009,
    49.510058697153596,
    49.41300142400724,
    49.426147532207345,
    49.496773576254476,
    49.56928705537341,
    49.51475214841003,
    49.38441051565513,
    49.431880600366725,
    49.54446313840001,
    49.65273826590956,
    49.70696283179765,
    49.468517959800785,
    49.47903003999241,
    49.43034058884212,
    49.37391264359032,
    49.34285495773407,
    49.28308369219855,
    49.34262238998106,
    49.41414976422801,
    49.334223358054246,
    49.39658065314667,
    49.442101598052474,
    49.35131971934858,
    49.38295156075843,
    49.412089257989564,
    49.44823759997878,
    49.44626783841249,
    49.35062576848529,
    49.32673024117808,
    49.0202968890197,
    49.12282006109839,
    49.04171385141433,
    49.05036739461274,
    49.08030130219821,
    49.057075724341495,
    48.94112007933717,
    48.965430529848064,
    49.014286588531235,
    48.948309376339076,
    48.95917647145969,
    49.05037660625806,
    49.03327464872461,
    49.171629034166116,
    49.2135195676301,
    49.46019544531029,
    49.33997516181983,
    49.42066770284476,
    49.606402781779146,
    49.65701208559806,
    49.58480474020298,
    49.700691847356374,
    49.5898883111487,
    49.53265785962774,
    49.41304198382298,
    49.45208410218026,
    49.388877944150295,
    49.44424493941884,
    49.49054632225182,
    49.45018110387316,
    49.58191889409593,
    49.68846389265941,
    49.64275506709339,
    49.59536469794997,
    49.5403860120714,
    49.63156570419791,
    49.52147720976405,
    49.55860574588269,
    49.54353445090911,
    49.50059600506521,
    49.32135783133838,
    49.375084404011886,
    49.1361322776289,
    49.116247930035456,
    49.21256689160272,
    49.3198835902622,
    49.26412378404205,
    49.27212752392418,
    49.148908041666736,
    49.15092815521836,
    49.28712795888579,
    49.419339229815094,
    49.45144844483972,
    49.43355182439237,
    49.45658873638947,
    49.397847301355505,
    49.39988822945488,
    49.297922106325075,
    49.191761515447865,
    49.273303885239514,
    49.180118426095646,
    49.00894939216334,
    48.95806762427022,
    49.04684683848821,
    49.01375097538346,
    48.906965762348214,
    48.95521799831166,
    48.946795018308634,
    48.637522954258,
    48.55964033869649,
    48.47415563398925,
    48.406860175846575,
    48.30625768811408,
    48.356705548496535,
    48.53622438971375,
    48.466267347082415,
    48.33724426514733,
    48.07345673889152,
    48.20815745204506,
    48.14986664866371,
    48.13845275318029,
    48.267262435181074,
    48.37268963784413,
    48.25752834190058,
    48.169230326389744,
    47.96578442409462,
    47.79350494202346,
    47.79344163519742,
    47.748462496709806,
    47.64899912203848,
    47.621241725120825,
    47.54761606295371,
    47.55185815568359,
    47.61226590408333,
    47.712167924408924,
    47.74440500156012,
    47.84981476724051,
    47.94024851023431,
    48.03196940854002,
    48.0763819425667,
    48.159196924316305,
    48.0874255402691,
    47.963824395092466,
    47.872214727420015,
    47.930069655252325,
    48.00291812731254,
    47.99523881124073,
    47.94015486845145,
    47.8391735129657,
    47.754485043799946,
    47.725781104436074,
    47.58888195196407,
    47.594400713061006,
    47.51382006969155,
    47.523614523140424,
    47.582134963416316,
    47.66889265428045,
    47.75804536364261,
    47.850952400256006,
    47.98893185406636,
    48.131793172996225,
    48.03614030132777,
    48.07383924045751,
    48.02687540215726,
    48.04795250217116,
    48.243783670371506,
    48.35578246418032,
    48.41486800974337,
    48.3157449839968,
    48.35315189576935,
    48.451952898431884,
    48.26751482435541,
    48.200538384013846,
    48.20070314283191,
    48.18888486248505,
    48.21369271236644,
    48.19718426696916,
    48.08823394162859,
    48.01593192782432,
    48.1404018912705,
    48.2114176187347,
    48.377433653651984,
    48.520774333052124,
    48.38132703973932,
    48.42180681617904,
    48.39312012742168,
    48.3929044217684,
    48.517339165543746,
    48.57851596386172,
    48.67094192544028,
    48.66833811304493,
    48.56918548396994,
    48.596410499768446,
    48.51485449129296,
    48.367977883916126,
    48.49446811998727,
    48.70625797865733
  ],
  "actions": [],
  "observations": [
    1,
    1,
    1,
    1,
    1,
    1,
    1,
    1,
    1,
    1,
    1,
    1,
    1,
    1,
    1,
    1,
    1,
    1,
    1,
    1,
    1,
    1,
    1,
    1,
    1,
    1,
    1,
    1,
    1,
    1,
    1,
    1,
    1,
    1,
    1,
    1,
    1,
    1,
    1,
    1,
    1,
    1,
    1,
    1,
    1,
    1,
    1,
    1,
    1,
    1,
    1,
    1,
    1,
    1,
    1,
    1,
    1,
    1,
    1,
    1,
    1,
    1,
    1,
    1,
    1,
    1,
    1,
    1,
    1,
    1,
    1,
    1,
    1,
    1,
    1,
    1,
    1,
    1,
    1,
    1,
    1,
    1,
    1,
    1,
    1,
    1,
    1,
    1,
    1,
    1,
    1,
    1,
    1,
    1,
    1,
    1,
    1,
    1,
    1,
    1,
    1,
    1,
    1,
    1,
    1,
    1,
    1,
    1,
    1,
    1,
    1,
    1,
    1,
    1,
    1,
    1,
    1,
    1,
    1,
    1,
    1,
    1,
    1,
    1,
    1,
    1,
    1,
    1,
    1,
    1,
    1,
    1,
    1,
    1,
    1,
    1,
    1,
    1,
    1,
    1,
    1,
    1,
    1,
    1,
    1,
    1,
    1,
    1,
    1,
    1,
    1,
    1,
    1,
    1,
    1,
    1,
    1,
    1,
    1,
    1,
    1,
    1,
    1,
    1,
    1,
    1,
    1,
    1,
    1,
    1,
    1,
    1,
    1,
    1,
    1,
    1,
    1,
    1,
    1,
    1,
    1,
    1,
    1,
    1,
    1,
    1,
    1,
    1,
    1,
    1,
    1,
    1,
    1,
    1,
    1,
    1,
    1,
    1,
    1,
    1
  ],