{
  "timesteps": [
    0,
    1,
    2,
    3,
    4,
    5,
    6,
    7,
    8,
    9,
    10,
    11,
    12,
    13,
    14,
    15,
    16,
    17,
    18,
    19,
    20,
    21,
    22,
    23,
    24,
    25,
    26,
    27,
    28,
    29,
    30,
    31,
    32,
    33,
    34,
    35,
    36,
    37,
    38,
    39,
    40,
    41,
    42,
    43,
    44,
    45,
    46,
    47,
    48,
    49,
    50,
    51,
    52,
    53,
    54,
    55,
    56,
    57,
    58,
    59,
    60,
    61,
    62,
    63,
    64,
    65,
    66,
    67,
    68,
    69,
    70,
    71,
    72,
    73,
    74,
    75,
    76,
    77,
    78,
    79,
    80,
    81,
    82,
    83,
    84,
    85,
    86,
    87,
    88,
    89,
    90,
    91,
    92,
    93,
    94,
    95,
    96,
    97,
    98,
    99,
    100,
    101,
    102,
    103,
    104,
    105,
    106,
    107,
    108,
    109,
    110,
    111,
    112,
    113,
    114,
    115,
    116,
    117,
    118,
    119,
    120,
    121,
    122,
    123,
    124,
    125,
    126,
    127,
    128,
    129,
    130,
    131,
    132,
    133,
    134,
    135,
    136,
    137,
    138,
    139,
    140,
    141,
    142,
    143,
    144,
    145,
    146,
    147,
    148,
    149,
    150,
    151,
    152,
    153,
    154,
    155,
    156,
    157,
    158,
    159,
    160,
    161,
    162,
    163,
    164,
    165,
    166,
    167,
    168,
    169,
    170,
    171,
    172,
    173,
    174,
    175,
    176,
    177,
    178,
    179,
    180,
    181,
    182,
    183,
    184,
    185,
    186,
    187,
    188,
    189,
    190,
    191,
    192,
    193,
    194,
    195,
    196,
    197,
    198,
    199
  ],
  "states": [
    50.0,
    49.78999156997156,
    49.51277894981322,
    49.53155450938721,
    49.46598646604115,
    49.460778059011396,
    49.56639828844828,
    49.63632007611182,
    49.74784331629559,
    49.92025479714251,
    49.99360234295377,
    49.97731606534936,
    49.927343170127294,
    49.78894030787292,
    49.62425160580448,
    49.61214418754738,
    49.556858363935916,
    49.68109219480411,
    49.67876723306141,
    49.38547365430633,
    49.46396087009233,
    49.67624108252156,
    49.58486961819347,
    49.54668475217547,
    49.64143163170949,
    49.69675874824462,
    49.651441495606704,
    49.664400855200796,
    49.84075511783056,
    50.025821814416574,
    49.94756573926205,
    49.882333546746565,
    49.824032743368164,
    49.87286341763037,
    49.92198110713793,
    50.107692688558,
    50.17449957585503,
    50.22892497059172,
    50.389668173858,
    50.4978119541675,
    50.46969830873681,
    50.48876574116215,
    50.377319417154176,
    50.449077305748595,
    50.41887753113047,
    50.585746285623244,
    50.49293044218578,
    50.34827895198679,
    50.241239686079936,
    50.26040403759041,
    50.249903902984656,
    50.33473040325743,
    50.3441039100338,
    50.46119226983763,
    50.556444898002894,
    50.64521812617799,
    50.76022748851913,
    50.62977172439116,
    50.75129457878351,
    50.703897591815036,
    50.709507320922754,
    50.919234945616004,
    50.875418860270045,
    50.9396927606752,
    50.89039138759283,
    50.91293013570981,
    50.93396042169163,
    50.90616873061208,
    50.84452357474406,
    51.01963253555093,
    50.98770647856441,
    51.105045913321625,
    50.82477357023093,
    50.82719579566749,
    50.896545275947716,
    50.70713204576119,
    50.782049506314856,
    50.81512985852731,
    50.94704192237,
    51.02502345878309,
    50.81894634615048,
    50.85687282153633,
    50.659117931108455,
    50.73844696010654,
    50.69523496855958,
    50.77289889817293,
    50.88916765077485,
    50.8059659064564,
    50.84519591882268,
    50.996583188553025,
    51.0252791395988,
    50.90272208278613,
    50.710688315187774,
    50.76451372125407,
    50.744221649288335,
    50.78636857018519,
    50.78458035866403,
    50.67507800236455,
    50.765401298807696,
    50.92968834694655,
    50.95129462587386,
    50.98549474272933,
    50.90067321070518,
    51.0482324456919,
    51.06283481480861,
    51.07648497515149,
    51.16360453198064,
    51.31175972856606,
    51.187604374629714,
    51.15117385380385,
    51.07260460614218,
    51.17740259260755,
    51.07187712309603,
    51.12423454947256,
    51.16763116958142,
    51.165528526614956,
    51.3686411413255,
    51.382306209671576,
    51.32236593190663,
    51.07835867586166,
    51.022610646551385,
    50.86222033517948,
    50.97296214429638,
    50.992506088884596,
    50.95659910797312,
    50.84359228047068,
    50.83534556411296,
    50.94666085551772,
    50.993088386753996,
    51.06619183239254,
    51.16158774330121,
    51.09960591020737,
    51.17726147495898,
    51.26186105801688,
    51.27505382003204,
    51.478458461354734,
    51.460103148852724,
    51.407434910381454,
    51.05461033044042,
    50.97825990101894,
    51.00580358324608,
    51.12681258164681,
    51.16295960511911,
    51.14485206485526,
    51.11601744711806,
    51.08552520472464,
    51.251126751458244,
    51.25691963931086,
    51.30930175102753,
    51.10440826953627,
    50.989975834518226,
    51.178090361226175,
    51.11515669863241,
    51.10095810014304,
    51.169662357892655,
    51.07432719141,
    50.935014290657186,
    50.91575828393026,
    50.833684579545945,
    50.81299831893362,
    50.74896277046123,
    50.77207468599118,
    50.64932503745685,
    50.72247462685794,
    50.73137724003462,
    50.63147706155894,
    50.6270141479742,
    50.58443184531593,
    50.58148277589675,
    50.632293061666736,
    50.630955745832814,
    50.551749925762955,
    50.544461670907225,
    50.5717086551241,
    50.652849840280695,
    50.66211990450117,
    50.825294860686554,
    50.71668331712943,
    50.76658818655539,
    50.81361110928697,
    50.869102217544864,
    50.76983923189931,
    50.823818030324,
    50.72709714530263,
    50.89250547711534,
    50.84526215505056,
    50.79782824588738,
    50.73314779464547,
    50.70045072916179,
    50.7823135420949,
    50.70865981036042,
    50.684919184822256,
    50.516989405812886,
    50.48667545718948,
    50.41629315458392,
    50.33331288574077,
    50.18767031911896,
    50.384461831481055,
    50.16771056775069,
    50.20167985692596,
    50.23265876889514
  ],
  "actions": [],
  "observations": [
    1,
    1,
    1,
    1,
    1,
    1,
    1,
    1,
    1,
    1,
    1,
    1,
    1,
    1,
    1,
    1,
    1,
    1,
    1,
    1,
    1,
    1,
    1,
    1,
    1,
    1,
    1,
    1,
    1,
    1,
    1,
    1,
    1,
    1,
    1,
    1,
    1,
    1,
    1,
    1,
    1,
    1,
    1,
    1,
    1,
    1,
    1,
    1,
    1,
    1,
    1,
    1,
    1,
    1,
    1,
    1,
    1,
    1,
    1,
    1,
    1,
    1,
    1,
    1,
    1,
    1,
    1,
    1,
    1,
    1,
    1,
    1,
    1,
    1,
    1,
    1,
    1,
    1,
    1,
    1,
    1,
    1,
    1,
    1,
    1,
    1,
    1,
    1,
    1,
    1,
    1,
    1,
    1,
    1,
    1,
    1,
    1,
    1,
    1,
    1,
    1,
    1,
    1,
    1,
    1,
    1,
    1,
    1,
    1,
    1,
    1,
    1,
    1,
    1,
    1,
    1,
    1,
    1,
    1,
    1,
    1,
    1,
    1,
    1,
    1,
    1,
    1,
    1,
    1,
    1,
    1,
    1,
    1,
    1,
    1,
    1,
    1,
    1,
    1,
    1,
    1,
    1,
    1,
    1,
    1,
    1,
    1,
    1,
    1,
    1,
    1,
    1,
    1,
    1,
    1,
    1,
    1,
    1,
    1,
    1,
    1,
    1,
    1,
    1,
    1,
    1,
    1,
    1,
    1,
    1,
    1,
    1,
    1,
    1,
    1,
    1,
    1,
    1,
    1,
    1,
    1,
    1,
    1,
    1,
    1,
    1,
    1,
    1,
    1,
    1,
    1,
    1,
    1,
    1,
    1,
    1,
    1,
    1,
    1,
    1
  ],