{
  "timesteps": [
    0,
    1,
    2,
    3,
    4,
    5,
    6,
    7,
    8,
    9,
    10,
    11,
    12,
    13,
    14,
    15,
    16,
    17,
    18,
    19,
    20,
    21,
    22,
    23,
    24,
    25,
    26,
    27,
    28,
    29,
    30,
    31,
    32,
    33,
    34,
    35,
    36,
    37,
    38,
    39,
    40,
    41,
    42,
    43,
    44,
    45,
    46,
    47,
    48,
    49,
    50,
    51,
    52,
    53,
    54,
    55,
    56,
    57,
    58,
    59,
    60,
    61,
    62,
    63,
    64,
    65,
    66,
    67,
    68,
    69,
    70,
    71,
    72,
    73,
    74,
    75,
    76,
    77,
    78,
    79,
    80,
    81,
    82,
    83,
    84,
    85,
    86,
    87,
    88,
    89,
    90,
    91,
    92,
    93,
    94,
    95,
    96,
    97,
    98,
    99,
    100,
    101,
    102,
    103,
    104,
    105,
    106,
    107,
    108,
    109,
    110,
    111,
    112,
    113,
    114,
    115,
    116,
    117,
    118,
    119,
    120,
    121,
    122,
    123,
    124,
    125,
    126,
    127,
    128,
    129,
    130,
    131,
    132,
    133,
    134,
    135,
    136,
    137,
    138,
    139,
    140,
    141,
    142,
    143,
    144,
    145,
    146,
    147,
    148,
    149,
    150,
    151,
    152,
    153,
    154,
    155,
    156,
    157,
    158,
    159,
    160,
    161,
    162,
    163,
    164,
    165,
    166,
    167,
    168,
    169,
    170,
    171,
    172,
    173,
    174,
    175,
    176,
    177,
    178,
    179,
    180,
    181,
    182,
    183,
    184,
    185,
    186,
    187,
    188,
    189,
    190,
    191,
    192,
    193,
    194,
    195,
    196,
    197,
    198,
    199
  ],
  "states": [
    50.0,
    47.88626971763312,
    46.420374462642776,
    44.15389954943137,
    42.29550523141572,
    41.73817258504265,
    43.6706639202396,
    46.82281448996048,
    44.820042030954696,
    44.41080894712518,
    45.523214517610676,
    41.8293490275996,
    43.18006548951536,
    40.35248669249519,
    37.5818350592231,
    35.2381924409586,
    37.240021276391296,
    34.792256442562966,
    35.81003435797428,
    34.90216952284268,
    35.758372911028665,
    34.17245112733585,
    36.05373139158696,
    37.160858591239176,
    37.20073506673202,
    36.995612335587865,
    36.52005276007354,
    37.960334712468,
    40.54428361614637,
    40.91474909434697,
    38.922569155033194,
    40.40704809220609,
    44.27160431674326,
    46.20783331217625,
    44.94561483589294,
    49.2277428267282,
    47.52793800673991,
    51.00235612556934,
    50.74643386683527,
    49.914064980040955,
    51.22903780478008,
    50.159815386423176,
    50.17346269332719,
    51.727968786469006,
    51.379204746864595,
    50.96762602259295,
    47.26106386067099,
    44.59137166622467,
    45.357458476999604,
    47.99182020406051,
    47.32207449159204,
    47.57417162839301,
    45.02810651147063,
    46.13685734784849,
    40.993965368248325,
    39.66012472093089,
    42.26611664968077,
    41.42854135599658,
    39.60479710492165,
    42.122674745568716,
    45.60383440425527,
    45.35782092698284,
    45.31220325652868,
    43.917182821207284,
    46.225551721167434,
    42.82754247501203,
    41.241210371974255,
    40.25238293908137,
    37.92551934141351,
    35.35720748013197,
    39.15777648920816,
    41.96662812265856,
    42.55503305502516,
    46.752741620509,
    45.191787038714104,
    44.52415048432665,
    45.53351778661204,
    43.915133331176264,
    43.32163674092162,
    42.517694426141254,
    42.54735658194205,
    41.339381829635315,
    40.48933078495768,
    38.11900179086151,
    35.43282888681233,
    35.49295715705071,
    36.009472693118745,
    37.04739804539723,
    33.06316363554864,
    35.46521206022889,
    36.791649925800634,
    37.2666221840377,
    38.18233977850671,
    37.7766165818323,
    36.66809329824613,
    33.257899241758764,
    35.96351109060133,
    35.20512172344308,
    36.66251940401347,
    36.512108282346354,
    33.89676810169759,
    34.188028148460766,
    35.477388098509564,
    37.50225591176594,
    37.26077375736206,
    34.368494180556155,
    36.183280798374085,
    38.5999904304216,
    38.778654669729356,
    40.90504062161105,
    38.70046504418741,
    39.62165790644825,
    36.65976131102861,
    36.71089062255386,
    39.44398815902635,
    37.89632538084544,
    37.59140372055813,
    38.9824879236979,
    41.253012846509456,
    42.26873750738903,
    44.38570298122072,
    43.38779586358716,
    44.49339935058445,
    45.67637601244436,
    49.438948594365044,
    47.875615187852766,
    45.23054676910289,
    44.85456841091415,
    48.385935211919474,
    44.34010117502199,
    46.179976237019766,
    47.140096411304995,
    49.516900722777734,
    50.60614938236765,
    52.40066527262761,
    49.10968554217122,
    50.47853953817082,
    49.21781162272799,
    49.8011980174267,
    49.888561452027204,
    48.093873063278714,
    50.50114710560602,
    50.12477968443478,
    51.877923214103575,
    53.646687145862536,
    57.57265270849847,
    58.603756346857224,
    58.467524580321864,
    55.41311462357489,
    55.403308497219264,
    54.515172930998155,
    56.34018122421446,
    53.93446647461647,
    53.01030615620573,
    52.6693401754868,
    53.768062501300555,
    53.9437709918562,
    51.15114933673919,
    48.78040506364981,
    48.63329454856204,
    48.89476727345624,
    50.61031003480535,
    50.99489753561216,
    51.861024558684726,
    47.59784687653771,
    47.432592425411855,
    43.330114038538156,
    40.59857430201812,
    41.31189415083974,
    42.07283921553409,
    38.78485470625485,
    40.198008357897955,
    39.26542218130674,
    41.66949627176718,
    38.439144158126744,
    37.7279136066201,
    37.64733542827136,
    37.078744181056486,
    37.55175582150805,
    32.59259978018175,
    33.85553535521583,
    33.868891227595135,
    35.59626300356459,
    34.74654821442701,
    38.67678114531421,
    40.6969482435227,
    35.042176357951085,
    32.656263285319845,
    30.214343804457602,
    28.29121144637979,
    27.540157080802956,
    26.871775990902876,
    28.501905765889287,
    24.53382500242742,
    24.1628571680938,
    19.724383796258095,
    23.32872559322565,
    23.010643861410344,
    22.570044061982017,
    20.536403375710368,
    21.22747523009666
  ],
  "actions": [],
  "observations": [
    1,
    1,
    1,
    0,
    0,
    0,
    0,
    1,
    0,
    0,
    1,
    0,
    0,
    0,
    0,
    0,
    0,
    0,
    0,
    0,
    0,
    0,
    0,
    0,
    0,
    0,
    0,
    0,
    0,
    0,
    0,
    0,
    0,
    1,
    0,
    1,
    1,
    1,
    1,
    1,
    1,
    1,
    1,
    1,
    1,
    1,
    1,
    0,
    1,
    1,
    1,
    1,
    1,
    1,
    0,
    0,
    0,
    0,
    0,
    0,
    1,
    1,
    1,
    0,
    1,
    0,
    0,
    0,
    0,
    0,
    0,
    0,
    0,
    1,
    1,
    0,
    1,
    0,
    0,
    0,
    0,
    0,
    0,
    0,
    0,
    0,
    0,
    0,
    0,
    0,
    0,
    0,
    0,
    0,
    0,
    0,
    0,
    0,
    0,
    0,
    0,
    0,
    0,
    0,
    0,
    0,
    0,
    0,
    0,
    0,
    0,
    0,
    0,
    0,
    0,
    0,
    0,
    0,
    0,
    0,
    0,
    0,
    0,
    1,
    1,
    1,
    1,
    0,
    1,
    0,
    1,
    1,
    1,
    1,
    1,
    1,
    1,
    1,
    1,
    1,
    1,
    1,
    1,
    1,
    1,
    2,
    2,
    2,
    2,
    2,
    1,
    2,
    1,
    1,
    1,
    1,
    1,
    1,
    1,
    1,
    1,
    1,
    1,
    1,
    1,
    1,
    0,
    0,
    0,
    0,
    0,
    0,
    0,
    0,
    0,
    0,
    0,
    0,
    0,
    0,
    0,
    0,
    0,
    0,
    0,
    0,
    0,
    0,
    0,
    0,
    0,
    0,
    0,
    0,
    0,
    0,
    0,
    0,
    0,
    0
  ],