{
  "timesteps": [
    0,
    1,
    2,
    3,
    4,
    5,
    6,
    7,
    8,
    9,
    10,
    11,
    12,
    13,
    14,
    15,
    16,
    17,
    18,
    19,
    20,
    21,
    22,
    23,
    24,
    25,
    26,
    27,
    28,
    29,
    30,
    31,
    32,
    33,
    34,
    35,
    36,
    37,
    38,
    39,
    40,
    41,
    42,
    43,
    44,
    45,
    46,
    47,
    48,
    49,
    50,
    51,
    52,
    53,
    54,
    55,
    56,
    57,
    58,
    59,
    60,
    61,
    62,
    63,
    64,
    65,
    66,
    67,
    68,
    69,
    70,
    71,
    72,
    73,
    74,
    75,
    76,
    77,
    78,
    79,
    80,
    81,
    82,
    83,
    84,
    85,
    86,
    87,
    88,
    89,
    90,
    91,
    92,
    93,
    94,
    95,
    96,
    97,
    98,
    99,
    100,
    101,
    102,
    103,
    104,
    105,
    106,
    107,
    108,
    109,
    110,
    111,
    112,
    113,
    114,
    115,
    116,
    117,
    118,
    119,
    120,
    121,
    122,
    123,
    124,
    125,
    126,
    127,
    128,
    129,
    130,
    131,
    132,
    133,
    134,
    135,
    136,
    137,
    138,
    139,
    140,
    141,
    142,
    143,
    144,
    145,
    146,
    147,
    148,
    149,
    150,
    151,
    152,
    153,
    154,
    155,
    156,
    157,
    158,
    159,
    160,
    161,
    162,
    163,
    164,
    165,
    166,
    167,
    168,
    169,
    170,
    171,
    172,
    173,
    174,
    175,
    176,
    177,
    178,
    179,
    180,
    181,
    182,
    183,
    184,
    185,
    186,
    187,
    188,
    189,
    190,
    191,
    192,
    193,
    194,
    195,
    196,
    197,
    198,
    199
  ],
  "states": [
    50.0,
    50.75561158357465,
    50.423577893438605,
    53.40172900973112,
    53.659469048706164,
    53.54118336631141,
    54.46951270945881,
    53.03640807263034,
    56.11583936044207,
    55.12151081237897,
    55.058516989040484,
    57.8205569973946,
    58.26424214636858,
    57.32590385701895,
    56.415808287520925,
    59.381284129080036,
    57.44075836309692,
    57.83368883862693,
    57.30250539132351,
    57.15820117987886,
    58.213341585303745,
    61.49655947085959,
    64.03090443675471,
    67.02369651087245,
    69.88778429860672,
    69.36484006797721,
    71.3347748499618,
    69.19108694981995,
    65.60929108597716,
    67.96707473613868,
    69.05592275524207,
    71.1284331777533,
    75.95640099852437,
    78.61588399863655,
    76.3715575506934,
    80.83338783795192,
    78.4388072112069,
    77.31234362716494,
    72.86481298875314,
    68.31988425963554,
    71.85547253853373,
    72.90430412459133,
    75.05989454658601,
    75.35772015157386,
    74.86300754530343,
    77.35185141061942,
    76.97956878813679,
    79.74564468143805,
    82.17079919245894,
    82.43214574637858,
    79.22642164827043,
    76.98242047982511,
    79.61201986852423,
    81.37304491651008,
    78.23543258908218,
    75.94437838456857,
    75.65480644565523,
    76.13051498874242,
    75.51937526677852,
    78.49541084396986,
    79.79952101615109,
    79.91185096296184,
    83.00075950713756,
    87.62404297168314,
    88.16552969373977,
    88.11721766057359,
    89.60098774240507,
    89.81250773809782,
    89.31399267625682,
    89.70860388075137,
    91.49204595849798,
    90.53516114696623,
    92.5929187162504,
    94.54376691113714,
    96.53004419806983,
    91.21701333596322,
    91.87086830921095,
    89.57495007051895,
    91.96517070743869,
    89.9732500086917,
    86.83012881895615,
    88.2821326599164,
    84.43527996486543,
    83.84272633522346,
    81.25388427996863,
    81.48983814321632,
    82.46015773205738,
    83.37684801957053,
    82.53569716252966,
    81.5867514276959,
    84.22897481702728,
    85.76426626050241,
    84.26286061173941,
    83.25151642395647,
    79.21793545804493,
    79.28117165335115,
    79.10858778103548,
    80.32735357243365,
    76.66260637282709,
    77.75188741740514,
    77.17191182535188,
    76.44220766981644,
    78.40018163863255,
    76.07298391091797,
    73.86129028248308,
    74.35767262485146,
    73.79373240019454,
    70.32719067632918,
    69.34157901070539,
    68.27287852442599,
    66.38800427763684,
    67.64753669896952,
    67.1658929044046,
    67.25655607906994,
    66.66960464696452,
    65.81762557351365,
    66.15011840194218,
    66.76329007043068,
    65.87259780880322,
    64.35983681256629,
    64.89309219133884,
    57.56953808968525,
    58.3157891337166,
    60.994483235917826,
    62.53816072871651,
    63.77597286667293,
    62.992668756312675,
    64.59366501121653,
    63.79009371109603,
    63.629398099575575,
    65.47380346754134,
    67.40773500225279,
    67.75704894909565,
    67.46331554286188,
    68.37021498761383,
    64.16961702665661,
    64.94484708139453,
    61.394949552003816,
    60.911060364992814,
    59.17044165143304,
    60.37118001056181,
    60.85324324959775,
    64.20674120850477,
    63.501317987693575,
    61.84797258688073,
    61.57488575379812,
    60.821961072551005,
    62.8908201976963,
    62.38383232053848,
    62.03890101667,
    64.42474847956058,
    64.11252064583016,
    62.21367549495997,
    61.97656286138893,
    61.995338505847265,
    61.52121584519828,
    57.65148870935525,
    56.46150731284823,
    58.86048538948335,
    58.133609264087156,
    59.86873132695969,
    60.96616341818446,
    62.61847853252331,
    61.59045728174301,
    58.98692332742619,
    58.05050019895269,
    55.838936874857936,
    55.37066687815637,
    57.33584295424866,
    57.734627793443224,
    56.989568654186264,
    59.30202473958658,
    59.140600631642776,
    64.4150471111807,
    62.422379481498666,
    61.098299988503015,
    61.24938976150715,
    64.88509778647794,
    61.003599863860984,
    65.28280985206534,
    62.44514070051588,
    60.811427686825134,
    58.95102772083267,
    58.97195329807081,
    60.11624740542614,
    57.867529461175344,
    56.62557874416895,
    56.853113236030424,
    54.533200090707126,
    51.6987835080664,
    50.17844531174947,
    48.914748257483026,
    50.74922862151399,
    54.957170158244836,
    55.55264629863854,
    54.67080731550724,
    52.3535011922058,
    52.817936184103075,
    48.63737820369867,
    48.53795437116676,
    47.47020101959922
  ],
  "actions": [],
  "observations": [
    1,
    1,
    1,
    1,
    1,
    1,
    1,
    1,
    2,
    2,
    2,
    2,
    2,
    2,
    2,
    2,
    2,
    2,
    2,
    2,
    2,
    2,
    2,
    2,
    2,
    2,
    2,
    2,
    2,
    2,
    2,
    2,
    2,
    2,
    2,
    2,
    2,
    2,
    2,
    2,
    2,
    2,
    2,
    2,
    2,
    2,
    2,
    2,
    2,
    2,
    2,
    2,
    2,
    2,
    2,
    2,
    2,
    2,
    2,
    2,
    2,
    2,
    2,
    2,
    2,
    2,
    2,
    2,
    2,
    2,
    2,
    2,
    2,
    2,
    2,
    2,
    2,
    2,
    2,
    2,
    2,
    2,
    2,
    2,
    2,
    2,
    2,
    2,
    2,
    2,
    2,
    2,
    2,
    2,
    2,
    2,
    2,
    2,
    2,
    2,
    2,
    2,
    2,
    2,
    2,
    2,
    2,
    2,
    2,
    2,
    2,
    2,
    2,
    2,
    2,
    2,
    2,
    2,
    2,
    2,
    2,
    2,
    2,
    2,
    2,
    2,
    2,
    2,
    2,
    2,
    2,
    2,
    2,
    2,
    2,
    2,
    2,
    2,
    2,
    2,
    2,
    2,
    2,
    2,
    2,
    2,
    2,
    2,
    2,
    2,
    2,
    2,
    2,
    2,
    2,
    2,
    2,
    2,
    2,
    2,
    2,
    2,
    2,
    2,
    2,
    2,
    2,
    2,
    2,
    2,
    2,
    2,
    2,
    2,
    2,
    2,
    2,
    2,
    2,
    2,
    2,
    2,
    2,
    2,
    2,
    2,
    2,
    2,
    1,
    1,
    1,
    1,
    1,
    1,
    2,
    1,
    1,
    1,
    1,
    1
  ],