{
  "timesteps": [
    0,
    1,
    2,
    3,
    4,
    5,
    6,
    7,
    8,
    9,
    10,
    11,
    12,
    13,
    14,
    15,
    16,
    17,
    18,
    19,
    20,
    21,
    22,
    23,
    24,
    25,
    26,
    27,
    28,
    29,
    30,
    31,
    32,
    33,
    34,
    35,
    36,
    37,
    38,
    39,
    40,
    41,
    42,
    43,
    44,
    45,
    46,
    47,
    48,
    49,
    50,
    51,
    52,
    53,
    54,
    55,
    56,
    57,
    58,
    59,
    60,
    61,
    62,
    63,
    64,
    65,
    66,
    67,
    68,
    69,
    70,
    71,
    72,
    73,
    74,
    75,
    76,
    77,
    78,
    79,
    80,
    81,
    82,
    83,
    84,
    85,
    86,
    87,
    88,
    89,
    90,
    91,
    92,
    93,
    94,
    95,
    96,
    97,
    98,
    99,
    100,
    101,
    102,
    103,
    104,
    105,
    106,
    107,
    108,
    109,
    110,
    111,
    112,
    113,
    114,
    115,
    116,
    117,
    118,
    119,
    120,
    121,
    122,
    123,
    124,
    125,
    126,
    127,
    128,
    129,
    130,
    131,
    132,
    133,
    134,
    135,
    136,
    137,
    138,
    139,
    140,
    141,
    142,
    143,
    144,
    145,
    146,
    147,
    148,
    149,
    150,
    151,
    152,
    153,
    154,
    155,
    156,
    157,
    158,
    159,
    160,
    161,
    162,
    163,
    164,
    165,
    166,
    167,
    168,
    169,
    170,
    171,
    172,
    173,
    174,
    175,
    176,
    177,
    178,
    179,
    180,
    181,
    182,
    183,
    184,
    185,
    186,
    187,
    188,
    189,
    190,
    191,
    192,
    193,
    194,
    195,
    196,
    197,
    198,
    199
  ],
  "states": [
    50.0,
    49.90085280996195,
    48.55387790681272,
    48.580413027216615,
    48.33823802314037,
    47.679336103886655,
    47.89765715633096,
    46.52442129752556,
    47.04496338011334,
    47.04961045845139,
    47.22323535367296,
    47.305521985029,
    46.415819827821366,
    47.9630418082241,
    47.352851566031,
    47.6332920160854,
    47.175718000105334,
    47.191760672442875,
    46.57179029565764,
    46.512869223372945,
    44.92102511868895,
    46.726511288716694,
    47.68039211673047,
    47.020515061963216,
    48.602199245969025,
    48.47484064617797,
    48.54447777606996,
    47.30199839229858,
    46.88051290148287,
    47.27073416507693,
    47.40743307451319,
    46.304903212819276,
    46.33601984050235,
    47.46586695239599,
    48.43775419527659,
    49.57504393289754,
    49.09836310576004,
    49.383319298050516,
    50.34092492967977,
    51.092349671208716,
    49.9677375121463,
    49.53123009626315,
    49.75184105981077,
    49.84350601585784,
    50.01219185867262,
    50.8461363279635,
    50.45930649844869,
    50.30380189098908,
    49.88177247576899,
    50.11981021452785,
    50.333724609516956,
    50.53396672880978,
    50.22503195459083,
    49.572061473313376,
    48.97557230763773,
    48.58841986712753,
    49.90439196795489,
    48.847710400177526,
    48.323312385652486,
    48.90449382706506,
    49.92940545515242,
    48.50129095996912,
    47.99143476529088,
    48.70638529646129,
    47.90583863845598,
    47.56147561015852,
    47.31058695472998,
    47.199247592675114,
    47.34659934210215,
    46.65351638431332,
    45.60696048709722,
    45.878286538787734,
    46.633411474638066,
    47.0438532417524,
    46.50586602744771,
    47.62892609229844,
    47.42448751573508,
    47.91110323496001,
    46.66150348297733,
    47.43233317672714,
    47.20781286988986,
    46.41946311973632,
    46.77318896492061,
    48.694861180070184,
    48.85730735185554,
    48.15433010135722,
    47.91018217037586,
    48.12210342634144,
    47.48971018548495,
    48.92337846686355,
    48.95458969071255,
    49.207399639509816,
    49.26208735186299,
    49.097306767670176,
    48.985187503849204,
    48.70130322160057,
    48.58624978323884,
    48.649818551835175,
    48.87824479870126,
    49.00106787549105,
    48.38350438971199,
    48.17172219439575,
    48.09152447937557,
    48.35143788427061,
    49.5717994147004,
    49.25088872658837,
    48.52502208800547,
    47.36505166666724,
    46.72232930946018,
    47.601479733564986,
    46.62123632633755,
    47.23502246504215,
    47.22284448306544,
    46.26254894128056,
    45.37583418664109,
    45.299392893023814,
    43.97537201258423,
    44.05897743971745,
    44.71746732027012,
    45.56144922970597,
    46.24116903891369,
    46.18349322075691,
    47.03439999698821,
    47.47177512380962,
    47.65206011720402,
    48.96618880748473,
    47.56382711674437,
    47.217653962917154,
    47.67841594342907,
    47.04109736541359,
    45.234822431331615,
    43.96350836221435,
    43.36092278656151,
    42.81374121392043,
    43.25146816521353,
    43.80999865149505,
    42.68396428651229,
    42.15258924995298,
    41.677655549678164,
    40.45083545138857,
    40.39817182199002,
    38.99243495424704,
    39.10427883765908,
    38.616005456816126,
    38.181572590462075,
    38.96153522037916,
    38.75268992200083,
    38.01881428062015,
    38.8315800161316,
    39.35235311149032,
    39.204755502764016,
    38.71047461737466,
    40.404833355306636,
    41.56366982530265,
    42.76881168497654,
    41.75963154266052,
    43.08335645554891,
    42.05167884740336,
    43.04484262091584,
    43.42460173563854,
    43.12240406050823,
    43.739815803861205,
    44.47713953457262,
    43.656227051209015,
    43.444879135014816,
    43.308366201775165,
    42.345486879727844,
    42.33035600540026,
    42.42376162892237,
    41.508148326010925,
    41.5605331055713,
    41.0743933887579,
    41.71668396727358,
    41.920197757921464,
    42.028566042954836,
    40.60822289590449,
    40.511917054332876,
    41.33667939634491,
    42.17465367922855,
    42.66889708376344,
    42.52833886485019,
    42.167167562948954,
    41.73336006977216,
    42.54216259383662,
    42.953178496856594,
    43.02510134234413,
    42.72957306776634,
    42.997451325557655,
    41.86215782648048,
    42.51013589026034,
    42.83548778437227,
    41.21645950737546,
    40.44054875745607,
    41.18343815229942,
    39.77003508666548,
    40.36788281580115,
    39.70569877477021,
    39.85020621471844,
    38.49146069853299,
    38.10417429631149,
    37.4476811652147
  ],
  "actions": [],
  "observations": [
    1,
    1,
    1,
    1,
    1,
    1,
    1,
    1,
    1,
    1,
    1,
    1,
    1,
    1,
    1,
    1,
    1,
    1,
    1,
    1,
    0,
    1,
    1,
    1,
    1,
    1,
    1,
    1,
    1,
    1,
    1,
    1,
    1,
    1,
    1,
    1,
    1,
    1,
    1,
    1,
    1,
    1,
    1,
    1,
    1,
    1,
    1,
    1,
    1,
    1,
    1,
    1,
    1,
    1,
    1,
    1,
    1,
    1,
    1,
    1,
    1,
    1,
    1,
    1,
    1,
    1,
    1,
    1,
    1,
    1,
    1,
    1,
    1,
    1,
    1,
    1,
    1,
    1,
    1,
    1,
    1,
    1,
    1,
    1,
    1,
    1,
    1,
    1,
    1,
    1,
    1,
    1,
    1,
    1,
    1,
    1,
    1,
    1,
    1,
    1,
    1,
    1,
    1,
    1,
    1,
    1,
    1,
    1,
    1,
    1,
    1,
    1,
    1,
    1,
    1,
    1,
    0,
    0,
    0,
    1,
    1,
    1,
    1,
    1,
    1,
    1,
    1,
    1,
    1,
    1,
    1,
    0,
    0,
    0,
    0,
    0,
    0,
    0,
    0,
    0,
    0,
    0,
    0,
    0,
    0,
    0,
    0,
    0,
    0,
    0,
    0,
    0,
    0,
    0,
    0,
    0,
    0,
    0,
    0,
    0,
    0,
    0,
    0,
    0,
    0,
    0,
    0,
    0,
    0,
    0,
    0,
    0,
    0,
    0,
    0,
    0,
    0,
    0,
    0,
    0,
    0,
    0,
    0,
    0,
    0,
    0,
    0,
    0,
    0,
    0,
    0,
    0,
    0,
    0,
    0,
    0,
    0,
    0,
    0,
    0
  ],