{
  "timesteps": [
    0,
    1,
    2,
    3,
    4,
    5,
    6,
    7,
    8,
    9,
    10,
    11,
    12,
    13,
    14,
    15,
    16,
    17,
    18,
    19,
    20,
    21,
    22,
    23,
    24,
    25,
    26,
    27,
    28,
    29,
    30,
    31,
    32,
    33,
    34,
    35,
    36,
    37,
    38,
    39,
    40,
    41,
    42,
    43,
    44,
    45,
    46,
    47,
    48,
    49,
    50,
    51,
    52,
    53,
    54,
    55,
    56,
    57,
    58,
    59,
    60,
    61,
    62,
    63,
    64,
    65,
    66,
    67,
    68,
    69,
    70,
    71,
    72,
    73,
    74,
    75,
    76,
    77,
    78,
    79,
    80,
    81,
    82,
    83,
    84,
    85,
    86,
    87,
    88,
    89,
    90,
    91,
    92,
    93,
    94,
    95,
    96,
    97,
    98,
    99,
    100,
    101,
    102,
    103,
    104,
    105,
    106,
    107,
    108,
    109,
    110,
    111,
    112,
    113,
    114,
    115,
    116,
    117,
    118,
    119,
    120,
    121,
    122,
    123,
    124,
    125,
    126,
    127,
    128,
    129,
    130,
    131,
    132,
    133,
    134,
    135,
    136,
    137,
    138,
    139,
    140,
    141,
    142,
    143,
    144,
    145,
    146,
    147,
    148,
    149,
    150,
    151,
    152,
    153,
    154,
    155,
    156,
    157,
    158,
    159,
    160,
    161,
    162,
    163,
    164,
    165,
    166,
    167,
    168,
    169,
    170,
    171,
    172,
    173,
    174,
    175,
    176,
    177,
    178,
    179,
    180,
    181,
    182,
    183,
    184,
    185,
    186,
    187,
    188,
    189,
    190,
    191,
    192,
    193,
    194,
    195,
    196,
    197,
    198,
    199
  ],
  "states": [
    50.0,
    49.88550680784838,
    50.16245136671753,
    50.21775161780373,
    49.84153148581497,
    49.602968513619295,
    49.534542254720215,
    49.33941413038872,
    48.952690724030084,
    49.33458244274982,
    49.40508633018911,
    49.39174958684507,
    49.35082732962125,
    49.43453895194247,
    49.47340269871934,
    49.88640261044004,
    50.29167919680548,
    51.15506761676951,
    50.696980069957384,
    50.52434943030049,
    50.90665445543425,
    51.04888567102861,
    51.099262355312554,
    51.01495766247509,
    51.32778291197573,
    51.21684353168317,
    51.5612795240521,
    51.15678840836073,
    50.68174024899591,
    50.79362082565809,
    51.01526882201207,
    50.981648171381075,
    51.34917920044661,
    51.76104104171436,
    51.493671848754,
    51.22189652703385,
    51.165964416807604,
    51.88404439190555,
    51.67760049645321,
    52.152588999651236,
    52.04179562757686,
    51.92886495798801,
    51.636182222841136,
    51.258511942403366,
    51.10539979606751,
    50.85620876592794,
    50.99960001354139,
    51.060158942232974,
    50.607139938274386,
    50.57507590016063,
    50.138243913322114,
    49.67049870439479,
    49.71589553758845,
    49.879396980659315,
    50.19024669212688,
    50.73110481926442,
    50.82427431390883,
    50.94793273917165,
    51.36239866521863,
    51.49378441979316,
    50.972404707373784,
    50.572394070996694,
    50.805624996765914,
    50.92374218647918,
    50.65334719831496,
    50.4106203960875,
    50.20595382187812,
    50.7022962933422,
    50.64093697114044,
    50.41189633734175,
    50.13603314071158,
    50.14695022681875,
    50.14513759784019,
    50.33131808931834,
    50.07363433832202,
    49.82339716825613,
    49.722630049675445,
    50.221694043231636,
    50.040353250261475,
    50.17363410898886,
    50.487847238301754,
    49.815027209753644,
    49.52037250688238,
    50.26222601219072,
    49.76622573365251,
    49.94186738741472,
    49.729475045719944,
    49.473744363767416,
    49.52539264350144,
    50.58551368207103,
    50.98841063700109,
    51.271834923264414,
    51.3753463772058,
    51.599805017557266,
    51.23813664429927,
    51.5076784985641,
    51.77150730437188,
    51.883484435358085,
    51.97929321608392,
    52.47189627175521,
    53.45998535828574,
    54.102049932776744,
    53.839441353945794,
    53.948262204007236,
    54.168058623723525,
    54.23651011265085,
    54.89343479931134,
    55.009827995318865,
    55.24468101547242,
    55.306132629387584,
    55.17029413251948,
    55.22675023086651,
    55.01610470070689,
    54.677823276962556,
    54.25822412096658,
    54.42812933122243,
    54.56455489148911,
    54.528678854308524,
    54.454393556510404,
    53.93604964674432,
    54.358893230239914,
    54.138292608053845,
    54.14483007056547,
    54.53109386856286,
    54.636357555875875,
    54.81399613996573,
    54.48775778942118,
    54.14032830213368,
    54.48572886210221,
    54.49886109503039,
    54.793253332579845,
    55.41109423269367,
    55.38994096436141,
    54.96230320586838,
    54.88791254553578,
    54.91692039768005,
    55.102019010439996,
    55.087358169094884,
    54.68422871502859,
    55.14624079540154,
    55.06953942841766,
    54.59938087394705,
    55.17070261790456,
    55.49636996045276,
    55.23055672355873,
    55.29255975616767,
    55.325004950505395,
    55.47940585631021,
    55.57793259113148,
    55.44720081479626,
    55.48674215212282,
    55.44561366274213,
    55.42082070195983,
    55.34056242667035,
    55.72672385216027,
    56.09224145916209,
    56.40562647670891,
    56.16886404725881,
    55.59372606568368,
    55.35459478423619,
    55.682773054544334,
    55.63413884245963,
    55.52338319421401,
    55.78519053140572,
    55.95129155006138,
    56.59343768632008,
    56.73270206707783,
    56.69062201170998,
    57.20813575874916,
    57.128740314136564,
    56.70301929612408,
    56.74064852580826,
    56.70311559341088,
    56.83575381904657,
    57.396880336075334,
    57.84006325566088,
    58.238504783449635,
    58.158343758787815,
    58.286773119015166,
    58.11466880719512,
    57.959141114327586,
    57.44194549745835,
    57.621515045691055,
    57.519989370256745,
    57.73669764161624,
    57.55419310010321,
    57.5160371776327,
    57.60987009868232,
    57.472996684819215,
    57.76334802937075,
    57.75342931627775,
    57.631746395528864,
    57.731583319087036,
    57.62253930650226,
    57.86027733316138,
    57.68936092343074,
    57.75351185226873,
    58.01293783886653,
    57.782413802679315,
    57.920049130897034,
    57.66124198001143
  ],
  "actions": [],
  "observations": [
    1,
    1,
    1,
    1,
    1,
    1,
    1,
    1,
    1,
    1,
    1,
    1,
    1,
    1,
    1,
    1,
    1,
    1,
    1,
    1,
    1,
    1,
    1,
    1,
    1,
    1,
    1,
    1,
    1,
    1,
    1,
    1,
    1,
    1,
    1,
    1,
    1,
    1,
    1,
    1,
    1,
    1,
    1,
    1,
    1,
    1,
    1,
    1,
    1,
    1,
    1,
    1,
    1,
    1,
    1,
    1,
    1,
    1,
    1,
    1,
    1,
    1,
    1,
    1,
    1,
    1,
    1,
    1,
    1,
    1,
    1,
    1,
    1,
    1,
    1,
    1,
    1,
    1,
    1,
    1,
    1,
    1,
    1,
    1,
    1,
    1,
    1,
    1,
    1,
    1,
    1,
    1,
    1,
    1,
    1,
    1,
    1,
    1,
    1,
    1,
    1,
    1,
    1,
    1,
    1,
    1,
    1,
    2,
    2,
    2,
    2,
    2,
    2,
    1,
    1,
    1,
    1,
    1,
    1,
    1,
    1,
    1,
    1,
    1,
    1,
    1,
    1,
    1,
    1,
    1,
    1,
    2,
    2,
    1,
    1,
    1,
    2,
    2,
    1,
    2,
    2,
    1,
    2,
    2,
    2,
    2,
    2,
    2,
    2,
    2,
    2,
    2,
    2,
    2,
    2,
    2,
    2,
    2,
    2,
    2,
    2,
    2,
    2,
    2,
    2,
    2,
    2,
    2,
    2,
    2,
    2,
    2,
    2,
    2,
    2,
    2,
    2,
    2,
    2,
    2,
    2,
    2,
    2,
    2,
    2,
    2,
    2,
    2,
    2,
    2,
    2,
    2,
    2,
    2,
    2,
    2,
    2,
    2,
    2,
    2
  ],