{
  "timesteps": [
    0,
    1,
    2,
    3,
    4,
    5,
    6,
    7,
    8,
    9,
    10,
    11,
    12,
    13,
    14,
    15,
    16,
    17,
    18,
    19,
    20,
    21,
    22,
    23,
    24,
    25,
    26,
    27,
    28,
    29,
    30,
    31,
    32,
    33,
    34,
    35,
    36,
    37,
    38,
    39,
    40,
    41,
    42,
    43,
    44,
    45,
    46,
    47,
    48,
    49,
    50,
    51,
    52,
    53,
    54,
    55,
    56,
    57,
    58,
    59,
    60,
    61,
    62,
    63,
    64,
    65,
    66,
    67,
    68,
    69,
    70,
    71,
    72,
    73,
    74,
    75,
    76,
    77,
    78,
    79,
    80,
    81,
    82,
    83,
    84,
    85,
    86,
    87,
    88,
    89,
    90,
    91,
    92,
    93,
    94,
    95,
    96,
    97,
    98,
    99,
    100,
    101,
    102,
    103,
    104,
    105,
    106,
    107,
    108,
    109,
    110,
    111,
    112,
    113,
    114,
    115,
    116,
    117,
    118,
    119,
    120,
    121,
    122,
    123,
    124,
    125,
    126,
    127,
    128,
    129,
    130,
    131,
    132,
    133,
    134,
    135,
    136,
    137,
    138,
    139,
    140,
    141,
    142,
    143,
    144,
    145,
    146,
    147,
    148,
    149,
    150,
    151,
    152,
    153,
    154,
    155,
    156,
    157,
    158,
    159,
    160,
    161,
    162,
    163,
    164,
    165,
    166,
    167,
    168,
    169,
    170,
    171,
    172,
    173,
    174,
    175,
    176,
    177,
    178,
    179,
    180,
    181,
    182,
    183,
    184,
    185,
    186,
    187,
    188,
    189,
    190,
    191,
    192,
    193,
    194,
    195,
    196,
    197,
    198,
    199
  ],
  "states": [
    50.0,
    49.527737709408584,
    49.33254930026603,
    49.345383200618194,
    48.919917151145356,
    48.82437186068351,
    49.24634828946194,
    48.85302447658105,
    48.764402413796596,
    49.48737145888128,
    49.19147259780295,
    48.5358371084416,
    48.55197795151392,
    48.2861606748548,
    47.88218807768202,
    47.67003474213881,
    47.4813984244322,
    47.624630140638104,
    48.08814712235154,
    48.2039412729167,
    48.595008268974375,
    48.65214668939021,
    48.647772415474634,
    48.39824913124939,
    48.82953985598117,
    48.69983913776403,
    48.26567914029427,
    48.470439418798236,
    48.6239848375041,
    47.98323734204816,
    47.97356545047176,
    47.593933015722634,
    47.3876170046046,
    47.15119930070457,
    46.82952215832848,
    46.78609390324738,
    46.356280549489064,
    46.515671294200565,
    46.37288365867903,
    46.04308035876315,
    45.770209625735134,
    45.40930282780241,
    45.70201600943832,
    45.873207671701984,
    45.83972484209669,
    45.87253182492762,
    46.15198830600804,
    46.06890774595192,
    46.22717113867908,
    45.99942138406483,
    46.00507236752783,
    45.82225941549188,
    46.17561453816506,
    46.011406332496584,
    45.450064811054496,
    44.73129660562918,
    44.10580395130066,
    43.499946379917844,
    44.27815568354452,
    44.40441768878704,
    44.15031319345355,
    43.6940263365855,
    43.913487950246186,
    43.831751409720745,
    44.06374425943631,
    44.24739778613021,
    43.680733747751454,
    43.5330271932581,
    43.745192413898565,
    43.825490304859144,
    43.71180392972817,
    44.11914471908087,
    44.25207459357134,
    44.79198876004488,
    45.04066542389026,
    45.122092370927035,
    45.204784111487754,
    45.78144848024557,
    45.965022656883335,
    45.151111378476855,
    44.82701910262816,
    45.112348930272084,
    45.313190399979405,
    45.199754781646945,
    45.285283843086354,
    45.05398842329391,
    44.83112396864625,
    44.40540234526244,
    44.89121930461807,
    45.223557896508765,
    45.27144820660897,
    44.96676749164718,
    44.20598493644423,
    43.994462669813394,
    43.47280655576312,
    43.493868227711886,
    43.90036398288593,
    44.675112305583134,
    44.66912003459236,
    44.887974280448226,
    44.93493298338086,
    44.459638772659055,
    44.755110748133816,
    44.543016865517075,
    44.68693893339302,
    44.87157623109377,
    44.68269282144338,
    44.59645016620529,
    44.38168241717382,
    44.27443303611876,
    44.09616553949634,
    44.13794242751399,
    44.34614467347733,
    44.37644986193482,
    44.93451822881189,
    45.093887035490326,
    44.673311701203794,
    44.73410225964735,
    45.08433508729091,
    44.92762666855807,
    44.71400704478977,
    44.73085644652592,
    44.52560529027705,
    44.43377129594103,
    43.84273573301144,
    43.73799116440155,
    43.99152634504233,
    43.52148946689497,
    43.71200585151575,
    43.018632475456805,
    42.997339912083206,
    43.062545278392435,
    42.64706451101034,
    42.849303221538605,
    42.97764343710288,
    43.5258628735982,
    43.81471702142421,
    43.928754226839786,
    43.631787772356816,
    43.927818440459845,
    44.209839854167086,
    44.158215289905755,
    44.06431848542015,
    44.379935368626455,
    44.54501672731012,
    44.505718884554916,
    45.03059133317505,
    45.5547342954149,
    45.379167265078735,
    45.029195991133186,
    45.13893443777923,
    44.97003033600504,
    44.93223193437343,
    44.952702991328415,
    45.605220973844936,
    45.34929967290124,
    45.53409916682796,
    45.95993461103484,
    45.90904100091497,
    45.70339020483446,
    46.04485769789417,
    46.49787442279449,
    46.451814974200985,
    46.63161879330278,
    46.6290054529341,
    46.663747983116004,
    46.49879375119357,
    46.02853387083405,
    46.06230780905001,
    46.106748351181864,
    46.27675709298954,
    46.73312341299701,
    47.25033662051341,
    46.93466594783381,
    46.8347325549951,
    46.556844818051026,
    46.636400904852024,
    47.187860150129225,
    46.8537955521555,
    46.099029057983316,
    46.41274362359463,
    45.982173727478994,
    46.10122739585774,
    46.28020543754445,
    46.475163144147956,
    46.48439343936446,
    46.611019156123014,
    46.30846531570833,
    46.003661740016476,
    45.685946516968,
    45.41684181015733,
    45.534170379086035,
    45.88078717221428,
    45.816010953537706,
    46.097593853708815,
    45.73367218991995,
    45.47607095205479,
    45.45206462342445,
    44.74541502798887,
    44.75516427207402,
    44.80505931760532
  ],
  "actions": [],
  "observations": [
    1,
    1,
    1,
    1,
    1,
    1,
    1,
    1,
    1,
    1,
    1,
    1,
    1,
    1,
    1,
    1,
    1,
    1,
    1,
    1,
    1,
    1,
    1,
    1,
    1,
    1,
    1,
    1,
    1,
    1,
    1,
    1,
    1,
    1,
    1,
    1,
    1,
    1,
    1,
    1,
    1,
    1,
    1,
    1,
    1,
    1,
    1,
    1,
    1,
    1,
    1,
    1,
    1,
    1,
    1,
    0,
    0,
    0,
    0,
    0,
    0,
    0,
    0,
    0,
    0,
    0,
    0,
    0,
    0,
    0,
    0,
    0,
    0,
    0,
    1,
    1,
    1,
    1,
    1,
    1,
    0,
    1,
    1,
    1,
    1,
    1,
    0,
    0,
    0,
    1,
    1,
    0,
    0,
    0,
    0,
    0,
    0,
    0,
    0,
    0,
    0,
    0,
    0,
    0,
    0,
    0,
    0,
    0,
    0,
    0,
    0,
    0,
    0,
    0,
    0,
    1,
    0,
    0,
    1,
    0,
    0,
    0,
    0,
    0,
    0,
    0,
    0,
    0,
    0,
    0,
    0,
    0,
    0,
    0,
    0,
    0,
    0,
    0,
    0,
    0,
    0,
    0,
    0,
    0,
    0,
    0,
    1,
    1,
    1,
    1,
    1,
    0,
    0,
    0,
    1,
    1,
    1,
    1,
    1,
    1,
    1,
    1,
    1,
    1,
    1,
    1,
    1,
    1,
    1,
    1,
    1,
    1,
    1,
    1,
    1,
    1,
    1,
    1,
    1,
    1,
    1,
    1,
    1,
    1,
    1,
    1,
    1,
    1,
    1,
    1,
    1,
    1,
    1,
    1,
    1,
    1,
    1,
    1,
    0,
    0
  ],