{
  "timesteps": [
    0,
    1,
    2,
    3,
    4,
    5,
    6,
    7,
    8,
    9,
    10,
    11,
    12,
    13,
    14,
    15,
    16,
    17,
    18,
    19,
    20,
    21,
    22,
    23,
    24,
    25,
    26,
    27,
    28,
    29,
    30,
    31,
    32,
    33,
    34,
    35,
    36,
    37,
    38,
    39,
    40,
    41,
    42,
    43,
    44,
    45,
    46,
    47,
    48,
    49,
    50,
    51,
    52,
    53,
    54,
    55,
    56,
    57,
    58,
    59,
    60,
    61,
    62,
    63,
    64,
    65,
    66,
    67,
    68,
    69,
    70,
    71,
    72,
    73,
    74,
    75,
    76,
    77,
    78,
    79,
    80,
    81,
    82,
    83,
    84,
    85,
    86,
    87,
    88,
    89,
    90,
    91,
    92,
    93,
    94,
    95,
    96,
    97,
    98,
    99,
    100,
    101,
    102,
    103,
    104,
    105,
    106,
    107,
    108,
    109,
    110,
    111,
    112,
    113,
    114,
    115,
    116,
    117,
    118,
    119,
    120,
    121,
    122,
    123,
    124,
    125,
    126,
    127,
    128,
    129,
    130,
    131,
    132,
    133,
    134,
    135,
    136,
    137,
    138,
    139,
    140,
    141,
    142,
    143,
    144,
    145,
    146,
    147,
    148,
    149,
    150,
    151,
    152,
    153,
    154,
    155,
    156,
    157,
    158,
    159,
    160,
    161,
    162,
    163,
    164,
    165,
    166,
    167,
    168,
    169,
    170,
    171,
    172,
    173,
    174,
    175,
    176,
    177,
    178,
    179,
    180,
    181,
    182,
    183,
    184,
    185,
    186,
    187,
    188,
    189,
    190,
    191,
    192,
    193,
    194,
    195,
    196,
    197,
    198,
    199
  ],
  "states": [
    50.0,
    49.37709615997295,
    49.666489426624935,
    48.66266297137476,
    47.99020246320828,
    46.469630556678226,
    47.05269764157857,
    46.29595937546931,
    46.34732151118023,
    46.63670135352862,
    44.82250125952374,
    40.13362115920149,
    38.65107517317488,
    37.72340690456793,
    34.50652595730736,
    34.36034788289531,
    35.536457722732024,
    37.561742370190004,
    36.422202570607084,
    38.577464467893314,
    39.16915936635078,
    42.38365416669311,
    43.43889927080343,
    40.79301742622561,
    39.18202803351519,
    37.68725478843732,
    36.74054939102309,
    39.458550921902436,
    38.88183127598359,
    39.0294241788575,
    40.923397470851576,
    40.09006744410065,
    39.00284448871193,
    37.17335496262919,
    36.69891451129337,
    38.02201347501758,
    38.02708893076722,
    37.96446383246605,
    40.7077430452132,
    39.09250182765724,
    35.84947370017122,
    35.819565391037074,
    36.3687741240806,
    37.88733815756264,
    36.14607737572741,
    34.849786550819374,
    34.66499421312935,
    35.80350999957308,
    36.166476083608785,
    38.27912266639377,
    39.1825376004827,
    39.14224302033745,
    40.04560943308473,
    38.09196902501799,
    37.94265643943565,
    43.1472627901397,
    42.82479840499721,
    41.26924504656679,
    39.2826547756334,
    42.138996814057826,
    46.082539557040455,
    47.05846844016043,
    45.92868368619537,
    45.2733637498209,
    45.69888686948643,
    44.00639550715637,
    41.428265269659434,
    43.052555652138444,
    40.75368560353977,
    43.0208012048697,
    42.88190631520312,
    45.96380032896944,
    44.16276488620929,
    46.84008571155384,
    48.71276608478393,
    49.11890669366423,
    49.89868618458396,
    51.65288737113082,
    52.471450261581076,
    52.65031066297206,
    51.02572412601054,
    52.788933138460806,
    51.565274320319716,
    51.17388766706394,
    50.32096443956908,
    50.42847786784784,
    48.700303186097344,
    47.06044835640567,
    47.60516547807343,
    47.03025663590412,
    48.437687682305715,
    45.91111772738051,
    48.95905427930247,
    49.822593383084,
    50.36638574864694,
    48.080851752810254,
    48.69720144604565,
    49.16494054440135,
    50.66750483115592,
    49.18181612350456,
    50.171169710350604,
    49.25639693886362,
    49.748180829491254,
    49.51364024013033,
    50.2365950889158,
    49.66510500048682,
    51.9525809202197,
    51.727730883063465,
    48.74186149572354,
    49.27164080090532,
    49.55604891916203,
    47.82738597441205,
    49.02318304772048,
    50.15391940062016,
    50.206019809059754,
    53.80651197218347,
    54.30127360710531,
    55.14625299954371,
    56.42270774289746,
    56.904306994986094,
    58.99357782921555,
    56.530105171979855,
    55.892316682136006,
    55.57349117733934,
    55.3627591809065,
    53.95771709841433,
    51.70660857098295,
    52.3723287558133,
    54.54609200251275,
    58.54067152520674,
    54.14126407550239,
    50.947909774919204,
    52.403080599101074,
    52.13755729876626,
    50.112665473836785,
    54.449878267259244,
    53.93822877079917,
    56.19773165684427,
    58.32826242056201,
    58.856460968327724,
    61.848318815744484,
    62.33480897859806,
    60.63785626363523,
    62.85015291894456,
    61.85363240479504,
    57.57420257064108,
    60.2658809754144,
    62.207611092865946,
    58.47094400656468,
    59.351320366147895,
    57.45011742882772,
    55.60959584682085,
    56.9056250715795,
    56.90488510846451,
    53.38403399096583,
    55.753863090104566,
    57.877804893622,
    56.687877161675765,
    56.87105977464136,
    55.6415443718414,
    52.46474697623641,
    53.367375649202614,
    54.275482166223405,
    54.17707465106873,
    54.58693941379175,
    57.845147740806816,
    56.95402728605096,
    56.5633503529509,
    57.10622712891451,
    59.09744235051522,
    58.62636941365769,
    57.46726336703764,
    59.224058259068975,
    60.64706270218301,
    61.77877483327408,
    61.24907117325386,
    61.33587705975434,
    60.404217475167584,
    59.94912528610298,
    57.25116994219107,
    55.94631591743164,
    54.533204959848,
    54.78401825930726,
    57.241866293242566,
    55.88011322661538,
    54.368384883277045,
    53.77692625750956,
    57.554057637429224,
    59.14337562346693,
    63.58354838825932,
    59.97704918912453,
    60.82783993621636,
    56.45391256859104,
    56.72346877467945,
    56.067085702767415,
    58.34109671400983,
    58.42471738636022,
    58.614042498834664,
    59.99195629450126,
    60.366368853977015,
    56.12215702831043
  ],
  "actions": [],
  "observations": [
    1,
    1,
    1,
    1,
    1,
    1,
    1,
    1,
    1,
    1,
    0,
    0,
    0,
    0,
    0,
    0,
    0,
    0,
    0,
    0,
    0,
    0,
    0,
    0,
    0,
    0,
    0,
    0,
    0,
    0,
    0,
    0,
    0,
    0,
    0,
    0,
    0,
    0,
    0,
    0,
    0,
    0,
    0,
    0,
    0,
    0,
    0,
    0,
    0,
    0,
    0,
    0,
    0,
    0,
    0,
    0,
    0,
    0,
    0,
    0,
    1,
    1,
    1,
    1,
    1,
    0,
    0,
    0,
    0,
    0,
    0,
    1,
    0,
    1,
    1,
    1,
    1,
    1,
    1,
    1,
    1,
    1,
    1,
    1,
    1,
    1,
    1,
    1,
    1,
    1,
    1,
    1,
    1,
    1,
    1,
    1,
    1,
    1,
    1,
    1,
    1,
    1,
    1,
    1,
    1,
    1,
    1,
    1,
    1,
    1,
    1,
    1,
    1,
    1,
    1,
    1,
    1,
    2,
    2,
    2,
    2,
    2,
    2,
    2,
    2,
    1,
    1,
    1,
    1,
    2,
    1,
    1,
    1,
    1,
    1,
    1,
    1,
    2,
    2,
    2,
    2,
    2,
    2,
    2,
    2,
    2,
    2,
    2,
    2,
    2,
    2,
    2,
    2,
    2,
    1,
    2,
    2,
    2,
    2,
    2,
    1,
    1,
    1,
    1,
    1,
    2,
    2,
    2,
    2,
    2,
    2,
    2,
    2,
    2,
    2,
    2,
    2,
    2,
    2,
    2,
    2,
    1,
    1,
    2,
    2,
    1,
    1,
    2,
    2,
    2,
    2,
    2,
    2,
    2,
    2,
    2,
    2,
    2,
    2,
    2
  ],