{
  "timesteps": [
    0,
    1,
    2,
    3,
    4,
    5,
    6,
    7,
    8,
    9,
    10,
    11,
    12,
    13,
    14,
    15,
    16,
    17,
    18,
    19,
    20,
    21,
    22,
    23,
    24,
    25,
    26,
    27,
    28,
    29,
    30,
    31,
    32,
    33,
    34,
    35,
    36,
    37,
    38,
    39,
    40,
    41,
    42,
    43,
    44,
    45,
    46,
    47,
    48,
    49,
    50,
    51,
    52,
    53,
    54,
    55,
    56,
    57,
    58,
    59,
    60,
    61,
    62,
    63,
    64,
    65,
    66,
    67,
    68,
    69,
    70,
    71,
    72,
    73,
    74,
    75,
    76,
    77,
    78,
    79,
    80,
    81,
    82,
    83,
    84,
    85,
    86,
    87,
    88,
    89,
    90,
    91,
    92,
    93,
    94,
    95,
    96,
    97,
    98,
    99,
    100,
    101,
    102,
    103,
    104,
    105,
    106,
    107,
    108,
    109,
    110,
    111,
    112,
    113,
    114,
    115,
    116,
    117,
    118,
    119,
    120,
    121,
    122,
    123,
    124,
    125,
    126,
    127,
    128,
    129,
    130,
    131,
    132,
    133,
    134,
    135,
    136,
    137,
    138,
    139,
    140,
    141,
    142,
    143,
    144,
    145,
    146,
    147,
    148,
    149,
    150,
    151,
    152,
    153,
    154,
    155,
    156,
    157,
    158,
    159,
    160,
    161,
    162,
    163,
    164,
    165,
    166,
    167,
    168,
    169,
    170,
    171,
    172,
    173,
    174,
    175,
    176,
    177,
    178,
    179,
    180,
    181,
    182,
    183,
    184,
    185,
    186,
    187,
    188,
    189,
    190,
    191,
    192,
    193,
    194,
    195,
    196,
    197,
    198,
    199
  ],
  "states": [
    50.0,
    50.364843393943566,
    49.47772941044376,
    50.736805919401576,
    51.60584479956102,
    50.93514545023718,
    51.01815233051787,
    49.653463332027776,
    49.247163888170505,
    50.224117442123074,
    50.92879832911079,
    49.269485594197604,
    50.6121365305673,
    50.12717614853457,
    49.747925309733944,
    48.948727350917544,
    49.34174351840216,
    48.350791030409525,
    48.433039773064266,
    50.410746881447636,
    51.556397533322965,
    49.99848627269415,
    50.8661803264544,
    49.993205516039204,
    49.30754971988153,
    47.26383376912758,
    47.68076171482913,
    47.75611498413877,
    47.906764003629114,
    46.11203056531646,
    45.74566626831681,
    46.48016991875217,
    43.52674583560711,
    42.790679059855904,
    43.390472776633885,
    43.277341425812416,
    41.75497188254556,
    41.05563345906248,
    40.06578315629342,
    39.69773177259932,
    38.70747604587014,
    37.90914030208556,
    38.36077663278858,
    37.645344187507405,
    37.69651522461935,
    37.75699769079071,
    39.383178570041785,
    41.29436209579644,
    41.96023404043354,
    42.576388393189916,
    40.98722016390261,
    39.69630445676472,
    38.93282558193275,
    39.835063775816906,
    39.859017558883345,
    42.08521219489336,
    42.56630629877411,
    42.28491483261407,
    42.442335629625354,
    43.621815127998374,
    43.7092201170117,
    41.89598149949752,
    40.39587708107898,
    41.39614850533773,
    39.147048375455,
    38.773988803216184,
    40.58074029623534,
    40.294988195359366,
    37.415851488007625,
    38.570912928695044,
    38.2640039033325,
    39.146530694731766,
    38.64196129895472,
    39.39318556432769,
    38.59707195398173,
    39.25900157492152,
    40.425386686244245,
    38.82205763552146,
    38.04237409883634,
    36.117518470338794,
    37.55810406497169,
    36.98227774937562,
    37.46151222130441,
    37.860305726126285,
    38.55369200404508,
    38.882786083955935,
    38.96288955512761,
    38.53930673799631,
    37.08724347783614,
    37.477422167149115,
    38.17101589252866,
    37.90744040894091,
    38.98243961794014,
    39.19347387864106,
    41.429724103804794,
    40.13393055408005,
    39.30060385858994,
    41.101000884150494,
    40.45270093183822,
    42.13923971327985,
    42.1160316263817,
    42.18901214552567,
    42.013841753075944,
    40.7522557718173,
    39.8196643015563,
    40.75221815432056,
    41.53784457348626,
    43.03950868854391,
    43.717483105483296,
    46.822112409728696,
    47.849845613539735,
    49.31472637803703,
    49.58069522908229,
    48.38326107673719,
    47.2926223916929,
    47.76254935920056,
    47.36389383561239,
    48.53660942096632,
    48.491773886145914,
    48.10940015512809,
    49.17260138195755,
    51.761492196764884,
    51.39530315212226,
    50.70798652945788,
    49.206399755405194,
    49.72462043769259,
    49.47725663574668,
    45.96076919249706,
    45.83350342075887,
    45.88162163138535,
    45.3289319011838,
    44.60305513534094,
    44.04073748471306,
    44.259584672843026,
    45.13460818742978,
    45.905660031885354,
    45.78212594342585,
    45.12736983941691,
    44.086988296591066,
    43.61242241109381,
    44.40123780524016,
    45.703758264123145,
    47.90303555618841,
    47.81993842828161,
    47.31866546813485,
    46.617820496456766,
    45.37194285955163,
    44.95853521600375,
    44.88442489769765,
    43.890603390383106,
    41.695352162867366,
    39.424552497575995,
    39.563725233433715,
    39.26179156498994,
    38.92036833015681,
    39.78032170006943,
    39.234780841686835,
    38.190455774202846,
    39.211594589276054,
    39.5083333844354,
    41.045417379319574,
    40.36443462272534,
    38.879930187809215,
    38.024041619160286,
    36.36794779063141,
    35.89338132472929,
    35.79850929541387,
    35.537643860752084,
    34.55995260012135,
    34.84739428222122,
    36.02836331168679,
    35.103375479261366,
    37.47940944135225,
    36.660669434617525,
    35.757360495853604,
    36.030720964227115,
    36.41883953112961,
    36.68288522733797,
    37.58922008593674,
    37.45523330459786,
    37.44648927576365,
    36.40135592960217,
    36.43938553376094,
    35.92043999530318,
    35.42114093785747,
    34.82216881081308,
    34.6744559334998,
    34.90316258051376,
    34.58900699563847,
    34.30878744849934,
    33.95747412052359,
    33.329037171346556,
    33.84969613463937,
    35.89497120700889,
    37.151956122191024,
    37.029573590183155,
    37.23580087181621,
    38.87828186134921,
    38.0809033926408,
    37.43328606124413,
    35.54593827502908
  ],
  "actions": [],
  "observations": [
    1,
    1,
    1,
    1,
    1,
    1,
    1,
    1,
    1,
    1,
    1,
    1,
    1,
    1,
    1,
    1,
    1,
    1,
    1,
    1,
    1,
    1,
    1,
    1,
    1,
    1,
    1,
    1,
    1,
    1,
    1,
    1,
    0,
    0,
    0,
    0,
    0,
    0,
    0,
    0,
    0,
    0,
    0,
    0,
    0,
    0,
    0,
    0,
    0,
    0,
    0,
    0,
    0,
    0,
    0,
    0,
    0,
    0,
    0,
    0,
    0,
    0,
    0,
    0,
    0,
    0,
    0,
    0,
    0,
    0,
    0,
    0,
    0,
    0,
    0,
    0,
    0,
    0,
    0,
    0,
    0,
    0,
    0,
    0,
    0,
    0,
    0,
    0,
    0,
    0,
    0,
    0,
    0,
    0,
    0,
    0,
    0,
    0,
    0,
    0,
    0,
    0,
    0,
    0,
    0,
    0,
    0,
    0,
    0,
    1,
    1,
    1,
    1,
    1,
    1,
    1,
    1,
    1,
    1,
    1,
    1,
    1,
    1,
    1,
    1,
    1,
    1,
    1,
    1,
    1,
    1,
    0,
    0,
    0,
    1,
    1,
    1,
    1,
    0,
    0,
    0,
    1,
    1,
    1,
    1,
    1,
    1,
    0,
    0,
    0,
    0,
    0,
    0,
    0,
    0,
    0,
    0,
    0,
    0,
    0,
    0,
    0,
    0,
    0,
    0,
    0,
    0,
    0,
    0,
    0,
    0,
    0,
    0,
    0,
    0,
    0,
    0,
    0,
    0,
    0,
    0,
    0,
    0,
    0,
    0,
    0,
    0,
    0,
    0,
    0,
    0,
    0,
    0,
    0,
    0,
    0,
    0,
    0,
    0,
    0
  ],