{
  "timesteps": [
    0,
    1,
    2,
    3,
    4,
    5,
    6,
    7,
    8,
    9,
    10,
    11,
    12,
    13,
    14,
    15,
    16,
    17,
    18,
    19,
    20,
    21,
    22,
    23,
    24,
    25,
    26,
    27,
    28,
    29,
    30,
    31,
    32,
    33,
    34,
    35,
    36,
    37,
    38,
    39,
    40,
    41,
    42,
    43,
    44,
    45,
    46,
    47,
    48,
    49,
    50,
    51,
    52,
    53,
    54,
    55,
    56,
    57,
    58,
    59,
    60,
    61,
    62,
    63,
    64,
    65,
    66,
    67,
    68,
    69,
    70,
    71,
    72,
    73,
    74,
    75,
    76,
    77,
    78,
    79,
    80,
    81,
    82,
    83,
    84,
    85,
    86,
    87,
    88,
    89,
    90,
    91,
    92,
    93,
    94,
    95,
    96,
    97,
    98,
    99,
    100,
    101,
    102,
    103,
    104,
    105,
    106,
    107,
    108,
    109,
    110,
    111,
    112,
    113,
    114,
    115,
    116,
    117,
    118,
    119,
    120,
    121,
    122,
    123,
    124,
    125,
    126,
    127,
    128,
    129,
    130,
    131,
    132,
    133,
    134,
    135,
    136,
    137,
    138,
    139,
    140,
    141,
    142,
    143,
    144,
    145,
    146,
    147,
    148,
    149,
    150,
    151,
    152,
    153,
    154,
    155,
    156,
    157,
    158,
    159,
    160,
    161,
    162,
    163,
    164,
    165,
    166,
    167,
    168,
    169,
    170,
    171,
    172,
    173,
    174,
    175,
    176,
    177,
    178,
    179,
    180,
    181,
    182,
    183,
    184,
    185,
    186,
    187,
    188,
    189,
    190,
    191,
    192,
    193,
    194,
    195,
    196,
    197,
    198,
    199
  ],
  "states": [
    50.0,
    50.06743072456066,
    47.626978669462204,
    45.01986868702915,
    44.673682153068164,
    42.08733860403509,
    42.47050647830846,
    42.3994721339224,
    41.05898751012499,
    39.51827018917484,
    39.951924676237184,
    38.63473077633602,
    38.9638585220499,
    39.06823440914918,
    38.10485152868133,
    38.356974894942084,
    36.36693111367823,
    39.71718279913846,
    39.82371936282664,
    39.85090193325185,
    41.62573767607568,
    42.48562047728773,
    42.47408792145574,
    41.386568474284886,
    41.40912980461864,
    42.26172427254662,
    41.59818451465782,
    42.440500499839075,
    42.767033295200704,
    43.804157870415835,
    43.543905818811666,
    43.73285472520929,
    43.81505799014916,
    44.9314900599306,
    45.8031897329114,
    45.67172100895738,
    44.102894785421356,
    44.87566127448389,
    46.08139217081912,
    46.811163672541426,
    45.910479439081755,
    43.649271690412206,
    42.90916227841202,
    42.45621345875045,
    42.415303670869164,
    42.873214377867946,
    43.302370735109655,
    43.94915646233491,
    43.0420815359309,
    43.71343865288098,
    43.6374519680521,
    41.88891757402873,
    40.05742690867474,
    38.88334355467527,
    37.27934975279683,
    37.12573824275146,
    35.63599893019509,
    36.538792142301006,
    36.08330195513672,
    36.32231283946106,
    36.58171761975973,
    35.957971052355695,
    36.48547494339546,
    36.82347649980198,
    36.46130130567488,
    35.26638639686103,
    35.55787339587283,
    37.39611912834079,
    38.77530078194427,
    40.37431654875748,
    39.12300695150281,
    40.794913157598906,
    40.85660844286116,
    40.482720834217496,
    41.238113843645195,
    41.12237995369191,
    41.53542635085403,
    41.31297851472044,
    41.660603279211095,
    41.08166809667388,
    39.06984057342857,
    39.16833943194283,
    40.395927281048856,
    40.876196102434946,
    39.9106297160385,
    39.14051907807793,
    38.1440062377463,
    38.73962364412208,
    38.993188163909785,
    39.25448041488565,
    40.177720693946675,
    39.062592159451206,
    39.29007271373677,
    40.45376701506264,
    40.26275579761463,
    40.35232314558951,
    40.11341112521168,
    39.44331044545704,
    39.45587801227427,
    39.470654014995304,
    39.68898419299659,
    39.76427798936802,
    39.757279003949876,
    37.703152329250656,
    34.89816090373016,
    34.51920172940793,
    33.67418391117857,
    32.537682512698986,
    32.24135280125891,
    32.58098136539091,
    31.767776191440092,
    35.601399952446805,
    36.08611519262562,
    35.05079828441366,
    35.276082382912314,
    34.58868707382382,
    35.95833441752097,
    37.80919765865451,
    37.426431939383114,
    37.381217829112614,
    37.29325449474948,
    37.68199512934283,
    37.41702033909283,
    37.0640563722517,
    36.91477411672538,
    36.13681934289149,
    38.03454997244599,
    36.4147023530063,
    35.58452146764338,
    35.63916979811939,
    37.87275134643488,
    37.43236533888574,
    36.90736417306951,
    36.57462971788502,
    36.49471858059635,
    36.195360057976885,
    36.68147048706056,
    35.85021187609788,
    34.82736833317353,
    35.405738188410744,
    36.391313991175764,
    37.22871292392927,
    34.57658554592397,
    35.614887717930436,
    36.56937256901357,
    35.77296232877974,
    37.07333660040179,
    38.98935646585514,
    39.38254197082819,
    37.69122888134651,
    35.02233876630323,
    37.7255345787027,
    38.59806745927894,
    40.44394957294712,
    42.41417897448508,
    42.49720224493088,
    44.26264805308301,
    44.6163245538946,
    44.30753316073585,
    42.70988830036497,
    41.713270041015825,
    44.23811556814512,
    44.109659216862234,
    46.48129716855223,
    46.01102035814024,
    46.70483447634036,
    46.407549084294054,
    45.60874679860139,
    46.30954646764247,
    47.57196491768087,
    47.300994142137974,
    46.57969467826949,
    47.75273413190784,
    47.91809359316584,
    45.2560748136411,
    44.34289227822274,
    43.33555102802128,
    42.873792599243025,
    41.10480245787165,
    37.99564799994974,
    39.39586783581893,
    40.12317486893169,
    38.40237800643742,
    37.39239691821673,
    36.602771819741626,
    36.87103401461032,
    38.34850364520355,
    34.867307852192134,
    33.46229312181131,
    33.47692486630988,
    32.20757279019817,
    32.047820635613185,
    32.87908804530175,
    32.322513985843244,
    34.144037483555834,
    34.20187295683206,
    34.29397653813325,
    33.92906982644972,
    32.75105472145994,
    33.75404961225794,
    34.37849400897631
  ],
  "actions": [],
  "observations": [
    1,
    1,
    1,
    1,
    0,
    0,
    0,
    0,
    0,
    0,
    0,
    0,
    0,
    0,
    0,
    0,
    0,
    0,
    0,
    0,
    0,
    0,
    0,
    0,
    0,
    0,
    0,
    0,
    0,
    0,
    0,
    0,
    0,
    0,
    1,
    1,
    0,
    0,
    1,
    1,
    1,
    0,
    0,
    0,
    0,
    0,
    0,
    0,
    0,
    0,
    0,
    0,
    0,
    0,
    0,
    0,
    0,
    0,
    0,
    0,
    0,
    0,
    0,
    0,
    0,
    0,
    0,
    0,
    0,
    0,
    0,
    0,
    0,
    0,
    0,
    0,
    0,
    0,
    0,
    0,
    0,
    0,
    0,
    0,
    0,
    0,
    0,
    0,
    0,
    0,
    0,
    0,
    0,
    0,
    0,
    0,
    0,
    0,
    0,
    0,
    0,
    0,
    0,
    0,
    0,
    0,
    0,
    0,
    0,
    0,
    0,
    0,
    0,
    0,
    0,
    0,
    0,
    0,
    0,
    0,
    0,
    0,
    0,
    0,
    0,
    0,
    0,
    0,
    0,
    0,
    0,
    0,
    0,
    0,
    0,
    0,
    0,
    0,
    0,
    0,
    0,
    0,
    0,
    0,
    0,
    0,
    0,
    0,
    0,
    0,
    0,
    0,
    0,
    0,
    0,
    0,
    0,
    0,
    0,
    0,
    0,
    0,
    0,
    1,
    1,
    1,
    1,
    1,
    1,
    1,
    1,
    1,
    1,
    1,
    1,
    0,
    0,
    0,
    0,
    0,
    0,
    0,
    0,
    0,
    0,
    0,
    0,
    0,
    0,
    0,
    0,
    0,
    0,
    0,
    0,
    0,
    0,
    0,
    0,
    0
  ],