{
  "timesteps": [
    0,
    1,
    2,
    3,
    4,
    5,
    6,
    7,
    8,
    9,
    10,
    11,
    12,
    13,
    14,
    15,
    16,
    17,
    18,
    19,
    20,
    21,
    22,
    23,
    24,
    25,
    26,
    27,
    28,
    29,
    30,
    31,
    32,
    33,
    34,
    35,
    36,
    37,
    38,
    39,
    40,
    41,
    42,
    43,
    44,
    45,
    46,
    47,
    48,
    49,
    50,
    51,
    52,
    53,
    54,
    55,
    56,
    57,
    58,
    59,
    60,
    61,
    62,
    63,
    64,
    65,
    66,
    67,
    68,
    69,
    70,
    71,
    72,
    73,
    74,
    75,
    76,
    77,
    78,
    79,
    80,
    81,
    82,
    83,
    84,
    85,
    86,
    87,
    88,
    89,
    90,
    91,
    92,
    93,
    94,
    95,
    96,
    97,
    98,
    99,
    100,
    101,
    102,
    103,
    104,
    105,
    106,
    107,
    108,
    109,
    110,
    111,
    112,
    113,
    114,
    115,
    116,
    117,
    118,
    119,
    120,
    121,
    122,
    123,
    124,
    125,
    126,
    127,
    128,
    129,
    130,
    131,
    132,
    133,
    134,
    135,
    136,
    137,
    138,
    139,
    140,
    141,
    142,
    143,
    144,
    145,
    146,
    147,
    148,
    149,
    150,
    151,
    152,
    153,
    154,
    155,
    156,
    157,
    158,
    159,
    160,
    161,
    162,
    163,
    164,
    165,
    166,
    167,
    168,
    169,
    170,
    171,
    172,
    173,
    174,
    175,
    176,
    177,
    178,
    179,
    180,
    181,
    182,
    183,
    184,
    185,
    186,
    187,
    188,
    189,
    190,
    191,
    192,
    193,
    194,
    195,
    196,
    197,
    198,
    199
  ],
  "states": [
    50.0,
    49.561633155605904,
    49.42501765138064,
    50.25359603095215,
    52.269449350601015,
    52.20064610434268,
    51.60980389269642,
    51.46953185681955,
    53.875106441226784,
    54.96894568529655,
    53.27939255795115,
    52.924163455251744,
    52.5105619352816,
    53.617018902332944,
    54.80370561959854,
    55.083738252794824,
    54.678569100743964,
    54.009300721157686,
    53.80266727733377,
    52.13881284699301,
    51.74785961286494,
    53.706044449788465,
    54.887051489818354,
    55.8342438385621,
    56.0633248812171,
    57.88177978545221,
    56.99091680653862,
    56.21136059217366,
    57.243325582083486,
    56.11504228382816,
    56.98809451728197,
    58.755907086419064,
    58.73762465042604,
    58.15161178637583,
    57.88181663178027,
    57.20085492775052,
    56.337377456466065,
    56.22718172455644,
    55.974963379869564,
    55.4767609070705,
    54.968853379824836,
    56.1218332387653,
    56.88967797802918,
    56.454302025272064,
    57.464477891626544,
    58.59258033678649,
    60.63734986309376,
    60.26784413290025,
    61.45007730955377,
    60.75410427867506,
    62.27305255003082,
    64.17747245936515,
    63.80537354063765,
    64.10972989062681,
    63.95899440217024,
    64.50725250164224,
    64.72900119987072,
    65.90278611844343,
    64.90168814880779,
    64.72847386615658,
    63.61924976623143,
    63.07357225846299,
    63.05414986311613,
    63.587372616247016,
    62.04077740863821,
    60.01130185877762,
    60.94767503842679,
    61.368223489381485,
    61.788742003975806,
    59.823858295936205,
    59.722871245150536,
    58.58801042216091,
    57.86233255735487,
    57.536492361667946,
    56.365670838552276,
    57.293147862317305,
    57.610391235223716,
    56.99718168361302,
    59.89327335107126,
    60.612047150145166,
    62.03672884121072,
    61.133884108733085,
    61.49906691867837,
    62.190796934594694,
    61.36369494027236,
    61.13734248237266,
    59.76876579162818,
    59.80006056434555,
    58.759335709635174,
    58.414951356853315,
    58.076831128094256,
    59.2430197348101,
    60.23744150326254,
    61.64932283383504,
    61.323810633022106,
    60.50937818353492,
    59.35529371684536,
    57.560415948341486,
    57.32072996309539,
    57.30276176527271,
    57.88567346647386,
    58.008016726816244,
    55.76639265145257,
    55.520096894599554,
    56.871016369470766,
    56.07797735107861,
    55.44311299948093,
    55.36693711925456,
    56.939520097403005,
    58.63638524482981,
    58.48594772637924,
    58.301116882220654,
    58.46580243751288,
    59.201524103221445,
    57.69047071886635,
    58.10082894597353,
    57.261813951272174,
    57.17950188551026,
    57.805694801656536,
    58.05535389635626,
    57.08049133684813,
    57.58909567545338,
    57.70012999465883,
    58.2412405325469,
    56.76825854075591,
    58.26219507073724,
    58.132088604585014,
    57.93125480133324,
    58.624003325151534,
    58.72481274634942,
    58.87980729556055,
    60.3829357651003,
    59.365730708177026,
    57.25667599876939,
    57.648033645970294,
    57.71322315122947,
    55.88527185230325,
    57.239084402769734,
    59.2476185533836,
    57.58019446256439,
    55.97779762348714,
    57.835544996580964,
    57.769258558693586,
    58.99231836423409,
    58.021074776593125,
    59.01627968276473,
    58.77322305891513,
    59.79889179373065,
    57.38760588791597,
    55.57941268294605,
    54.0244098907104,
    53.83471955447507,
    54.273834981356465,
    55.000007697815796,
    53.80048977526239,
    52.7706149359916,
    53.68244312756461,
    54.44490624878479,
    53.59889605117119,
    53.42736614342926,
    52.291143399123186,
    51.58904900198195,
    52.85719602490601,
    51.914709124646606,
    53.74255066058601,
    55.059018245234945,
    55.25336485486927,
    54.309281677177765,
    55.19914819605983,
    56.4057425243555,
    53.74614672905273,
    54.54168898135586,
    56.42308972820969,
    56.53692437077935,
    57.13104939438287,
    55.236345546872506,
    54.64319103123791,
    54.536177306575084,
    54.72716741367488,
    56.828544137141876,
    56.780486362859754,
    56.0899023518766,
    56.45441132785945,
    55.324135161349965,
    57.30244647222289,
    57.41242972754811,
    55.62837486032841,
    55.95833120081063,
    56.325192543115875,
    54.796778079503696,
    54.608176580090614,
    54.77920937484117,
    55.482052224104706,
    57.07482661762828,
    57.8598014699616,
    60.16840318134678,
    61.12688078683779,
    62.13547942620734,
    63.57750130488287,
    62.698753859235815,
    62.27517046140588
  ],
  "actions": [],
  "observations": [
    1,
    1,
    1,
    1,
    1,
    1,
    1,
    1,
    1,
    1,
    1,
    1,
    1,
    1,
    1,
    2,
    1,
    1,
    1,
    1,
    1,
    1,
    1,
    2,
    2,
    2,
    2,
    2,
    2,
    2,
    2,
    2,
    2,
    2,
    2,
    2,
    2,
    2,
    2,
    2,
    1,
    2,
    2,
    2,
    2,
    2,
    2,
    2,
    2,
    2,
    2,
    2,
    2,
    2,
    2,
    2,
    2,
    2,
    2,
    2,
    2,
    2,
    2,
    2,
    2,
    2,
    2,
    2,
    2,
    2,
    2,
    2,
    2,
    2,
    2,
    2,
    2,
    2,
    2,
    2,
    2,
    2,
    2,
    2,
    2,
    2,
    2,
    2,
    2,
    2,
    2,
    2,
    2,
    2,
    2,
    2,
    2,
    2,
    2,
    2,
    2,
    2,
    2,
    2,
    2,
    2,
    2,
    2,
    2,
    2,
    2,
    2,
    2,
    2,
    2,
    2,
    2,
    2,
    2,
    2,
    2,
    2,
    2,
    2,
    2,
    2,
    2,
    2,
    2,
    2,
    2,
    2,
    2,
    2,
    2,
    2,
    2,
    2,
    2,
    2,
    2,
    2,
    2,
    2,
    2,
    2,
    2,
    2,
    2,
    2,
    1,
    1,
    1,
    2,
    1,
    1,
    1,
    1,
    1,
    1,
    1,
    1,
    1,
    1,
    1,
    2,
    2,
    1,
    2,
    2,
    1,
    1,
    2,
    2,
    2,
    2,
    1,
    1,
    1,
    2,
    2,
    2,
    2,
    2,
    2,
    2,
    2,
    2,
    2,
    1,
    1,
    1,
    2,
    2,
    2,
    2,
    2,
    2,
    2,
    2
  ],