{
  "timesteps": [
    0,
    1,
    2,
    3,
    4,
    5,
    6,
    7,
    8,
    9,
    10,
    11,
    12,
    13,
    14,
    15,
    16,
    17,
    18,
    19,
    20,
    21,
    22,
    23,
    24,
    25,
    26,
    27,
    28,
    29,
    30,
    31,
    32,
    33,
    34,
    35,
    36,
    37,
    38,
    39,
    40,
    41,
    42,
    43,
    44,
    45,
    46,
    47,
    48,
    49,
    50,
    51,
    52,
    53,
    54,
    55,
    56,
    57,
    58,
    59,
    60,
    61,
    62,
    63,
    64,
    65,
    66,
    67,
    68,
    69,
    70,
    71,
    72,
    73,
    74,
    75,
    76,
    77,
    78,
    79,
    80,
    81,
    82,
    83,
    84,
    85,
    86,
    87,
    88,
    89,
    90,
    91,
    92,
    93,
    94,
    95,
    96,
    97,
    98,
    99,
    100,
    101,
    102,
    103,
    104,
    105,
    106,
    107,
    108,
    109,
    110,
    111,
    112,
    113,
    114,
    115,
    116,
    117,
    118,
    119,
    120,
    121,
    122,
    123,
    124,
    125,
    126,
    127,
    128,
    129,
    130,
    131,
    132,
    133,
    134,
    135,
    136,
    137,
    138,
    139,
    140,
    141,
    142,
    143,
    144,
    145,
    146,
    147,
    148,
    149,
    150,
    151,
    152,
    153,
    154,
    155,
    156,
    157,
    158,
    159,
    160,
    161,
    162,
    163,
    164,
    165,
    166,
    167,
    168,
    169,
    170,
    171,
    172,
    173,
    174,
    175,
    176,
    177,
    178,
    179,
    180,
    181,
    182,
    183,
    184,
    185,
    186,
    187,
    188,
    189,
    190,
    191,
    192,
    193,
    194,
    195,
    196,
    197,
    198,
    199
  ],
  "states": [
    50.0,
    51.975380269474044,
    56.382137302754735,
    59.60918995585475,
    59.43535429437031,
    62.28810920245484,
    58.15134352641241,
    58.55626657462538,
    56.10884540427723,
    54.580248889781025,
    54.06663868794114,
    50.82546611075955,
    47.83095086643507,
    43.6876146061689,
    42.17368658192485,
    42.396415120367124,
    44.86081414752377,
    46.229501782260726,
    44.37311077805056,
    41.003294257328264,
    41.169007231173026,
    40.94882973649053,
    39.90655170156547,
    38.39972234125356,
    40.23758886306493,
    39.71378157908959,
    44.564100109842855,
    47.886882354680736,
    45.43464871936595,
    44.2057560412569,
    42.58473523817136,
    42.58956666417311,
    45.94314629874737,
    44.90539053548242,
    45.98543531239054,
    45.14660686619091,
    45.214856288496954,
    46.10290967818841,
    45.06844819577185,
    46.96548811396225,
    44.16839421329381,
    44.2740737635977,
    46.17317320613438,
    42.03559832201258,
    41.7589077098199,
    43.6330794046242,
    47.22419052242466,
    48.85881126717499,
    49.17299961531767,
    51.39749878800427,
    55.32278429901859,
    58.6306557929906,
    57.67033108163334,
    54.005066492699136,
    56.01145453024426,
    54.980336788161,
    53.86512776289698,
    56.768330826261604,
    59.304536771980494,
    62.14497584558861,
    63.67591030009345,
    62.20345691078349,
    59.77690339872424,
    60.1641965513745,
    63.515164237590724,
    63.2854015870317,
    63.39817716558046,
    63.39292946874644,
    62.95538665666331,
    62.62510386375451,
    63.01869452509062,
    64.03811224499032,
    62.17302284862442,
    60.63342152388175,
    60.07631243970031,
    61.038865545252605,
    61.45495934020409,
    59.8108577927387,
    60.93919886130003,
    58.45969297765046,
    60.418668063681935,
    64.52346468012989,
    66.25246432176674,
    62.689848801574755,
    62.98301625290822,
    60.5998645066369,
    62.160043256029134,
    60.563342601321274,
    59.28676191471102,
    59.01365559400149,
    59.00246025172625,
    59.58537765038915,
    60.6409659890461,
    61.97871089868948,
    61.8411206644049,
    59.92471738820582,
    59.15461952273985,
    58.261272913203044,
    56.51766150920918,
    55.67938801954825,
    52.83446810754785,
    54.36894013868681,
    53.88033459700698,
    52.97028059093531,
    53.664035308709096,
    54.67396283037441,
    55.0193752594659,
    56.257584861031916,
    56.63544876571842,
    54.51518279333973,
    53.163586456650265,
    53.31608134695369,
    56.232473761053555,
    53.78025687914743,
    54.051480795566704,
    53.17190647322585,
    51.94162112037269,
    51.115438399163104,
    47.92024595441197,
    49.109844694678245,
    50.33019291814269,
    49.452362251118316,
    53.52172516161649,
    54.2383223882713,
    54.30130621405818,
    55.232279064218446,
    56.29594062027745,
    53.52446021624022,
    52.790787327225296,
    51.763523601334036,
    47.65609670714498,
    46.6266951496412,
    46.5708725768044,
    47.48060439947836,
    49.39155953604795,
    51.22019152992572,
    50.47284835359412,
    52.94913689041221,
    52.60537636760529,
    51.19626345756106,
    51.3262286775488,
    50.5414701879015,
    51.6768696637209,
    50.960556455562696,
    52.861371377136756,
    53.26316187106076,
    54.38012856941508,
    53.4976108271436,
    53.91364789394809,
    52.50189714357279,
    50.62218093830049,
    48.832357025023875,
    49.694036410349604,
    49.409136997528634,
    46.94119064014701,
    48.03509414830022,
    51.214580585864056,
    52.28092094550072,
    56.15261813176729,
    57.85300806087698,
    54.859386066441694,
    56.346423956206294,
    59.20314524217507,
    60.27313695948363,
    60.302601807556016,
    61.63051281701906,
    63.501953741268565,
    65.2005415819911,
    66.44989408027918,
    65.23472372552384,
    64.12031436081301,
    65.85303289549432,
    65.31097333646467,
    65.40372666371601,
    64.81491287149605,
    65.28296787530175,
    64.59939393456088,
    64.49884255959623,
    67.26057394515996,
    69.94379853953365,
    69.95626464501895,
    70.97162870530464,
    70.09644826115274,
    69.46609073840587,
    67.08830775086963,
    65.93915669957781,
    67.77239676188836,
    67.64908504562506,
    67.74863576563256,
    64.69346408505295,
    62.002542999107725,
    59.71382581987302,
    59.26533675769805,
    60.557214670516466,
    59.14499613274079,
    61.95438830966352,
    62.2983879138345,
    60.69148857738183,
    60.28171540977739,
    61.71366682076046,
    61.01384645198402
  ],
  "actions": [],
  "observations": [
    1,
    1,
    2,
    2,
    2,
    2,
    2,
    2,
    2,
    1,
    1,
    1,
    1,
    0,
    0,
    0,
    0,
    1,
    0,
    0,
    0,
    0,
    0,
    0,
    0,
    0,
    0,
    1,
    1,
    0,
    0,
    0,
    1,
    0,
    1,
    1,
    1,
    1,
    1,
    1,
    0,
    0,
    1,
    0,
    0,
    0,
    1,
    1,
    1,
    1,
    2,
    2,
    2,
    1,
    2,
    1,
    1,
    2,
    2,
    2,
    2,
    2,
    2,
    2,
    2,
    2,
    2,
    2,
    2,
    2,
    2,
    2,
    2,
    2,
    2,
    2,
    2,
    2,
    2,
    2,
    2,
    2,
    2,
    2,
    2,
    2,
    2,
    2,
    2,
    2,
    2,
    2,
    2,
    2,
    2,
    2,
    2,
    2,
    2,
    2,
    1,
    1,
    1,
    1,
    1,
    1,
    2,
    2,
    2,
    1,
    1,
    1,
    2,
    1,
    1,
    1,
    1,
    1,
    1,
    1,
    1,
    1,
    1,
    1,
    1,
    2,
    2,
    1,
    1,
    1,
    1,
    1,
    1,
    1,
    1,
    1,
    1,
    1,
    1,
    1,
    1,
    1,
    1,
    1,
    1,
    1,
    1,
    1,
    1,
    1,
    1,
    1,
    1,
    1,
    1,
    1,
    1,
    1,
    2,
    2,
    1,
    2,
    2,
    2,
    2,
    2,
    2,
    2,
    2,
    2,
    2,
    2,
    2,
    2,
    2,
    2,
    2,
    2,
    2,
    2,
    2,
    2,
    2,
    2,
    2,
    2,
    2,
    2,
    2,
    2,
    2,
    2,
    2,
    2,
    2,
    2,
    2,
    2,
    2,
    2
  ],