{
  "timesteps": [
    0,
    1,
    2,
    3,
    4,
    5,
    6,
    7,
    8,
    9,
    10,
    11,
    12,
    13,
    14,
    15,
    16,
    17,
    18,
    19,
    20,
    21,
    22,
    23,
    24,
    25,
    26,
    27,
    28,
    29,
    30,
    31,
    32,
    33,
    34,
    35,
    36,
    37,
    38,
    39,
    40,
    41,
    42,
    43,
    44,
    45,
    46,
    47,
    48,
    49,
    50,
    51,
    52,
    53,
    54,
    55,
    56,
    57,
    58,
    59,
    60,
    61,
    62,
    63,
    64,
    65,
    66,
    67,
    68,
    69,
    70,
    71,
    72,
    73,
    74,
    75,
    76,
    77,
    78,
    79,
    80,
    81,
    82,
    83,
    84,
    85,
    86,
    87,
    88,
    89,
    90,
    91,
    92,
    93,
    94,
    95,
    96,
    97,
    98,
    99,
    100,
    101,
    102,
    103,
    104,
    105,
    106,
    107,
    108,
    109,
    110,
    111,
    112,
    113,
    114,
    115,
    116,
    117,
    118,
    119,
    120,
    121,
    122,
    123,
    124,
    125,
    126,
    127,
    128,
    129,
    130,
    131,
    132,
    133,
    134,
    135,
    136,
    137,
    138,
    139,
    140,
    141,
    142,
    143,
    144,
    145,
    146,
    147,
    148,
    149,
    150,
    151,
    152,
    153,
    154,
    155,
    156,
    157,
    158,
    159,
    160,
    161,
    162,
    163,
    164,
    165,
    166,
    167,
    168,
    169,
    170,
    171,
    172,
    173,
    174,
    175,
    176,
    177,
    178,
    179,
    180,
    181,
    182,
    183,
    184,
    185,
    186,
    187,
    188,
    189,
    190,
    191,
    192,
    193,
    194,
    195,
    196,
    197,
    198,
    199
  ],
  "states": [
    50.0,
    48.46032790943901,
    49.83797572038415,
    49.845810162310926,
    51.41891449293492,
    51.972607977862936,
    52.4058307066236,
    52.636845535813464,
    51.78209094903085,
    52.546470981344406,
    51.11232466837593,
    51.3658096863524,
    52.62513061734919,
    51.140090743234715,
    50.09789738636932,
    49.5385840140829,
    47.532902033090096,
    46.45925844074165,
    47.7583056079732,
    48.37859220980423,
    48.228270691690945,
    50.0973072642156,
    48.99804397055035,
    50.530926807329124,
    50.94880213583215,
    49.25140861812844,
    50.605628507117466,
    48.54711537933572,
    48.79741166764379,
    47.16597480680151,
    45.384922143370204,
    47.93689643770501,
    45.60902595697061,
    47.612015398617814,
    45.25363058043348,
    43.935615185842785,
    43.33942463351808,
    43.48293990809506,
    43.21470021017709,
    43.94956801618161,
    41.18867649100136,
    39.42885703222229,
    40.22806291129362,
    40.61399162073364,
    41.9584355047298,
    40.884939197360545,
    40.50045611475473,
    40.69316727230508,
    41.05345652183161,
    39.42177424316769,
    38.504140918153425,
    40.784299141126176,
    39.21149248009407,
    39.72605298506241,
    41.925923020806295,
    44.40922276133379,
    47.225868555279135,
    47.38368104211322,
    47.81527500032257,
    47.37867910604208,
    47.56878944337663,
    48.631484246122774,
    47.63008680438985,
    50.23428067546674,
    50.03016014214323,
    48.649035105385835,
    49.27601433836209,
    46.76129366289691,
    47.08805907100676,
    47.01094340700782,
    47.19716180298627,
    48.03820141866513,
    49.00886587349598,
    51.92037934497638,
    53.06260846851268,
    53.18682077037837,
    51.41264827092273,
    52.945194986325234,
    51.97281667884884,
    50.67273589373082,
    51.57013381146997,
    52.48664582479999,
    52.49571559322791,
    52.121187129925026,
    52.7997636875006,
    54.051206249296534,
    53.996082977811,
    53.5175603894543,
    54.6349681035059,
    52.83549304599722,
    49.94952612487489,
    50.58707733303808,
    51.95103044610093,
    53.037794176873916,
    53.20677635573997,
    54.612161594552944,
    55.65428479229063,
    56.10827823056894,
    57.554192194032346,
    57.523021610955404,
    56.990764779462495,
    56.25097276359014,
    56.73560218900694,
    57.34752521590663,
    57.515619959828506,
    60.20410573317314,
    60.53122807834237,
    61.13387348399599,
    59.846618546697954,
    62.21934922063309,
    61.92873260049642,
    63.49891119995357,
    64.31187503407232,
    63.843565636664636,
    61.62117969914128,
    60.26763380063722,
    60.154753925650056,
    59.535140109301864,
    61.06097309730535,
    60.6520436412192,
    58.7296256612655,
    56.90871537270719,
    56.61691228260304,
    56.458057400923096,
    56.67114656678495,
    56.21593988369618,
    54.403532408227726,
    53.52221390327756,
    54.523237764628625,
    54.92459376814101,
    52.44025657962956,
    54.366333587350326,
    55.76040765067025,
    55.22682987756877,
    54.76311436952946,
    52.74331681517415,
    52.63608193136793,
    51.414467177432826,
    53.263188502996414,
    51.75642262263303,
    53.01138669448428,
    53.09204907031311,
    52.260406929069134,
    54.29859423403186,
    52.54088172556473,
    51.00610926537281,
    52.34159488592624,
    53.49113663507583,
    52.14218645173249,
    52.0424764697987,
    51.7262870312478,
    49.958993181777565,
    49.385927808769175,
    48.45900290156499,
    47.111762121689736,
    43.57691166221935,
    43.14061591367981,
    40.35761542012679,
    41.711276002601366,
    43.440788779575534,
    42.53883596416343,
    42.90048453814485,
    43.249863132105204,
    44.56542236185948,
    46.317924307443725,
    44.28966970207751,
    44.58809645008449,
    42.40429212748104,
    41.250524158796765,
    42.36250094195156,
    41.80413576034775,
    42.95797085444032,
    41.97596839515971,
    40.384267333107324,
    40.12346443162187,
    39.950964425294266,
    41.05305281789252,
    41.196431864380045,
    39.71133364680952,
    38.72812408179752,
    37.74025565145415,
    40.21343710627784,
    39.491793827033234,
    39.95123234110984,
    39.65189291547635,
    38.94875920623967,
    41.304099495697386,
    41.961308278578485,
    42.29919464974661,
    43.61565116184353,
    42.39399252907173,
    43.865457195417115,
    42.98251025741133,
    43.33255003971136,
    46.304526469436055,
    45.4911803207749,
    44.58532261869907,
    43.658658450217516,
    45.1529271409151,
    43.53654731384595,
    42.18919517557671
  ],
  "actions": [],
  "observations": [
    1,
    1,
    1,
    1,
    1,
    1,
    1,
    1,
    1,
    1,
    1,
    1,
    1,
    1,
    1,
    1,
    1,
    1,
    1,
    1,
    1,
    1,
    1,
    1,
    1,
    1,
    1,
    1,
    1,
    1,
    1,
    1,
    1,
    1,
    1,
    0,
    0,
    0,
    0,
    0,
    0,
    0,
    0,
    0,
    0,
    0,
    0,
    0,
    0,
    0,
    0,
    0,
    0,
    0,
    0,
    0,
    1,
    1,
    1,
    1,
    1,
    1,
    1,
    1,
    1,
    1,
    1,
    1,
    1,
    1,
    1,
    1,
    1,
    1,
    1,
    1,
    1,
    1,
    1,
    1,
    1,
    1,
    1,
    1,
    1,
    1,
    1,
    1,
    1,
    1,
    1,
    1,
    1,
    1,
    1,
    1,
    2,
    2,
    2,
    2,
    2,
    2,
    2,
    2,
    2,
    2,
    2,
    2,
    2,
    2,
    2,
    2,
    2,
    2,
    2,
    2,
    2,
    2,
    2,
    2,
    2,
    2,
    2,
    2,
    2,
    2,
    1,
    1,
    1,
    1,
    1,
    1,
    2,
    2,
    1,
    1,
    1,
    1,
    1,
    1,
    1,
    1,
    1,
    1,
    1,
    1,
    1,
    1,
    1,
    1,
    1,
    1,
    1,
    1,
    1,
    0,
    0,
    0,
    0,
    0,
    0,
    0,
    0,
    0,
    1,
    0,
    0,
    0,
    0,
    0,
    0,
    0,
    0,
    0,
    0,
    0,
    0,
    0,
    0,
    0,
    0,
    0,
    0,
    0,
    0,
    0,
    0,
    0,
    0,
    0,
    0,
    0,
    0,
    0,
    1,
    1,
    0,
    0,
    1,
    0
  ],