{
  "timesteps": [
    0,
    1,
    2,
    3,
    4,
    5,
    6,
    7,
    8,
    9,
    10,
    11,
    12,
    13,
    14,
    15,
    16,
    17,
    18,
    19,
    20,
    21,
    22,
    23,
    24,
    25,
    26,
    27,
    28,
    29,
    30,
    31,
    32,
    33,
    34,
    35,
    36,
    37,
    38,
    39,
    40,
    41,
    42,
    43,
    44,
    45,
    46,
    47,
    48,
    49,
    50,
    51,
    52,
    53,
    54,
    55,
    56,
    57,
    58,
    59,
    60,
    61,
    62,
    63,
    64,
    65,
    66,
    67,
    68,
    69,
    70,
    71,
    72,
    73,
    74,
    75,
    76,
    77,
    78,
    79,
    80,
    81,
    82,
    83,
    84,
    85,
    86,
    87,
    88,
    89,
    90,
    91,
    92,
    93,
    94,
    95,
    96,
    97,
    98,
    99,
    100,
    101,
    102,
    103,
    104,
    105,
    106,
    107,
    108,
    109,
    110,
    111,
    112,
    113,
    114,
    115,
    116,
    117,
    118,
    119,
    120,
    121,
    122,
    123,
    124,
    125,
    126,
    127,
    128,
    129,
    130,
    131,
    132,
    133,
    134,
    135,
    136,
    137,
    138,
    139,
    140,
    141,
    142,
    143,
    144,
    145,
    146,
    147,
    148,
    149,
    150,
    151,
    152,
    153,
    154,
    155,
    156,
    157,
    158,
    159,
    160,
    161,
    162,
    163,
    164,
    165,
    166,
    167,
    168,
    169,
    170,
    171,
    172,
    173,
    174,
    175,
    176,
    177,
    178,
    179,
    180,
    181,
    182,
    183,
    184,
    185,
    186,
    187,
    188,
    189,
    190,
    191,
    192,
    193,
    194,
    195,
    196,
    197,
    198,
    199
  ],
  "states": [
    50.0,
    51.28191357161742,
    49.166785579690085,
    49.06422027234415,
    50.445850557257586,
    51.14104109499954,
    50.96972693513204,
    51.46317083164196,
    51.60113465525607,
    49.07979513515129,
    49.62498402613453,
    47.90427674272456,
    48.4710593434263,
    47.488525433343725,
    46.815739112314965,
    44.95723969538195,
    43.24913227361171,
    43.04364126053775,
    44.0567511840752,
    45.70443231549048,
    45.96894381636111,
    47.30454780212395,
    46.969030778363575,
    44.63022786171674,
    45.95344615841047,
    49.27818404165417,
    49.89682355142252,
    48.8227851191155,
    45.35156627975512,
    44.422712799054615,
    42.945405709646344,
    43.388752019582505,
    42.678073489695976,
    42.25469370329044,
    42.65405948789742,
    44.31058482647114,
    43.24529665857038,
    43.78013424545381,
    43.970581586419534,
    42.81849809848238,
    42.18741200876733,
    41.20922801133931,
    41.39789167797482,
    38.0303972974333,
    36.027520534566754,
    36.479237244840576,
    35.672644608263894,
    35.93691037455494,
    35.90115821713482,
    36.51704092463189,
    34.698250332394935,
    35.885591349943326,
    36.40496090130273,
    36.57810896672669,
    37.152251612294414,
    35.844859196900586,
    37.00732901459923,
    36.22387922484042,
    37.773352944555704,
    38.719717387736615,
    40.116592032661856,
    38.95376652995138,
    36.889463926507936,
    35.1098004511701,
    34.47761641983259,
    34.17825020396119,
    34.39557591702833,
    32.10188993897413,
    30.214952909389552,
    30.242279333531688,
    31.24730952680644,
    30.00732448811951,
    30.505168733463385,
    28.219633199728264,
    27.73737859689127,
    26.816439489832756,
    25.35894730436872,
    24.827049825201943,
    25.95998511828653,
    26.00684368572029,
    26.52664669240287,
    25.28666908360921,
    26.573955114604814,
    25.088493944979678,
    25.96772909327551,
    24.043242264644352,
    24.136356033118375,
    23.95628439937334,
    23.531632416210343,
    21.334760498604172,
    20.51689042425165,
    18.599375848786153,
    19.177459939344768,
    20.520565588340645,
    21.445607336327253,
    21.617174521013997,
    23.46497116078108,
    23.392703461409376,
    21.23484426494128,
    19.81605277225396,
    20.71070717764135,
    19.12525858544163,
    21.239830662714894,
    21.346589791756283,
    20.737823084430843,
    19.89204916556164,
    19.089644811244142,
    17.176640788277847,
    18.539337924983517,
    19.77370278668626,
    18.536057878057147,
    16.250509882422694,
    17.141910096722622,
    16.69820549106168,
    14.768468606809204,
    16.512193397650197,
    17.13901725395226,
    15.963297426183914,
    17.918756226682152,
    16.41548360323752,
    17.612353013908372,
    18.97234500713392,
    17.164351733135938,
    17.519105289339727,
    18.43825184161302,
    17.5130713282965,
    17.593220126746075,
    18.33213968000395,
    19.32061223459046,
    16.37184102697185,
    13.860889847789279,
    13.6809198920625,
    14.894871781952183,
    14.739748239684928,
    16.190562265788035,
    16.04179199841638,
    17.998621437920463,
    13.697207738732786,
    15.174224272886,
    16.832326556025663,
    17.757851089673405,
    18.079051350461956,
    16.76612940122694,
    16.727833969998024,
    17.577246135246384,
    13.116936535378315,
    13.886943841536496,
    14.656028288170127,
    14.146823714470274,
    15.37397480812762,
    16.385278218937014,
    14.18442242444176,
    12.924076704168145,
    15.729950458247641,
    14.520213262363331,
    13.049457904507591,
    13.574641917318747,
    14.099200048916686,
    13.805186760552699,
    11.378608983954024,
    11.827816199421298,
    10.32343820036795,
    12.904231555257462,
    12.644147600246432,
    13.11945717881668,
    13.798905262623556,
    12.669838951718837,
    14.47940977313367,
    13.163468264499217,
    12.138917790774174,
    12.548811972381122,
    13.692696613031009,
    13.49961626217606,
    11.998147308062558,
    12.762197757550537,
    12.460526517884466,
    12.624063364735733,
    11.572065986230484,
    9.275365427417615,
    7.286823972823351,
    5.915834554217513,
    6.614984423184449,
    6.902711949846155,
    7.4764806544205396,
    7.115435893272243,
    7.190296240495496,
    7.412896294976365,
    3.6227616927101356,
    0.5471991768973989,
    1.2788948535079516,
    0.9661004950102184,
    0.0,
    0.11058883177930882,
    1.5644122416972965,
    2.9280810632300236,
    4.674148625842223,
    3.129084427647607,
    3.1620722111893738,
    1.9811008609253216,
    1.6306189635975072,
    2.2195298965809314
  ],
  "actions": [],
  "observations": [
    1,
    1,
    1,
    1,
    1,
    1,
    1,
    1,
    1,
    1,
    1,
    1,
    1,
    1,
    1,
    0,
    0,
    0,
    0,
    1,
    1,
    1,
    1,
    0,
    1,
    1,
    1,
    1,
    1,
    0,
    0,
    0,
    0,
    0,
    0,
    0,
    0,
    0,
    0,
    0,
    0,
    0,
    0,
    0,
    0,
    0,
    0,
    0,
    0,
    0,
    0,
    0,
    0,
    0,
    0,
    0,
    0,
    0,
    0,
    0,
    0,
    0,
    0,
    0,
    0,
    0,
    0,
    0,
    0,
    0,
    0,
    0,
    0,
    0,
    0,
    0,
    0,
    0,
    0,
    0,
    0,
    0,
    0,
    0,
    0,
    0,
    0,
    0,
    0,
    0,
    0,
    0,
    0,
    0,
    0,
    0,
    0,
    0,
    0,
    0,
    0,
    0,
    0,
    0,
    0,
    0,
    0,
    0,
    0,
    0,
    0,
    0,
    0,
    0,
    0,
    0,
    0,
    0,
    0,
    0,
    0,
    0,
    0,
    0,
    0,
    0,
    0,
    0,
    0,
    0,
    0,
    0,
    0,
    0,
    0,
    0,
    0,
    0,
    0,
    0,
    0,
    0,
    0,
    0,
    0,
    0,
    0,
    0,
    0,
    0,
    0,
    0,
    0,
    0,
    0,
    0,
    0,
    0,
    0,
    0,
    0,
    0,
    0,
    0,
    0,
    0,
    0,
    0,
    0,
    0,
    0,
    0,
    0,
    0,
    0,
    0,
    0,
    0,
    0,
    0,
    0,
    0,
    0,
    0,
    0,
    0,
    0,
    0,
    0,
    0,
    0,
    0,
    0,
    0,
    0,
    0,
    0,
    0,
    0,
    0
  ],