{
  "timesteps": [
    0,
    1,
    2,
    3,
    4,
    5,
    6,
    7,
    8,
    9,
    10,
    11,
    12,
    13,
    14,
    15,
    16,
    17,
    18,
    19,
    20,
    21,
    22,
    23,
    24,
    25,
    26,
    27,
    28,
    29,
    30,
    31,
    32,
    33,
    34,
    35,
    36,
    37,
    38,
    39,
    40,
    41,
    42,
    43,
    44,
    45,
    46,
    47,
    48,
    49,
    50,
    51,
    52,
    53,
    54,
    55,
    56,
    57,
    58,
    59,
    60,
    61,
    62,
    63,
    64,
    65,
    66,
    67,
    68,
    69,
    70,
    71,
    72,
    73,
    74,
    75,
    76,
    77,
    78,
    79,
    80,
    81,
    82,
    83,
    84,
    85,
    86,
    87,
    88,
    89,
    90,
    91,
    92,
    93,
    94,
    95,
    96,
    97,
    98,
    99,
    100,
    101,
    102,
    103,
    104,
    105,
    106,
    107,
    108,
    109,
    110,
    111,
    112,
    113,
    114,
    115,
    116,
    117,
    118,
    119,
    120,
    121,
    122,
    123,
    124,
    125,
    126,
    127,
    128,
    129,
    130,
    131,
    132,
    133,
    134,
    135,
    136,
    137,
    138,
    139,
    140,
    141,
    142,
    143,
    144,
    145,
    146,
    147,
    148,
    149,
    150,
    151,
    152,
    153,
    154,
    155,
    156,
    157,
    158,
    159,
    160,
    161,
    162,
    163,
    164,
    165,
    166,
    167,
    168,
    169,
    170,
    171,
    172,
    173,
    174,
    175,
    176,
    177,
    178,
    179,
    180,
    181,
    182,
    183,
    184,
    185,
    186,
    187,
    188,
    189,
    190,
    191,
    192,
    193,
    194,
    195,
    196,
    197,
    198,
    199
  ],
  "states": [
    50.0,
    51.9095016806175,
    49.61599211610797,
    50.43124316785329,
    52.585688713327144,
    52.787733085655866,
    55.71667905952024,
    54.579182974550065,
    55.619738715258016,
    56.156236160589856,
    55.40282279352907,
    53.62187470710668,
    51.81659130215125,
    51.557756118650346,
    51.34530982004924,
    51.70289227412868,
    52.198428932203065,
    51.333902943141055,
    50.29311533734698,
    52.13016057452312,
    51.30437136439564,
    50.980961091821065,
    49.8937161603363,
    50.68109771883519,
    49.50218555950558,
    48.25511024141898,
    48.16699192153427,
    47.12823188479581,
    46.64272490682633,
    47.90666465258099,
    48.311125196818864,
    48.82533313320003,
    49.47310004920517,
    49.009918979833515,
    49.66040301050393,
    50.416832452841945,
    49.36168866795094,
    47.93940683028391,
    48.64403339576586,
    48.67934878321036,
    49.30996426665374,
    51.10992058692095,
    51.86796843619293,
    51.32718057423065,
    51.09930325601905,
    52.44437577664001,
    53.528263556596436,
    53.31334818734878,
    54.49837091521573,
    53.618684667868585,
    53.2371283019083,
    51.36045200495644,
    48.00985535927693,
    48.45457514251036,
    48.982083992759236,
    50.091509425486386,
    49.672709501839364,
    49.09907629433865,
    50.12951801926964,
    49.94139485067659,
    49.43043183905009,
    48.128622016085956,
    47.546192476563874,
    48.43686187180935,
    48.3183508233414,
    51.02783747080603,
    51.61945008788863,
    50.29931781783575,
    52.408627253474606,
    51.86956422498146,
    50.667227294244384,
    50.17171068546006,
    49.35283275295509,
    49.263944920424784,
    46.85915144665558,
    46.71643556586808,
    45.97133541370764,
    45.39626294113924,
    43.81767483939517,
    44.74452246594759,
    43.821433374242986,
    43.93428369867464,
    42.927406347491974,
    43.87447235239463,
    43.893677186736475,
    42.95395264632855,
    44.31555117318811,
    44.06139356563003,
    42.431429203655114,
    42.125749547656234,
    39.76098160751288,
    36.6794424991383,
    35.09542036690967,
    35.32072794896082,
    36.72548304320707,
    36.42952461627695,
    35.44089699116557,
    36.427719274983325,
    36.76836926022049,
    37.590855070886896,
    38.45662010518308,
    39.40549164501557,
    39.32437624986292,
    38.60399937445718,
    41.35004215160119,
    42.61109767379882,
    42.85083874926346,
    42.8590088318108,
    43.04241404380652,
    41.902568822933524,
    42.436170333206924,
    41.470395300712745,
    39.35443989080159,
    39.76107350163598,
    39.62979643031057,
    41.21396089070917,
    41.22436881598472,
    41.385472631321626,
    41.136576252508284,
    41.12057321683119,
    39.064119803023864,
    38.888680964090966,
    40.25197534980265,
    40.51755395131038,
    42.260025889941176,
    42.12873040006508,
    42.132324123105306,
    41.33322656975441,
    41.63615359516939,
    41.95190377066903,
    40.40090837525258,
    39.80198660860431,
    40.5924878823446,
    39.90446287948868,
    38.91857239035058,
    38.04534780157904,
    37.41995645353764,
    36.68933317027038,
    35.903063765552226,
    35.02443635707782,
    35.151508183967,
    32.827081960581594,
    33.64452092436679,
    33.74950424217847,
    35.025898632717826,
    35.512723629063714,
    35.62979128226199,
    36.32490386511919,
    38.53243118625676,
    38.573307611035666,
    39.70253495546866,
    39.936571858589964,
    40.93175547991296,
    40.432972337140185,
    39.619762600205824,
    39.30494417944556,
    39.63737655166875,
    37.99435566024045,
    38.77333289762469,
    40.857285802011894,
    43.82856236312608,
    42.23370262562081,
    42.583025423609214,
    42.53415515377075,
    42.117128286341426,
    40.81848050024304,
    40.60223041144893,
    42.81106037367236,
    41.511656776262846,
    39.47114469485427,
    39.72276260594835,
    38.97662063365968,
    37.314008866274825,
    37.65536789130507,
    38.48691697697739,
    38.612934286012006,
    38.657344558612685,
    37.38150478746595,
    37.62405883063418,
    37.23209669778136,
    37.32988612568061,
    38.70119482147906,
    39.97790514006969,
    39.824693475873474,
    40.517867093457596,
    40.689057463377814,
    40.214316230525,
    40.90549499879571,
    40.811798576473436,
    42.35593011787116,
    41.7116911012296,
    40.43375001923977,
    38.705992308961626,
    38.11314087837527,
    38.316280568377756,
    38.84554358092986,
    37.97139858048869,
    38.16856854942853,
    36.46357063914819,
    36.78869414353379,
    39.8829587366693
  ],
  "actions": [],
  "observations": [
    1,
    1,
    1,
    1,
    1,
    1,
    2,
    1,
    2,
    2,
    2,
    1,
    1,
    1,
    1,
    1,
    1,
    1,
    1,
    1,
    1,
    1,
    1,
    1,
    1,
    1,
    1,
    1,
    1,
    1,
    1,
    1,
    1,
    1,
    1,
    1,
    1,
    1,
    1,
    1,
    1,
    1,
    1,
    1,
    1,
    1,
    1,
    1,
    1,
    1,
    1,
    1,
    1,
    1,
    1,
    1,
    1,
    1,
    1,
    1,
    1,
    1,
    1,
    1,
    1,
    1,
    1,
    1,
    1,
    1,
    1,
    1,
    1,
    1,
    1,
    1,
    1,
    1,
    0,
    0,
    0,
    0,
    0,
    0,
    0,
    0,
    0,
    0,
    0,
    0,
    0,
    0,
    0,
    0,
    0,
    0,
    0,
    0,
    0,
    0,
    0,
    0,
    0,
    0,
    0,
    0,
    0,
    0,
    0,
    0,
    0,
    0,
    0,
    0,
    0,
    0,
    0,
    0,
    0,
    0,
    0,
    0,
    0,
    0,
    0,
    0,
    0,
    0,
    0,
    0,
    0,
    0,
    0,
    0,
    0,
    0,
    0,
    0,
    0,
    0,
    0,
    0,
    0,
    0,
    0,
    0,
    0,
    0,
    0,
    0,
    0,
    0,
    0,
    0,
    0,
    0,
    0,
    0,
    0,
    0,
    0,
    0,
    0,
    0,
    0,
    0,
    0,
    0,
    0,
    0,
    0,
    0,
    0,
    0,
    0,
    0,
    0,
    0,
    0,
    0,
    0,
    0,
    0,
    0,
    0,
    0,
    0,
    0,
    0,
    0,
    0,
    0,
    0,
    0,
    0,
    0,
    0,
    0,
    0,
    0
  ],