{
  "timesteps": [
    0,
    1,
    2,
    3,
    4,
    5,
    6,
    7,
    8,
    9,
    10,
    11,
    12,
    13,
    14,
    15,
    16,
    17,
    18,
    19,
    20,
    21,
    22,
    23,
    24,
    25,
    26,
    27,
    28,
    29,
    30,
    31,
    32,
    33,
    34,
    35,
    36,
    37,
    38,
    39,
    40,
    41,
    42,
    43,
    44,
    45,
    46,
    47,
    48,
    49,
    50,
    51,
    52,
    53,
    54,
    55,
    56,
    57,
    58,
    59,
    60,
    61,
    62,
    63,
    64,
    65,
    66,
    67,
    68,
    69,
    70,
    71,
    72,
    73,
    74,
    75,
    76,
    77,
    78,
    79,
    80,
    81,
    82,
    83,
    84,
    85,
    86,
    87,
    88,
    89,
    90,
    91,
    92,
    93,
    94,
    95,
    96,
    97,
    98,
    99,
    100,
    101,
    102,
    103,
    104,
    105,
    106,
    107,
    108,
    109,
    110,
    111,
    112,
    113,
    114,
    115,
    116,
    117,
    118,
    119,
    120,
    121,
    122,
    123,
    124,
    125,
    126,
    127,
    128,
    129,
    130,
    131,
    132,
    133,
    134,
    135,
    136,
    137,
    138,
    139,
    140,
    141,
    142,
    143,
    144,
    145,
    146,
    147,
    148,
    149,
    150,
    151,
    152,
    153,
    154,
    155,
    156,
    157,
    158,
    159,
    160,
    161,
    162,
    163,
    164,
    165,
    166,
    167,
    168,
    169,
    170,
    171,
    172,
    173,
    174,
    175,
    176,
    177,
    178,
    179,
    180,
    181,
    182,
    183,
    184,
    185,
    186,
    187,
    188,
    189,
    190,
    191,
    192,
    193,
    194,
    195,
    196,
    197,
    198,
    199
  ],
  "states": [
    50.0,
    50.60010961538964,
    47.71481013192859,
    47.3415648093568,
    47.74746302729818,
    48.01703950033613,
    47.45111942412632,
    50.48769913721965,
    51.52562556906902,
    51.818787338972676,
    54.734884186790396,
    57.78409850085952,
    55.32423847889396,
    56.803871726412545,
    58.325009837832596,
    59.46250888532985,
    57.543588700627204,
    55.59059672018939,
    54.88613171862516,
    56.40906921476839,
    56.94360666186393,
    54.42312852080798,
    55.657358262261894,
    52.52291290620908,
    53.78885390475644,
    56.97304430520498,
    53.94110187063813,
    54.34506889632014,
    53.3939258785442,
    56.247456513659706,
    59.69865680224491,
    60.03603814434968,
    59.99979653295734,
    60.89013721214366,
    59.490702475198795,
    59.24085807285353,
    59.88640648694124,
    61.66071931330562,
    60.30094697514218,
    59.706510911530195,
    60.56300871213214,
    61.95791239662616,
    56.44963281690906,
    54.841777303264614,
    52.293961570115655,
    52.43731480052221,
    52.61095960407763,
    51.50238293653294,
    51.004863244413606,
    51.186295397348815,
    51.03553863457754,
    48.818102699640825,
    52.81329667744823,
    53.57629831767903,
    55.92757314503521,
    53.087051104741114,
    51.03041528733301,
    51.43735165128772,
    52.283446244597364,
    50.79039687694285,
    52.501791095054145,
    52.57044020293622,
    48.71129433517798,
    51.960634037371236,
    52.70383105409251,
    54.324716252003505,
    54.563840353625515,
    52.2723766159358,
    52.13839418611771,
    51.84282326828937,
    52.85090211738726,
    49.57859948798804,
    52.90997762148559,
    49.34445546616679,
    49.93546537570322,
    47.32224331714511,
    48.17508157320937,
    46.14516469503809,
    47.70045708840094,
    44.98260107558865,
    41.09491270806636,
    41.23287985748546,
    41.114324541878695,
    38.85510388480347,
    40.21493417152942,
    38.44374686862133,
    36.77078342251199,
    36.396491333272934,
    40.8622832519942,
    38.787594497222294,
    36.64848732028452,
    34.89933582311851,
    35.666434379861414,
    38.39935689934735,
    36.93956595629549,
    39.75426799616075,
    39.89434063555719,
    41.13395610374205,
    39.96030074417076,
    38.01074912095843,
    38.73380714713029,
    35.9674612702158,
    32.8681284037833,
    33.59005949607697,
    31.73898434316237,
    29.76012304823861,
    31.436478944358456,
    32.86111695444949,
    32.533899069879254,
    31.880449534012875,
    33.13308959956221,
    32.78085703059214,
    33.016629632700955,
    30.204709344932272,
    36.423744055302514,
    35.18076187636643,
    36.12410839157647,
    36.41668894161948,
    35.78026007568115,
    37.306677783270075,
    39.62917234294279,
    38.374025439376155,
    40.69246187906036,
    40.3920865050783,
    42.587524756346625,
    40.8616355438127,
    40.77750344671564,
    40.85667668597411,
    41.87707212429266,
    40.608323282244775,
    37.622580522049226,
    40.456138343928465,
    36.4098032373862,
    35.675908984065956,
    37.15022218172402,
    37.626338302269325,
    34.644252617485655,
    32.82906406478157,
    34.03992810019265,
    32.96610932803809,
    35.081531097903316,
    35.86224336827752,
    37.913646043274795,
    36.810702887485164,
    38.66865566511926,
    37.57505594803153,
    39.1671054403349,
    39.73154668940376,
    37.29972454578636,
    37.750160045502135,
    39.33576087279314,
    40.304013324360874,
    36.47335432229676,
    36.26780219691445,
    32.72605040944894,
    31.39960394998566,
    33.306300179882,
    31.173550277057423,
    31.650160011345964,
    29.914273604653538,
    29.004846936295902,
    26.380960840658105,
    26.391171991324768,
    25.264354746640226,
    25.967485084053475,
    25.37369110152487,
    27.760246616502997,
    26.42560512615366,
    27.02302127489436,
    24.28941040087855,
    24.033990831883056,
    23.700623050345857,
    22.871200891018212,
    21.78888034368481,
    17.289827019937825,
    15.863152602546512,
    19.14565650071065,
    19.55095316382423,
    19.31257485653416,
    20.310321593431343,
    23.832154758224117,
    29.00700235644016,
    27.729576346726503,
    26.729861133221437,
    28.7618646654223,
    26.15769442539777,
    27.26209125940597,
    26.185369115096577,
    22.74898237961275,
    21.578777522267078,
    21.599882658471106,
    22.784713873334454,
    23.460426757205962,
    26.642083370263265,
    26.56003581121478,
    26.110929861140512,
    28.49626696450837,
    29.61693030566203,
    26.0259624737219,
    26.70998938142734,
    24.771711704880897
  ],
  "actions": [],
  "observations": [
    1,
    1,
    1,
    1,
    1,
    1,
    1,
    1,
    1,
    1,
    1,
    2,
    2,
    2,
    2,
    2,
    2,
    2,
    1,
    2,
    2,
    1,
    2,
    1,
    1,
    2,
    1,
    1,
    1,
    2,
    2,
    2,
    2,
    2,
    2,
    2,
    2,
    2,
    2,
    2,
    2,
    2,
    2,
    1,
    1,
    1,
    1,
    1,
    1,
    1,
    1,
    1,
    1,
    1,
    2,
    1,
    1,
    1,
    1,
    1,
    1,
    1,
    1,
    1,
    1,
    1,
    1,
    1,
    1,
    1,
    1,
    1,
    1,
    1,
    1,
    1,
    1,
    1,
    1,
    0,
    0,
    0,
    0,
    0,
    0,
    0,
    0,
    0,
    0,
    0,
    0,
    0,
    0,
    0,
    0,
    0,
    0,
    0,
    0,
    0,
    0,
    0,
    0,
    0,
    0,
    0,
    0,
    0,
    0,
    0,
    0,
    0,
    0,
    0,
    0,
    0,
    0,
    0,
    0,
    0,
    0,
    0,
    0,
    0,
    0,
    0,
    0,
    0,
    0,
    0,
    0,
    0,
    0,
    0,
    0,
    0,
    0,
    0,
    0,
    0,
    0,
    0,
    0,
    0,
    0,
    0,
    0,
    0,
    0,
    0,
    0,
    0,
    0,
    0,
    0,
    0,
    0,
    0,
    0,
    0,
    0,
    0,
    0,
    0,
    0,
    0,
    0,
    0,
    0,
    0,
    0,
    0,
    0,
    0,
    0,
    0,
    0,
    0,
    0,
    0,
    0,
    0,
    0,
    0,
    0,
    0,
    0,
    0,
    0,
    0,
    0,
    0,
    0,
    0,
    0,
    0,
    0,
    0,
    0,
    0
  ],