{
  "timesteps": [
    0,
    1,
    2,
    3,
    4,
    5,
    6,
    7,
    8,
    9,
    10,
    11,
    12,
    13,
    14,
    15,
    16,
    17,
    18,
    19,
    20,
    21,
    22,
    23,
    24,
    25,
    26,
    27,
    28,
    29,
    30,
    31,
    32,
    33,
    34,
    35,
    36,
    37,
    38,
    39,
    40,
    41,
    42,
    43,
    44,
    45,
    46,
    47,
    48,
    49,
    50,
    51,
    52,
    53,
    54,
    55,
    56,
    57,
    58,
    59,
    60,
    61,
    62,
    63,
    64,
    65,
    66,
    67,
    68,
    69,
    70,
    71,
    72,
    73,
    74,
    75,
    76,
    77,
    78,
    79,
    80,
    81,
    82,
    83,
    84,
    85,
    86,
    87,
    88,
    89,
    90,
    91,
    92,
    93,
    94,
    95,
    96,
    97,
    98,
    99,
    100,
    101,
    102,
    103,
    104,
    105,
    106,
    107,
    108,
    109,
    110,
    111,
    112,
    113,
    114,
    115,
    116,
    117,
    118,
    119,
    120,
    121,
    122,
    123,
    124,
    125,
    126,
    127,
    128,
    129,
    130,
    131,
    132,
    133,
    134,
    135,
    136,
    137,
    138,
    139,
    140,
    141,
    142,
    143,
    144,
    145,
    146,
    147,
    148,
    149,
    150,
    151,
    152,
    153,
    154,
    155,
    156,
    157,
    158,
    159,
    160,
    161,
    162,
    163,
    164,
    165,
    166,
    167,
    168,
    169,
    170,
    171,
    172,
    173,
    174,
    175,
    176,
    177,
    178,
    179,
    180,
    181,
    182,
    183,
    184,
    185,
    186,
    187,
    188,
    189,
    190,
    191,
    192,
    193,
    194,
    195,
    196,
    197,
    198,
    199
  ],
  "states": [
    50.0,
    51.70104614125745,
    53.7061605282508,
    52.55049989492143,
    54.78043332307061,
    57.41401552709176,
    59.007099315519,
    62.1202161042674,
    58.965570869261704,
    56.427058476988094,
    56.66778600668826,
    54.69354836695527,
    52.297982504394845,
    54.750788119991334,
    55.66040772905033,
    55.70977198079312,
    53.938587651456345,
    54.019788344278844,
    55.493938895332256,
    50.5264889126078,
    51.223138868358376,
    53.83718241820756,
    52.91287770352447,
    51.48941562118977,
    53.7127880756774,
    57.72584439383728,
    60.920315131992034,
    60.123601363818835,
    60.10984629282618,
    58.9472890295721,
    59.10280065870405,
    60.791881500143425,
    61.35812804159295,
    64.04623022874313,
    63.3518248514503,
    65.32394218894795,
    66.71470426208283,
    64.48253685633054,
    63.823519431192935,
    65.31545019804466,
    67.90355493192536,
    73.63541586238617,
    74.1329909430823,
    74.84140269985427,
    76.15119264045458,
    78.96588084592616,
    79.16357015134201,
    75.37744680382757,
    75.30118528172267,
    77.81381241672457,
    79.48014530557306,
    77.43003729606687,
    75.91476645476843,
    72.2272147382645,
    71.63834544327439,
    70.47257797121841,
    69.83713799398127,
    69.35319130603499,
    68.29230664268205,
    69.37333516954502,
    70.92262479231704,
    69.55028656545188,
    70.06451241441347,
    69.79234360083689,
    72.75150441398026,
    73.25540143856784,
    73.74500023488437,
    74.76584521933572,
    72.73993350534188,
    71.517854552023,
    71.64152642377745,
    72.25487932651717,
    70.67040137058967,
    72.03858363820484,
    70.13890489729654,
    70.13063646716715,
    69.70266440477701,
    69.36290179899471,
    69.0767018300222,
    71.98112576026449,
    70.09884723401794,
    75.06054695264872,
    75.2519166849196,
    77.19184186378702,
    75.8911248044325,
    75.4669470765967,
    77.298174134892,
    74.52474190108528,
    74.73936875040947,
    74.12503762488546,
    73.64590954596122,
    73.4365409178118,
    75.1859495974307,
    72.677591630603,
    71.68936669730392,
    70.71607522439314,
    70.48158899147435,
    70.98868753740612,
    71.3147624408641,
    72.82573159145755,
    74.75692792218615,
    71.03246125877568,
    70.04428622673647,
    68.7770314172099,
    70.48462335481766,
    68.7365587129007,
    66.47565909236097,
    65.37619680809298,
    66.24034216331462,
    66.80346911958742,
    65.16369449897566,
    65.08717765954009,
    64.19947632372167,
    65.54399516728151,
    64.5172678877461,
    63.492209218854086,
    63.98905608475587,
    67.29728296690968,
    66.83253292317214,
    66.88084998936387,
    68.33446876147445,
    69.8061260327244,
    71.92522009336041,
    75.4802772670811,
    77.39053334435806,
    77.36703283111301,
    77.9170036744357,
    75.35372617497629,
    74.52181114668947,
    74.73477909081399,
    76.54622809429569,
    73.78510037433442,
    76.58146405644895,
    73.46566524078389,
    70.98584819974853,
    71.14190240120197,
    68.12953015193256,
    67.68241504945192,
    65.60417591892623,
    64.93065961517644,
    64.9514213441152,
    64.75545738699712,
    60.12227991878837,
    59.74773968235617,
    62.49394622823593,
    62.2798698383277,
    62.35004378691502,
    60.48077120348779,
    61.05885107565266,
    59.3088680909933,
    58.101125145845515,
    58.10189011432084,
    57.82509285430461,
    60.4286844914672,
    58.13787393989173,
    57.79660613288415,
    58.57919655504618,
    57.52162523779537,
    56.093625539055594,
    55.276918932472086,
    57.901716359680385,
    59.30743945943686,
    53.23875369884641,
    53.16268762186255,
    49.477512342677166,
    47.01887900245396,
    46.10571772763647,
    46.954037625398236,
    43.66794870523437,
    40.39956964410697,
    37.621361275451456,
    36.954011789854206,
    39.01328422950137,
    36.235675515263765,
    37.51828632263261,
    35.574966691772545,
    34.300505198101085,
    33.58578148048956,
    34.858275959968566,
    34.58903005198238,
    33.04389232579855,
    35.51117055904676,
    35.33662886234093,
    36.2750884610109,
    35.76017276874997,
    34.45160085972658,
    34.362004874001954,
    35.16119241471868,
    34.43006169921396,
    34.395779388613725,
    34.25108425174102,
    32.01861798550762,
    34.788404604737345,
    33.18249549384785,
    33.5551608375433,
    33.684291816550505,
    34.77719103626807,
    32.182795524316205,
    31.010986442161574,
    31.21594053572361,
    31.04278520093217
  ],
  "actions": [],
  "observations": [
    1,
    1,
    1,
    1,
    1,
    2,
    2,
    2,
    2,
    2,
    2,
    1,
    1,
    1,
    2,
    2,
    1,
    1,
    2,
    1,
    1,
    1,
    1,
    1,
    1,
    2,
    2,
    2,
    2,
    2,
    2,
    2,
    2,
    2,
    2,
    2,
    2,
    2,
    2,
    2,
    2,
    2,
    2,
    2,
    2,
    2,
    2,
    2,
    2,
    2,
    2,
    2,
    2,
    2,
    2,
    2,
    2,
    2,
    2,
    2,
    2,
    2,
    2,
    2,
    2,
    2,
    2,
    2,
    2,
    2,
    2,
    2,
    2,
    2,
    2,
    2,
    2,
    2,
    2,
    2,
    2,
    2,
    2,
    2,
    2,
    2,
    2,
    2,
    2,
    2,
    2,
    2,
    2,
    2,
    2,
    2,
    2,
    2,
    2,
    2,
    2,
    2,
    2,
    2,
    2,
    2,
    2,
    2,
    2,
    2,
    2,
    2,
    2,
    2,
    2,
    2,
    2,
    2,
    2,
    2,
    2,
    2,
    2,
    2,
    2,
    2,
    2,
    2,
    2,
    2,
    2,
    2,
    2,
    2,
    2,
    2,
    2,
    2,
    2,
    2,
    2,
    2,
    2,
    2,
    2,
    2,
    2,
    2,
    2,
    2,
    2,
    2,
    2,
    2,
    2,
    2,
    2,
    2,
    2,
    2,
    2,
    2,
    1,
    1,
    1,
    1,
    1,
    1,
    0,
    0,
    0,
    0,
    0,
    0,
    0,
    0,
    0,
    0,
    0,
    0,
    0,
    0,
    0,
    0,
    0,
    0,
    0,
    0,
    0,
    0,
    0,
    0,
    0,
    0,
    0,
    0,
    0,
    0,
    0,
    0
  ],