{
  "timesteps": [
    0,
    1,
    2,
    3,
    4,
    5,
    6,
    7,
    8,
    9,
    10,
    11,
    12,
    13,
    14,
    15,
    16,
    17,
    18,
    19,
    20,
    21,
    22,
    23,
    24,
    25,
    26,
    27,
    28,
    29,
    30,
    31,
    32,
    33,
    34,
    35,
    36,
    37,
    38,
    39,
    40,
    41,
    42,
    43,
    44,
    45,
    46,
    47,
    48,
    49,
    50,
    51,
    52,
    53,
    54,
    55,
    56,
    57,
    58,
    59,
    60,
    61,
    62,
    63,
    64,
    65,
    66,
    67,
    68,
    69,
    70,
    71,
    72,
    73,
    74,
    75,
    76,
    77,
    78,
    79,
    80,
    81,
    82,
    83,
    84,
    85,
    86,
    87,
    88,
    89,
    90,
    91,
    92,
    93,
    94,
    95,
    96,
    97,
    98,
    99,
    100,
    101,
    102,
    103,
    104,
    105,
    106,
    107,
    108,
    109,
    110,
    111,
    112,
    113,
    114,
    115,
    116,
    117,
    118,
    119,
    120,
    121,
    122,
    123,
    124,
    125,
    126,
    127,
    128,
    129,
    130,
    131,
    132,
    133,
    134,
    135,
    136,
    137,
    138,
    139,
    140,
    141,
    142,
    143,
    144,
    145,
    146,
    147,
    148,
    149,
    150,
    151,
    152,
    153,
    154,
    155,
    156,
    157,
    158,
    159,
    160,
    161,
    162,
    163,
    164,
    165,
    166,
    167,
    168,
    169,
    170,
    171,
    172,
    173,
    174,
    175,
    176,
    177,
    178,
    179,
    180,
    181,
    182,
    183,
    184,
    185,
    186,
    187,
    188,
    189,
    190,
    191,
    192,
    193,
    194,
    195,
    196,
    197,
    198,
    199
  ],
  "states": [
    50.0,
    50.75933633237881,
    52.08680177977415,
    50.11648622994531,
    52.64666212738472,
    50.65558704314951,
    51.12332175538069,
    52.09072834335427,
    50.67651962826779,
    48.502268355148374,
    50.759723046971246,
    48.50109037108935,
    50.06346188402124,
    54.14051786562754,
    52.72062989712887,
    53.51692573625901,
    48.54430491625362,
    51.0488996156114,
    48.76209248253436,
    46.96978705109483,
    46.06670995772903,
    45.40908256664216,
    46.75304529450117,
    49.47967028359807,
    49.1602281122372,
    51.619733387244764,
    51.2173992681508,
    49.06183631127634,
    47.45677806222888,
    50.19380379894604,
    50.1040249143737,
    48.54219964524828,
    51.1437798667739,
    48.49969802687111,
    51.87454627191873,
    53.80644418867765,
    54.9457370027615,
    57.21502836212031,
    56.858052912647786,
    55.15215517708064,
    52.36339920306301,
    52.8123478068955,
    53.88074503437356,
    56.668026178946945,
    55.467228721052805,
    56.44783280105185,
    58.663512356703194,
    60.27858318709107,
    61.52966666288597,
    61.710229862314584,
    62.17926373254045,
    64.03015604037873,
    64.17421117824632,
    63.503534110491096,
    65.21709829320974,
    66.61046948260913,
    67.00936570469243,
    65.28775843636738,
    65.06062032708239,
    66.0174132638104,
    68.32879227573204,
    68.58845456434993,
    69.7042834486996,
    69.57211527669146,
    70.49653407617573,
    69.48530903724799,
    67.48770266218602,
    71.49292027129982,
    69.70878131101394,
    71.09039158153826,
    72.6435787666539,
    71.9322203398513,
    70.94758615719645,
    72.16101287229341,
    74.13292781712974,
    73.85936774558513,
    69.75464666310832,
    71.10384492951034,
    70.46024434799358,
    71.53046603622397,
    71.42052951633902,
    73.93379986430395,
    77.13100993295986,
    75.08420838996484,
    75.62015480373404,
    75.23239491109346,
    74.53817095618736,
    72.89364840888,
    72.7395088362033,
    71.3645099086348,
    69.65188509230862,
    68.78656335860988,
    67.84053432283409,
    65.50896618314928,
    66.45019914776066,
    64.75361283939722,
    67.12189267788504,
    66.01450969052938,
    64.7733671884426,
    63.9527081470931,
    64.08582854041147,
    59.75298209039985,
    58.184106428977785,
    58.11019089875141,
    60.34734783978384,
    62.98838403563241,
    61.02847483107996,
    65.04630726848988,
    66.01518517823743,
    67.38933165119329,
    67.53817753718613,
    68.42153348726238,
    71.66480092248028,
    71.77590226051157,
    73.07900195957895,
    75.08542603590949,
    77.07959397979444,
    75.61756219476659,
    72.958297553106,
    73.50478886685863,
    72.63512672398983,
    73.91352097849747,
    77.4564798082057,
    74.76201588819156,
    74.96510000892582,
    74.36853187409032,
    75.3774311285859,
    72.5253810309687,
    71.79443154125514,
    74.38197680354085,
    77.90023319005985,
    77.834407003646,
    78.68050888033538,
    79.39628802351797,
    76.9598777817812,
    77.65151282034483,
    75.70763512803218,
    76.59656977589326,
    77.6797309337099,
    79.29377746122849,
    78.26928437947859,
    77.33904512691672,
    75.82052009355607,
    76.86621328268775,
    81.51870776718745,
    79.22431951063503,
    80.5105105935694,
    81.56678497351889,
    81.28953079699237,
    80.64469137755131,
    79.757159625145,
    81.39829541283248,
    83.30774089715075,
    81.66295717606842,
    81.62198916564486,
    87.82197304358718,
    89.65268143439971,
    91.18251133424286,
    92.37630448051712,
    95.21831091112746,
    95.61876041134558,
    98.17746560285578,
    96.69831117177989,
    93.60881955672399,
    95.39351472982857,
    90.92631129280859,
    90.0075677946711,
    89.91205764795694,
    91.33497214312524,
    89.49731678322264,
    90.62308109296585,
    90.25910242299963,
    91.03246696957295,
    89.83763948137081,
    92.41852213068594,
    96.42504966727802,
    94.42059340765768,
    95.18658493959468,
    95.22997647068559,
    92.17715207021993,
    93.46676304211583,
    95.98619596957153,
    95.85636744223869,
    98.98155740073456,
    99.57158663873926,
    97.1729963542538,
    94.59831470466413,
    92.61855683613734,
    94.46088101576905,
    96.52009694708883,
    95.45138714473813,
    97.40508773635199,
    94.39102583631134,
    93.03695788541569,
    96.87916530331762,
    94.28379547667366,
    92.42813214767594,
    90.12565593911597,
    90.34404956108868,
    92.6263348369988,
    94.83036347504145
  ],
  "actions": [],
  "observations": [
    1,
    1,
    1,
    1,
    1,
    1,
    1,
    1,
    1,
    1,
    1,
    1,
    1,
    1,
    1,
    1,
    1,
    1,
    1,
    1,
    1,
    1,
    1,
    1,
    1,
    1,
    1,
    1,
    1,
    1,
    1,
    1,
    1,
    1,
    1,
    1,
    1,
    2,
    2,
    2,
    1,
    1,
    1,
    2,
    2,
    2,
    2,
    2,
    2,
    2,
    2,
    2,
    2,
    2,
    2,
    2,
    2,
    2,
    2,
    2,
    2,
    2,
    2,
    2,
    2,
    2,
    2,
    2,
    2,
    2,
    2,
    2,
    2,
    2,
    2,
    2,
    2,
    2,
    2,
    2,
    2,
    2,
    2,
    2,
    2,
    2,
    2,
    2,
    2,
    2,
    2,
    2,
    2,
    2,
    2,
    2,
    2,
    2,
    2,
    2,
    2,
    2,
    2,
    2,
    2,
    2,
    2,
    2,
    2,
    2,
    2,
    2,
    2,
    2,
    2,
    2,
    2,
    2,
    2,
    2,
    2,
    2,
    2,
    2,
    2,
    2,
    2,
    2,
    2,
    2,
    2,
    2,
    2,
    2,
    2,
    2,
    2,
    2,
    2,
    2,
    2,
    2,
    2,
    2,
    2,
    2,
    2,
    2,
    2,
    2,
    2,
    2,
    2,
    2,
    2,
    2,
    2,
    2,
    2,
    2,
    2,
    2,
    2,
    2,
    2,
    2,
    2,
    2,
    2,
    2,
    2,
    2,
    2,
    2,
    2,
    2,
    2,
    2,
    2,
    2,
    2,
    2,
    2,
    2,
    2,
    2,
    2,
    2,
    2,
    2,
    2,
    2,
    2,
    2,
    2,
    2,
    2,
    2,
    2,
    2
  ],