{
  "timesteps": [
    0,
    1,
    2,
    3,
    4,
    5,
    6,
    7,
    8,
    9,
    10,
    11,
    12,
    13,
    14,
    15,
    16,
    17,
    18,
    19,
    20,
    21,
    22,
    23,
    24,
    25,
    26,
    27,
    28,
    29,
    30,
    31,
    32,
    33,
    34,
    35,
    36,
    37,
    38,
    39,
    40,
    41,
    42,
    43,
    44,
    45,
    46,
    47,
    48,
    49,
    50,
    51,
    52,
    53,
    54,
    55,
    56,
    57,
    58,
    59,
    60,
    61,
    62,
    63,
    64,
    65,
    66,
    67,
    68,
    69,
    70,
    71,
    72,
    73,
    74,
    75,
    76,
    77,
    78,
    79,
    80,
    81,
    82,
    83,
    84,
    85,
    86,
    87,
    88,
    89,
    90,
    91,
    92,
    93,
    94,
    95,
    96,
    97,
    98,
    99,
    100,
    101,
    102,
    103,
    104,
    105,
    106,
    107,
    108,
    109,
    110,
    111,
    112,
    113,
    114,
    115,
    116,
    117,
    118,
    119,
    120,
    121,
    122,
    123,
    124,
    125,
    126,
    127,
    128,
    129,
    130,
    131,
    132,
    133,
    134,
    135,
    136,
    137,
    138,
    139,
    140,
    141,
    142,
    143,
    144,
    145,
    146,
    147,
    148,
    149,
    150,
    151,
    152,
    153,
    154,
    155,
    156,
    157,
    158,
    159,
    160,
    161,
    162,
    163,
    164,
    165,
    166,
    167,
    168,
    169,
    170,
    171,
    172,
    173,
    174,
    175,
    176,
    177,
    178,
    179,
    180,
    181,
    182,
    183,
    184,
    185,
    186,
    187,
    188,
    189,
    190,
    191,
    192,
    193,
    194,
    195,
    196,
    197,
    198,
    199
  ],
  "states": [
    50.0,
    50.195200028676695,
    49.519656895679134,
    48.576800396126096,
    48.424398396684396,
    49.290234218477885,
    48.81082231659322,
    48.67766070598989,
    48.7030108775892,
    48.973160571471354,
    48.73940593714397,
    48.286731737304386,
    48.61028527826959,
    48.74520608746393,
    49.600943998385866,
    48.983459762119416,
    48.520484088067555,
    49.58548328567613,
    49.25097601132169,
    49.369453544245175,
    49.175176110197604,
    49.90320609208176,
    49.92370890726628,
    49.85714632250998,
    49.83539764315628,
    48.50998446432995,
    48.7307912093868,
    49.43948305900808,
    48.61778923841224,
    49.48690052058726,
    49.56037638602866,
    49.157542695556835,
    48.68089330922683,
    48.289867423523106,
    49.14988845034815,
    48.96193486696823,
    49.3646178311781,
    50.60416133159762,
    50.66498203946316,
    50.92253459871915,
    50.78810168996181,
    50.91635338086537,
    50.51369111127731,
    50.2914383893255,
    51.288900778904264,
    50.92598534847114,
    50.762632156472336,
    50.75477767831612,
    50.524732822415984,
    50.34588794311591,
    50.669620988906345,
    50.60704467503727,
    50.920836976978265,
    50.06828306129831,
    50.40498343707965,
    49.31066252826485,
    48.68902437811095,
    48.83733445477285,
    48.32216975916508,
    47.854884325168044,
    47.42666335423189,
    48.900915806022674,
    48.450489848311605,
    49.54174575108109,
    49.047625382884604,
    48.459990136934536,
    48.625396622275815,
    47.784072674383694,
    48.2357239150253,
    47.79818817029092,
    47.11721583718657,
    46.969822630933756,
    47.332351778761996,
    48.562005757835486,
    48.075836522521115,
    47.21275264336278,
    46.55796297884215,
    46.297790113410386,
    46.69241220385554,
    46.27468652159921,
    46.41464642090377,
    46.30107862602988,
    46.346084858112526,
    45.2594647408858,
    45.5833707542521,
    45.78296111048611,
    45.67516252518059,
    45.92149100497307,
    46.15035602943645,
    45.57563258352998,
    45.73380100005603,
    45.6394997512512,
    46.087890137131915,
    46.20016339453458,
    46.66119465089631,
    46.961709838514224,
    46.52728443571273,
    46.380247876499865,
    46.504499529198334,
    46.99655520200291,
    47.56770802417381,
    48.162319617935005,
    49.22270947149959,
    48.88827458912454,
    48.22265919076577,
    48.1891940960419,
    48.0826742519626,
    48.22001628029755,
    47.989052627296466,
    47.92951490791009,
    47.82832631554883,
    48.10922475592852,
    47.55353275815314,
    48.195863950118316,
    47.64822311817687,
    47.37960002509001,
    46.073256990756185,
    46.27632569321336,
    45.700162733914105,
    45.40079781181431,
    46.73710230825091,
    46.69355847567144,
    47.31514591844766,
    47.475485481389065,
    48.27298247636798,
    46.95465600283792,
    46.95557040163465,
    45.959834248415085,
    45.710797640274905,
    46.12238431514399,
    45.523472802128516,
    45.37771676840898,
    45.520275297765565,
    45.054534951882026,
    44.33950007450575,
    44.47023864385086,
    44.335223608433914,
    44.45756740954166,
    45.09354340823082,
    44.63774009960175,
    44.87448670261878,
    44.81101905053187,
    45.3393451625169,
    45.63028306698006,
    45.74335005110154,
    45.56144514855147,
    45.712401919426846,
    46.36295311336235,
    46.29656522290623,
    47.016457944554716,
    46.65514039641964,
    46.68324518395749,
    46.656285534479245,
    46.86810156989629,
    47.34926171683599,
    48.07349739934847,
    47.15566595098338,
    47.1091810851804,
    46.17433568180461,
    46.15879062443841,
    45.97357496994376,
    45.768438245774284,
    45.80536121431754,
    45.62231306847629,
    44.24345006086635,
    43.14839510034887,
    43.51035693556639,
    43.77015384637003,
    44.25665965295659,
    44.30619985218528,
    43.325978063264664,
    42.77366664584293,
    42.63851942402862,
    43.24661432283454,
    42.36364242385035,
    42.215782910725046,
    42.24038603136863,
    42.83131810232311,
    42.893994292607424,
    43.5592383403338,
    43.62483414704642,
    42.840501324905404,
    43.607686039293995,
    43.81971323010635,
    43.88516379798995,
    44.23118492955772,
    43.69281858625459,
    42.626318157146365,
    42.27252646805762,
    42.28334524847855,
    40.813774938235426,
    40.49720832439394,
    40.3447862340418,
    40.247172424359036,
    40.64992345634192,
    41.60447371753234,
    41.32307663476627,
    42.307305589660636,
    42.50585199581049,
    42.539402600197505,
    42.302935158622695
  ],
  "actions": [],
  "observations": [
    1,
    1,
    1,
    1,
    1,
    1,
    1,
    1,
    1,
    1,
    1,
    1,
    1,
    1,
    1,
    1,
    1,
    1,
    1,
    1,
    1,
    1,
    1,
    1,
    1,
    1,
    1,
    1,
    1,
    1,
    1,
    1,
    1,
    1,
    1,
    1,
    1,
    1,
    1,
    1,
    1,
    1,
    1,
    1,
    1,
    1,
    1,
    1,
    1,
    1,
    1,
    1,
    1,
    1,
    1,
    1,
    1,
    1,
    1,
    1,
    1,
    1,
    1,
    1,
    1,
    1,
    1,
    1,
    1,
    1,
    1,
    1,
    1,
    1,
    1,
    1,
    1,
    1,
    1,
    1,
    1,
    1,
    1,
    1,
    1,
    1,
    1,
    1,
    1,
    1,
    1,
    1,
    1,
    1,
    1,
    1,
    1,
    1,
    1,
    1,
    1,
    1,
    1,
    1,
    1,
    1,
    1,
    1,
    1,
    1,
    1,
    1,
    1,
    1,
    1,
    1,
    1,
    1,
    1,
    1,
    1,
    1,
    1,
    1,
    1,
    1,
    1,
    1,
    1,
    1,
    1,
    1,
    1,
    1,
    0,
    0,
    0,
    0,
    1,
    0,
    0,
    0,
    1,
    1,
    1,
    1,
    1,
    1,
    1,
    1,
    1,
    1,
    1,
    1,
    1,
    1,
    1,
    1,
    1,
    1,
    1,
    1,
    1,
    1,
    0,
    0,
    0,
    0,
    0,
    0,
    0,
    0,
    0,
    0,
    0,
    0,
    0,
    0,
    0,
    0,
    0,
    0,
    0,
    0,
    0,
    0,
    0,
    0,
    0,
    0,
    0,
    0,
    0,
    0,
    0,
    0,
    0,
    0,
    0,
    0
  ],