{
  "timesteps": [
    0,
    1,
    2,
    3,
    4,
    5,
    6,
    7,
    8,
    9,
    10,
    11,
    12,
    13,
    14,
    15,
    16,
    17,
    18,
    19,
    20,
    21,
    22,
    23,
    24,
    25,
    26,
    27,
    28,
    29,
    30,
    31,
    32,
    33,
    34,
    35,
    36,
    37,
    38,
    39,
    40,
    41,
    42,
    43,
    44,
    45,
    46,
    47,
    48,
    49,
    50,
    51,
    52,
    53,
    54,
    55,
    56,
    57,
    58,
    59,
    60,
    61,
    62,
    63,
    64,
    65,
    66,
    67,
    68,
    69,
    70,
    71,
    72,
    73,
    74,
    75,
    76,
    77,
    78,
    79,
    80,
    81,
    82,
    83,
    84,
    85,
    86,
    87,
    88,
    89,
    90,
    91,
    92,
    93,
    94,
    95,
    96,
    97,
    98,
    99,
    100,
    101,
    102,
    103,
    104,
    105,
    106,
    107,
    108,
    109,
    110,
    111,
    112,
    113,
    114,
    115,
    116,
    117,
    118,
    119,
    120,
    121,
    122,
    123,
    124,
    125,
    126,
    127,
    128,
    129,
    130,
    131,
    132,
    133,
    134,
    135,
    136,
    137,
    138,
    139,
    140,
    141,
    142,
    143,
    144,
    145,
    146,
    147,
    148,
    149,
    150,
    151,
    152,
    153,
    154,
    155,
    156,
    157,
    158,
    159,
    160,
    161,
    162,
    163,
    164,
    165,
    166,
    167,
    168,
    169,
    170,
    171,
    172,
    173,
    174,
    175,
    176,
    177,
    178,
    179,
    180,
    181,
    182,
    183,
    184,
    185,
    186,
    187,
    188,
    189,
    190,
    191,
    192,
    193,
    194,
    195,
    196,
    197,
    198,
    199
  ],
  "states": [
    50.0,
    50.58763652809075,
    50.40816814368833,
    50.10874889073265,
    49.13999038286062,
    49.173074816171884,
    49.99626092099253,
    50.73686983373866,
    49.300002549687086,
    49.3195090124138,
    50.04134080424645,
    50.07901967815406,
    50.119570880579246,
    49.80458458348747,
    48.89214475437878,
    48.78699462385901,
    49.125960868827846,
    48.960341672605416,
    48.60348209833343,
    49.495942842899986,
    49.2101830427385,
    49.34916314945893,
    48.80185437877873,
    49.02877241342776,
    49.388380903736554,
    49.04804738453695,
    49.257091557572636,
    50.45827488836333,
    50.42937578229888,
    50.38170084091809,
    50.409242214788165,
    50.60909721354973,
    51.22564967295258,
    52.02672219977665,
    51.748122261363775,
    51.04402367654091,
    50.46688212685493,
    50.67140090219308,
    50.40468228179414,
    51.69563727527877,
    51.76101026964656,
    50.35962920849181,
    49.70578240589739,
    49.04436088360289,
    49.04162079176122,
    49.32787309503638,
    49.4905937229451,
    48.502292090877276,
    47.50317309706187,
    46.80289622186617,
    46.943917242108185,
    46.914955364324435,
    46.374500780352385,
    45.45999992130813,
    45.73588412491743,
    45.54163609722387,
    45.81588602047178,
    45.73549830331642,
    45.70609874235476,
    46.524219804598644,
    47.38105640324537,
    47.38023921629999,
    47.008221795143875,
    47.34086177647692,
    47.70330514589297,
    48.06770373195131,
    48.261819079689836,
    48.08144575334228,
    47.67834744701753,
    48.80582207046766,
    48.60090444340436,
    48.102221762277395,
    47.982075377406055,
    47.92773381363625,
    48.18743003265432,
    48.72173835736038,
    49.39985574492108,
    49.20671038910377,
    49.58319736734515,
    47.834310004626765,
    48.463704066290084,
    47.36852230012798,
    48.17467416416248,
    47.84284100928713,
    47.58735200225373,
    47.64901653826126,
    48.47195996534493,
    48.67683218300683,
    48.8425793268878,
    47.87528200960833,
    48.63659306197973,
    48.33086414091136,
    48.681046054172356,
    49.73322890132532,
    50.26766399899084,
    50.211754826592326,
    50.50665330971311,
    51.34183775113636,
    52.14721942620045,
    52.507212980991305,
    52.808375761227225,
    52.46077624810057,
    52.630839328202796,
    52.599339470674,
    52.89333386686106,
    53.40788150732886,
    52.746231801059665,
    52.645996258126225,
    51.87227056234829,
    52.07363021436065,
    51.64119807638085,
    51.508258900139204,
    51.36089796233511,
    51.26134618497723,
    50.379210306977775,
    51.15858805655017,
    51.02351494140271,
    52.17445536336429,
    52.67498350613509,
    52.96726420934484,
    53.302983471499765,
    53.39023343404328,
    53.285323918819856,
    54.20673503383872,
    54.3924205312893,
    54.617002079598,
    54.138023534181656,
    53.6960265270029,
    54.28812006111637,
    54.465493552997444,
    54.776527471043764,
    55.38761768525992,
    55.395467368894415,
    55.89557185089823,
    56.587529425471544,
    56.445271347751586,
    56.19901558126857,
    56.53120434039249,
    56.524066088405256,
    56.31374177950575,
    55.31896030823345,
    55.002500509140305,
    54.97124724419898,
    54.63304651964193,
    55.37582785297318,
    55.50002532174405,
    55.434411604378674,
    54.95526660995828,
    55.548491426641405,
    56.052825778281395,
    55.35903308815367,
    55.2555607964825,
    54.87156816041362,
    55.70785507808586,
    55.31488336248948,
    54.79931878357819,
    54.64078134256684,
    53.53200178040699,
    52.85049519756737,
    52.362236730139585,
    52.69337149915519,
    52.81770798856619,
    52.31822863573628,
    51.95528105219581,
    51.64026582754941,
    51.131509919618786,
    51.71955209126398,
    52.3795515587801,
    52.77195906300308,
    53.27502464763568,
    53.29869183868403,
    52.98894659426752,
    52.788486508102025,
    52.547968643190174,
    51.5155201910976,
    52.416553960932,
    52.883453484035456,
    52.02242278385215,
    51.951600614372964,
    51.393702726411234,
    52.27048709059141,
    51.887924293169554,
    51.85646380823044,
    51.27645449794625,
    51.29014399785863,
    51.15324901674632,
    50.443016028598485,
    50.45063000392308,
    50.453530030263764,
    50.44119356117002,
    50.505005872827866,
    50.63277573301513,
    49.97236935436094,
    50.09016556284606,
    50.7369741083972,
    49.76409700346278,
    49.6816271068369,
    49.12104152712499,
    48.58549832804282,
    47.69511996305372,
    48.409018597221596
  ],
  "actions": [],
  "observations": [
    1,
    1,
    1,
    1,
    1,
    1,
    1,
    1,
    1,
    1,
    1,
    1,
    1,
    1,
    1,
    1,
    1,
    1,
    1,
    1,
    1,
    1,
    1,
    1,
    1,
    1,
    1,
    1,
    1,
    1,
    1,
    1,
    1,
    1,
    1,
    1,
    1,
    1,
    1,
    1,
    1,
    1,
    1,
    1,
    1,
    1,
    1,
    1,
    1,
    1,
    1,
    1,
    1,
    1,
    1,
    1,
    1,
    1,
    1,
    1,
    1,
    1,
    1,
    1,
    1,
    1,
    1,
    1,
    1,
    1,
    1,
    1,
    1,
    1,
    1,
    1,
    1,
    1,
    1,
    1,
    1,
    1,
    1,
    1,
    1,
    1,
    1,
    1,
    1,
    1,
    1,
    1,
    1,
    1,
    1,
    1,
    1,
    1,
    1,
    1,
    1,
    1,
    1,
    1,
    1,
    1,
    1,
    1,
    1,
    1,
    1,
    1,
    1,
    1,
    1,
    1,
    1,
    1,
    1,
    1,
    1,
    1,
    1,
    1,
    1,
    1,
    1,
    1,
    1,
    1,
    1,
    2,
    2,
    2,
    2,
    2,
    2,
    2,
    2,
    2,
    2,
    2,
    1,
    1,
    2,
    2,
    2,
    1,
    2,
    2,
    2,
    2,
    1,
    2,
    2,
    1,
    1,
    1,
    1,
    1,
    1,
    1,
    1,
    1,
    1,
    1,
    1,
    1,
    1,
    1,
    1,
    1,
    1,
    1,
    1,
    1,
    1,
    1,
    1,
    1,
    1,
    1,
    1,
    1,
    1,
    1,
    1,
    1,
    1,
    1,
    1,
    1,
    1,
    1,
    1,
    1,
    1,
    1,
    1,
    1
  ],