{
  "timesteps": [
    0,
    1,
    2,
    3,
    4,
    5,
    6,
    7,
    8,
    9,
    10,
    11,
    12,
    13,
    14,
    15,
    16,
    17,
    18,
    19,
    20,
    21,
    22,
    23,
    24,
    25,
    26,
    27,
    28,
    29,
    30,
    31,
    32,
    33,
    34,
    35,
    36,
    37,
    38,
    39,
    40,
    41,
    42,
    43,
    44,
    45,
    46,
    47,
    48,
    49,
    50,
    51,
    52,
    53,
    54,
    55,
    56,
    57,
    58,
    59,
    60,
    61,
    62,
    63,
    64,
    65,
    66,
    67,
    68,
    69,
    70,
    71,
    72,
    73,
    74,
    75,
    76,
    77,
    78,
    79,
    80,
    81,
    82,
    83,
    84,
    85,
    86,
    87,
    88,
    89,
    90,
    91,
    92,
    93,
    94,
    95,
    96,
    97,
    98,
    99,
    100,
    101,
    102,
    103,
    104,
    105,
    106,
    107,
    108,
    109,
    110,
    111,
    112,
    113,
    114,
    115,
    116,
    117,
    118,
    119,
    120,
    121,
    122,
    123,
    124,
    125,
    126,
    127,
    128,
    129,
    130,
    131,
    132,
    133,
    134,
    135,
    136,
    137,
    138,
    139,
    140,
    141,
    142,
    143,
    144,
    145,
    146,
    147,
    148,
    149,
    150,
    151,
    152,
    153,
    154,
    155,
    156,
    157,
    158,
    159,
    160,
    161,
    162,
    163,
    164,
    165,
    166,
    167,
    168,
    169,
    170,
    171,
    172,
    173,
    174,
    175,
    176,
    177,
    178,
    179,
    180,
    181,
    182,
    183,
    184,
    185,
    186,
    187,
    188,
    189,
    190,
    191,
    192,
    193,
    194,
    195,
    196,
    197,
    198,
    199
  ],
  "states": [
    50.0,
    50.10681184618771,
    49.90971539780052,
    49.875013860667146,
    50.02958086074429,
    49.817353686032604,
    49.62198022481861,
    49.461960494514244,
    49.15177154399016,
    48.935022810898595,
    48.73845180584835,
    48.59896803162663,
    48.592799752194594,
    48.69224290878026,
    48.80447914994646,
    48.81694209098356,
    49.1716099662811,
    49.4053087597848,
    49.882913485205584,
    49.74359738658964,
    49.49991595428956,
    49.618840610080845,
    49.33470404392681,
    49.15020591157834,
    48.981853523542235,
    48.81769415352446,
    48.70749844117107,
    48.22178113215547,
    48.296354532729325,
    48.325935244622606,
    48.25944797814125,
    48.59425058103312,
    48.176961686704324,
    48.20757915277641,
    48.14305511869017,
    47.728384231723695,
    48.00974571040375,
    48.08388617251927,
    47.938029794299,
    47.67758474825478,
    47.868753247517375,
    48.00346808480543,
    48.12292229515477,
    47.85258415193035,
    47.69940565360213,
    47.831584411521135,
    47.7437908241027,
    48.124975167770586,
    48.1010946946385,
    48.2719092270045,
    47.785854367057276,
    47.82110788594715,
    48.52632706477501,
    48.98299845716603,
    48.39198929415725,
    48.14217088656271,
    48.17205793715269,
    47.94435797735295,
    48.428012006878845,
    48.61500581236874,
    48.46996274603319,
    48.00504148913179,
    47.88048681099452,
    47.95269911257173,
    47.97732864789214,
    48.06005488554022,
    47.90377217042822,
    48.269766461161076,
    48.073476819928445,
    48.19105703045642,
    48.70427376468378,
    48.55113256673527,
    48.44928778083105,
    48.45014565821202,
    48.670735192066225,
    48.36780927840421,
    47.91663962290622,
    48.003568819530294,
    48.20105712961595,
    47.829293035506396,
    47.85166056632782,
    48.08255757985555,
    48.17781123985385,
    47.969019583460884,
    47.614495417936894,
    47.27840658455726,
    47.430944074057535,
    47.69521802052623,
    47.421895757455744,
    47.34292293992867,
    47.538961101817044,
    47.90621949994665,
    47.40996397720904,
    47.894099544713534,
    47.268604379785906,
    47.332275950055866,
    47.34736201841116,
    47.350053933577605,
    47.45672781823822,
    47.834658814845845,
    47.83084861297911,
    48.08306324810686,
    48.51317697020792,
    48.53949135198843,
    48.86479277160657,
    48.708966256998075,
    48.64049049321727,
    47.98460781507778,
    47.43508244391589,
    47.3192446195557,
    47.4487761328181,
    47.68193226618605,
    47.27310486148438,
    46.58414141966225,
    46.61811130687091,
    46.520245938702196,
    46.014941549707125,
    45.79277915066158,
    45.839386112465185,
    45.97134277526617,
    45.917860866712594,
    45.62981275943048,
    45.16407218882019,
    45.23215534085097,
    45.04146307593269,
    45.10575027559218,
    44.94129432041614,
    45.039531283193384,
    44.74866531398078,
    45.0945171953766,
    45.19470262327412,
    45.48681806864742,
    45.30309388641412,
    45.12595714290632,
    45.0491097170224,
    44.99545512192972,
    44.92817548374884,
    44.731237177292655,
    44.47728602903996,
    44.275405811711444,
    44.154167891567454,
    43.87676973563675,
    44.477421697261974,
    44.495392211398624,
    44.090654261294375,
    44.37095425107143,
    44.087371718195506,
    44.16847318808252,
    43.85825392288551,
    44.5296274767488,
    44.809891728273435,
    44.62304078846018,
    44.49016126369671,
    44.20715303978926,
    44.32326400916668,
    44.449848480620105,
    44.167574937979815,
    43.81471291142368,
    43.58515282465673,
    44.022558484179896,
    44.224413585586575,
    42.883779220817885,
    42.7953974654754,
    42.93909412901901,
    43.2378344563539,
    43.12769895508551,
    42.905635264875485,
    43.42056395460479,
    43.18415190993994,
    42.94352710167456,
    43.20806271643591,
    43.34918943290629,
    43.42060282423033,
    43.4975968755338,
    43.26113532151214,
    43.35039872206305,
    43.029126974729046,
    43.11370994853617,
    42.77798770918614,
    42.84523233762305,
    43.13087148006824,
    43.616943260447265,
    44.007231154744915,
    43.866993809591925,
    43.72913681802193,
    43.771614827278654,
    43.444558215211124,
    43.802700612348346,
    43.386652099191906,
    43.50244722763784,
    43.95397135875161,
    43.57788356594747,
    44.186919819189136,
    44.452306829477564,
    44.690481473450035,
    44.57916632971948,
    44.238699318977304,
    44.65828259877504,
    45.04008115611093,
    44.857186579779714,
    44.27288865857755
  ],
  "actions": [],
  "observations": [
    1,
    1,
    1,
    1,
    1,
    1,
    1,
    1,
    1,
    1,
    1,
    1,
    1,
    1,
    1,
    1,
    1,
    1,
    1,
    1,
    1,
    1,
    1,
    1,
    1,
    1,
    1,
    1,
    1,
    1,
    1,
    1,
    1,
    1,
    1,
    1,
    1,
    1,
    1,
    1,
    1,
    1,
    1,
    1,
    1,
    1,
    1,
    1,
    1,
    1,
    1,
    1,
    1,
    1,
    1,
    1,
    1,
    1,
    1,
    1,
    1,
    1,
    1,
    1,
    1,
    1,
    1,
    1,
    1,
    1,
    1,
    1,
    1,
    1,
    1,
    1,
    1,
    1,
    1,
    1,
    1,
    1,
    1,
    1,
    1,
    1,
    1,
    1,
    1,
    1,
    1,
    1,
    1,
    1,
    1,
    1,
    1,
    1,
    1,
    1,
    1,
    1,
    1,
    1,
    1,
    1,
    1,
    1,
    1,
    1,
    1,
    1,
    1,
    1,
    1,
    1,
    1,
    1,
    1,
    1,
    1,
    1,
    1,
    1,
    1,
    1,
    0,
    1,
    0,
    1,
    1,
    1,
    1,
    1,
    1,
    0,
    0,
    0,
    0,
    0,
    0,
    0,
    0,
    0,
    0,
    0,
    0,
    0,
    0,
    0,
    0,
    0,
    0,
    0,
    0,
    0,
    0,
    0,
    0,
    0,
    0,
    0,
    0,
    0,
    0,
    0,
    0,
    0,
    0,
    0,
    0,
    0,
    0,
    0,
    0,
    0,
    0,
    0,
    0,
    0,
    0,
    0,
    0,
    0,
    0,
    0,
    0,
    0,
    0,
    0,
    0,
    0,
    0,
    0,
    0,
    0,
    0,
    0,
    1,
    0
  ],