{
  "timesteps": [
    0,
    1,
    2,
    3,
    4,
    5,
    6,
    7,
    8,
    9,
    10,
    11,
    12,
    13,
    14,
    15,
    16,
    17,
    18,
    19,
    20,
    21,
    22,
    23,
    24,
    25,
    26,
    27,
    28,
    29,
    30,
    31,
    32,
    33,
    34,
    35,
    36,
    37,
    38,
    39,
    40,
    41,
    42,
    43,
    44,
    45,
    46,
    47,
    48,
    49,
    50,
    51,
    52,
    53,
    54,
    55,
    56,
    57,
    58,
    59,
    60,
    61,
    62,
    63,
    64,
    65,
    66,
    67,
    68,
    69,
    70,
    71,
    72,
    73,
    74,
    75,
    76,
    77,
    78,
    79,
    80,
    81,
    82,
    83,
    84,
    85,
    86,
    87,
    88,
    89,
    90,
    91,
    92,
    93,
    94,
    95,
    96,
    97,
    98,
    99,
    100,
    101,
    102,
    103,
    104,
    105,
    106,
    107,
    108,
    109,
    110,
    111,
    112,
    113,
    114,
    115,
    116,
    117,
    118,
    119,
    120,
    121,
    122,
    123,
    124,
    125,
    126,
    127,
    128,
    129,
    130,
    131,
    132,
    133,
    134,
    135,
    136,
    137,
    138,
    139,
    140,
    141,
    142,
    143,
    144,
    145,
    146,
    147,
    148,
    149,
    150,
    151,
    152,
    153,
    154,
    155,
    156,
    157,
    158,
    159,
    160,
    161,
    162,
    163,
    164,
    165,
    166,
    167,
    168,
    169,
    170,
    171,
    172,
    173,
    174,
    175,
    176,
    177,
    178,
    179,
    180,
    181,
    182,
    183,
    184,
    185,
    186,
    187,
    188,
    189,
    190,
    191,
    192,
    193,
    194,
    195,
    196,
    197,
    198,
    199
  ],
  "states": [
    50.0,
    51.491919829442196,
    52.08817889546469,
    51.36618273759423,
    51.37560339542557,
    51.02802593815931,
    48.493377562459905,
    49.150796345516724,
    47.67614513721628,
    48.229242810975585,
    50.12973253578312,
    52.59188661161841,
    51.36012191539919,
    49.95163129736025,
    50.21804151714622,
    49.279977760011064,
    47.671803022768074,
    50.682742408925776,
    50.47456733772672,
    49.04592683713292,
    47.27513734725597,
    48.04718211996847,
    49.30200525156713,
    51.25864066742807,
    52.8295831588145,
    55.052326610111365,
    55.11095888466338,
    57.69127952414806,
    56.701286319739836,
    60.28828100252909,
    59.02852179307528,
    57.23300313320926,
    59.273796105245346,
    62.15747797897097,
    62.11007564819964,
    59.747190441377946,
    59.86089007657673,
    58.27063267776255,
    58.20567190976209,
    57.74756895953416,
    59.0773113579909,
    56.46334001708482,
    55.27267049820991,
    54.01208285668765,
    54.58364545662144,
    55.32711194203052,
    57.03333535290369,
    58.381054174264506,
    57.288083907402005,
    60.63826693512617,
    57.869219041206975,
    56.92670796185663,
    54.61867317571697,
    50.84523860334946,
    51.09660410393222,
    50.93204734551599,
    51.46904106044171,
    50.5561619645524,
    50.49606445527371,
    51.72990138147608,
    50.020441349593625,
    51.96231853827722,
    50.975732127224326,
    52.79749101370109,
    52.81783667302213,
    52.62009110721685,
    52.14711602825644,
    52.91728614500919,
    53.8676149712738,
    52.82131390306965,
    52.33155427306596,
    50.99536162210661,
    50.972194254995465,
    51.621268824841934,
    51.13681916006358,
    50.53320397530088,
    50.54174622854884,
    48.6911561462693,
    46.738013354447745,
    45.92036690419014,
    44.1937384093035,
    45.62910171118529,
    44.17692891418154,
    45.89510399375557,
    43.89779776071147,
    44.25262510982194,
    42.917125912981646,
    44.78905654371814,
    42.5303205735106,
    42.04033008304147,
    41.26758139682007,
    39.03802287058511,
    40.99336951184646,
    41.64792274116878,
    39.874314119437024,
    40.589315005729325,
    38.83799219965617,
    42.40747595246725,
    41.86347951177397,
    42.95310327394942,
    45.08002990155219,
    42.85994589556007,
    42.8930308346701,
    41.32605534453814,
    40.47373656058253,
    39.18868076815437,
    39.76925650326051,
    42.19366715165264,
    40.95225556745158,
    41.78130281057409,
    41.6731949274132,
    40.107777587708945,
    40.528358851601254,
    42.57150207493429,
    43.40943551403556,
    43.97060182685085,
    41.203537358078165,
    39.34639686024365,
    37.828133327648814,
    37.7214349825562,
    36.419103958778386,
    37.7808027573478,
    38.861298206876214,
    40.166076104714854,
    39.27225342536998,
    37.638621788709976,
    36.21739165856772,
    37.83151082206402,
    38.232088556826376,
    35.31559300557067,
    32.18952174156771,
    32.43871558357542,
    31.536011734172256,
    34.406549779264004,
    34.077462884910744,
    35.84061034682614,
    35.47531404025618,
    35.68939761557117,
    36.89695921987526,
    35.132738092176126,
    34.83367164195624,
    33.8236842052839,
    33.74565080628022,
    33.147740518176896,
    34.329782221344054,
    35.9040783972152,
    34.73613120809589,
    35.06889289963255,
    35.30214636592607,
    36.67964251379083,
    35.21238059340978,
    36.46767533514628,
    39.31128337377459,
    40.79151249562441,
    42.89788656901199,
    43.56007479329341,
    42.91731796817388,
    44.137787908157,
    43.371432508228516,
    43.77177894402429,
    43.79270270602867,
    46.7275215938076,
    46.97051294052185,
    47.57265359545001,
    47.00139209646662,
    45.87336451151674,
    48.413261951537976,
    49.889605926301456,
    50.70553833490905,
    51.031062874970246,
    51.48456119007915,
    54.37829695991571,
    55.9529960591859,
    57.65034147542604,
    57.68339405459827,
    59.53298341808139,
    60.64863248981761,
    63.17706184617816,
    63.80120757931024,
    65.17692483600106,
    64.85066616810454,
    63.91855883350367,
    66.78756919104003,
    66.0289344252261,
    65.8432230343296,
    63.19526139429277,
    61.69335807901362,
    60.32534132344078,
    60.78719599817101,
    58.423913868823206,
    56.63469956501905,
    58.24192356073481,
    59.82351108680041,
    59.83403329248356,
    61.02252900772863,
    62.88165247994894,
    60.84661967162726,
    62.66218688770312,
    62.18116100842606,
    58.68808135979132,
    58.6258895707136
  ],
  "actions": [],
  "observations": [
    1,
    1,
    1,
    1,
    1,
    1,
    1,
    1,
    1,
    1,
    1,
    1,
    1,
    1,
    1,
    1,
    1,
    1,
    1,
    1,
    1,
    1,
    1,
    1,
    1,
    2,
    2,
    2,
    2,
    2,
    2,
    2,
    2,
    2,
    2,
    2,
    2,
    2,
    2,
    2,
    2,
    2,
    2,
    1,
    1,
    2,
    2,
    2,
    2,
    2,
    2,
    2,
    1,
    1,
    1,
    1,
    1,
    1,
    1,
    1,
    1,
    1,
    1,
    1,
    1,
    1,
    1,
    1,
    1,
    1,
    1,
    1,
    1,
    1,
    1,
    1,
    1,
    1,
    1,
    1,
    0,
    1,
    0,
    1,
    0,
    0,
    0,
    0,
    0,
    0,
    0,
    0,
    0,
    0,
    0,
    0,
    0,
    0,
    0,
    0,
    1,
    0,
    0,
    0,
    0,
    0,
    0,
    0,
    0,
    0,
    0,
    0,
    0,
    0,
    0,
    0,
    0,
    0,
    0,
    0,
    0,
    0,
    0,
    0,
    0,
    0,
    0,
    0,
    0,
    0,
    0,
    0,
    0,
    0,
    0,
    0,
    0,
    0,
    0,
    0,
    0,
    0,
    0,
    0,
    0,
    0,
    0,
    0,
    0,
    0,
    0,
    0,
    0,
    0,
    0,
    0,
    0,
    0,
    0,
    0,
    0,
    1,
    1,
    1,
    1,
    1,
    1,
    1,
    1,
    1,
    1,
    1,
    2,
    2,
    2,
    2,
    2,
    2,
    2,
    2,
    2,
    2,
    2,
    2,
    2,
    2,
    2,
    2,
    2,
    2,
    2,
    2,
    2,
    2,
    2,
    2,
    2,
    2,
    2,
    2
  ],