{
  "timesteps": [
    0,
    1,
    2,
    3,
    4,
    5,
    6,
    7,
    8,
    9,
    10,
    11,
    12,
    13,
    14,
    15,
    16,
    17,
    18,
    19,
    20,
    21,
    22,
    23,
    24,
    25,
    26,
    27,
    28,
    29,
    30,
    31,
    32,
    33,
    34,
    35,
    36,
    37,
    38,
    39,
    40,
    41,
    42,
    43,
    44,
    45,
    46,
    47,
    48,
    49,
    50,
    51,
    52,
    53,
    54,
    55,
    56,
    57,
    58,
    59,
    60,
    61,
    62,
    63,
    64,
    65,
    66,
    67,
    68,
    69,
    70,
    71,
    72,
    73,
    74,
    75,
    76,
    77,
    78,
    79,
    80,
    81,
    82,
    83,
    84,
    85,
    86,
    87,
    88,
    89,
    90,
    91,
    92,
    93,
    94,
    95,
    96,
    97,
    98,
    99,
    100,
    101,
    102,
    103,
    104,
    105,
    106,
    107,
    108,
    109,
    110,
    111,
    112,
    113,
    114,
    115,
    116,
    117,
    118,
    119,
    120,
    121,
    122,
    123,
    124,
    125,
    126,
    127,
    128,
    129,
    130,
    131,
    132,
    133,
    134,
    135,
    136,
    137,
    138,
    139,
    140,
    141,
    142,
    143,
    144,
    145,
    146,
    147,
    148,
    149,
    150,
    151,
    152,
    153,
    154,
    155,
    156,
    157,
    158,
    159,
    160,
    161,
    162,
    163,
    164,
    165,
    166,
    167,
    168,
    169,
    170,
    171,
    172,
    173,
    174,
    175,
    176,
    177,
    178,
    179,
    180,
    181,
    182,
    183,
    184,
    185,
    186,
    187,
    188,
    189,
    190,
    191,
    192,
    193,
    194,
    195,
    196,
    197,
    198,
    199
  ],
  "states": [
    50.0,
    50.10339126122908,
    48.495694932839925,
    48.89792278389671,
    49.890657578610465,
    49.456264001028444,
    48.10893201528315,
    45.82772821336214,
    46.66536509047586,
    44.60332411999667,
    42.906485525840566,
    42.37976410298886,
    42.0563379232744,
    41.592794289238576,
    40.370268700003926,
    41.29215929688911,
    41.206741773445124,
    41.44444923821278,
    42.03103069911147,
    43.99555532905156,
    44.26979517731891,
    44.26645575363496,
    44.39880629257651,
    48.62441611920522,
    49.69762519156014,
    50.74870494695351,
    52.07711809781644,
    53.83945560501365,
    53.07082154720403,
    52.784415131540065,
    55.64373747128594,
    55.85428697223414,
    57.54036656156452,
    60.33378827884447,
    60.04072936877895,
    61.30133478853721,
    60.54694939946408,
    58.00837475603727,
    57.55675945346256,
    56.93401780590297,
    57.11747536602384,
    57.462684592211026,
    57.87744015677065,
    58.130185790850746,
    58.76281120222741,
    58.269996037351255,
    54.79320108441617,
    54.67208443414824,
    54.893591305663456,
    55.59584147176,
    54.445845024029474,
    55.83483075075567,
    57.77586670555161,
    57.86200712515505,
    56.28602705378987,
    56.65187920908575,
    57.830175670232784,
    57.081738819850386,
    59.744236095687874,
    59.798578292882844,
    60.25954853793622,
    61.47456788729837,
    58.315157355614886,
    58.02004592958581,
    60.55574560684735,
    60.84932418369771,
    60.501833228928994,
    59.886713397574454,
    63.44062707885449,
    63.84373655756437,
    66.48078013495255,
    67.33021006541911,
    67.36491675214144,
    69.47744751549041,
    68.40859600000894,
    71.54210500322027,
    74.0975166677844,
    75.61054216854576,
    76.24430821986542,
    74.32161316468571,
    76.28216460059112,
    75.33791333031294,
    75.33873281854548,
    75.78820475633587,
    76.47571654399236,
    74.70787232591958,
    73.0193872380212,
    72.29056607939842,
    72.53190528533403,
    72.72807171882313,
    75.86553035324921,
    77.6458730695394,
    75.85031764572663,
    73.19775612447408,
    73.03795894845194,
    69.90630002324079,
    69.35051678209155,
    69.79842600736617,
    71.33914403970408,
    71.24743572386038,
    71.26701501526286,
    73.15767094069234,
    72.05738814273711,
    72.51521566063418,
    71.36621135473094,
    71.9815987501389,
    70.89973514290229,
    74.1097239954969,
    74.41744107973867,
    74.5140125496999,
    74.82065957906238,
    72.56691077300908,
    72.25047629300354,
    71.93799761602075,
    71.5746766354615,
    71.70258785266023,
    74.03681456991852,
    75.53034819151236,
    74.031753955141,
    75.48995864542522,
    73.68953706597482,
    74.43851639357901,
    73.97144835462191,
    75.91260866709105,
    74.29848811246625,
    77.67967861496692,
    74.81168615965429,
    73.66710463655211,
    74.72293288943469,
    74.5376258501683,
    76.04049276423429,
    74.74017527003404,
    74.46100568856292,
    74.47587592278676,
    74.03297559004486,
    71.4244091761187,
    73.61700004236144,
    75.1617065686831,
    73.242051161814,
    75.65965792772333,
    74.61688334864651,
    73.2618108715195,
    75.15289046431263,
    72.15750050643766,
    69.6087140632871,
    69.64894484675726,
    71.2257223726839,
    71.70202355375987,
    67.26743672038874,
    67.49354666832001,
    65.844824663286,
    67.95008986558824,
    65.64640373935731,
    65.16505286534645,
    65.94022263044364,
    66.53076777210418,
    63.90544406235488,
    63.400792636167495,
    63.57212043656392,
    60.7014481090492,
    62.11926853864327,
    63.99279581244788,
    63.05563612303115,
    63.74037538354988,
    64.24662509246154,
    62.82544167001856,
    64.61434690383926,
    61.552162581213985,
    60.23166016027619,
    61.293212458638834,
    61.784604117138464,
    61.923888590371995,
    62.330801180781854,
    62.386773662072535,
    63.59882281314934,
    65.17882543091528,
    64.8827384524056,
    64.22618982372175,
    65.96794521193661,
    67.14963552210705,
    65.41685706235016,
    63.05175885070859,
    63.23752056440902,
    61.415224054246465,
    59.48306785105212,
    58.69881995363132,
    60.83745795475413,
    61.88582564489961,
    62.94290527270068,
    61.18517623607557,
    60.73606283219978,
    61.36994888794099,
    62.964547471249944,
    61.974391200015035,
    61.882262850879016,
    64.93924957799476,
    64.00595939457429,
    60.963340218302285,
    60.12500502058979,
    62.66561461489693,
    62.96567018799882
  ],
  "actions": [],
  "observations": [
    1,
    1,
    1,
    1,
    1,
    1,
    1,
    1,
    1,
    0,
    0,
    0,
    0,
    0,
    0,
    0,
    0,
    0,
    0,
    0,
    0,
    0,
    0,
    1,
    1,
    1,
    1,
    1,
    1,
    1,
    2,
    2,
    2,
    2,
    2,
    2,
    2,
    2,
    2,
    2,
    2,
    2,
    2,
    2,
    2,
    2,
    1,
    1,
    1,
    2,
    1,
    2,
    2,
    2,
    2,
    2,
    2,
    2,
    2,
    2,
    2,
    2,
    2,
    2,
    2,
    2,
    2,
    2,
    2,
    2,
    2,
    2,
    2,
    2,
    2,
    2,
    2,
    2,
    2,
    2,
    2,
    2,
    2,
    2,
    2,
    2,
    2,
    2,
    2,
    2,
    2,
    2,
    2,
    2,
    2,
    2,
    2,
    2,
    2,
    2,
    2,
    2,
    2,
    2,
    2,
    2,
    2,
    2,
    2,
    2,
    2,
    2,
    2,
    2,
    2,
    2,
    2,
    2,
    2,
    2,
    2,
    2,
    2,
    2,
    2,
    2,
    2,
    2,
    2,
    2,
    2,
    2,
    2,
    2,
    2,
    2,
    2,
    2,
    2,
    2,
    2,
    2,
    2,
    2,
    2,
    2,
    2,
    2,
    2,
    2,
    2,
    2,
    2,
    2,
    2,
    2,
    2,
    2,
    2,
    2,
    2,
    2,
    2,
    2,
    2,
    2,
    2,
    2,
    2,
    2,
    2,
    2,
    2,
    2,
    2,
    2,
    2,
    2,
    2,
    2,
    2,
    2,
    2,
    2,
    2,
    2,
    2,
    2,
    2,
    2,
    2,
    2,
    2,
    2,
    2,
    2,
    2,
    2,
    2,
    2
  ],