{
  "timesteps": [
    0,
    1,
    2,
    3,
    4,
    5,
    6,
    7,
    8,
    9,
    10,
    11,
    12,
    13,
    14,
    15,
    16,
    17,
    18,
    19,
    20,
    21,
    22,
    23,
    24,
    25,
    26,
    27,
    28,
    29,
    30,
    31,
    32,
    33,
    34,
    35,
    36,
    37,
    38,
    39,
    40,
    41,
    42,
    43,
    44,
    45,
    46,
    47,
    48,
    49,
    50,
    51,
    52,
    53,
    54,
    55,
    56,
    57,
    58,
    59,
    60,
    61,
    62,
    63,
    64,
    65,
    66,
    67,
    68,
    69,
    70,
    71,
    72,
    73,
    74,
    75,
    76,
    77,
    78,
    79,
    80,
    81,
    82,
    83,
    84,
    85,
    86,
    87,
    88,
    89,
    90,
    91,
    92,
    93,
    94,
    95,
    96,
    97,
    98,
    99,
    100,
    101,
    102,
    103,
    104,
    105,
    106,
    107,
    108,
    109,
    110,
    111,
    112,
    113,
    114,
    115,
    116,
    117,
    118,
    119,
    120,
    121,
    122,
    123,
    124,
    125,
    126,
    127,
    128,
    129,
    130,
    131,
    132,
    133,
    134,
    135,
    136,
    137,
    138,
    139,
    140,
    141,
    142,
    143,
    144,
    145,
    146,
    147,
    148,
    149,
    150,
    151,
    152,
    153,
    154,
    155,
    156,
    157,
    158,
    159,
    160,
    161,
    162,
    163,
    164,
    165,
    166,
    167,
    168,
    169,
    170,
    171,
    172,
    173,
    174,
    175,
    176,
    177,
    178,
    179,
    180,
    181,
    182,
    183,
    184,
    185,
    186,
    187,
    188,
    189,
    190,
    191,
    192,
    193,
    194,
    195,
    196,
    197,
    198,
    199
  ],
  "states": [
    50.0,
    50.81073630829792,
    49.36873162315157,
    48.56564534835151,
    50.31521285032578,
    52.011719532739875,
    52.958573021640184,
    52.33651556712037,
    52.02454889600437,
    53.40464808598024,
    52.28284598523642,
    53.89941725939215,
    53.147985833527386,
    53.133073260033406,
    50.88019685983877,
    50.3383944495037,
    49.41567464913749,
    50.19091187124001,
    50.00591828850714,
    48.24666158637003,
    49.535428134610534,
    49.03971170018299,
    47.715791336784164,
    46.257414334201336,
    48.092271093994064,
    48.419780501870235,
    47.671173303226425,
    48.50432248586812,
    46.711210042505556,
    44.50302320513688,
    43.618001441942106,
    44.59734907963439,
    44.647404624869466,
    44.74781742091824,
    45.261516284368284,
    46.46774125398101,
    46.06376882647765,
    45.574077771240795,
    45.48913153687907,
    44.86194935360087,
    43.342429505167864,
    42.03996252702341,
    41.8486768656149,
    40.543923423929286,
    39.18574263311205,
    39.334306707671985,
    38.25219115749965,
    36.701432501038674,
    37.61558041878191,
    39.041575877793285,
    38.66308647611045,
    37.89202433150603,
    35.954365378200244,
    34.83649128620417,
    35.15170095018379,
    35.29388484522614,
    35.81620423348709,
    34.878453772853454,
    36.42032294307508,
    37.040970618813034,
    36.76523057434828,
    37.55938327953449,
    40.1179791380349,
    39.65405044080019,
    39.83074643801774,
    38.81204128445579,
    40.29835127929828,
    40.538011005950544,
    41.535478457444825,
    40.76335798231318,
    41.43051462871847,
    41.70471422480418,
    42.138393486517856,
    42.204290349762516,
    40.88272736456448,
    41.30002652676322,
    39.72895693085958,
    41.3320950542936,
    39.852515821075265,
    40.35303981740761,
    38.73169539982063,
    38.70991427223981,
    40.162395297281115,
    41.99480113306373,
    43.198341951604604,
    41.79820963729772,
    40.91782664269409,
    41.75506220721344,
    40.279025576227056,
    39.24974762228088,
    38.40722009586003,
    38.45723370472607,
    38.48649601293223,
    40.04465891739849,
    41.011536184180954,
    42.18127443497768,
    42.57101130300824,
    41.944645068981124,
    43.4704782351176,
    41.37915641354713,
    42.3005791012485,
    41.728236248850976,
    42.62210890774607,
    42.913209395904495,
    42.40814960654063,
    43.372596805509225,
    43.03661281555453,
    42.55025196280992,
    40.899444189376695,
    41.062637866768505,
    41.06074175230263,
    40.386404563762454,
    40.81600468981628,
    39.65673071474781,
    40.29600440988363,
    41.32990026518907,
    42.458462126341395,
    43.957162121523105,
    42.18514455873931,
    42.74704145757443,
    41.55281638588023,
    40.89985953669904,
    40.71992918284537,
    38.87665038791222,
    39.54405683933675,
    40.136789440502525,
    39.50432832438913,
    38.306951018219856,
    36.975202618756235,
    37.97272943824728,
    38.64573898060915,
    38.820857070751295,
    37.74520469516607,
    36.6505215674853,
    36.479080706910125,
    35.56445635783865,
    35.92182671888442,
    35.47462820267237,
    35.3297286630678,
    35.28418518859096,
    35.78379418107797,
    34.537206170913095,
    33.133871519418264,
    34.44365629083087,
    34.88694750971321,
    35.854550051904546,
    35.44135889407917,
    34.86981287722373,
    34.853188974602006,
    34.449052745043964,
    34.01648199861061,
    32.6576317983414,
    34.08941753740378,
    32.69363991723269,
    30.841341333243747,
    31.92605313986136,
    33.09102614734194,
    33.47178453836174,
    32.228327473181565,
    33.43254480203215,
    34.084559518462825,
    33.72571812584754,
    34.445741472385755,
    35.19108110706909,
    35.918258521934575,
    36.46727783498924,
    36.68249948901723,
    37.800701041650164,
    40.89043776082403,
    39.18416340921195,
    40.77386522956059,
    41.11640830038868,
    40.94575527435017,
    39.89927909797334,
    40.036331292128956,
    39.690769132022766,
    38.94283178729012,
    39.78191443683446,
    37.957523683294134,
    37.55517686993104,
    38.47552862264558,
    38.449867136879774,
    37.50195463297088,
    36.01277030502811,
    34.18928534889789,
    32.61733671252431,
    32.0996021390721,
    32.31208785323412,
    34.16527678948435,
    34.88128101829645,
    34.018304017105216,
    34.58352925183911,
    32.79667162367375,
    33.455255848667605,
    33.85208634200479,
    34.13361444281504,
    34.456008620624736,
    33.298865593423905,
    30.79740945398432,
    32.17590524421266,
    32.18045509006101
  ],
  "actions": [],
  "observations": [
    1,
    1,
    1,
    1,
    1,
    1,
    1,
    1,
    1,
    1,
    1,
    1,
    1,
    1,
    1,
    1,
    1,
    1,
    1,
    1,
    1,
    1,
    1,
    1,
    1,
    1,
    1,
    1,
    1,
    0,
    0,
    0,
    0,
    0,
    1,
    1,
    1,
    1,
    1,
    0,
    0,
    0,
    0,
    0,
    0,
    0,
    0,
    0,
    0,
    0,
    0,
    0,
    0,
    0,
    0,
    0,
    0,
    0,
    0,
    0,
    0,
    0,
    0,
    0,
    0,
    0,
    0,
    0,
    0,
    0,
    0,
    0,
    0,
    0,
    0,
    0,
    0,
    0,
    0,
    0,
    0,
    0,
    0,
    0,
    0,
    0,
    0,
    0,
    0,
    0,
    0,
    0,
    0,
    0,
    0,
    0,
    0,
    0,
    0,
    0,
    0,
    0,
    0,
    0,
    0,
    0,
    0,
    0,
    0,
    0,
    0,
    0,
    0,
    0,
    0,
    0,
    0,
    0,
    0,
    0,
    0,
    0,
    0,
    0,
    0,
    0,
    0,
    0,
    0,
    0,
    0,
    0,
    0,
    0,
    0,
    0,
    0,
    0,
    0,
    0,
    0,
    0,
    0,
    0,
    0,
    0,
    0,
    0,
    0,
    0,
    0,
    0,
    0,
    0,
    0,
    0,
    0,
    0,
    0,
    0,
    0,
    0,
    0,
    0,
    0,
    0,
    0,
    0,
    0,
    0,
    0,
    0,
    0,
    0,
    0,
    0,
    0,
    0,
    0,
    0,
    0,
    0,
    0,
    0,
    0,
    0,
    0,
    0,
    0,
    0,
    0,
    0,
    0,
    0,
    0,
    0,
    0,
    0,
    0,
    0
  ],