{
  "timesteps": [
    0,
    1,
    2,
    3,
    4,
    5,
    6,
    7,
    8,
    9,
    10,
    11,
    12,
    13,
    14,
    15,
    16,
    17,
    18,
    19,
    20,
    21,
    22,
    23,
    24,
    25,
    26,
    27,
    28,
    29,
    30,
    31,
    32,
    33,
    34,
    35,
    36,
    37,
    38,
    39,
    40,
    41,
    42,
    43,
    44,
    45,
    46,
    47,
    48,
    49,
    50,
    51,
    52,
    53,
    54,
    55,
    56,
    57,
    58,
    59,
    60,
    61,
    62,
    63,
    64,
    65,
    66,
    67,
    68,
    69,
    70,
    71,
    72,
    73,
    74,
    75,
    76,
    77,
    78,
    79,
    80,
    81,
    82,
    83,
    84,
    85,
    86,
    87,
    88,
    89,
    90,
    91,
    92,
    93,
    94,
    95,
    96,
    97,
    98,
    99,
    100,
    101,
    102,
    103,
    104,
    105,
    106,
    107,
    108,
    109,
    110,
    111,
    112,
    113,
    114,
    115,
    116,
    117,
    118,
    119,
    120,
    121,
    122,
    123,
    124,
    125,
    126,
    127,
    128,
    129,
    130,
    131,
    132,
    133,
    134,
    135,
    136,
    137,
    138,
    139,
    140,
    141,
    142,
    143,
    144,
    145,
    146,
    147,
    148,
    149,
    150,
    151,
    152,
    153,
    154,
    155,
    156,
    157,
    158,
    159,
    160,
    161,
    162,
    163,
    164,
    165,
    166,
    167,
    168,
    169,
    170,
    171,
    172,
    173,
    174,
    175,
    176,
    177,
    178,
    179,
    180,
    181,
    182,
    183,
    184,
    185,
    186,
    187,
    188,
    189,
    190,
    191,
    192,
    193,
    194,
    195,
    196,
    197,
    198,
    199
  ],
  "states": [
    50.0,
    49.39741117092304,
    48.753650683012175,
    49.266992302565924,
    50.48378691700138,
    51.078597535600565,
    50.642363970083096,
    50.42315997505964,
    51.677765815972776,
    50.962710468980475,
    50.868409281144096,
    50.58366559111777,
    49.734498625171405,
    49.827631121397324,
    49.69387228471239,
    49.23798773557272,
    48.87802676502016,
    48.92310005296236,
    48.35176426608887,
    48.61535093400357,
    48.45994384439667,
    48.83554333147944,
    48.31179700954851,
    49.09913219753815,
    48.64593182907901,
    48.49161189926389,
    47.76117112892863,
    47.717897537691265,
    46.552337147495756,
    47.08031786536819,
    46.72704851053321,
    47.08492349635586,
    47.523081525528646,
    47.87550857267631,
    47.93674436640524,
    47.124732302369196,
    46.65685416042162,
    47.69700721924471,
    47.60518070067553,
    46.453103324877155,
    46.36277738786433,
    46.09039808249779,
    45.90758723636458,
    46.29547330482073,
    46.99290509328682,
    46.672529474544945,
    45.849387123908016,
    45.70361595891756,
    45.89305473687139,
    46.52641705572396,
    46.79940683803673,
    46.748259084482264,
    46.28851685541908,
    46.84325231363201,
    47.04389284852318,
    47.43945778561887,
    47.57470137996511,
    48.31927672868516,
    48.533665352385974,
    47.544489360265985,
    48.16308146330797,
    47.838856511624016,
    47.44062389469935,
    46.788243998014565,
    46.72701652924487,
    46.63165935525969,
    46.61615517106036,
    46.92323331837646,
    46.70264760279584,
    46.16785353042371,
    46.07141613584771,
    46.2709592318181,
    45.96620617871136,
    45.867716105060246,
    45.93857388169462,
    47.393019067844534,
    47.57480682406696,
    47.579249323926845,
    47.642643019063726,
    47.89597823270579,
    48.7506049694608,
    49.063357705187514,
    49.34048909067357,
    50.01346062208467,
    49.98262055632035,
    50.1187782055325,
    49.85720176313368,
    49.447274891728355,
    50.04329412345043,
    49.766720506007246,
    49.428197760317296,
    49.67698232492448,
    50.78152442639839,
    52.139220573561154,
    53.1331442974644,
    53.49147372354733,
    53.56743834964776,
    54.076061138541014,
    53.5745953883501,
    53.99532169123666,
    53.874425463912274,
    53.38103023902007,
    54.048838206335624,
    53.444039058571335,
    54.1461523882298,
    54.16571932541258,
    54.58425922922949,
    54.589137627493415,
    54.822698803242545,
    55.15743724843938,
    55.10230932274268,
    55.483043525599584,
    55.518434920367454,
    54.548219092800835,
    55.26050169156511,
    55.29030258267878,
    55.71238293812686,
    56.39618792991741,
    55.05103014065007,
    54.126575016377814,
    54.31079344402883,
    54.585931785339284,
    55.28349997970168,
    55.12907136436152,
    55.7027460333806,
    55.45546232380838,
    55.97645215230398,
    54.86636909234156,
    54.219386362848375,
    54.95362282743874,
    55.508942930193655,
    55.72658495206613,
    55.48311915695621,
    54.60291167205568,
    55.74471883833963,
    55.94348329708579,
    56.20031838096437,
    56.516211998450004,
    56.711927308736584,
    56.52489925635497,
    56.69823745226682,
    57.36041099874642,
    59.09754006526626,
    58.55988186562519,
    58.74531049311601,
    58.36249299388049,
    59.011068794488445,
    58.326980821115114,
    58.67347867176915,
    58.52383138988031,
    58.01060157584698,
    58.28528053635837,
    58.20247598944997,
    58.34896539044358,
    58.582021081936155,
    59.26631658856813,
    59.28837778562606,
    59.81537149300148,
    59.43943916895112,
    59.75814912882641,
    60.06390394556413,
    60.37735150054727,
    59.54059417814591,
    59.92047836249539,
    60.13333744066965,
    59.016394118100074,
    59.092400076987225,
    59.20736313116015,
    58.865633300399175,
    58.447994102049314,
    57.58550649193252,
    57.92111965899082,
    58.419204248603876,
    58.04231056653182,
    57.56241399673286,
    57.70633753019273,
    57.98552025543277,
    57.21539822019652,
    57.124117225781916,
    57.13085155116823,
    57.805548380884524,
    58.22034357436646,
    58.412121289609395,
    57.305581261467616,
    56.91861322721982,
    56.56912836865259,
    55.84393171790263,
    55.57289759279238,
    56.01267638488293,
    55.679759393602446,
    55.90744870755371,
    56.515629285980765,
    56.03188588878261,
    56.09842084219456,
    55.47387054015465,
    54.92464842328968,
    54.70693060617294,
    53.96332978182892,
    54.0689653139425,
    54.512395070930246,
    54.40340836931343
  ],
  "actions": [],
  "observations": [
    1,
    1,
    1,
    1,
    1,
    1,
    1,
    1,
    1,
    1,
    1,
    1,
    1,
    1,
    1,
    1,
    1,
    1,
    1,
    1,
    1,
    1,
    1,
    1,
    1,
    1,
    1,
    1,
    1,
    1,
    1,
    1,
    1,
    1,
    1,
    1,
    1,
    1,
    1,
    1,
    1,
    1,
    1,
    1,
    1,
    1,
    1,
    1,
    1,
    1,
    1,
    1,
    1,
    1,
    1,
    1,
    1,
    1,
    1,
    1,
    1,
    1,
    1,
    1,
    1,
    1,
    1,
    1,
    1,
    1,
    1,
    1,
    1,
    1,
    1,
    1,
    1,
    1,
    1,
    1,
    1,
    1,
    1,
    1,
    1,
    1,
    1,
    1,
    1,
    1,
    1,
    1,
    1,
    1,
    1,
    1,
    1,
    1,
    1,
    1,
    1,
    1,
    1,
    1,
    1,
    1,
    1,
    1,
    1,
    2,
    2,
    2,
    2,
    1,
    2,
    2,
    2,
    2,
    2,
    1,
    1,
    1,
    2,
    2,
    2,
    2,
    2,
    1,
    1,
    1,
    2,
    2,
    2,
    1,
    2,
    2,
    2,
    2,
    2,
    2,
    2,
    2,
    2,
    2,
    2,
    2,
    2,
    2,
    2,
    2,
    2,
    2,
    2,
    2,
    2,
    2,
    2,
    2,
    2,
    2,
    2,
    2,
    2,
    2,
    2,
    2,
    2,
    2,
    2,
    2,
    2,
    2,
    2,
    2,
    2,
    2,
    2,
    2,
    2,
    2,
    2,
    2,
    2,
    2,
    2,
    2,
    2,
    2,
    2,
    2,
    2,
    2,
    2,
    2,
    2,
    1,
    1,
    1,
    1,
    1
  ],