{
  "timesteps": [
    0,
    1,
    2,
    3,
    4,
    5,
    6,
    7,
    8,
    9,
    10,
    11,
    12,
    13,
    14,
    15,
    16,
    17,
    18,
    19,
    20,
    21,
    22,
    23,
    24,
    25,
    26,
    27,
    28,
    29,
    30,
    31,
    32,
    33,
    34,
    35,
    36,
    37,
    38,
    39,
    40,
    41,
    42,
    43,
    44,
    45,
    46,
    47,
    48,
    49,
    50,
    51,
    52,
    53,
    54,
    55,
    56,
    57,
    58,
    59,
    60,
    61,
    62,
    63,
    64,
    65,
    66,
    67,
    68,
    69,
    70,
    71,
    72,
    73,
    74,
    75,
    76,
    77,
    78,
    79,
    80,
    81,
    82,
    83,
    84,
    85,
    86,
    87,
    88,
    89,
    90,
    91,
    92,
    93,
    94,
    95,
    96,
    97,
    98,
    99,
    100,
    101,
    102,
    103,
    104,
    105,
    106,
    107,
    108,
    109,
    110,
    111,
    112,
    113,
    114,
    115,
    116,
    117,
    118,
    119,
    120,
    121,
    122,
    123,
    124,
    125,
    126,
    127,
    128,
    129,
    130,
    131,
    132,
    133,
    134,
    135,
    136,
    137,
    138,
    139,
    140,
    141,
    142,
    143,
    144,
    145,
    146,
    147,
    148,
    149,
    150,
    151,
    152,
    153,
    154,
    155,
    156,
    157,
    158,
    159,
    160,
    161,
    162,
    163,
    164,
    165,
    166,
    167,
    168,
    169,
    170,
    171,
    172,
    173,
    174,
    175,
    176,
    177,
    178,
    179,
    180,
    181,
    182,
    183,
    184,
    185,
    186,
    187,
    188,
    189,
    190,
    191,
    192,
    193,
    194,
    195,
    196,
    197,
    198,
    199
  ],
  "states": [
    50.0,
    49.213187800948255,
    47.48311763691889,
    48.42798217459894,
    46.91712000724723,
    46.207463714563104,
    47.066270230056844,
    46.57038367512057,
    47.002271601784315,
    46.98395825708722,
    46.55538896292775,
    46.75962782053719,
    47.6833424859682,
    46.78825158559755,
    46.02050012939798,
    46.81927575915626,
    46.24730136733365,
    44.686855494806224,
    46.7861140202617,
    46.6688768541356,
    45.75834225968287,
    44.84082985748974,
    44.19778710188061,
    44.507066548055086,
    45.55966137363604,
    45.858379135759854,
    45.09070416319075,
    46.036848788507164,
    46.171569471522965,
    46.53484099136371,
    46.92238148366167,
    46.341710083452874,
    45.61956146664079,
    46.188899128696264,
    46.789124067381856,
    46.64354429209924,
    45.8950041132344,
    44.793742157245916,
    43.74235916603808,
    43.308970054669985,
    44.03283263191257,
    45.14881462473211,
    43.85725567837364,
    43.5749189440464,
    43.723863012379546,
    43.6794970603072,
    44.41504673445034,
    43.84616498237067,
    43.812177131088575,
    42.86965131295298,
    43.94883780839769,
    42.87322019655843,
    42.493201217600074,
    42.349220645884955,
    42.394584695604465,
    41.900235237019814,
    40.859421743762404,
    40.73324553557237,
    40.0704460565259,
    39.52409303514291,
    38.30888423519859,
    38.506195716285355,
    39.58269385769864,
    40.4408146981885,
    39.60961310060479,
    39.413911708482416,
    40.383737356174855,
    39.78265950539713,
    39.77152772146664,
    38.7504864959764,
    38.60522561222969,
    36.49699708815446,
    35.98254137621092,
    34.676673036534744,
    35.09425824047576,
    35.81458369584795,
    34.98601104291585,
    35.65502571156512,
    34.75724842527092,
    34.62750176190535,
    33.06188364833451,
    31.72644473627657,
    31.205364231870355,
    31.40945782576499,
    31.67537043345702,
    29.858125761893806,
    29.712512400724865,
    30.43251464705166,
    29.990497483714872,
    28.776355808826704,
    29.38148620408901,
    29.37004414014068,
    29.264694169534945,
    30.69631691422778,
    30.4687646639989,
    29.88112297573089,
    28.84521963353641,
    28.702886857585394,
    29.336218227979597,
    29.476670957131148,
    31.103974654551134,
    29.684050152724605,
    30.46083919399722,
    30.19422152555181,
    30.007737435305,
    30.213284111124192,
    30.288908591632058,
    29.108274148189356,
    30.259761126401546,
    29.58157228525436,
    29.49318071221317,
    28.39801922093857,
    27.651478117262563,
    27.57734605418691,
    27.223134497870635,
    27.121804644363884,
    26.58106082102885,
    24.72101265902721,
    24.13710732026326,
    24.574107975214858,
    24.852947660167327,
    23.99776377406401,
    23.225315215082862,
    24.339451709682855,
    24.03418613368053,
    24.22437427690519,
    24.611229702697376,
    24.549938897146685,
    23.73339380153346,
    23.798056803154168,
    24.378836728604078,
    24.989083415997424,
    26.282859080102522,
    25.780460886073598,
    24.357192412911697,
    23.39771337300719,
    21.57833265651889,
    20.856356868974167,
    21.485004725211827,
    21.35605882805211,
    20.55669132678739,
    21.165206494133603,
    20.641127776638093,
    20.398054111546074,
    20.45966593853389,
    20.745158667739883,
    21.841381968410495,
    22.22451441475294,
    22.897814591398525,
    22.569709220566025,
    23.10474349151394,
    22.724146977906024,
    22.14261192759388,
    22.05959981406193,
    22.264977497094016,
    22.29113072921935,
    21.752038478181717,
    21.130922261221823,
    21.032326912384622,
    20.737781604037817,
    20.844179356816092,
    21.731637983333428,
    21.76163807571718,
    22.257275420962014,
    21.271200991692208,
    20.36151417131343,
    19.335302961432898,
    18.1109715966235,
    18.930082471526454,
    18.87981225155066,
    18.460789618150024,
    17.00797799486229,
    17.578743301167734,
    17.869683909146932,
    18.2769167877463,
    18.46321311663693,
    19.775853792050597,
    19.686536945689323,
    21.04906900591186,
    22.0043461601705,
    22.863633572535406,
    22.771660189014373,
    21.965658419035798,
    21.56586823833495,
    21.35278211736795,
    20.061057741962216,
    19.27079619773878,
    19.6163968144986,
    19.826841037271027,
    19.783566836966827,
    19.510893118527534,
    19.449141713687204,
    19.625811277585882,
    18.963391068044043,
    18.864811489881042,
    18.979782933354176,
    18.88395824223265,
    18.78299703988407,
    18.995807780217348,
    18.782127549852607,
    18.892157161064194
  ],
  "actions": [],
  "observations": [
    1,
    1,
    1,
    1,
    1,
    1,
    1,
    1,
    1,
    1,
    1,
    1,
    1,
    1,
    1,
    1,
    1,
    0,
    1,
    1,
    1,
    0,
    0,
    0,
    1,
    1,
    1,
    1,
    1,
    1,
    1,
    1,
    1,
    1,
    1,
    1,
    1,
    0,
    0,
    0,
    0,
    1,
    0,
    0,
    0,
    0,
    0,
    0,
    0,
    0,
    0,
    0,
    0,
    0,
    0,
    0,
    0,
    0,
    0,
    0,
    0,
    0,
    0,
    0,
    0,
    0,
    0,
    0,
    0,
    0,
    0,
    0,
    0,
    0,
    0,
    0,
    0,
    0,
    0,
    0,
    0,
    0,
    0,
    0,
    0,
    0,
    0,
    0,
    0,
    0,
    0,
    0,
    0,
    0,
    0,
    0,
    0,
    0,
    0,
    0,
    0,
    0,
    0,
    0,
    0,
    0,
    0,
    0,
    0,
    0,
    0,
    0,
    0,
    0,
    0,
    0,
    0,
    0,
    0,
    0,
    0,
    0,
    0,
    0,
    0,
    0,
    0,
    0,
    0,
    0,
    0,
    0,
    0,
    0,
    0,
    0,
    0,
    0,
    0,
    0,
    0,
    0,
    0,
    0,
    0,
    0,
    0,
    0,
    0,
    0,
    0,
    0,
    0,
    0,
    0,
    0,
    0,
    0,
    0,
    0,
    0,
    0,
    0,
    0,
    0,
    0,
    0,
    0,
    0,
    0,
    0,
    0,
    0,
    0,
    0,
    0,
    0,
    0,
    0,
    0,
    0,
    0,
    0,
    0,
    0,
    0,
    0,
    0,
    0,
    0,
    0,
    0,
    0,
    0,
    0,
    0,
    0,
    0,
    0,
    0
  ],