{
  "timesteps": [
    0,
    1,
    2,
    3,
    4,
    5,
    6,
    7,
    8,
    9,
    10,
    11,
    12,
    13,
    14,
    15,
    16,
    17,
    18,
    19,
    20,
    21,
    22,
    23,
    24,
    25,
    26,
    27,
    28,
    29,
    30,
    31,
    32,
    33,
    34,
    35,
    36,
    37,
    38,
    39,
    40,
    41,
    42,
    43,
    44,
    45,
    46,
    47,
    48,
    49,
    50,
    51,
    52,
    53,
    54,
    55,
    56,
    57,
    58,
    59,
    60,
    61,
    62,
    63,
    64,
    65,
    66,
    67,
    68,
    69,
    70,
    71,
    72,
    73,
    74,
    75,
    76,
    77,
    78,
    79,
    80,
    81,
    82,
    83,
    84,
    85,
    86,
    87,
    88,
    89,
    90,
    91,
    92,
    93,
    94,
    95,
    96,
    97,
    98,
    99,
    100,
    101,
    102,
    103,
    104,
    105,
    106,
    107,
    108,
    109,
    110,
    111,
    112,
    113,
    114,
    115,
    116,
    117,
    118,
    119,
    120,
    121,
    122,
    123,
    124,
    125,
    126,
    127,
    128,
    129,
    130,
    131,
    132,
    133,
    134,
    135,
    136,
    137,
    138,
    139,
    140,
    141,
    142,
    143,
    144,
    145,
    146,
    147,
    148,
    149,
    150,
    151,
    152,
    153,
    154,
    155,
    156,
    157,
    158,
    159,
    160,
    161,
    162,
    163,
    164,
    165,
    166,
    167,
    168,
    169,
    170,
    171,
    172,
    173,
    174,
    175,
    176,
    177,
    178,
    179,
    180,
    181,
    182,
    183,
    184,
    185,
    186,
    187,
    188,
    189,
    190,
    191,
    192,
    193,
    194,
    195,
    196,
    197,
    198,
    199
  ],
  "states": [
    50.0,
    48.06625075470406,
    48.94524392431453,
    51.94875588341408,
    51.99413287083077,
    52.75807054545924,
    52.058663049129414,
    54.31335943148601,
    52.836790659150516,
    54.21112232376989,
    53.469281211919025,
    54.70846953033379,
    55.22976540352642,
    53.38664253340727,
    50.47966616946117,
    51.467239178449034,
    53.29306783599239,
    53.90613140935224,
    54.41979108429324,
    56.349628137266485,
    55.89243054205402,
    54.20781519989809,
    53.75784379074188,
    51.611496273194994,
    53.13745936287276,
    54.71824164958312,
    55.480564089137694,
    57.80380479687953,
    58.14405414297432,
    59.58607056946866,
    59.54190548346008,
    57.48170862761835,
    58.864725993468504,
    58.9577003773209,
    59.11795326568318,
    57.4441373685456,
    58.1541511767705,
    59.04339133042432,
    62.667107285948525,
    60.56515249741611,
    59.158989198208765,
    58.57424368616707,
    57.02772739161867,
    55.73337972107835,
    56.077068064853506,
    58.46319992752549,
    57.2642116144053,
    57.39669460992819,
    59.246893313018134,
    61.766456197108624,
    65.06904359234497,
    65.67035448983498,
    66.80819149342554,
    65.18159850869341,
    64.171779855321,
    66.21769792447871,
    68.26844804033074,
    68.90988982321932,
    70.43124256450743,
    72.19493770480796,
    70.35194215145216,
    70.41738164326065,
    71.55604728681476,
    69.80289721621929,
    70.11965140478029,
    70.53345350931089,
    70.0356807397989,
    70.88124427789678,
    70.92087625781174,
    70.25780295635403,
    71.32382334298859,
    69.55219240336022,
    70.50706478114442,
    71.04708340469769,
    72.02363183845779,
    71.58090677348956,
    70.56969519210816,
    70.18200466774054,
    69.83461249559726,
    70.38422617469384,
    69.55925171584624,
    67.51411806844077,
    71.04466048790812,
    70.81827639786725,
    69.66859211852072,
    70.24155910987551,
    68.91568585132619,
    70.79404994615375,
    72.00220779693441,
    74.51558355517167,
    74.16740626424826,
    70.91145435304006,
    70.35124186359639,
    69.05347403209885,
    69.03212994820254,
    68.93836743473902,
    70.34609534157849,
    68.96606050647253,
    67.30285676787273,
    67.06261207269914,
    66.91578330761506,
    69.33644313900265,
    68.67848816768087,
    68.44328765217705,
    65.86468582266497,
    65.54242995405191,
    65.17162105097132,
    64.70369661723002,
    63.97129839818633,
    62.31000500729574,
    59.72319098972446,
    59.10324792665137,
    60.697207869322156,
    58.847857488275515,
    60.991660119569744,
    61.30760584174126,
    60.46725658294659,
    62.73401592974007,
    63.73761722829947,
    63.17076181044091,
    61.75453289635674,
    61.718031434851675,
    61.08421823693283,
    57.74573081083407,
    55.94462003173989,
    57.980765724431066,
    59.49766041801682,
    58.274064284320595,
    58.872439523390696,
    58.00203692332278,
    60.64941452828774,
    59.33080524372054,
    58.29887224826787,
    57.10834799189822,
    55.129376647316974,
    54.09787913944081,
    53.747897468671184,
    53.04648036609891,
    54.02556712733233,
    54.49010226771267,
    53.2537479952402,
    49.64572204841027,
    48.93150177626584,
    48.228604895339046,
    48.541182962420734,
    49.76890247193667,
    49.75056413261193,
    50.957428878356595,
    52.253201231418835,
    51.778184146668615,
    51.95608132583062,
    48.392517153639695,
    50.3344143960163,
    50.82141885606711,
    49.001088556763946,
    48.075189981096315,
    46.930480536707115,
    47.66992947012184,
    46.649393368470484,
    44.546552469647004,
    46.84809836340132,
    45.24113068556824,
    43.792829400223454,
    44.85342336657164,
    41.50059637947396,
    42.545045299204546,
    41.5696429280146,
    41.501721626549966,
    40.29145685132412,
    41.17320130313605,
    40.71179171386136,
    39.81750649457344,
    40.25188572296549,
    37.83640394829059,
    39.37978426509874,
    40.73024830517213,
    42.89855831261872,
    46.32077985107457,
    44.25045756052686,
    43.6931976000167,
    44.78232688147934,
    46.593513771479635,
    48.73584407779993,
    49.34476106818528,
    48.73134172835075,
    49.934845560890636,
    46.04799107572713,
    46.31025011785723,
    48.57404361642641,
    48.159282568943226,
    48.75104977537984,
    51.06766383633263,
    52.52523873722579,
    55.56935770638241,
    53.49810067466544,
    55.95025614761903,
    59.281439008673026,
    59.2726223782485,
    61.152593343223195,
    58.91380858049031,
    60.2805738360518
  ],
  "actions": [],
  "observations": [
    1,
    1,
    1,
    1,
    1,
    1,
    1,
    1,
    1,
    1,
    1,
    1,
    2,
    1,
    1,
    1,
    1,
    1,
    1,
    2,
    2,
    1,
    1,
    1,
    1,
    1,
    2,
    2,
    2,
    2,
    2,
    2,
    2,
    2,
    2,
    2,
    2,
    2,
    2,
    2,
    2,
    2,
    2,
    2,
    2,
    2,
    2,
    2,
    2,
    2,
    2,
    2,
    2,
    2,
    2,
    2,
    2,
    2,
    2,
    2,
    2,
    2,
    2,
    2,
    2,
    2,
    2,
    2,
    2,
    2,
    2,
    2,
    2,
    2,
    2,
    2,
    2,
    2,
    2,
    2,
    2,
    2,
    2,
    2,
    2,
    2,
    2,
    2,
    2,
    2,
    2,
    2,
    2,
    2,
    2,
    2,
    2,
    2,
    2,
    2,
    2,
    2,
    2,
    2,
    2,
    2,
    2,
    2,
    2,
    2,
    2,
    2,
    2,
    2,
    2,
    2,
    2,
    2,
    2,
    2,
    2,
    2,
    2,
    2,
    2,
    2,
    2,
    2,
    2,
    2,
    2,
    2,
    2,
    2,
    2,
    1,
    1,
    1,
    1,
    1,
    1,
    1,
    1,
    1,
    1,
    1,
    1,
    1,
    1,
    1,
    1,
    1,
    1,
    1,
    1,
    1,
    1,
    1,
    1,
    0,
    1,
    1,
    0,
    0,
    0,
    0,
    0,
    0,
    0,
    0,
    0,
    0,
    0,
    0,
    0,
    0,
    0,
    1,
    0,
    0,
    0,
    1,
    1,
    1,
    1,
    1,
    1,
    1,
    1,
    1,
    1,
    1,
    1,
    2,
    1,
    2,
    2,
    2,
    2,
    2
  ],