{
  "timesteps": [
    0,
    1,
    2,
    3,
    4,
    5,
    6,
    7,
    8,
    9,
    10,
    11,
    12,
    13,
    14,
    15,
    16,
    17,
    18,
    19,
    20,
    21,
    22,
    23,
    24,
    25,
    26,
    27,
    28,
    29,
    30,
    31,
    32,
    33,
    34,
    35,
    36,
    37,
    38,
    39,
    40,
    41,
    42,
    43,
    44,
    45,
    46,
    47,
    48,
    49,
    50,
    51,
    52,
    53,
    54,
    55,
    56,
    57,
    58,
    59,
    60,
    61,
    62,
    63,
    64,
    65,
    66,
    67,
    68,
    69,
    70,
    71,
    72,
    73,
    74,
    75,
    76,
    77,
    78,
    79,
    80,
    81,
    82,
    83,
    84,
    85,
    86,
    87,
    88,
    89,
    90,
    91,
    92,
    93,
    94,
    95,
    96,
    97,
    98,
    99,
    100,
    101,
    102,
    103,
    104,
    105,
    106,
    107,
    108,
    109,
    110,
    111,
    112,
    113,
    114,
    115,
    116,
    117,
    118,
    119,
    120,
    121,
    122,
    123,
    124,
    125,
    126,
    127,
    128,
    129,
    130,
    131,
    132,
    133,
    134,
    135,
    136,
    137,
    138,
    139,
    140,
    141,
    142,
    143,
    144,
    145,
    146,
    147,
    148,
    149,
    150,
    151,
    152,
    153,
    154,
    155,
    156,
    157,
    158,
    159,
    160,
    161,
    162,
    163,
    164,
    165,
    166,
    167,
    168,
    169,
    170,
    171,
    172,
    173,
    174,
    175,
    176,
    177,
    178,
    179,
    180,
    181,
    182,
    183,
    184,
    185,
    186,
    187,
    188,
    189,
    190,
    191,
    192,
    193,
    194,
    195,
    196,
    197,
    198,
    199
  ],
  "states": [
    50.0,
    48.95241283396977,
    49.2707670153646,
    49.38409644292709,
    49.92086304796587,
    48.44386163771354,
    48.82837561029808,
    47.66634266700354,
    48.51513546914529,
    48.258311971968745,
    48.372275384130866,
    47.67276823027864,
    47.452503232785524,
    48.8756888772539,
    47.70048903061665,
    46.93274709781752,
    45.80732265793182,
    45.73091011688172,
    45.48513228804755,
    43.61554443331564,
    44.87766033954357,
    44.39406455030342,
    44.764264125918736,
    44.0020149456111,
    44.270970229241385,
    45.0183586451112,
    43.95829106642426,
    42.07127351196815,
    41.535161929475855,
    41.5968973917187,
    42.90183624114446,
    43.57792229062876,
    42.918467442445426,
    42.7279125998962,
    42.966298096007485,
    44.078637076929994,
    44.73067344681463,
    45.33098880750969,
    46.29400755981091,
    44.56346443872505,
    43.458722622413106,
    43.408682737784,
    43.743116496212785,
    44.00902480419642,
    41.81629108896664,
    42.860106609138775,
    42.380557927396026,
    44.340072771048284,
    43.69321242799517,
    42.90811579582866,
    43.013559313710594,
    43.144322975568734,
    44.05580468552867,
    42.02680346907164,
    41.84356030741363,
    44.136980531936636,
    43.316443250808774,
    41.91185960614374,
    40.531823777561314,
    40.51264564712226,
    41.722669684816665,
    41.643708965757575,
    40.6406541537627,
    40.125776347987596,
    41.79463400818976,
    41.695501619641796,
    39.69760637682177,
    39.63500477688238,
    40.77474726699064,
    42.628931278994905,
    41.66909654452736,
    42.50714123732978,
    41.138024977990334,
    41.41162704615277,
    40.12916528940279,
    39.364198202629154,
    38.90614642400898,
    40.712707066027725,
    39.920579747216664,
    39.1596346008879,
    38.64214629922863,
    38.68404676189155,
    41.037794408013504,
    41.421249705417516,
    40.018562469788115,
    39.61622046582174,
    39.06453812929057,
    40.17214420041467,
    40.31672363608376,
    40.5765081948462,
    39.71761966150382,
    39.67393059058757,
    39.36550529363482,
    39.553430142090676,
    40.14862015854209,
    40.983247740764824,
    40.231783417015315,
    38.65988022876407,
    38.74315716945562,
    39.036056704613586,
    38.889411988978786,
    37.428262028446184,
    38.18920539629769,
    38.79734075519654,
    37.70617092613531,
    36.641089627310876,
    36.460763657180685,
    35.7766722198987,
    37.162132902833726,
    37.84587286603071,
    36.019317818256404,
    35.98886298642954,
    35.6167532423433,
    35.881917456923766,
    35.09362765866128,
    35.187748668337534,
    35.41049304751047,
    34.0662449424298,
    34.46068526947417,
    34.17735420924376,
    33.299040253334006,
    33.898203017554074,
    33.61652489564395,
    34.34490285138813,
    34.34178517444795,
    34.693934904851304,
    34.88355813469618,
    34.48430461618172,
    34.68480730553378,
    33.295449599795994,
    32.74449356292303,
    32.620886507822334,
    32.01770914221083,
    32.98498441043565,
    33.783478516099485,
    33.9904254426811,
    32.99008308672565,
    34.04253427382666,
    35.36740793601065,
    33.874033321121296,
    32.856115195438925,
    33.39632108507134,
    33.89979162965123,
    34.29628318736494,
    33.053839244957835,
    33.26478901204028,
    34.15579780958641,
    34.17332419656486,
    34.87322889297001,
    36.33123469032211,
    35.121675229177725,
    35.15456465362755,
    35.39383595879566,
    35.87379430288116,
    36.63551865241877,
    36.38747495365317,
    37.08493201652322,
    36.19272333713619,
    35.333653979404716,
    36.12524111197726,
    36.93508195288214,
    36.96338777197666,
    36.421617387413065,
    37.086690433248016,
    36.964200098765566,
    37.218770894467234,
    35.573011291548845,
    35.900104454649075,
    34.6235280674538,
    33.330931571108586,
    35.504076762860265,
    35.43169156269249,
    36.37898581991994,
    36.26949305832508,
    35.243052662326924,
    36.69054836950543,
    35.977842358163635,
    34.32342848402017,
    35.451843021346434,
    35.75636083778244,
    35.61157283580293,
    35.116800897847256,
    35.173153543244624,
    36.52468859559201,
    35.89072094917365,
    36.561412863531565,
    36.623718814009074,
    39.07751085546107,
    37.48745037005055,
    38.04375089744406,
    38.53899901794057,
    36.43884837926976,
    34.46338703470002,
    35.4227822668654,
    36.49338781669565,
    36.71551669712625,
    36.786361390080565,
    36.32781341886587,
    36.02656617923956,
    35.4937543838821,
    36.52534445811873
  ],
  "actions": [],
  "observations": [
    1,
    1,
    1,
    1,
    1,
    1,
    1,
    1,
    1,
    1,
    1,
    1,
    1,
    1,
    1,
    1,
    1,
    1,
    1,
    0,
    0,
    0,
    0,
    0,
    0,
    1,
    0,
    0,
    0,
    0,
    0,
    0,
    0,
    0,
    0,
    0,
    0,
    1,
    1,
    0,
    0,
    0,
    0,
    0,
    0,
    0,
    0,
    0,
    0,
    0,
    0,
    0,
    0,
    0,
    0,
    0,
    0,
    0,
    0,
    0,
    0,
    0,
    0,
    0,
    0,
    0,
    0,
    0,
    0,
    0,
    0,
    0,
    0,
    0,
    0,
    0,
    0,
    0,
    0,
    0,
    0,
    0,
    0,
    0,
    0,
    0,
    0,
    0,
    0,
    0,
    0,
    0,
    0,
    0,
    0,
    0,
    0,
    0,
    0,
    0,
    0,
    0,
    0,
    0,
    0,
    0,
    0,
    0,
    0,
    0,
    0,
    0,
    0,
    0,
    0,
    0,
    0,
    0,
    0,
    0,
    0,
    0,
    0,
    0,
    0,
    0,
    0,
    0,
    0,
    0,
    0,
    0,
    0,
    0,
    0,
    0,
    0,
    0,
    0,
    0,
    0,
    0,
    0,
    0,
    0,
    0,
    0,
    0,
    0,
    0,
    0,
    0,
    0,
    0,
    0,
    0,
    0,
    0,
    0,
    0,
    0,
    0,
    0,
    0,
    0,
    0,
    0,
    0,
    0,
    0,
    0,
    0,
    0,
    0,
    0,
    0,
    0,
    0,
    0,
    0,
    0,
    0,
    0,
    0,
    0,
    0,
    0,
    0,
    0,
    0,
    0,
    0,
    0,
    0,
    0,
    0,
    0,
    0,
    0,
    0
  ],