{
  "timesteps": [
    0,
    1,
    2,
    3,
    4,
    5,
    6,
    7,
    8,
    9,
    10,
    11,
    12,
    13,
    14,
    15,
    16,
    17,
    18,
    19,
    20,
    21,
    22,
    23,
    24,
    25,
    26,
    27,
    28,
    29,
    30,
    31,
    32,
    33,
    34,
    35,
    36,
    37,
    38,
    39,
    40,
    41,
    42,
    43,
    44,
    45,
    46,
    47,
    48,
    49,
    50,
    51,
    52,
    53,
    54,
    55,
    56,
    57,
    58,
    59,
    60,
    61,
    62,
    63,
    64,
    65,
    66,
    67,
    68,
    69,
    70,
    71,
    72,
    73,
    74,
    75,
    76,
    77,
    78,
    79,
    80,
    81,
    82,
    83,
    84,
    85,
    86,
    87,
    88,
    89,
    90,
    91,
    92,
    93,
    94,
    95,
    96,
    97,
    98,
    99,
    100,
    101,
    102,
    103,
    104,
    105,
    106,
    107,
    108,
    109,
    110,
    111,
    112,
    113,
    114,
    115,
    116,
    117,
    118,
    119,
    120,
    121,
    122,
    123,
    124,
    125,
    126,
    127,
    128,
    129,
    130,
    131,
    132,
    133,
    134,
    135,
    136,
    137,
    138,
    139,
    140,
    141,
    142,
    143,
    144,
    145,
    146,
    147,
    148,
    149,
    150,
    151,
    152,
    153,
    154,
    155,
    156,
    157,
    158,
    159,
    160,
    161,
    162,
    163,
    164,
    165,
    166,
    167,
    168,
    169,
    170,
    171,
    172,
    173,
    174,
    175,
    176,
    177,
    178,
    179,
    180,
    181,
    182,
    183,
    184,
    185,
    186,
    187,
    188,
    189,
    190,
    191,
    192,
    193,
    194,
    195,
    196,
    197,
    198,
    199
  ],
  "states": [
    50.0,
    51.18172985993747,
    49.65137725084561,
    51.131227961061775,
    50.45875062866624,
    50.72949452671171,
    50.6595947531047,
    51.43772441544582,
    52.127351086778305,
    52.10654787919298,
    51.05172146252737,
    53.42633283961884,
    52.886888485624866,
    51.83875329289404,
    50.1330263459592,
    49.10633987449505,
    48.81281446814798,
    46.74309659740514,
    47.230799702719594,
    48.92248170571641,
    50.29039141009382,
    51.15298275931636,
    50.20199002822148,
    50.28417311804059,
    49.87174408863682,
    49.53834092622257,
    51.0648410365568,
    50.4548355951393,
    49.96306145000098,
    50.28895279526087,
    50.35344940604557,
    49.57153398210878,
    49.77505958911311,
    49.49821530101268,
    49.70231234430544,
    49.506070546405546,
    48.027365376152396,
    47.94436606062872,
    47.99557808691774,
    49.02541167921851,
    49.86228666892572,
    47.62895625438468,
    48.21555645132288,
    48.08175294706169,
    47.12299280950896,
    46.99294157947873,
    47.6422250024916,
    47.843025917352136,
    48.30121078306966,
    48.69821665826094,
    47.71541779250343,
    49.15749381170276,
    49.03131572810168,
    49.654425981788066,
    49.168676543031026,
    49.436461233338,
    48.191662408277395,
    48.463405779007445,
    49.60074515574432,
    48.76827657908786,
    49.411664052162386,
    49.83416576440374,
    47.73941314002797,
    48.928755273644434,
    47.900644284452184,
    48.20915205510492,
    48.61537971737624,
    48.80942364260511,
    49.768439440131566,
    49.695941200753744,
    49.891589383281655,
    49.998343663392355,
    50.79400456239274,
    50.79291898038388,
    50.921081836857596,
    50.675750532447466,
    50.898213380450194,
    50.18998618409513,
    48.924529370527615,
    49.79589586513886,
    48.66277953919902,
    48.87405292859486,
    48.32253827648653,
    48.95226042624846,
    49.24783215768685,
    49.08240242221913,
    48.88674127387564,
    47.76729645893654,
    47.7415970427048,
    49.46890606633868,
    49.77026229753848,
    50.20232637266759,
    51.69489659513078,
    50.59621632351091,
    48.44486568676447,
    49.889085471179,
    50.540392356535776,
    49.68788846658469,
    49.54190818947185,
    47.871821188544615,
    48.75713382777916,
    47.62271236470385,
    47.92024517057751,
    47.27217111255056,
    47.910591716530355,
    48.45359141379357,
    47.27170107352612,
    45.93294861613413,
    47.439742011860645,
    47.060052636668715,
    46.93198651886485,
    45.58467530288537,
    45.355233812302615,
    46.191519059300674,
    45.97334411045926,
    46.05426779660566,
    45.59207249981842,
    45.585009005303974,
    45.37476529569898,
    45.46492531446335,
    43.86515979745645,
    43.01462748997636,
    42.54825197834138,
    41.19748311130973,
    40.5182070857931,
    41.808763713323074,
    41.233497257388315,
    39.81901511374815,
    39.00623678387052,
    38.21256921285846,
    38.88896294268763,
    39.26037833728115,
    37.801122711946256,
    38.827756312696366,
    38.63135169539986,
    38.07623521747635,
    37.59498660988352,
    37.94098424252412,
    37.610824983520246,
    36.92770699243794,
    37.59985419797375,
    38.75264253782865,
    39.045450994201715,
    38.45637437849504,
    37.981047884535734,
    39.19268327529459,
    40.60164885421794,
    41.37482788324333,
    40.801654562255415,
    41.50640216332479,
    40.79789125507065,
    41.12529910845483,
    41.19074481801951,
    39.695916384230586,
    39.48386040674655,
    40.41460617614473,
    41.36945889897434,
    39.5998864640221,
    39.91286403783198,
    39.28164749086088,
    38.37118140278668,
    37.31954020799017,
    37.89449597964539,
    37.04414481823905,
    37.29006782926862,
    36.36596056266603,
    36.58039176867754,
    38.68305244878593,
    37.54095023023338,
    38.85570903984134,
    39.948584553609,
    40.082073440395426,
    40.94754558784158,
    41.63042087669552,
    41.07956753510938,
    41.02346157147066,
    43.03556820862077,
    42.703305977306734,
    42.57708748249048,
    41.36200102213069,
    41.02462641207185,
    40.00768121973926,
    39.93085118530665,
    39.93672380913489,
    39.5918358067569,
    39.77685352391409,
    39.362973202444266,
    39.79991098255763,
    41.60370548480743,
    42.16395605832804,
    40.59536186839325,
    40.605726976036905,
    40.89678353391945,
    41.31908272096971,
    41.25734852152342,
    39.94216722615133,
    41.93258852421965,
    40.71396847575764,
    40.14200193825941,
    41.40758653440459,
    40.09161253341458
  ],
  "actions": [],
  "observations": [
    1,
    1,
    1,
    1,
    1,
    1,
    1,
    1,
    1,
    1,
    1,
    1,
    1,
    1,
    1,
    1,
    1,
    1,
    1,
    1,
    1,
    1,
    1,
    1,
    1,
    1,
    1,
    1,
    1,
    1,
    1,
    1,
    1,
    1,
    1,
    1,
    1,
    1,
    1,
    1,
    1,
    1,
    1,
    1,
    1,
    1,
    1,
    1,
    1,
    1,
    1,
    1,
    1,
    1,
    1,
    1,
    1,
    1,
    1,
    1,
    1,
    1,
    1,
    1,
    1,
    1,
    1,
    1,
    1,
    1,
    1,
    1,
    1,
    1,
    1,
    1,
    1,
    1,
    1,
    1,
    1,
    1,
    1,
    1,
    1,
    1,
    1,
    1,
    1,
    1,
    1,
    1,
    1,
    1,
    1,
    1,
    1,
    1,
    1,
    1,
    1,
    1,
    1,
    1,
    1,
    1,
    1,
    1,
    1,
    1,
    1,
    1,
    1,
    1,
    1,
    1,
    1,
    1,
    1,
    1,
    0,
    0,
    0,
    0,
    0,
    0,
    0,
    0,
    0,
    0,
    0,
    0,
    0,
    0,
    0,
    0,
    0,
    0,
    0,
    0,
    0,
    0,
    0,
    0,
    0,
    0,
    0,
    0,
    0,
    0,
    0,
    0,
    0,
    0,
    0,
    0,
    0,
    0,
    0,
    0,
    0,
    0,
    0,
    0,
    0,
    0,
    0,
    0,
    0,
    0,
    0,
    0,
    0,
    0,
    0,
    0,
    0,
    0,
    0,
    0,
    0,
    0,
    0,
    0,
    0,
    0,
    0,
    0,
    0,
    0,
    0,
    0,
    0,
    0,
    0,
    0,
    0,
    0,
    0,
    0
  ],