{
  "timesteps": [
    0,
    1,
    2,
    3,
    4,
    5,
    6,
    7,
    8,
    9,
    10,
    11,
    12,
    13,
    14,
    15,
    16,
    17,
    18,
    19,
    20,
    21,
    22,
    23,
    24,
    25,
    26,
    27,
    28,
    29,
    30,
    31,
    32,
    33,
    34,
    35,
    36,
    37,
    38,
    39,
    40,
    41,
    42,
    43,
    44,
    45,
    46,
    47,
    48,
    49,
    50,
    51,
    52,
    53,
    54,
    55,
    56,
    57,
    58,
    59,
    60,
    61,
    62,
    63,
    64,
    65,
    66,
    67,
    68,
    69,
    70,
    71,
    72,
    73,
    74,
    75,
    76,
    77,
    78,
    79,
    80,
    81,
    82,
    83,
    84,
    85,
    86,
    87,
    88,
    89,
    90,
    91,
    92,
    93,
    94,
    95,
    96,
    97,
    98,
    99,
    100,
    101,
    102,
    103,
    104,
    105,
    106,
    107,
    108,
    109,
    110,
    111,
    112,
    113,
    114,
    115,
    116,
    117,
    118,
    119,
    120,
    121,
    122,
    123,
    124,
    125,
    126,
    127,
    128,
    129,
    130,
    131,
    132,
    133,
    134,
    135,
    136,
    137,
    138,
    139,
    140,
    141,
    142,
    143,
    144,
    145,
    146,
    147,
    148,
    149,
    150,
    151,
    152,
    153,
    154,
    155,
    156,
    157,
    158,
    159,
    160,
    161,
    162,
    163,
    164,
    165,
    166,
    167,
    168,
    169,
    170,
    171,
    172,
    173,
    174,
    175,
    176,
    177,
    178,
    179,
    180,
    181,
    182,
    183,
    184,
    185,
    186,
    187,
    188,
    189,
    190,
    191,
    192,
    193,
    194,
    195,
    196,
    197,
    198,
    199
  ],
  "states": [
    50.0,
    50.04800583384985,
    50.53803951032718,
    50.542905299609906,
    50.161542631322966,
    49.902377659699326,
    50.06387371506369,
    49.6539604369166,
    49.88844706210633,
    49.887617584224294,
    49.84722173114476,
    50.24976389180945,
    50.53902700687854,
    50.033994696150316,
    49.60743795707257,
    49.31239523678345,
    48.90688696666782,
    48.747077393836285,
    48.74590786382539,
    48.502592690593474,
    47.9391585593255,
    48.53820617196101,
    48.35718552649775,
    49.29816832510855,
    49.71094028401404,
    49.410612196049584,
    48.914364238141715,
    49.15225915609132,
    50.11465376533753,
    49.66404358224343,
    49.38564505091817,
    49.049178444122454,
    49.22454606764281,
    49.47893778404133,
    49.158177498300915,
    49.885431060066075,
    50.36020067965048,
    50.201196131434315,
    49.518959364196604,
    49.67530001358147,
    49.48484376666503,
    49.3238623904383,
    49.67568543072286,
    49.19339716772359,
    48.973228967950966,
    49.17506541503127,
    49.597228741781734,
    49.75912759975684,
    49.401465902691115,
    49.022128815263805,
    49.25937605018874,
    49.46189782411544,
    49.61192669394642,
    49.50029315166148,
    49.439594386176246,
    50.119082586162925,
    49.93469195191243,
    49.702203242845776,
    49.75458714287502,
    49.61597264131224,
    49.89134504311833,
    50.1451469977971,
    49.878985933257425,
    49.93619237039908,
    50.061738103752035,
    49.855274908279796,
    49.58299818978809,
    49.703182622587505,
    49.67781786277328,
    49.50511200313647,
    49.200696954536966,
    48.90762464735609,
    49.021734812409164,
    49.41594699334577,
    48.989198811579485,
    48.83607739324466,
    48.94920168501169,
    49.43258105471555,
    49.804481623950615,
    49.518259831287295,
    49.83257878948064,
    49.676111447132755,
    49.94945389127478,
    49.84977345141795,
    49.9522197667344,
    49.67548963983739,
    49.81382574592116,
    49.62965526351839,
    50.08942627093067,
    50.63284470687759,
    50.903850329998875,
    50.56308568661412,
    50.49138730184157,
    50.56283001866337,
    50.08580354429979,
    49.82883302133406,
    49.76668451039003,
    49.58755266985224,
    49.7551235324545,
    49.641664557959366,
    49.52639690595542,
    49.679397917865174,
    49.2331898785184,
    48.96714305605658,
    49.27227435843252,
    48.98240767018021,
    48.799583344740164,
    48.36003419454716,
    48.49757903401373,
    47.86843349290477,
    47.72967745194706,
    47.743708630308525,
    47.159223123479485,
    47.20440990430188,
    47.64188121508587,
    47.39338827659557,
    46.90769176842907,
    47.14923666404806,
    46.529790447554475,
    46.609882679566525,
    46.89847735912881,
    47.20004785544772,
    46.633953906044695,
    46.90393766426323,
    46.511647926724706,
    46.070064962661455,
    46.121413771488925,
    45.95469383867334,
    46.56433429424157,
    46.9266658208849,
    46.9090053417806,
    47.12562401827175,
    47.00538652768982,
    47.53152526036515,
    47.58983081528353,
    47.77860600217916,
    47.49771843479557,
    47.59454500543766,
    47.764737860130246,
    46.851955129701686,
    47.39205542102937,
    46.6801664206029,
    46.698984191127636,
    46.14617988327113,
    45.844499554654575,
    45.666355143166285,
    45.53971900280572,
    45.61373414921085,
    45.18798906319503,
    44.63608299776023,
    44.57159044285834,
    44.21319132354282,
    44.29711516794042,
    45.07653443908455,
    44.931382610538925,
    45.27580189221168,
    45.49462819973091,
    45.45649335158685,
    45.451082718945294,
    45.804755605944244,
    46.280437235803014,
    46.1383912408345,
    45.820288111683126,
    46.041636396598314,
    46.043837825052364,
    46.0239018095061,
    46.48634001370873,
    46.57947009115977,
    46.244784561848235,
    45.65701313568539,
    45.77789762271575,
    45.47138459884576,
    46.05429032302317,
    45.53432078354888,
    44.93514722952399,
    45.053707492483106,
    45.10884169172767,
    45.08052653039035,
    45.31124407928898,
    45.3679965278997,
    45.68832504755477,
    45.66053738410051,
    45.339584955770924,
    45.205401989631284,
    45.1952954260602,
    45.28611517741406,
    45.401866790163794,
    45.689913620544054,
    45.63286310191274,
    45.76424268899742,
    45.42371654258576,
    45.87938878071677,
    46.0428697300837,
    45.83261440376627,
    45.769894422350866,
    45.57706590142425,
    45.64967279305719,
    44.957801123333226,
    45.53694693645651,
    45.460652853370476,
    45.4700592411474
  ],
  "actions": [],
  "observations": [
    1,
    1,
    1,
    1,
    1,
    1,
    1,
    1,
    1,
    1,
    1,
    1,
    1,
    1,
    1,
    1,
    1,
    1,
    1,
    1,
    1,
    1,
    1,
    1,
    1,
    1,
    1,
    1,
    1,
    1,
    1,
    1,
    1,
    1,
    1,
    1,
    1,
    1,
    1,
    1,
    1,
    1,
    1,
    1,
    1,
    1,
    1,
    1,
    1,
    1,
    1,
    1,
    1,
    1,
    1,
    1,
    1,
    1,
    1,
    1,
    1,
    1,
    1,
    1,
    1,
    1,
    1,
    1,
    1,
    1,
    1,
    1,
    1,
    1,
    1,
    1,
    1,
    1,
    1,
    1,
    1,
    1,
    1,
    1,
    1,
    1,
    1,
    1,
    1,
    1,
    1,
    1,
    1,
    1,
    1,
    1,
    1,
    1,
    1,
    1,
    1,
    1,
    1,
    1,
    1,
    1,
    1,
    1,
    1,
    1,
    1,
    1,
    1,
    1,
    1,
    1,
    1,
    1,
    1,
    1,
    1,
    1,
    1,
    1,
    1,
    1,
    1,
    1,
    1,
    1,
    1,
    1,
    1,
    1,
    1,
    1,
    1,
    1,
    1,
    1,
    1,
    1,
    1,
    1,
    1,
    1,
    1,
    1,
    1,
    0,
    0,
    0,
    0,
    1,
    0,
    1,
    1,
    1,
    1,
    1,
    1,
    1,
    1,
    1,
    1,
    1,
    1,
    1,
    1,
    1,
    1,
    1,
    1,
    1,
    0,
    1,
    1,
    1,
    1,
    1,
    1,
    1,
    1,
    1,
    1,
    1,
    1,
    1,
    1,
    1,
    1,
    1,
    1,
    1,
    1,
    1,
    1,
    0,
    1,
    1
  ],