{
  "timesteps": [
    0,
    1,
    2,
    3,
    4,
    5,
    6,
    7,
    8,
    9,
    10,
    11,
    12,
    13,
    14,
    15,
    16,
    17,
    18,
    19,
    20,
    21,
    22,
    23,
    24,
    25,
    26,
    27,
    28,
    29,
    30,
    31,
    32,
    33,
    34,
    35,
    36,
    37,
    38,
    39,
    40,
    41,
    42,
    43,
    44,
    45,
    46,
    47,
    48,
    49,
    50,
    51,
    52,
    53,
    54,
    55,
    56,
    57,
    58,
    59,
    60,
    61,
    62,
    63,
    64,
    65,
    66,
    67,
    68,
    69,
    70,
    71,
    72,
    73,
    74,
    75,
    76,
    77,
    78,
    79,
    80,
    81,
    82,
    83,
    84,
    85,
    86,
    87,
    88,
    89,
    90,
    91,
    92,
    93,
    94,
    95,
    96,
    97,
    98,
    99,
    100,
    101,
    102,
    103,
    104,
    105,
    106,
    107,
    108,
    109,
    110,
    111,
    112,
    113,
    114,
    115,
    116,
    117,
    118,
    119,
    120,
    121,
    122,
    123,
    124,
    125,
    126,
    127,
    128,
    129,
    130,
    131,
    132,
    133,
    134,
    135,
    136,
    137,
    138,
    139,
    140,
    141,
    142,
    143,
    144,
    145,
    146,
    147,
    148,
    149,
    150,
    151,
    152,
    153,
    154,
    155,
    156,
    157,
    158,
    159,
    160,
    161,
    162,
    163,
    164,
    165,
    166,
    167,
    168,
    169,
    170,
    171,
    172,
    173,
    174,
    175,
    176,
    177,
    178,
    179,
    180,
    181,
    182,
    183,
    184,
    185,
    186,
    187,
    188,
    189,
    190,
    191,
    192,
    193,
    194,
    195,
    196,
    197,
    198,
    199
  ],
  "states": [
    50.0,
    49.95546997918951,
    50.24819478570069,
    50.10034433736494,
    50.25825267777186,
    50.804206100230004,
    50.52371327701627,
    50.813629245425474,
    51.297249266021126,
    51.54548606280139,
    52.01655426653828,
    51.8493587817944,
    52.7162216640532,
    52.64481864263013,
    52.32626141039639,
    51.96506547711664,
    51.837139262235404,
    52.25609955048875,
    51.70604271870466,
    52.152296787322136,
    52.20943355371235,
    52.35288192324311,
    52.19752518745568,
    51.92983159693966,
    51.89608960546654,
    52.25784217735097,
    52.00015099186412,
    52.24594543971071,
    52.183162572245685,
    52.04709532225543,
    51.905712795856694,
    51.74466837402084,
    51.64283981531185,
    51.664126759395536,
    52.625061832178375,
    52.44314362135314,
    52.453802861121375,
    52.233395693620196,
    52.34147397844522,
    51.948914179318294,
    52.230618305655,
    52.398009478785724,
    52.46602743134471,
    52.57187540064413,
    52.661588673916334,
    52.75684475664232,
    53.12904170006165,
    52.73830452682583,
    53.016961863032435,
    53.02294385474247,
    53.69188760354999,
    53.426009545084405,
    53.55414432853826,
    53.35102854406582,
    53.038654822834374,
    52.699653245109104,
    52.49153580036086,
    52.518358007676255,
    52.3739763603706,
    52.24327489520376,
    51.530590637659635,
    51.314265894022526,
    51.139046532093246,
    51.400732353357355,
    51.14764615540881,
    51.40217020185105,
    52.06279333289647,
    52.01899326504424,
    51.34450549838257,
    51.210602407171024,
    51.56556821694154,
    51.71030619356076,
    51.732745432677156,
    51.28937731271227,
    51.63135472942314,
    51.289068599168516,
    51.06840403582151,
    51.49868942889312,
    51.245819043146895,
    51.005309272998765,
    50.7573845145199,
    51.17421197574552,
    51.37242191868534,
    51.327604804630944,
    51.61604058264801,
    51.80434331530218,
    51.876926852285166,
    51.794275682466896,
    51.6451024105922,
    51.15447713272126,
    51.16898586767709,
    51.1062039569217,
    51.0927146673109,
    51.378348325584426,
    51.009897073047036,
    51.25464046853319,
    50.92418656723193,
    50.711966484924396,
    50.34473640829155,
    50.70182403270869,
    50.08861609074519,
    50.40749604928486,
    50.529516461467615,
    50.19737418132561,
    49.9699283805572,
    49.80218652687725,
    50.001704090648765,
    50.550048502794205,
    50.57287331300783,
    50.78994878442978,
    50.353081892451165,
    50.783755369754566,
    51.12005739733475,
    51.35711334792069,
    51.444045555314865,
    51.734778524468105,
    51.48667865804937,
    51.19541928926762,
    50.45394237657412,
    49.95047913733315,
    50.5850596520483,
    50.49170491639253,
    51.045217154711196,
    51.3745625489137,
    51.17798846708641,
    50.88631734338641,
    51.113833436853554,
    51.36678474760497,
    51.26548122355368,
    51.17743303866664,
    51.711829442273384,
    51.34823558418912,
    51.01778867749987,
    51.07862074711533,
    50.69271653178801,
    51.360888048935465,
    51.17114461742687,
    50.86145502475278,
    50.874738938519634,
    50.951937512133185,
    50.34928250549478,
    50.29770673694572,
    50.288462565668375,
    49.72511128159046,
    50.08982031639965,
    49.65926460956675,
    49.42694795616665,
    49.27068823766275,
    49.67482639397426,
    49.74315741544629,
    49.87420916953026,
    49.440090625781856,
    49.381911515456316,
    49.07749753909109,
    48.551381107565746,
    48.68094574020619,
    48.398561701908,
    48.44854463519719,
    48.70069574472973,
    48.48627577700889,
    48.18754403197644,
    48.33430809415577,
    48.12529933063654,
    48.32263652391775,
    48.03495004916059,
    48.1534213494348,
    48.88286502846998,
    49.339014649573905,
    48.783317803343586,
    48.25228560898558,
    47.949214474916054,
    48.2712280246947,
    48.209857028261446,
    48.45225146891404,
    48.31734824036149,
    48.14495679956296,
    48.09549948374107,
    47.922994572126676,
    47.86331055810404,
    48.240671696068375,
    48.53476260906501,
    48.17819614140433,
    48.217714217250474,
    48.39330041778996,
    48.5466811826466,
    48.57957957054062,
    48.76856900580763,
    48.75656594115873,
    48.86414221568221,
    48.68463053723007,
    48.08832956152206,
    48.414697245454626,
    48.52893554696355,
    48.42117139041685,
    48.270345108493444,
    48.698030079555295,
    48.54289772266422,
    48.69977213207824,
    49.00992770910305,
    48.82385748709173,
    48.897539977803135
  ],
  "actions": [],
  "observations": [
    1,
    1,
    1,
    1,
    1,
    1,
    1,
    1,
    1,
    1,
    1,
    1,
    1,
    1,
    1,
    1,
    1,
    1,
    1,
    1,
    1,
    1,
    1,
    1,
    1,
    1,
    1,
    1,
    1,
    1,
    1,
    1,
    1,
    1,
    1,
    1,
    1,
    1,
    1,
    1,
    1,
    1,
    1,
    1,
    1,
    1,
    1,
    1,
    1,
    1,
    1,
    1,
    1,
    1,
    1,
    1,
    1,
    1,
    1,
    1,
    1,
    1,
    1,
    1,
    1,
    1,
    1,
    1,
    1,
    1,
    1,
    1,
    1,
    1,
    1,
    1,
    1,
    1,
    1,
    1,
    1,
    1,
    1,
    1,
    1,
    1,
    1,
    1,
    1,
    1,
    1,
    1,
    1,
    1,
    1,
    1,
    1,
    1,
    1,
    1,
    1,
    1,
    1,
    1,
    1,
    1,
    1,
    1,
    1,
    1,
    1,
    1,
    1,
    1,
    1,
    1,
    1,
    1,
    1,
    1,
    1,
    1,
    1,
    1,
    1,
    1,
    1,
    1,
    1,
    1,
    1,
    1,
    1,
    1,
    1,
    1,
    1,
    1,
    1,
    1,
    1,
    1,
    1,
    1,
    1,
    1,
    1,
    1,
    1,
    1,
    1,
    1,
    1,
    1,
    1,
    1,
    1,
    1,
    1,
    1,
    1,
    1,
    1,
    1,
    1,
    1,
    1,
    1,
    1,
    1,
    1,
    1,
    1,
    1,
    1,
    1,
    1,
    1,
    1,
    1,
    1,
    1,
    1,
    1,
    1,
    1,
    1,
    1,
    1,
    1,
    1,
    1,
    1,
    1,
    1,
    1,
    1,
    1,
    1,
    1
  ],