{
  "timesteps": [
    0,
    1,
    2,
    3,
    4,
    5,
    6,
    7,
    8,
    9,
    10,
    11,
    12,
    13,
    14,
    15,
    16,
    17,
    18,
    19,
    20,
    21,
    22,
    23,
    24,
    25,
    26,
    27,
    28,
    29,
    30,
    31,
    32,
    33,
    34,
    35,
    36,
    37,
    38,
    39,
    40,
    41,
    42,
    43,
    44,
    45,
    46,
    47,
    48,
    49,
    50,
    51,
    52,
    53,
    54,
    55,
    56,
    57,
    58,
    59,
    60,
    61,
    62,
    63,
    64,
    65,
    66,
    67,
    68,
    69,
    70,
    71,
    72,
    73,
    74,
    75,
    76,
    77,
    78,
    79,
    80,
    81,
    82,
    83,
    84,
    85,
    86,
    87,
    88,
    89,
    90,
    91,
    92,
    93,
    94,
    95,
    96,
    97,
    98,
    99,
    100,
    101,
    102,
    103,
    104,
    105,
    106,
    107,
    108,
    109,
    110,
    111,
    112,
    113,
    114,
    115,
    116,
    117,
    118,
    119,
    120,
    121,
    122,
    123,
    124,
    125,
    126,
    127,
    128,
    129,
    130,
    131,
    132,
    133,
    134,
    135,
    136,
    137,
    138,
    139,
    140,
    141,
    142,
    143,
    144,
    145,
    146,
    147,
    148,
    149,
    150,
    151,
    152,
    153,
    154,
    155,
    156,
    157,
    158,
    159,
    160,
    161,
    162,
    163,
    164,
    165,
    166,
    167,
    168,
    169,
    170,
    171,
    172,
    173,
    174,
    175,
    176,
    177,
    178,
    179,
    180,
    181,
    182,
    183,
    184,
    185,
    186,
    187,
    188,
    189,
    190,
    191,
    192,
    193,
    194,
    195,
    196,
    197,
    198,
    199
  ],
  "states": [
    50.0,
    49.84833511589644,
    50.09341603878466,
    50.5899870506122,
    50.6697219608642,
    50.57178114244333,
    50.57537428751552,
    50.44577458278336,
    50.246831444181744,
    50.07645613410323,
    49.67727884207019,
    49.57301842309917,
    49.9486717174397,
    49.83075566985069,
    49.95586964870609,
    50.273813593780524,
    50.49621709955951,
    50.54630535072002,
    49.85597992229372,
    50.41029238335809,
    51.07813284237616,
    50.93974174509836,
    50.638994574147,
    50.51859488722699,
    50.42892423834025,
    49.943675315923464,
    50.031770830999754,
    50.421800156402306,
    50.25724796958163,
    49.98930653587053,
    50.2802788807688,
    50.23533966292952,
    50.20902116159852,
    50.33699795690572,
    50.226389367866595,
    50.31203039272095,
    50.383353196109255,
    50.40116808349712,
    50.385667321966345,
    50.21909170432736,
    50.376489265872216,
    50.466277004664875,
    50.56111583747131,
    50.61762146137987,
    50.491381723917556,
    50.16585918234889,
    50.1200144009198,
    50.60801316451541,
    50.494632370971026,
    50.04270635374484,
    50.104411531750515,
    50.21051609054008,
    50.37550551663214,
    50.10639796046274,
    49.64907362238717,
    49.64876308042328,
    49.78400265908637,
    49.22296756432735,
    49.17418039404665,
    48.87350732453691,
    49.10564454865498,
    48.81957797413939,
    48.802898737183675,
    48.064019719473634,
    48.100185405426586,
    48.31677735991037,
    48.32796937773652,
    47.914505841399745,
    48.422379440132076,
    47.86344296981986,
    47.647480831353484,
    47.80803538516901,
    47.46544804989927,
    47.23322044538096,
    47.240407178843355,
    47.15472676311551,
    47.30394425215804,
    47.42107824934617,
    47.618461177859196,
    48.035925909015916,
    47.602937181422504,
    47.602634594932915,
    47.082479269107424,
    47.117374714335064,
    46.642532820769716,
    46.48350561195994,
    45.973894307620014,
    46.247798831920164,
    46.493186851027495,
    46.321187347792154,
    46.67303778040034,
    46.855995795585955,
    47.08227308797673,
    46.92539438772133,
    47.15283552651789,
    47.39327631917067,
    46.953507429035284,
    46.53669998408406,
    46.16924735118577,
    45.78955140020363,
    45.25316422662922,
    44.81072524901285,
    45.298146886809285,
    44.62065530914472,
    44.496987291404906,
    44.758527164579405,
    43.97124841543548,
    43.94551026825385,
    43.691729761241454,
    43.68623205884067,
    43.526812602894275,
    43.33481867646281,
    43.72263604267799,
    42.88794286085551,
    42.78569517291573,
    42.98442464419228,
    42.59271678576959,
    42.43964838050419,
    42.17202420419467,
    41.8911596291556,
    41.780099882903166,
    41.68246726306389,
    41.55342874638344,
    41.31567687311635,
    41.448567141187674,
    41.648916781146404,
    41.49745356411046,
    41.91231305939664,
    41.59573191750209,
    42.11699243076716,
    42.1083468526428,
    41.561858063923786,
    42.03460309700863,
    42.05495744164595,
    41.97838786336518,
    42.02002514679937,
    42.46569933293214,
    42.52892575178761,
    42.715468439930376,
    42.536673099351646,
    42.471398104632215,
    42.340282120200456,
    42.21888587529347,
    41.99044377787407,
    42.71745934502339,
    42.45781109088229,
    42.65702023080212,
    42.37386850171537,
    42.453940497554434,
    41.651482420754476,
    41.707678609121885,
    41.23722135040402,
    41.440135286492584,
    41.55367311092047,
    41.38936300868045,
    41.387556364965675,
    41.794690809573645,
    41.63752146358654,
    41.7528753443949,
    41.663569121840005,
    42.01634712127167,
    42.00235968606345,
    42.50058259699177,
    41.561282741104264,
    41.59157612500155,
    41.913225497125424,
    41.91744233280842,
    41.82890018765608,
    41.75088230895137,
    42.00459027045,
    41.69012143795574,
    41.9148454885221,
    41.76496378817203,
    41.54241786832356,
    41.305482539127766,
    41.60178701346472,
    41.708776629098665,
    41.61135013441322,
    41.34513233818824,
    41.47632540417522,
    41.160804945234695,
    41.20628702344289,
    41.448327912821945,
    41.41019412091587,
    41.47185063737298,
    41.76809138388954,
    41.768622206803585,
    41.49354090456739,
    41.478347641520685,
    41.682662707248525,
    41.90323757559084,
    41.48950455169704,
    41.35080863640296,
    41.242130395911275,
    40.80761942530827,
    41.04198577320242,
    40.89279928649992,
    41.090017879754264,
    41.11313169959094,
    41.31218012274896,
    41.326942421839696
  ],
  "actions": [],
  "observations": [
    1,
    1,
    1,
    1,
    1,
    1,
    1,
    1,
    1,
    1,
    1,
    1,
    1,
    1,
    1,
    1,
    1,
    1,
    1,
    1,
    1,
    1,
    1,
    1,
    1,
    1,
    1,
    1,
    1,
    1,
    1,
    1,
    1,
    1,
    1,
    1,
    1,
    1,
    1,
    1,
    1,
    1,
    1,
    1,
    1,
    1,
    1,
    1,
    1,
    1,
    1,
    1,
    1,
    1,
    1,
    1,
    1,
    1,
    1,
    1,
    1,
    1,
    1,
    1,
    1,
    1,
    1,
    1,
    1,
    1,
    1,
    1,
    1,
    1,
    1,
    1,
    1,
    1,
    1,
    1,
    1,
    1,
    1,
    1,
    1,
    1,
    1,
    1,
    1,
    1,
    1,
    1,
    1,
    1,
    1,
    1,
    1,
    1,
    1,
    1,
    1,
    0,
    1,
    0,
    0,
    0,
    0,
    0,
    0,
    0,
    0,
    0,
    0,
    0,
    0,
    0,
    0,
    0,
    0,
    0,
    0,
    0,
    0,
    0,
    0,
    0,
    0,
    0,
    0,
    0,
    0,
    0,
    0,
    0,
    0,
    0,
    0,
    0,
    0,
    0,
    0,
    0,
    0,
    0,
    0,
    0,
    0,
    0,
    0,
    0,
    0,
    0,
    0,
    0,
    0,
    0,
    0,
    0,
    0,
    0,
    0,
    0,
    0,
    0,
    0,
    0,
    0,
    0,
    0,
    0,
    0,
    0,
    0,
    0,
    0,
    0,
    0,
    0,
    0,
    0,
    0,
    0,
    0,
    0,
    0,
    0,
    0,
    0,
    0,
    0,
    0,
    0,
    0,
    0,
    0,
    0,
    0,
    0,
    0,
    0
  ],