{
  "timesteps": [
    0,
    1,
    2,
    3,
    4,
    5,
    6,
    7,
    8,
    9,
    10,
    11,
    12,
    13,
    14,
    15,
    16,
    17,
    18,
    19,
    20,
    21,
    22,
    23,
    24,
    25,
    26,
    27,
    28,
    29,
    30,
    31,
    32,
    33,
    34,
    35,
    36,
    37,
    38,
    39,
    40,
    41,
    42,
    43,
    44,
    45,
    46,
    47,
    48,
    49,
    50,
    51,
    52,
    53,
    54,
    55,
    56,
    57,
    58,
    59,
    60,
    61,
    62,
    63,
    64,
    65,
    66,
    67,
    68,
    69,
    70,
    71,
    72,
    73,
    74,
    75,
    76,
    77,
    78,
    79,
    80,
    81,
    82,
    83,
    84,
    85,
    86,
    87,
    88,
    89,
    90,
    91,
    92,
    93,
    94,
    95,
    96,
    97,
    98,
    99,
    100,
    101,
    102,
    103,
    104,
    105,
    106,
    107,
    108,
    109,
    110,
    111,
    112,
    113,
    114,
    115,
    116,
    117,
    118,
    119,
    120,
    121,
    122,
    123,
    124,
    125,
    126,
    127,
    128,
    129,
    130,
    131,
    132,
    133,
    134,
    135,
    136,
    137,
    138,
    139,
    140,
    141,
    142,
    143,
    144,
    145,
    146,
    147,
    148,
    149,
    150,
    151,
    152,
    153,
    154,
    155,
    156,
    157,
    158,
    159,
    160,
    161,
    162,
    163,
    164,
    165,
    166,
    167,
    168,
    169,
    170,
    171,
    172,
    173,
    174,
    175,
    176,
    177,
    178,
    179,
    180,
    181,
    182,
    183,
    184,
    185,
    186,
    187,
    188,
    189,
    190,
    191,
    192,
    193,
    194,
    195,
    196,
    197,
    198,
    199
  ],
  "states": [
    50.0,
    52.05110580327935,
    51.85339328365396,
    52.10671638911116,
    52.98509364485546,
    53.24490340190826,
    53.86450296627108,
    53.831428823049606,
    53.9163294196498,
    53.160911673575896,
    54.25093547001412,
    53.93345405029425,
    53.77001170418659,
    51.89347980130233,
    53.00505809272602,
    50.11975839078154,
    51.06658075084017,
    48.69015976737243,
    47.61342774819461,
    46.16283587438366,
    46.73981120357236,
    47.87262326212539,
    46.77823634786809,
    46.143993822635295,
    45.431488532362586,
    44.77694414777119,
    43.619859136133705,
    43.47818976401003,
    46.17828067200518,
    46.421390596508694,
    44.951035975546006,
    44.312450413533064,
    44.82641252620701,
    43.35665830380486,
    42.126446676334,
    41.92112059433894,
    40.273440475885764,
    38.799839054761115,
    39.243453128063834,
    39.8978037767402,
    39.93918130611766,
    43.20591895227545,
    44.01701972059322,
    43.14830184813195,
    41.621688256716276,
    41.77359798817703,
    44.1415638769706,
    45.20526005469042,
    45.945403056878305,
    46.01077705313437,
    46.68360266777384,
    46.50065798575668,
    48.090489027784436,
    47.7366068469086,
    46.11970755621868,
    47.190550897088684,
    46.63955067432087,
    47.24417038056053,
    46.33261173423507,
    45.024911118942015,
    45.766911630554524,
    46.14388015255154,
    45.091984483530055,
    46.16123773348198,
    46.06300008673922,
    45.39600682979135,
    45.54605964911504,
    43.6205795475505,
    42.28683786117393,
    42.657666432193714,
    42.32992129707981,
    40.36644667824569,
    40.93235833430491,
    41.991532252129694,
    43.67294877787014,
    42.11784632053511,
    41.73286675526391,
    42.094545429843016,
    42.80650624825131,
    44.46930665586563,
    46.2323921221804,
    46.363296881366644,
    48.45757837550811,
    46.731473407106094,
    47.99228441112018,
    46.897091747324694,
    47.394335525740544,
    47.72074285761995,
    48.372698949299455,
    47.44093183767624,
    45.76317808238272,
    47.761944894276276,
    48.89376347128981,
    47.472639418992166,
    47.35497020455572,
    46.301671962464575,
    47.21524313830476,
    46.972817720708505,
    47.97414338091542,
    48.170705287704,
    48.35981374419427,
    47.99660747223545,
    48.22368979478541,
    49.10652617156038,
    48.56850309808631,
    49.76857408295639,
    51.643615953296305,
    48.53966067567187,
    46.340311030530394,
    45.32188228353676,
    46.0841676477564,
    45.95459027279548,
    47.41908399509952,
    47.34311755667673,
    47.47372096690166,
    48.086213502754866,
    48.03116764826601,
    48.053606592159674,
    47.614870598166746,
    45.396801347837524,
    45.96637520443002,
    44.51993737375532,
    43.31627875334445,
    42.239262803053684,
    42.939065215600294,
    43.058997570643186,
    42.794628149112185,
    43.13251757135266,
    43.78608436920125,
    47.15900733543373,
    45.1685291342428,
    46.33677057900092,
    47.77790056025656,
    49.61086912799296,
    50.68233146363023,
    50.55321738780369,
    50.97325119761205,
    52.06541578229033,
    52.230576440064446,
    51.708892188523485,
    50.349887241537,
    50.63778066285016,
    50.26134851079327,
    48.89806784145498,
    50.16654767449191,
    49.048016954142014,
    48.91954700981306,
    48.8264173706577,
    48.593083000543736,
    50.316941307141875,
    50.31973521975126,
    50.18155290045927,
    51.011079336491385,
    50.2926548924184,
    49.30981771446599,
    50.0444452553183,
    50.08372982635024,
    47.610815198561774,
    47.447075581592706,
    47.124206910202396,
    46.500771610493786,
    45.604942156640504,
    46.40712719223957,
    44.72032492968107,
    43.447633865447955,
    45.43985071783245,
    45.49380823461195,
    45.20230337476092,
    44.202998127836956,
    43.808941752448376,
    44.622302437921334,
    44.85707577485055,
    42.86545628831948,
    42.16619798593068,
    41.5102162111969,
    40.67531864765895,
    40.14884715794776,
    40.2596625668513,
    39.22371670954508,
    38.26963449809526,
    37.16176141415041,
    37.51157984271548,
    35.85541920049521,
    34.04370212449019,
    33.67812735103411,
    34.504981363042866,
    35.32089458351387,
    32.641972966621175,
    32.8129917808064,
    33.52321748347986,
    31.39183025065502,
    32.65998250320389,
    32.3069626716853,
    31.65387769689564,
    31.159609139715553,
    30.499785240008727,
    31.291865555882882,
    31.74943120489719,
    31.604360483678516,
    31.406605232880313,
    30.711445545614826
  ],
  "actions": [],
  "observations": [
    1,
    1,
    1,
    1,
    1,
    1,
    1,
    1,
    1,
    1,
    1,
    1,
    1,
    1,
    1,
    1,
    1,
    1,
    1,
    1,
    1,
    1,
    1,
    1,
    1,
    0,
    0,
    0,
    1,
    1,
    0,
    0,
    0,
    0,
    0,
    0,
    0,
    0,
    0,
    0,
    0,
    0,
    0,
    0,
    0,
    0,
    0,
    1,
    1,
    1,
    1,
    1,
    1,
    1,
    1,
    1,
    1,
    1,
    1,
    1,
    1,
    1,
    1,
    1,
    1,
    1,
    1,
    0,
    0,
    0,
    0,
    0,
    0,
    0,
    0,
    0,
    0,
    0,
    0,
    0,
    1,
    1,
    1,
    1,
    1,
    1,
    1,
    1,
    1,
    1,
    1,
    1,
    1,
    1,
    1,
    1,
    1,
    1,
    1,
    1,
    1,
    1,
    1,
    1,
    1,
    1,
    1,
    1,
    1,
    1,
    1,
    1,
    1,
    1,
    1,
    1,
    1,
    1,
    1,
    1,
    1,
    0,
    0,
    0,
    0,
    0,
    0,
    0,
    0,
    1,
    1,
    1,
    1,
    1,
    1,
    1,
    1,
    1,
    1,
    1,
    1,
    1,
    1,
    1,
    1,
    1,
    1,
    1,
    1,
    1,
    1,
    1,
    1,
    1,
    1,
    1,
    1,
    1,
    1,
    1,
    1,
    1,
    1,
    0,
    0,
    1,
    1,
    1,
    0,
    0,
    0,
    0,
    0,
    0,
    0,
    0,
    0,
    0,
    0,
    0,
    0,
    0,
    0,
    0,
    0,
    0,
    0,
    0,
    0,
    0,
    0,
    0,
    0,
    0,
    0,
    0,
    0,
    0,
    0,
    0
  ],