{
  "timesteps": [
    0,
    1,
    2,
    3,
    4,
    5,
    6,
    7,
    8,
    9,
    10,
    11,
    12,
    13,
    14,
    15,
    16,
    17,
    18,
    19,
    20,
    21,
    22,
    23,
    24,
    25,
    26,
    27,
    28,
    29,
    30,
    31,
    32,
    33,
    34,
    35,
    36,
    37,
    38,
    39,
    40,
    41,
    42,
    43,
    44,
    45,
    46,
    47,
    48,
    49,
    50,
    51,
    52,
    53,
    54,
    55,
    56,
    57,
    58,
    59,
    60,
    61,
    62,
    63,
    64,
    65,
    66,
    67,
    68,
    69,
    70,
    71,
    72,
    73,
    74,
    75,
    76,
    77,
    78,
    79,
    80,
    81,
    82,
    83,
    84,
    85,
    86,
    87,
    88,
    89,
    90,
    91,
    92,
    93,
    94,
    95,
    96,
    97,
    98,
    99,
    100,
    101,
    102,
    103,
    104,
    105,
    106,
    107,
    108,
    109,
    110,
    111,
    112,
    113,
    114,
    115,
    116,
    117,
    118,
    119,
    120,
    121,
    122,
    123,
    124,
    125,
    126,
    127,
    128,
    129,
    130,
    131,
    132,
    133,
    134,
    135,
    136,
    137,
    138,
    139,
    140,
    141,
    142,
    143,
    144,
    145,
    146,
    147,
    148,
    149,
    150,
    151,
    152,
    153,
    154,
    155,
    156,
    157,
    158,
    159,
    160,
    161,
    162,
    163,
    164,
    165,
    166,
    167,
    168,
    169,
    170,
    171,
    172,
    173,
    174,
    175,
    176,
    177,
    178,
    179,
    180,
    181,
    182,
    183,
    184,
    185,
    186,
    187,
    188,
    189,
    190,
    191,
    192,
    193,
    194,
    195,
    196,
    197,
    198,
    199
  ],
  "states": [
    50.0,
    49.53931179743418,
    47.61450371893904,
    47.65941895510259,
    45.86770786237279,
    45.104449547239895,
    43.35477359735493,
    43.76039987541744,
    41.44982473169609,
    41.07497058993776,
    42.136815654377756,
    42.0003724006448,
    41.893311357472406,
    43.260154977983724,
    44.84679427883963,
    45.8223618559565,
    45.885089181092965,
    46.02611524453011,
    48.12936902734221,
    48.67813635506972,
    48.364281194530015,
    49.66095868087064,
    48.57938912951667,
    48.717884495055216,
    48.55614958167846,
    49.04544864730982,
    51.797787582157724,
    51.78242802659346,
    53.55125797630137,
    51.836885759834395,
    51.27505193579827,
    49.15678434767059,
    47.69334558394542,
    47.3176553405241,
    48.2092030784687,
    48.249258804280544,
    49.85098148471223,
    51.03909989873782,
    51.53405757476313,
    51.09128337480396,
    49.472239177137624,
    51.035195668097735,
    51.35674098015976,
    52.568802195802036,
    52.5761625664229,
    51.48763060650974,
    52.37283393784269,
    53.830056787627214,
    52.23199197619461,
    53.663908489367195,
    54.44656092002986,
    55.549841689758416,
    56.00462954952899,
    55.804472204138214,
    57.59643303891016,
    57.2010123870963,
    57.966461958764235,
    57.17267389094046,
    56.53851286037488,
    57.33308584171685,
    59.39750771352379,
    60.41451796102138,
    61.00818118941744,
    61.604708273965805,
    61.088331713158475,
    62.66815122019822,
    61.62555651786606,
    62.49075636719719,
    63.44441251633922,
    65.27836199823946,
    65.83384159148702,
    67.3955058041134,
    65.52721371686818,
    66.32241242771883,
    67.32198240580144,
    68.70950405097808,
    67.09645162655451,
    66.31925164064418,
    65.74675609005322,
    64.94170412453937,
    67.5536620178673,
    69.48158964158243,
    69.01286974786983,
    70.25366098383618,
    70.62413469043327,
    70.21709522344636,
    70.97775374678882,
    71.17371305675832,
    71.93621422754585,
    70.19486175129863,
    71.55157414474701,
    71.45870331394099,
    71.0866585725738,
    69.00027464919188,
    69.3519461685238,
    70.17163927040117,
    69.30264290420331,
    70.16688724803042,
    71.13313785258659,
    71.15710881281517,
    70.08795529628661,
    70.38187874859996,
    68.15418823944486,
    71.29680927947055,
    70.86080513015877,
    67.65801480652902,
    67.10126462171216,
    64.68764388523974,
    64.9242012165564,
    65.27601949566069,
    64.97296363229984,
    66.63875571159852,
    66.40083484500136,
    63.93492098357434,
    64.9490501093425,
    65.9182838383472,
    66.94193109795464,
    66.12408625367236,
    67.96900927773466,
    68.06143894210322,
    67.2763303868455,
    65.6946278948244,
    65.95459155534255,
    65.2111301777792,
    63.30168016604834,
    64.41552220951624,
    63.621702860112286,
    65.77257676520261,
    65.6661421072678,
    64.77330322874033,
    64.14552572117643,
    65.46158241171018,
    65.89661908085753,
    65.96735306433263,
    65.26120200107371,
    65.31647084393553,
    64.38531649195616,
    63.34661078118689,
    65.58286083224792,
    66.14939156085566,
    66.41526464562706,
    66.9933447300774,
    67.10691804757447,
    67.7266478158423,
    67.89010793742146,
    68.9302843506677,
    67.38855223408373,
    70.68674573757251,
    71.54709218777724,
    70.44726886430858,
    70.99373642781366,
    71.2591801938381,
    72.41483233040245,
    74.12254129743404,
    75.46055643893344,
    74.34659476315743,
    74.79463602517363,
    72.36067653139064,
    73.67331959853048,
    74.21074690158919,
    73.44986820354296,
    72.16781638513937,
    72.7289372300759,
    72.0562347756898,
    70.49725727082242,
    71.81348638123241,
    71.03741236796917,
    71.96341403441,
    73.87097435952906,
    75.4888502039534,
    76.98503182059267,
    77.25343480797551,
    76.74061169778781,
    75.76790837995827,
    75.38222544750342,
    74.30166596283385,
    75.50040089389343,
    75.38129087088808,
    76.76549608408645,
    76.29316786688068,
    76.23100021630513,
    77.02840403917367,
    77.16829354161017,
    76.83395779544276,
    78.44759740009715,
    78.33597690556564,
    78.48293128802814,
    78.14423015265784,
    77.7065601259032,
    79.37787446886068,
    77.32615046898997,
    77.76994828838266,
    78.20355793334232,
    79.95725491894977,
    79.42573809056151,
    80.98334763089863,
    79.70133502784788,
    78.29928301238304,
    79.04392338067903,
    79.05706038242106,
    75.70221007969583
  ],
  "actions": [],
  "observations": [
    1,
    1,
    1,
    1,
    1,
    1,
    0,
    0,
    0,
    0,
    0,
    0,
    0,
    0,
    0,
    1,
    1,
    1,
    1,
    1,
    1,
    1,
    1,
    1,
    1,
    1,
    1,
    1,
    1,
    1,
    1,
    1,
    1,
    1,
    1,
    1,
    1,
    1,
    1,
    1,
    1,
    1,
    1,
    1,
    1,
    1,
    1,
    1,
    1,
    1,
    1,
    2,
    2,
    2,
    2,
    2,
    2,
    2,
    2,
    2,
    2,
    2,
    2,
    2,
    2,
    2,
    2,
    2,
    2,
    2,
    2,
    2,
    2,
    2,
    2,
    2,
    2,
    2,
    2,
    2,
    2,
    2,
    2,
    2,
    2,
    2,
    2,
    2,
    2,
    2,
    2,
    2,
    2,
    2,
    2,
    2,
    2,
    2,
    2,
    2,
    2,
    2,
    2,
    2,
    2,
    2,
    2,
    2,
    2,
    2,
    2,
    2,
    2,
    2,
    2,
    2,
    2,
    2,
    2,
    2,
    2,
    2,
    2,
    2,
    2,
    2,
    2,
    2,
    2,
    2,
    2,
    2,
    2,
    2,
    2,
    2,
    2,
    2,
    2,
    2,
    2,
    2,
    2,
    2,
    2,
    2,
    2,
    2,
    2,
    2,
    2,
    2,
    2,
    2,
    2,
    2,
    2,
    2,
    2,
    2,
    2,
    2,
    2,
    2,
    2,
    2,
    2,
    2,
    2,
    2,
    2,
    2,
    2,
    2,
    2,
    2,
    2,
    2,
    2,
    2,
    2,
    2,
    2,
    2,
    2,
    2,
    2,
    2,
    2,
    2,
    2,
    2,
    2,
    2,
    2,
    2,
    2,
    2,
    2,
    2
  ],