{
  "timesteps": [
    0,
    1,
    2,
    3,
    4,
    5,
    6,
    7,
    8,
    9,
    10,
    11,
    12,
    13,
    14,
    15,
    16,
    17,
    18,
    19,
    20,
    21,
    22,
    23,
    24,
    25,
    26,
    27,
    28,
    29,
    30,
    31,
    32,
    33,
    34,
    35,
    36,
    37,
    38,
    39,
    40,
    41,
    42,
    43,
    44,
    45,
    46,
    47,
    48,
    49,
    50,
    51,
    52,
    53,
    54,
    55,
    56,
    57,
    58,
    59,
    60,
    61,
    62,
    63,
    64,
    65,
    66,
    67,
    68,
    69,
    70,
    71,
    72,
    73,
    74,
    75,
    76,
    77,
    78,
    79,
    80,
    81,
    82,
    83,
    84,
    85,
    86,
    87,
    88,
    89,
    90,
    91,
    92,
    93,
    94,
    95,
    96,
    97,
    98,
    99,
    100,
    101,
    102,
    103,
    104,
    105,
    106,
    107,
    108,
    109,
    110,
    111,
    112,
    113,
    114,
    115,
    116,
    117,
    118,
    119,
    120,
    121,
    122,
    123,
    124,
    125,
    126,
    127,
    128,
    129,
    130,
    131,
    132,
    133,
    134,
    135,
    136,
    137,
    138,
    139,
    140,
    141,
    142,
    143,
    144,
    145,
    146,
    147,
    148,
    149,
    150,
    151,
    152,
    153,
    154,
    155,
    156,
    157,
    158,
    159,
    160,
    161,
    162,
    163,
    164,
    165,
    166,
    167,
    168,
    169,
    170,
    171,
    172,
    173,
    174,
    175,
    176,
    177,
    178,
    179,
    180,
    181,
    182,
    183,
    184,
    185,
    186,
    187,
    188,
    189,
    190,
    191,
    192,
    193,
    194,
    195,
    196,
    197,
    198,
    199
  ],
  "states": [
    50.0,
    50.150138702250565,
    50.65694088179744,
    50.7909535627147,
    50.318508564300075,
    49.461794886966814,
    50.02580503943667,
    50.61112841682617,
    53.06545692855307,
    53.47571112315254,
    55.87323664464572,
    55.7934321307144,
    54.09484957053803,
    52.48357001017113,
    52.36079353561775,
    52.926701992219165,
    51.350630797688225,
    53.30418665997434,
    53.55127045163997,
    53.78673239211026,
    53.150350095571106,
    56.6058246487567,
    56.88280578354198,
    55.40777766193049,
    53.73583578012503,
    52.25775754714608,
    50.24895360620923,
    52.51785465671077,
    50.06987590875897,
    49.96788106106137,
    49.13018206732568,
    49.05691410511587,
    48.16003353124559,
    47.39661938230797,
    45.59087313873051,
    45.810998178046894,
    45.904837278402724,
    46.22276937005104,
    43.1205080601092,
    43.24135274711626,
    42.604908725013004,
    43.24799044818628,
    43.37960723271593,
    46.2151722271208,
    46.50577511090661,
    45.834787406149395,
    46.11332445443244,
    47.407780635674456,
    49.99832218360304,
    50.27205634907707,
    51.169826368517306,
    50.73823122207591,
    48.32718734356335,
    47.377875862046395,
    49.21427166861187,
    48.86811618065071,
    49.7653827068772,
    51.12196752674396,
    49.89300548527499,
    48.91740233003312,
    50.21225528285116,
    50.5017618373368,
    50.14989447111316,
    50.56797152741731,
    51.16942679101306,
    50.705323112513945,
    50.91989792433204,
    49.92764028934971,
    47.08730299423769,
    46.204748645748936,
    47.33260556278034,
    48.06602512924872,
    49.1507999098881,
    48.52678966905644,
    46.718850363881195,
    48.087285516231844,
    48.77323612073951,
    47.98956084014975,
    48.3785783902744,
    49.27763729356217,
    48.59233649145943,
    48.63471996454214,
    48.13640627370279,
    48.39260044490838,
    46.77762926531328,
    45.946610320865126,
    45.022478474385636,
    45.715040662239176,
    44.94112048282036,
    45.47610445301992,
    47.98242259610173,
    45.13985379481425,
    45.037741846300996,
    45.57025598893468,
    44.96603186081061,
    44.533971051699154,
    43.476699293865664,
    42.11271073884816,
    42.83219276642486,
    40.4645324922992,
    41.652539334338634,
    41.4408638561671,
    42.71805656120541,
    40.87059008237072,
    41.35926321725103,
    39.33123433843488,
    40.21447704252228,
    41.455735533535346,
    41.514332788722186,
    43.0806601531856,
    43.61677478061549,
    45.216155807685176,
    44.5502372091648,
    41.56463271812164,
    41.66341076745582,
    42.70458508014413,
    43.35701267320363,
    43.89669000353773,
    44.606657231802956,
    45.671663593271646,
    45.29106247748711,
    46.117443171085654,
    46.00574175638715,
    47.12973720473543,
    48.15598236263921,
    47.28027034120801,
    48.435743042890316,
    49.64641426899344,
    47.95215147398388,
    48.59357374546445,
    50.122006608854775,
    51.35523473185806,
    49.90745225150719,
    51.09433333648516,
    51.8165975453103,
    50.13034082265543,
    50.26731352566141,
    51.72436924204043,
    53.62550742303917,
    53.262292168129896,
    55.50522116348472,
    53.73493656235117,
    54.2375515101869,
    55.03545816935495,
    54.80662383930485,
    56.12805639622629,
    56.29888300541202,
    57.27220382594224,
    56.49971550282341,
    56.55573576870029,
    56.47379392925536,
    55.234761777938616,
    56.39466709230306,
    52.74727525133679,
    52.02890581488794,
    53.30325277537756,
    54.843771457912844,
    55.693544858895514,
    54.90456723637294,
    53.13691554554889,
    53.6285226346663,
    51.13483374128788,
    50.424930782817306,
    50.86049138703542,
    51.33538585086399,
    53.73886430773216,
    52.17615149683867,
    52.58116754971221,
    51.49907728439465,
    50.743545304107364,
    49.545286030029374,
    49.200278749084056,
    48.65901364791416,
    47.90363783004883,
    49.70267104164862,
    50.76581562022021,
    51.27924222136533,
    49.87174593902948,
    50.5928974325661,
    50.88133321952051,
    50.075644625164,
    50.55272489641987,
    52.06952370315886,
    52.840959917827405,
    52.16329378840963,
    53.65508683761717,
    54.18243186404454,
    52.19173968402652,
    51.50997920308415,
    51.94372268301385,
    50.55923313515763,
    50.498410987125425,
    50.56369578758556,
    48.472957258764445,
    47.762542724702506,
    46.56539616811346,
    46.71649799009794,
    46.72232295055121,
    46.96245529249273,
    46.67222003179051,
    45.67317751179723
  ],
  "actions": [],
  "observations": [
    1,
    1,
    1,
    1,
    1,
    1,
    1,
    1,
    1,
    1,
    2,
    2,
    1,
    1,
    1,
    1,
    1,
    1,
    1,
    1,
    1,
    2,
    2,
    2,
    1,
    1,
    1,
    1,
    1,
    1,
    1,
    1,
    1,
    1,
    1,
    1,
    1,
    1,
    0,
    0,
    0,
    0,
    0,
    1,
    1,
    1,
    1,
    1,
    1,
    1,
    1,
    1,
    1,
    1,
    1,
    1,
    1,
    1,
    1,
    1,
    1,
    1,
    1,
    1,
    1,
    1,
    1,
    1,
    1,
    1,
    1,
    1,
    1,
    1,
    1,
    1,
    1,
    1,
    1,
    1,
    1,
    1,
    1,
    1,
    1,
    1,
    1,
    1,
    0,
    1,
    1,
    1,
    1,
    1,
    0,
    0,
    0,
    0,
    0,
    0,
    0,
    0,
    0,
    0,
    0,
    0,
    0,
    0,
    0,
    0,
    0,
    1,
    0,
    0,
    0,
    0,
    0,
    0,
    0,
    1,
    1,
    1,
    1,
    1,
    1,
    1,
    1,
    1,
    1,
    1,
    1,
    1,
    1,
    1,
    1,
    1,
    1,
    1,
    1,
    1,
    2,
    1,
    1,
    2,
    1,
    2,
    2,
    2,
    2,
    2,
    2,
    2,
    2,
    1,
    1,
    1,
    1,
    2,
    1,
    1,
    1,
    1,
    1,
    1,
    1,
    1,
    1,
    1,
    1,
    1,
    1,
    1,
    1,
    1,
    1,
    1,
    1,
    1,
    1,
    1,
    1,
    1,
    1,
    1,
    1,
    1,
    1,
    1,
    1,
    1,
    1,
    1,
    1,
    1,
    1,
    1,
    1,
    1,
    1,
    1
  ],