{
  "timesteps": [
    0,
    1,
    2,
    3,
    4,
    5,
    6,
    7,
    8,
    9,
    10,
    11,
    12,
    13,
    14,
    15,
    16,
    17,
    18,
    19,
    20,
    21,
    22,
    23,
    24,
    25,
    26,
    27,
    28,
    29,
    30,
    31,
    32,
    33,
    34,
    35,
    36,
    37,
    38,
    39,
    40,
    41,
    42,
    43,
    44,
    45,
    46,
    47,
    48,
    49,
    50,
    51,
    52,
    53,
    54,
    55,
    56,
    57,
    58,
    59,
    60,
    61,
    62,
    63,
    64,
    65,
    66,
    67,
    68,
    69,
    70,
    71,
    72,
    73,
    74,
    75,
    76,
    77,
    78,
    79,
    80,
    81,
    82,
    83,
    84,
    85,
    86,
    87,
    88,
    89,
    90,
    91,
    92,
    93,
    94,
    95,
    96,
    97,
    98,
    99,
    100,
    101,
    102,
    103,
    104,
    105,
    106,
    107,
    108,
    109,
    110,
    111,
    112,
    113,
    114,
    115,
    116,
    117,
    118,
    119,
    120,
    121,
    122,
    123,
    124,
    125,
    126,
    127,
    128,
    129,
    130,
    131,
    132,
    133,
    134,
    135,
    136,
    137,
    138,
    139,
    140,
    141,
    142,
    143,
    144,
    145,
    146,
    147,
    148,
    149,
    150,
    151,
    152,
    153,
    154,
    155,
    156,
    157,
    158,
    159,
    160,
    161,
    162,
    163,
    164,
    165,
    166,
    167,
    168,
    169,
    170,
    171,
    172,
    173,
    174,
    175,
    176,
    177,
    178,
    179,
    180,
    181,
    182,
    183,
    184,
    185,
    186,
    187,
    188,
    189,
    190,
    191,
    192,
    193,
    194,
    195,
    196,
    197,
    198,
    199
  ],
  "states": [
    50.0,
    49.94496452943638,
    50.12451626427622,
    50.30161927356323,
    50.35665725641502,
    50.50808005950394,
    50.621278213377394,
    50.55424450774227,
    50.51496548661791,
    50.53413307702813,
    50.655924552704995,
    50.71131760296238,
    50.760055445500385,
    50.7111339091301,
    50.92392058635505,
    51.00377404536491,
    50.99536312552164,
    51.100150752463634,
    51.184605129026274,
    51.391829428935225,
    51.511612451103886,
    51.49285045832991,
    51.42282036137251,
    51.56554529755501,
    51.58705976454701,
    51.63616157022973,
    51.78002152015241,
    51.695014747592126,
    51.54017437036674,
    51.536649929737365,
    51.63628916052231,
    51.72519672101641,
    51.64990868122406,
    51.723885869714024,
    51.57737722837749,
    51.41064439529277,
    51.47648031002264,
    51.624781994552336,
    51.8215794823394,
    51.76217646283483,
    52.11694180243062,
    52.121101907480806,
    52.31680784285259,
    52.309090466697235,
    52.24672164922245,
    52.25173989232479,
    52.154987667797634,
    52.01576415293148,
    52.02277008808388,
    52.13976028642232,
    52.16641138233013,
    52.10011668027745,
    52.07452582659888,
    52.06537514660882,
    52.183041117619595,
    52.250449360857225,
    52.19630728388591,
    52.033712229294345,
    52.04760119282311,
    52.04497811342543,
    52.01444672175659,
    51.84932225541006,
    51.66615220253794,
    51.667051979693625,
    51.66840714082479,
    51.75590650035736,
    51.700606027331766,
    51.7527891953896,
    51.630893766404306,
    51.57512112978668,
    51.521856181513215,
    51.53651977067781,
    51.6247744856479,
    51.4924022865355,
    51.50746076992009,
    51.58042004239369,
    51.52222181111063,
    51.51562123212012,
    51.59093214327222,
    51.624429212939305,
    51.56105487805637,
    51.40647479341796,
    51.307023137091434,
    51.23368292973329,
    51.13728999703413,
    51.01122916051356,
    51.08817391475975,
    51.18784715950234,
    51.240956760160586,
    51.27030310882129,
    51.29507463372116,
    51.28239743524979,
    51.422520067249756,
    51.57462957551187,
    51.34423629620161,
    51.30450239349945,
    51.429114094900235,
    51.41193420358142,
    51.44078815423643,
    51.61122760111112,
    51.5745576611684,
    51.59547339545548,
    51.560492206846774,
    51.534852397026754,
    51.47247969948368,
    51.61007471503464,
    51.58877129976379,
    51.568876030892355,
    51.582472727669035,
    51.47975577011477,
    51.47035498095029,
    51.63575034250365,
    51.646300916110675,
    51.84696252467263,
    51.80087628498345,
    52.021594233120084,
    52.108031374099944,
    52.04061921626161,
    51.98243012051131,
    51.87645480206527,
    51.857571205875146,
    51.96725961591033,
    51.94932855127819,
    51.79262779572103,
    51.641173873297525,
    51.75173803522157,
    51.549792719921044,
    51.562703356420904,
    51.61818760911403,
    51.562197491998816,
    51.38860727530282,
    51.57409504363528,
    51.65802419351909,
    51.57461849042738,
    51.706967100226365,
    51.59004864009796,
    51.42333138205987,
    51.426106562401905,
    51.33446349001033,
    51.33959306463752,
    51.23871130007246,
    51.25829995930137,
    51.35075092494749,
    51.46738669372848,
    51.30683362084953,
    51.21348895408068,
    51.17999634144165,
    51.20519362736594,
    51.132718180904355,
    51.10396806886777,
    51.10560992687636,
    50.9837273551217,
    51.04984336277765,
    51.16179188155731,
    51.14668788976679,
    51.01165829071114,
    50.90083141225315,
    50.84403685740635,
    50.972455214749154,
    50.99571572700928,
    50.86625010500183,
    50.84012975444033,
    50.77532648697302,
    50.69929269094608,
    50.67001087818043,
    50.556257183722856,
    50.698978595304425,
    50.70780633748093,
    50.79900363611469,
    50.854306539214285,
    50.81740422065642,
    50.76657585930332,
    50.84141591812769,
    50.92067873141012,
    50.97721757976685,
    50.984674214332266,
    50.89936791407718,
    50.79965720442839,
    50.76896669111545,
    50.77448126263978,
    50.91325968746402,
    50.90669766764501,
    50.72417062319601,
    50.75857409404619,
    50.649127178152035,
    50.51025918660233,
    50.61249206700537,
    50.642067601250226,
    50.76609460348138,
    50.77690195799546,
    50.71577768790155,
    50.69325405983144,
    50.78433972737599,
    50.69406658184375,
    50.585536426650584,
    50.65666792942444,
    50.70336213534044,
    50.56120967058081,
    50.583310496498406,
    50.37153026458972,
    50.314490936815865
  ],
  "actions": [],
  "observations": [
    1,
    1,
    1,
    1,
    1,
    1,
    1,
    1,
    1,
    1,
    1,
    1,
    1,
    1,
    1,
    1,
    1,
    1,
    1,
    1,
    1,
    1,
    1,
    1,
    1,
    1,
    1,
    1,
    1,
    1,
    1,
    1,
    1,
    1,
    1,
    1,
    1,
    1,
    1,
    1,
    1,
    1,
    1,
    1,
    1,
    1,
    1,
    1,
    1,
    1,
    1,
    1,
    1,
    1,
    1,
    1,
    1,
    1,
    1,
    1,
    1,
    1,
    1,
    1,
    1,
    1,
    1,
    1,
    1,
    1,
    1,
    1,
    1,
    1,
    1,
    1,
    1,
    1,
    1,
    1,
    1,
    1,
    1,
    1,
    1,
    1,
    1,
    1,
    1,
    1,
    1,
    1,
    1,
    1,
    1,
    1,
    1,
    1,
    1,
    1,
    1,
    1,
    1,
    1,
    1,
    1,
    1,
    1,
    1,
    1,
    1,
    1,
    1,
    1,
    1,
    1,
    1,
    1,
    1,
    1,
    1,
    1,
    1,
    1,
    1,
    1,
    1,
    1,
    1,
    1,
    1,
    1,
    1,
    1,
    1,
    1,
    1,
    1,
    1,
    1,
    1,
    1,
    1,
    1,
    1,
    1,
    1,
    1,
    1,
    1,
    1,
    1,
    1,
    1,
    1,
    1,
    1,
    1,
    1,
    1,
    1,
    1,
    1,
    1,
    1,
    1,
    1,
    1,
    1,
    1,
    1,
    1,
    1,
    1,
    1,
    1,
    1,
    1,
    1,
    1,
    1,
    1,
    1,
    1,
    1,
    1,
    1,
    1,
    1,
    1,
    1,
    1,
    1,
    1,
    1,
    1,
    1,
    1,
    1,
    1
  ],