{
  "timesteps": [
    0,
    1,
    2,
    3,
    4,
    5,
    6,
    7,
    8,
    9,
    10,
    11,
    12,
    13,
    14,
    15,
    16,
    17,
    18,
    19,
    20,
    21,
    22,
    23,
    24,
    25,
    26,
    27,
    28,
    29,
    30,
    31,
    32,
    33,
    34,
    35,
    36,
    37,
    38,
    39,
    40,
    41,
    42,
    43,
    44,
    45,
    46,
    47,
    48,
    49,
    50,
    51,
    52,
    53,
    54,
    55,
    56,
    57,
    58,
    59,
    60,
    61,
    62,
    63,
    64,
    65,
    66,
    67,
    68,
    69,
    70,
    71,
    72,
    73,
    74,
    75,
    76,
    77,
    78,
    79,
    80,
    81,
    82,
    83,
    84,
    85,
    86,
    87,
    88,
    89,
    90,
    91,
    92,
    93,
    94,
    95,
    96,
    97,
    98,
    99,
    100,
    101,
    102,
    103,
    104,
    105,
    106,
    107,
    108,
    109,
    110,
    111,
    112,
    113,
    114,
    115,
    116,
    117,
    118,
    119,
    120,
    121,
    122,
    123,
    124,
    125,
    126,
    127,
    128,
    129,
    130,
    131,
    132,
    133,
    134,
    135,
    136,
    137,
    138,
    139,
    140,
    141,
    142,
    143,
    144,
    145,
    146,
    147,
    148,
    149,
    150,
    151,
    152,
    153,
    154,
    155,
    156,
    157,
    158,
    159,
    160,
    161,
    162,
    163,
    164,
    165,
    166,
    167,
    168,
    169,
    170,
    171,
    172,
    173,
    174,
    175,
    176,
    177,
    178,
    179,
    180,
    181,
    182,
    183,
    184,
    185,
    186,
    187,
    188,
    189,
    190,
    191,
    192,
    193,
    194,
    195,
    196,
    197,
    198,
    199
  ],
  "states": [
    50.0,
    50.09536639037375,
    50.02895109302353,
    50.120868979254254,
    50.236345351421825,
    50.2440520497858,
    50.33959080174671,
    50.498259464543544,
    50.59194031929128,
    50.78548918313341,
    50.73677171515587,
    50.85872697914118,
    50.939970548614966,
    51.10203808616079,
    51.034353203166496,
    50.8370623199909,
    50.84965273307585,
    50.638022020878374,
    50.61511096163384,
    50.5219286223698,
    50.635999357098434,
    50.53967801800524,
    50.71195339085208,
    50.58850377969153,
    50.42185848621499,
    50.6277592406092,
    50.58390233102944,
    50.49904883176373,
    50.33559034043809,
    50.286288949088025,
    50.35486900855258,
    50.55938877328279,
    50.71634900266341,
    50.81335124087708,
    50.78096260246112,
    50.82081711367854,
    50.881232555416595,
    50.84099131329478,
    50.799784864543334,
    50.82354289207018,
    50.7278127081832,
    50.69395753494392,
    50.810255880311814,
    50.640298990038396,
    50.60371988175153,
    50.832856214106094,
    50.80165172704476,
    50.913232324814295,
    50.932472378337096,
    50.72880998267377,
    50.74256417821179,
    50.678304717347444,
    50.68173949071698,
    50.71071489188264,
    50.78249971487518,
    50.825531002345876,
    50.79659024901085,
    50.80779832135417,
    50.771659242124635,
    50.89322261467069,
    50.7773659416646,
    50.84089331403139,
    50.94800315157368,
    51.16277435592499,
    51.08788058811793,
    51.11512043239372,
    51.12565417989273,
    51.092220643498955,
    50.999480126496145,
    51.130037423192796,
    50.94055274405232,
    50.98059473460752,
    50.86909966812277,
    50.75981207771109,
    50.92798457104734,
    50.97613776366532,
    50.88642653585762,
    50.91623681876263,
    50.86501745765166,
    51.07964732056687,
    50.85243340599617,
    50.83552826149719,
    50.77471031064351,
    50.98524285720659,
    51.07535754866338,
    51.02958870949669,
    51.20068824169612,
    51.05912543687038,
    51.09673508667334,
    50.98940468939995,
    51.09596947932233,
    51.116319027682636,
    51.216553499961755,
    51.344231361910815,
    51.34372241624704,
    51.34364435395859,
    51.47851457322409,
    51.49191264412554,
    51.57560617346541,
    51.67377276307282,
    51.772896826829516,
    51.80638382799017,
    51.90855966811344,
    52.034548113814445,
    51.86142065042715,
    51.86004291342357,
    51.61898098139254,
    51.43562617462385,
    51.43877794600442,
    51.596715635568565,
    51.61037354588816,
    51.71910027541472,
    51.83971615392728,
    51.889389241887535,
    52.02842131586486,
    52.016070238533004,
    51.986180073164256,
    51.90118345633198,
    51.895635005933116,
    52.01061343389415,
    52.00168676492317,
    52.024850355351916,
    52.133277371103794,
    52.12773822519649,
    52.11635990812677,
    52.119895301356514,
    52.12467229318298,
    52.071134156301156,
    52.121905725510125,
    52.10184945826844,
    52.00607990382534,
    51.96221281790032,
    51.88664204832196,
    52.02750669887812,
    52.04760403751257,
    51.97821465717165,
    51.88369705195839,
    51.8536153224538,
    51.77197042511212,
    51.87318554837024,
    51.782248161249754,
    51.671344864365345,
    51.79027989128361,
    51.942921390535325,
    51.98202444620798,
    51.975702694905046,
    51.91386756602326,
    51.783868957193356,
    51.64891873867663,
    51.72419510578894,
    51.64958499497454,
    51.669097977637236,
    51.62199166186897,
    51.62755562264617,
    51.686667457845296,
    51.6455950051924,
    51.590595237151184,
    51.541862469907336,
    51.58609180084969,
    51.81454316902845,
    52.00901622213858,
    51.98338820692531,
    52.10537859090533,
    52.03061888100034,
    51.99666039528806,
    52.088472376370525,
    52.05036936934507,
    51.98463581090254,
    51.98104750309085,
    51.86712592895164,
    51.70859474756993,
    51.88446862916248,
    51.73633721759819,
    51.85304695997743,
    51.81563981755954,
    51.73464201107618,
    51.7451016390235,
    51.66316976374585,
    51.73917046051724,
    51.81771720228285,
    51.84937183858291,
    51.73679701400431,
    51.68349961752894,
    51.74195235133677,
    51.579692709830255,
    51.60268213615697,
    51.517941432268245,
    51.69947551087655,
    51.64075724343124,
    51.65604683285408,
    51.76002026378995,
    51.83027902773017,
    51.94070972757314,
    52.010065790210405,
    52.189113195500354,
    52.05338718366802,
    52.080259858600925,
    51.954940029524074,
    51.87940127103564,
    51.710461006522735,
    51.84595602996683
  ],
  "actions": [],
  "observations": [
    1,
    1,
    1,
    1,
    1,
    1,
    1,
    1,
    1,
    1,
    1,
    1,
    1,
    1,
    1,
    1,
    1,
    1,
    1,
    1,
    1,
    1,
    1,
    1,
    1,
    1,
    1,
    1,
    1,
    1,
    1,
    1,
    1,
    1,
    1,
    1,
    1,
    1,
    1,
    1,
    1,
    1,
    1,
    1,
    1,
    1,
    1,
    1,
    1,
    1,
    1,
    1,
    1,
    1,
    1,
    1,
    1,
    1,
    1,
    1,
    1,
    1,
    1,
    1,
    1,
    1,
    1,
    1,
    1,
    1,
    1,
    1,
    1,
    1,
    1,
    1,
    1,
    1,
    1,
    1,
    1,
    1,
    1,
    1,
    1,
    1,
    1,
    1,
    1,
    1,
    1,
    1,
    1,
    1,
    1,
    1,
    1,
    1,
    1,
    1,
    1,
    1,
    1,
    1,
    1,
    1,
    1,
    1,
    1,
    1,
    1,
    1,
    1,
    1,
    1,
    1,
    1,
    1,
    1,
    1,
    1,
    1,
    1,
    1,
    1,
    1,
    1,
    1,
    1,
    1,
    1,
    1,
    1,
    1,
    1,
    1,
    1,
    1,
    1,
    1,
    1,
    1,
    1,
    1,
    1,
    1,
    1,
    1,
    1,
    1,
    1,
    1,
    1,
    1,
    1,
    1,
    1,
    1,
    1,
    1,
    1,
    1,
    1,
    1,
    1,
    1,
    1,
    1,
    1,
    1,
    1,
    1,
    1,
    1,
    1,
    1,
    1,
    1,
    1,
    1,
    1,
    1,
    1,
    1,
    1,
    1,
    1,
    1,
    1,
    1,
    1,
    1,
    1,
    1,
    1,
    1,
    1,
    1,
    1,
    1
  ],