{
  "timesteps": [
    0,
    1,
    2,
    3,
    4,
    5,
    6,
    7,
    8,
    9,
    10,
    11,
    12,
    13,
    14,
    15,
    16,
    17,
    18,
    19,
    20,
    21,
    22,
    23,
    24,
    25,
    26,
    27,
    28,
    29,
    30,
    31,
    32,
    33,
    34,
    35,
    36,
    37,
    38,
    39,
    40,
    41,
    42,
    43,
    44,
    45,
    46,
    47,
    48,
    49,
    50,
    51,
    52,
    53,
    54,
    55,
    56,
    57,
    58,
    59,
    60,
    61,
    62,
    63,
    64,
    65,
    66,
    67,
    68,
    69,
    70,
    71,
    72,
    73,
    74,
    75,
    76,
    77,
    78,
    79,
    80,
    81,
    82,
    83,
    84,
    85,
    86,
    87,
    88,
    89,
    90,
    91,
    92,
    93,
    94,
    95,
    96,
    97,
    98,
    99,
    100,
    101,
    102,
    103,
    104,
    105,
    106,
    107,
    108,
    109,
    110,
    111,
    112,
    113,
    114,
    115,
    116,
    117,
    118,
    119,
    120,
    121,
    122,
    123,
    124,
    125,
    126,
    127,
    128,
    129,
    130,
    131,
    132,
    133,
    134,
    135,
    136,
    137,
    138,
    139,
    140,
    141,
    142,
    143,
    144,
    145,
    146,
    147,
    148,
    149,
    150,
    151,
    152,
    153,
    154,
    155,
    156,
    157,
    158,
    159,
    160,
    161,
    162,
    163,
    164,
    165,
    166,
    167,
    168,
    169,
    170,
    171,
    172,
    173,
    174,
    175,
    176,
    177,
    178,
    179,
    180,
    181,
    182,
    183,
    184,
    185,
    186,
    187,
    188,
    189,
    190,
    191,
    192,
    193,
    194,
    195,
    196,
    197,
    198,
    199
  ],
  "states": [
    50.0,
    49.50455100039056,
    47.85454338862419,
    48.869312401491385,
    48.06871053404017,
    46.458697494587916,
    46.66478592731913,
    47.525587468273955,
    48.03413467265144,
    48.17166405935517,
    48.009397023074214,
    47.44846677795953,
    48.95268011962918,
    49.53575428901159,
    49.583165943954484,
    49.69715586600918,
    48.06133881070337,
    46.79495178346644,
    48.13650371872998,
    47.14611966206376,
    45.91423907933819,
    46.51612060798036,
    45.14240033416973,
    44.02344226510997,
    41.677235067742195,
    41.398280786472164,
    40.220401933749216,
    39.52849254083515,
    39.97643526650351,
    38.38995978630855,
    37.94407206917073,
    38.71796532995265,
    38.58752063599579,
    40.344149666621334,
    39.66772918821821,
    40.65941663618865,
    38.98695750726558,
    40.502820626247356,
    38.58320829746721,
    38.135238319408415,
    39.049384541814355,
    39.7158140817034,
    40.8592663644891,
    42.623005056029555,
    41.72049560142983,
    44.31844353492809,
    44.326313233061775,
    43.567645525929656,
    43.632272344224106,
    44.40240428433705,
    43.90297749717819,
    43.5131598950513,
    42.30784727404349,
    43.179682641489485,
    42.464954857394275,
    43.44037661647508,
    43.12491599155561,
    43.49041423230159,
    45.81950705947567,
    44.014086093408025,
    44.428222388628164,
    44.59505634165854,
    44.1772740627205,
    44.92650935242335,
    45.153780628165066,
    45.26445865186318,
    46.81486419045945,
    46.10229850870552,
    44.60477179627798,
    43.878563315941754,
    43.133179646866225,
    43.092260870086115,
    42.889093124653805,
    43.05112583770764,
    44.07241088920371,
    44.37134805810174,
    43.706704298072694,
    43.18116908756181,
    44.478957533489464,
    43.91376902917648,
    43.57361078939795,
    42.73509586311039,
    41.83469290872859,
    41.18738719221145,
    41.13696464377035,
    39.84337654415691,
    41.45388979019089,
    39.920014065463114,
    40.53895208270545,
    40.66325398660166,
    40.33233507351455,
    39.64314941633936,
    40.26095739134744,
    39.4264447186917,
    37.8758355784863,
    38.182321667041805,
    38.6810041173828,
    40.223748109687676,
    39.65724071020456,
    41.22428767034291,
    42.40547283880722,
    43.0018834085754,
    43.57623139372844,
    44.568946375688625,
    43.95640459031755,
    45.99490868893096,
    45.557658230673695,
    45.359689229468856,
    44.302343224091096,
    45.663110414477295,
    44.87285952714648,
    44.23281775500719,
    44.62122474881508,
    44.54139417922229,
    44.48015805096192,
    44.8884142456922,
    46.01738314517113,
    46.92322390136618,
    48.11847028102653,
    47.75171185442765,
    47.52031996304374,
    46.568597519101786,
    46.07646323124079,
    45.7598029716959,
    45.31695446927527,
    43.02844701017438,
    43.28853047309333,
    43.91950285909767,
    44.106148903238186,
    44.74914176602724,
    46.34854005998523,
    47.04564901061071,
    47.274046009536846,
    46.35660508802444,
    46.584020156291096,
    48.03335020460819,
    48.602263784439316,
    49.02630784962595,
    48.368413553885944,
    48.211848462158414,
    49.123537342672854,
    48.34732351886852,
    47.91532176244574,
    48.31201844564929,
    46.40273425312886,
    46.216194827823124,
    48.857149333162944,
    48.358361206965874,
    46.542549654521,
    46.57451402547131,
    48.165694395770586,
    48.65177435141427,
    47.73021245110576,
    47.36556612320278,
    48.289605729049406,
    48.96802773421703,
    49.07304475024287,
    48.067065102253274,
    46.99616867315519,
    46.43518336261082,
    45.84840129383767,
    43.933445239869044,
    41.095974499823555,
    41.65198761702015,
    40.885735021604546,
    43.559182907428,
    42.46770531088111,
    42.26274587639383,
    43.487527900575905,
    42.55037518441315,
    43.078699496091645,
    42.011737619020636,
    42.717418032779534,
    41.54361202105192,
    42.47204222009203,
    42.11696004617478,
    40.94965775078133,
    40.08658474789042,
    40.680397721978395,
    41.608408018764266,
    40.830585577778216,
    38.781629695408206,
    37.906843485083115,
    38.782426528148065,
    37.980945762273734,
    37.13663806772667,
    36.39336126751111,
    35.88115810370685,
    33.996123514980376,
    34.83244042931487,
    33.69627133031635,
    34.29275907254065,
    33.01193917411259,
    33.54961273992021,
    33.26428480372257,
    33.78724601711232,
    36.050788024647915,
    36.85663940812641,
    38.76794915856809,
    38.340710253352874,
    39.28917434926975
  ],
  "actions": [],
  "observations": [
    1,
    1,
    1,
    1,
    1,
    1,
    1,
    1,
    1,
    1,
    1,
    1,
    1,
    1,
    1,
    1,
    1,
    1,
    1,
    1,
    1,
    1,
    1,
    0,
    0,
    0,
    0,
    0,
    0,
    0,
    0,
    0,
    0,
    0,
    0,
    0,
    0,
    0,
    0,
    0,
    0,
    0,
    0,
    0,
    0,
    0,
    0,
    0,
    0,
    0,
    0,
    0,
    0,
    0,
    0,
    0,
    0,
    0,
    1,
    0,
    0,
    0,
    0,
    0,
    1,
    1,
    1,
    1,
    0,
    0,
    0,
    0,
    0,
    0,
    0,
    0,
    0,
    0,
    0,
    0,
    0,
    0,
    0,
    0,
    0,
    0,
    0,
    0,
    0,
    0,
    0,
    0,
    0,
    0,
    0,
    0,
    0,
    0,
    0,
    0,
    0,
    0,
    0,
    0,
    0,
    1,
    1,
    1,
    0,
    1,
    0,
    0,
    0,
    0,
    0,
    0,
    1,
    1,
    1,
    1,
    1,
    1,
    1,
    1,
    1,
    0,
    0,
    0,
    0,
    0,
    1,
    1,
    1,
    1,
    1,
    1,
    1,
    1,
    1,
    1,
    1,
    1,
    1,
    1,
    1,
    1,
    1,
    1,
    1,
    1,
    1,
    1,
    1,
    1,
    1,
    1,
    1,
    1,
    1,
    1,
    1,
    0,
    0,
    0,
    0,
    0,
    0,
    0,
    0,
    0,
    0,
    0,
    0,
    0,
    0,
    0,
    0,
    0,
    0,
    0,
    0,
    0,
    0,
    0,
    0,
    0,
    0,
    0,
    0,
    0,
    0,
    0,
    0,
    0,
    0,
    0,
    0,
    0,
    0,
    0
  ],