{
  "timesteps": [
    0,
    1,
    2,
    3,
    4,
    5,
    6,
    7,
    8,
    9,
    10,
    11,
    12,
    13,
    14,
    15,
    16,
    17,
    18,
    19,
    20,
    21,
    22,
    23,
    24,
    25,
    26,
    27,
    28,
    29,
    30,
    31,
    32,
    33,
    34,
    35,
    36,
    37,
    38,
    39,
    40,
    41,
    42,
    43,
    44,
    45,
    46,
    47,
    48,
    49,
    50,
    51,
    52,
    53,
    54,
    55,
    56,
    57,
    58,
    59,
    60,
    61,
    62,
    63,
    64,
    65,
    66,
    67,
    68,
    69,
    70,
    71,
    72,
    73,
    74,
    75,
    76,
    77,
    78,
    79,
    80,
    81,
    82,
    83,
    84,
    85,
    86,
    87,
    88,
    89,
    90,
    91,
    92,
    93,
    94,
    95,
    96,
    97,
    98,
    99,
    100,
    101,
    102,
    103,
    104,
    105,
    106,
    107,
    108,
    109,
    110,
    111,
    112,
    113,
    114,
    115,
    116,
    117,
    118,
    119,
    120,
    121,
    122,
    123,
    124,
    125,
    126,
    127,
    128,
    129,
    130,
    131,
    132,
    133,
    134,
    135,
    136,
    137,
    138,
    139,
    140,
    141,
    142,
    143,
    144,
    145,
    146,
    147,
    148,
    149,
    150,
    151,
    152,
    153,
    154,
    155,
    156,
    157,
    158,
    159,
    160,
    161,
    162,
    163,
    164,
    165,
    166,
    167,
    168,
    169,
    170,
    171,
    172,
    173,
    174,
    175,
    176,
    177,
    178,
    179,
    180,
    181,
    182,
    183,
    184,
    185,
    186,
    187,
    188,
    189,
    190,
    191,
    192,
    193,
    194,
    195,
    196,
    197,
    198,
    199
  ],
  "states": [
    50.0,
    49.0079826882157,
    48.54198094932576,
    49.16939503808038,
    49.8002216275143,
    49.18418835467241,
    49.87412369616782,
    48.669663604097785,
    49.79457911628886,
    51.061897883944916,
    51.99818157821404,
    52.2762742796547,
    52.744540566094884,
    53.05757703941814,
    52.6301998202847,
    52.513984710552904,
    51.647052547677546,
    51.01151112688703,
    49.974183157379166,
    50.42553470405483,
    50.91016647424662,
    48.911494439440894,
    50.0502932186076,
    49.50046928265658,
    50.678581552491,
    51.945857341205254,
    51.901553514915534,
    50.86309685476958,
    52.57179703902101,
    52.09463326621787,
    54.33047911097113,
    54.32465423568279,
    55.88983197416316,
    55.36855280175975,
    53.19463184602438,
    54.11118595553763,
    52.92046614247703,
    53.193931264882806,
    52.38241703460366,
    50.77115846479118,
    51.16896182381046,
    50.8776504581967,
    50.60013153971947,
    50.44356895135288,
    50.90790837342685,
    52.21821959822959,
    52.77477780393122,
    54.42179654288426,
    54.91021236761683,
    55.947008243114084,
    56.48094989974205,
    56.39487920388213,
    57.614617255172945,
    57.31428462654834,
    57.71470657550519,
    57.7466496410061,
    56.87447084752007,
    56.95425017479878,
    58.314503962741604,
    58.29710522169198,
    58.93537207721831,
    58.99180813704524,
    57.93680273665034,
    57.74208748264464,
    56.80361646683536,
    58.63727388243939,
    57.88786829463858,
    58.71553898523615,
    58.26721828479156,
    58.83002618123715,
    58.87602468873061,
    58.74921237448188,
    59.289687516042214,
    57.1232994793987,
    57.25622377913314,
    56.54877377689346,
    56.64484394981786,
    57.37020250930129,
    58.8087362772126,
    59.57322600568968,
    59.71834115725755,
    60.133643970548285,
    59.791802232018505,
    60.27240269770797,
    61.42619729210433,
    61.22946530794978,
    60.86414674330428,
    62.455540297469895,
    63.64430716258861,
    64.4219487057479,
    63.28553192493005,
    64.2967349124623,
    64.963457428322,
    63.76650624618949,
    63.862508131351525,
    64.04016835488649,
    64.32644983350083,
    65.31756287752393,
    64.91376003383914,
    63.67789050023008,
    63.970966284231736,
    64.92816602198215,
    64.645982350271,
    65.76504793988501,
    65.94916740868213,
    64.54953176203583,
    65.4704615460003,
    64.7861778727832,
    64.75838107087431,
    63.87583868710953,
    63.70619667026859,
    62.98463844968455,
    63.11181818069472,
    62.81567401575208,
    64.29542372551346,
    65.36288657684872,
    65.64690840851107,
    65.93569406957073,
    67.19289517220507,
    68.26889828672488,
    70.12678997941808,
    70.80111485911758,
    71.99833873442158,
    72.73209517214666,
    72.80458530436755,
    74.71652601594415,
    75.24010198848265,
    75.54166143657595,
    75.5257470834968,
    75.48205360069015,
    75.90174492714911,
    76.44638139596408,
    78.5589695668265,
    80.06362994747565,
    77.5638098493336,
    77.71251997102507,
    77.07358922530885,
    77.32712774793009,
    74.79980247849338,
    75.36112329844494,
    72.8287988006904,
    71.07872155680629,
    69.91555048829537,
    70.46451458156085,
    68.29679247607389,
    68.64618366540918,
    67.27193366534713,
    68.5359566627655,
    68.09223433200457,
    68.41205287812437,
    68.90081811746813,
    67.79188191197906,
    66.1252500714793,
    67.127452931641,
    68.21713064865405,
    69.34863476098,
    69.37188199021121,
    69.38971153000608,
    68.2708469698977,
    68.38472057460694,
    67.69455983488733,
    69.53388709324771,
    70.61470409665183,
    72.10683452939493,
    71.27424779273711,
    69.66119688694175,
    70.28764709656565,
    71.74569385575626,
    72.04759862399972,
    71.8756411676931,
    71.59971220434142,
    70.32972663224244,
    71.41789296646198,
    70.19975997152329,
    72.56608906769074,
    70.94126850293193,
    71.66230403772333,
    74.28348766313339,
    73.69474400535879,
    71.78631290049778,
    71.45619421673317,
    71.97379659159425,
    72.10683540281708,
    69.61658515177757,
    68.29464386783431,
    67.91452314984417,
    68.96316943912552,
    68.30730511497383,
    70.22420244463433,
    70.1193744333834,
    68.81576417958419,
    70.5170924730777,
    71.15639710271635,
    70.50294797457725,
    71.19932675042496,
    71.74651155431827,
    71.46864556398539,
    69.20400039582385,
    70.46691269111314,
    70.5593343538924,
    73.08476415113194
  ],
  "actions": [],
  "observations": [
    1,
    1,
    1,
    1,
    1,
    1,
    1,
    1,
    1,
    1,
    1,
    1,
    1,
    1,
    1,
    1,
    1,
    1,
    1,
    1,
    1,
    1,
    1,
    1,
    1,
    1,
    1,
    1,
    1,
    1,
    1,
    1,
    2,
    2,
    1,
    1,
    1,
    1,
    1,
    1,
    1,
    1,
    1,
    1,
    1,
    1,
    1,
    1,
    1,
    2,
    2,
    2,
    2,
    2,
    2,
    2,
    2,
    2,
    2,
    2,
    2,
    2,
    2,
    2,
    2,
    2,
    2,
    2,
    2,
    2,
    2,
    2,
    2,
    2,
    2,
    2,
    2,
    2,
    2,
    2,
    2,
    2,
    2,
    2,
    2,
    2,
    2,
    2,
    2,
    2,
    2,
    2,
    2,
    2,
    2,
    2,
    2,
    2,
    2,
    2,
    2,
    2,
    2,
    2,
    2,
    2,
    2,
    2,
    2,
    2,
    2,
    2,
    2,
    2,
    2,
    2,
    2,
    2,
    2,
    2,
    2,
    2,
    2,
    2,
    2,
    2,
    2,
    2,
    2,
    2,
    2,
    2,
    2,
    2,
    2,
    2,
    2,
    2,
    2,
    2,
    2,
    2,
    2,
    2,
    2,
    2,
    2,
    2,
    2,
    2,
    2,
    2,
    2,
    2,
    2,
    2,
    2,
    2,
    2,
    2,
    2,
    2,
    2,
    2,
    2,
    2,
    2,
    2,
    2,
    2,
    2,
    2,
    2,
    2,
    2,
    2,
    2,
    2,
    2,
    2,
    2,
    2,
    2,
    2,
    2,
    2,
    2,
    2,
    2,
    2,
    2,
    2,
    2,
    2,
    2,
    2,
    2,
    2,
    2,
    2
  ],