{
  "timesteps": [
    0,
    1,
    2,
    3,
    4,
    5,
    6,
    7,
    8,
    9,
    10,
    11,
    12,
    13,
    14,
    15,
    16,
    17,
    18,
    19,
    20,
    21,
    22,
    23,
    24,
    25,
    26,
    27,
    28,
    29,
    30,
    31,
    32,
    33,
    34,
    35,
    36,
    37,
    38,
    39,
    40,
    41,
    42,
    43,
    44,
    45,
    46,
    47,
    48,
    49,
    50,
    51,
    52,
    53,
    54,
    55,
    56,
    57,
    58,
    59,
    60,
    61,
    62,
    63,
    64,
    65,
    66,
    67,
    68,
    69,
    70,
    71,
    72,
    73,
    74,
    75,
    76,
    77,
    78,
    79,
    80,
    81,
    82,
    83,
    84,
    85,
    86,
    87,
    88,
    89,
    90,
    91,
    92,
    93,
    94,
    95,
    96,
    97,
    98,
    99,
    100,
    101,
    102,
    103,
    104,
    105,
    106,
    107,
    108,
    109,
    110,
    111,
    112,
    113,
    114,
    115,
    116,
    117,
    118,
    119,
    120,
    121,
    122,
    123,
    124,
    125,
    126,
    127,
    128,
    129,
    130,
    131,
    132,
    133,
    134,
    135,
    136,
    137,
    138,
    139,
    140,
    141,
    142,
    143,
    144,
    145,
    146,
    147,
    148,
    149,
    150,
    151,
    152,
    153,
    154,
    155,
    156,
    157,
    158,
    159,
    160,
    161,
    162,
    163,
    164,
    165,
    166,
    167,
    168,
    169,
    170,
    171,
    172,
    173,
    174,
    175,
    176,
    177,
    178,
    179,
    180,
    181,
    182,
    183,
    184,
    185,
    186,
    187,
    188,
    189,
    190,
    191,
    192,
    193,
    194,
    195,
    196,
    197,
    198,
    199
  ],
  "states": [
    50.0,
    49.86942146069969,
    51.09831247110498,
    50.58765633636132,
    51.30934300718706,
    51.74667286479014,
    51.354160523150576,
    51.5892636422965,
    51.61131653778143,
    52.12443424246916,
    51.55349848595537,
    51.28313734177116,
    53.622489093923726,
    52.75118492345121,
    53.994395207468614,
    52.89457089577517,
    52.38617250519316,
    51.54981759483745,
    52.5693938282386,
    52.835591721378194,
    52.22796414021982,
    50.962952175760776,
    51.356178120942346,
    49.09647659161134,
    49.06054572579335,
    49.948003724794816,
    49.11063771443444,
    49.342571999403795,
    47.422270438509045,
    47.806372198615136,
    47.40515544266623,
    48.41916642742375,
    48.74294104262049,
    48.586207178620775,
    47.645395092002474,
    47.99568515562488,
    49.19622937293322,
    49.67045280127216,
    51.693137310030274,
    52.05970824050473,
    50.54008056877137,
    51.627693006320385,
    52.52113576197208,
    51.06751955706403,
    51.65351650820425,
    51.68897401520608,
    52.877083659043365,
    53.1222809997526,
    52.70582221891233,
    53.581671596608935,
    53.25078808962971,
    54.48025179264041,
    56.13113528029377,
    57.43542393081693,
    56.88036979593054,
    58.38868907279935,
    58.74398842884552,
    59.29085178317594,
    57.89642324804693,
    57.40284636896135,
    55.50607603352202,
    55.006581197920454,
    54.903391132354876,
    55.323851344682886,
    56.40001801449774,
    57.04126958464057,
    57.07520553057854,
    55.595210394771506,
    55.53201854818716,
    55.83317567073627,
    56.474778910173676,
    55.47453939823815,
    54.470618231927205,
    55.69692071299862,
    57.52232615492066,
    57.87298942360539,
    57.619153495981976,
    58.24808195323134,
    58.89402386844045,
    58.210321615364904,
    57.185317169599244,
    57.65024520858553,
    57.31022617385034,
    57.3352850664953,
    56.337908383812945,
    57.06098721751461,
    56.63733881718538,
    56.43499492491768,
    56.83440290940702,
    57.0863177755408,
    55.79279907913519,
    54.81964799005297,
    55.41159975881583,
    55.69727234097223,
    54.548533854924415,
    54.6000080083297,
    54.00961264982406,
    54.36464776534313,
    53.89477685488522,
    54.04725244003306,
    52.96584379391613,
    51.772575795460746,
    53.520138877368424,
    53.659507729120214,
    53.350039924150565,
    53.08839650930948,
    53.96704078832753,
    52.40929618097904,
    52.21395243899472,
    52.91129715971361,
    53.34619106292783,
    51.110816259411926,
    50.98966146013886,
    51.289350893278446,
    52.135324255887184,
    52.279778914678964,
    51.57171983959515,
    50.77313870041897,
    51.17865530628172,
    50.71533105982485,
    50.256213176870105,
    49.53271586904879,
    49.643974311954246,
    49.34079004009309,
    49.66402901363533,
    50.93618946544135,
    50.645981169838784,
    50.542360302197935,
    51.93373638318131,
    52.57606473632358,
    52.672962309438994,
    52.566988757748604,
    54.95530198375172,
    54.46495790509231,
    55.60593211306303,
    55.57479227097564,
    54.83973938891975,
    55.064097912056496,
    55.08450480696249,
    57.0300593544267,
    57.429752529352236,
    57.54811515326434,
    57.78179125749432,
    58.32019719697052,
    56.294260230258274,
    57.070817312374764,
    55.36011907553754,
    56.80015920548108,
    56.16521189451602,
    56.454411583800336,
    56.12326474320121,
    57.01600622103611,
    56.7383205048976,
    56.47040948743805,
    56.99518497555924,
    57.00196241663446,
    56.29074581055443,
    56.206540020163665,
    57.30408355793987,
    57.167364414511056,
    57.58152797697233,
    58.73162816831446,
    59.4626446650058,
    60.59882693997237,
    59.51939041002202,
    59.97860419404716,
    59.03471893065556,
    58.35081139557171,
    59.1200520709713,
    58.593264316586385,
    59.69645102780935,
    60.89508176244232,
    62.18836781979962,
    61.655190966343454,
    62.52246462522608,
    62.91512326946729,
    63.79908488467303,
    63.90017982657725,
    64.66237712875795,
    65.51582599871827,
    66.16751355886609,
    65.94582409542656,
    65.30606451802285,
    64.83858449540215,
    66.30614357474771,
    67.50718146209189,
    68.20906703702158,
    67.91082900312327,
    67.51703461433455,
    66.14598465993474,
    64.2079719999656,
    64.02952340679882,
    66.43969143740821,
    68.80962680305278,
    68.18360108169662,
    66.85676247139727,
    67.62280731196907,
    66.68721357522647,
    65.62263964800272,
    65.62727819242617,
    64.98765596494853
  ],
  "actions": [],
  "observations": [
    1,
    1,
    1,
    1,
    1,
    1,
    1,
    1,
    1,
    1,
    1,
    1,
    1,
    1,
    1,
    1,
    1,
    1,
    1,
    1,
    1,
    1,
    1,
    1,
    1,
    1,
    1,
    1,
    1,
    1,
    1,
    1,
    1,
    1,
    1,
    1,
    1,
    1,
    1,
    1,
    1,
    1,
    1,
    1,
    1,
    1,
    1,
    1,
    1,
    1,
    1,
    1,
    2,
    2,
    2,
    2,
    2,
    2,
    2,
    2,
    2,
    2,
    1,
    2,
    2,
    2,
    2,
    2,
    2,
    2,
    2,
    2,
    1,
    2,
    2,
    2,
    2,
    2,
    2,
    2,
    2,
    2,
    2,
    2,
    2,
    2,
    2,
    2,
    2,
    2,
    2,
    1,
    2,
    2,
    1,
    1,
    1,
    1,
    1,
    1,
    1,
    1,
    1,
    1,
    1,
    1,
    1,
    1,
    1,
    1,
    1,
    1,
    1,
    1,
    1,
    1,
    1,
    1,
    1,
    1,
    1,
    1,
    1,
    1,
    1,
    1,
    1,
    1,
    1,
    1,
    1,
    1,
    1,
    1,
    2,
    2,
    1,
    2,
    2,
    2,
    2,
    2,
    2,
    2,
    2,
    2,
    2,
    2,
    2,
    2,
    2,
    2,
    2,
    2,
    2,
    2,
    2,
    2,
    2,
    2,
    2,
    2,
    2,
    2,
    2,
    2,
    2,
    2,
    2,
    2,
    2,
    2,
    2,
    2,
    2,
    2,
    2,
    2,
    2,
    2,
    2,
    2,
    2,
    2,
    2,
    2,
    2,
    2,
    2,
    2,
    2,
    2,
    2,
    2,
    2,
    2,
    2,
    2,
    2,
    2
  ],