{
  "timesteps": [
    0,
    1,
    2,
    3,
    4,
    5,
    6,
    7,
    8,
    9,
    10,
    11,
    12,
    13,
    14,
    15,
    16,
    17,
    18,
    19,
    20,
    21,
    22,
    23,
    24,
    25,
    26,
    27,
    28,
    29,
    30,
    31,
    32,
    33,
    34,
    35,
    36,
    37,
    38,
    39,
    40,
    41,
    42,
    43,
    44,
    45,
    46,
    47,
    48,
    49,
    50,
    51,
    52,
    53,
    54,
    55,
    56,
    57,
    58,
    59,
    60,
    61,
    62,
    63,
    64,
    65,
    66,
    67,
    68,
    69,
    70,
    71,
    72,
    73,
    74,
    75,
    76,
    77,
    78,
    79,
    80,
    81,
    82,
    83,
    84,
    85,
    86,
    87,
    88,
    89,
    90,
    91,
    92,
    93,
    94,
    95,
    96,
    97,
    98,
    99,
    100,
    101,
    102,
    103,
    104,
    105,
    106,
    107,
    108,
    109,
    110,
    111,
    112,
    113,
    114,
    115,
    116,
    117,
    118,
    119,
    120,
    121,
    122,
    123,
    124,
    125,
    126,
    127,
    128,
    129,
    130,
    131,
    132,
    133,
    134,
    135,
    136,
    137,
    138,
    139,
    140,
    141,
    142,
    143,
    144,
    145,
    146,
    147,
    148,
    149,
    150,
    151,
    152,
    153,
    154,
    155,
    156,
    157,
    158,
    159,
    160,
    161,
    162,
    163,
    164,
    165,
    166,
    167,
    168,
    169,
    170,
    171,
    172,
    173,
    174,
    175,
    176,
    177,
    178,
    179,
    180,
    181,
    182,
    183,
    184,
    185,
    186,
    187,
    188,
    189,
    190,
    191,
    192,
    193,
    194,
    195,
    196,
    197,
    198,
    199
  ],
  "states": [
    50.0,
    49.937409383007434,
    49.47991506731045,
    48.6428003772569,
    48.21536102737535,
    48.107721126741936,
    48.42493061387418,
    48.083015836453434,
    47.757101753487014,
    49.152087109730275,
    51.0501274680533,
    50.581542915079,
    50.066107280638306,
    50.6844569447934,
    51.49515033227041,
    51.07212023203716,
    50.68828821555672,
    51.428729816940454,
    51.534397298175,
    50.091547945839146,
    50.15983476687271,
    51.06895162031558,
    51.9148382087382,
    51.86369378411662,
    51.98341969090627,
    51.85801644960847,
    51.72084100210526,
    51.617612983839116,
    53.02966851595896,
    53.357408931798716,
    51.980598394601,
    52.51701937763789,
    53.26712217871096,
    53.39209997232405,
    53.18324401401059,
    52.204265958880285,
    52.841707164098516,
    52.090538015950905,
    51.53247694617455,
    50.77008321574318,
    51.640855769417726,
    51.844458072928234,
    51.452217323071324,
    50.799030217811875,
    50.55183403954578,
    48.64411860408156,
    47.470503484778064,
    49.408613064999535,
    49.07462643535994,
    48.537418887917575,
    49.593291888493425,
    49.96011990058752,
    49.046539512607005,
    47.660764403308164,
    47.231507976065956,
    47.24635684221132,
    48.52995295618296,
    46.711887091678676,
    47.7959514890641,
    48.558946101416616,
    49.36545070499916,
    50.58455417508951,
    50.52464066283984,
    50.58068840809428,
    50.75266854261976,
    51.402218338411934,
    53.75622087048227,
    53.84215326918139,
    55.238751586746496,
    56.00803909261777,
    54.75025732418845,
    55.06454338649818,
    54.362432685600254,
    54.68518775417474,
    54.700403842766974,
    54.63147840741211,
    51.97022477181176,
    55.755806113319125,
    54.82986850288808,
    55.44195116983459,
    54.37472108273633,
    54.38774953346708,
    55.481168674583785,
    55.79098960862352,
    53.97485578038679,
    50.727315171030995,
    51.705650749917325,
    50.858726778958804,
    52.58569450287895,
    51.36288147547748,
    52.91468772239867,
    49.65255678327129,
    50.870774483670054,
    49.44485381367225,
    51.388958632726535,
    52.01503424100915,
    52.23701982939815,
    52.656089700331584,
    52.626442901562655,
    51.22466055882848,
    51.73246320421917,
    54.095079280714884,
    55.56846233172221,
    52.717062369918544,
    54.6535769821436,
    54.14805728809018,
    53.56263679850725,
    52.80903387487023,
    52.34437277081467,
    53.41092623221665,
    55.06380566086992,
    55.38904394817816,
    55.934537440177,
    54.63166230993431,
    57.45330233805001,
    56.639186384334096,
    55.67632373238074,
    54.547529555454894,
    55.43535712596091,
    54.71902413484398,
    53.110308031536704,
    52.61144323372725,
    53.31140680593063,
    52.1752953872766,
    53.638445626803346,
    54.80513090871904,
    54.67358085798539,
    55.924790039567135,
    57.49971262311999,
    57.38085342103971,
    56.084435744367156,
    56.785142541577606,
    57.52495741193156,
    59.34905565538786,
    60.87069656199455,
    60.37814744820776,
    60.115111889378014,
    61.613481924382775,
    61.436332820568815,
    62.09715652029853,
    64.60467435095849,
    63.362717908060866,
    62.75294507882088,
    61.77621599552596,
    60.6423985356834,
    60.34187597522404,
    60.664616224088206,
    60.47067731566569,
    62.309968059836486,
    62.73940558939078,
    64.13971182348763,
    62.54154514743112,
    62.673541804857706,
    62.416825440067896,
    62.59014393549496,
    62.694328043549426,
    62.019141156171486,
    61.819656209390224,
    61.750520726832114,
    60.567635106502664,
    61.14198895233792,
    59.89641760372103,
    59.352153366707284,
    57.915779508786486,
    58.68473630766879,
    57.10937082420989,
    56.79353648550749,
    56.92068841900968,
    56.83098698976651,
    58.07761478552903,
    58.419354747071615,
    57.590464121148585,
    57.767574144771714,
    59.4673135921075,
    59.12579236507693,
    61.608815026576366,
    61.0369953858723,
    62.42381354723993,
    62.29390650489543,
    62.32278368992567,
    63.55727719062373,
    61.05685295427764,
    60.541861477957305,
    60.317725568597524,
    61.61828908700176,
    61.84520633162026,
    62.867683610732875,
    61.0963714893618,
    61.82756202116535,
    61.942971903298464,
    60.67671595047304,
    62.55317956092572,
    62.937701135311656,
    62.111429030580005,
    64.70958888171506,
    65.62556392044203,
    64.87544601801788,
    67.34026482809338,
    69.04783197381694,
    69.23528953698391,
    69.54294968366307
  ],
  "actions": [],
  "observations": [
    1,
    1,
    1,
    1,
    1,
    1,
    1,
    1,
    1,
    1,
    1,
    1,
    1,
    1,
    1,
    1,
    1,
    1,
    1,
    1,
    1,
    1,
    1,
    1,
    1,
    1,
    1,
    1,
    1,
    1,
    1,
    1,
    1,
    1,
    1,
    1,
    1,
    1,
    1,
    1,
    1,
    1,
    1,
    1,
    1,
    1,
    1,
    1,
    1,
    1,
    1,
    1,
    1,
    1,
    1,
    1,
    1,
    1,
    1,
    1,
    1,
    1,
    1,
    1,
    1,
    1,
    1,
    1,
    2,
    2,
    1,
    2,
    1,
    1,
    1,
    1,
    1,
    2,
    1,
    2,
    1,
    1,
    2,
    2,
    1,
    1,
    1,
    1,
    1,
    1,
    1,
    1,
    1,
    1,
    1,
    1,
    1,
    1,
    1,
    1,
    1,
    1,
    2,
    1,
    1,
    1,
    1,
    1,
    1,
    1,
    2,
    2,
    2,
    1,
    2,
    2,
    2,
    1,
    2,
    1,
    1,
    1,
    1,
    1,
    1,
    1,
    1,
    2,
    2,
    2,
    2,
    2,
    2,
    2,
    2,
    2,
    2,
    2,
    2,
    2,
    2,
    2,
    2,
    2,
    2,
    2,
    2,
    2,
    2,
    2,
    2,
    2,
    2,
    2,
    2,
    2,
    2,
    2,
    2,
    2,
    2,
    2,
    2,
    2,
    2,
    2,
    2,
    2,
    2,
    2,
    2,
    2,
    2,
    2,
    2,
    2,
    2,
    2,
    2,
    2,
    2,
    2,
    2,
    2,
    2,
    2,
    2,
    2,
    2,
    2,
    2,
    2,
    2,
    2,
    2,
    2,
    2,
    2,
    2,
    2
  ],