{
  "timesteps": [
    0,
    1,
    2,
    3,
    4,
    5,
    6,
    7,
    8,
    9,
    10,
    11,
    12,
    13,
    14,
    15,
    16,
    17,
    18,
    19,
    20,
    21,
    22,
    23,
    24,
    25,
    26,
    27,
    28,
    29,
    30,
    31,
    32,
    33,
    34,
    35,
    36,
    37,
    38,
    39,
    40,
    41,
    42,
    43,
    44,
    45,
    46,
    47,
    48,
    49,
    50,
    51,
    52,
    53,
    54,
    55,
    56,
    57,
    58,
    59,
    60,
    61,
    62,
    63,
    64,
    65,
    66,
    67,
    68,
    69,
    70,
    71,
    72,
    73,
    74,
    75,
    76,
    77,
    78,
    79,
    80,
    81,
    82,
    83,
    84,
    85,
    86,
    87,
    88,
    89,
    90,
    91,
    92,
    93,
    94,
    95,
    96,
    97,
    98,
    99,
    100,
    101,
    102,
    103,
    104,
    105,
    106,
    107,
    108,
    109,
    110,
    111,
    112,
    113,
    114,
    115,
    116,
    117,
    118,
    119,
    120,
    121,
    122,
    123,
    124,
    125,
    126,
    127,
    128,
    129,
    130,
    131,
    132,
    133,
    134,
    135,
    136,
    137,
    138,
    139,
    140,
    141,
    142,
    143,
    144,
    145,
    146,
    147,
    148,
    149,
    150,
    151,
    152,
    153,
    154,
    155,
    156,
    157,
    158,
    159,
    160,
    161,
    162,
    163,
    164,
    165,
    166,
    167,
    168,
    169,
    170,
    171,
    172,
    173,
    174,
    175,
    176,
    177,
    178,
    179,
    180,
    181,
    182,
    183,
    184,
    185,
    186,
    187,
    188,
    189,
    190,
    191,
    192,
    193,
    194,
    195,
    196,
    197,
    198,
    199
  ],
  "states": [
    50.0,
    49.82551385540408,
    49.20678140730807,
    49.69602972053993,
    50.45884115033473,
    51.238750987827494,
    51.806112203843256,
    51.53906417942699,
    51.48038414291435,
    51.16948830765633,
    51.90752505800137,
    51.37546633550149,
    50.70887624044388,
    50.51891036441231,
    49.447246711758005,
    50.67000153696685,
    51.04384752090948,
    50.819615476293095,
    51.017681717106335,
    50.38626367608265,
    50.03756897952201,
    49.22103937945331,
    49.64763060278378,
    49.117727379642254,
    47.290098117073505,
    47.25692683371605,
    47.77026762462706,
    48.49066714291973,
    48.72426324749644,
    48.46289640717517,
    47.74873875979248,
    49.127247581341194,
    48.653542742001086,
    48.615604677663114,
    49.09468229971462,
    47.59917514249202,
    48.31700897814057,
    47.65372973874222,
    47.698803423289625,
    47.78928422252595,
    47.745747587048946,
    47.50060519313221,
    47.70136432810225,
    46.97487334032188,
    46.92852539756378,
    46.369704571513815,
    46.365216230786565,
    46.16967235229869,
    45.403906334435035,
    45.60255583950769,
    47.12225024088262,
    49.076374703883126,
    49.40536630824379,
    48.63663578221309,
    47.23986419772521,
    47.31106669970233,
    47.6227670652255,
    47.49566573654565,
    47.87430879723517,
    47.29478577278925,
    47.784912917633136,
    47.455822339356274,
    48.05674427897528,
    48.02895905235161,
    49.0569095581679,
    50.70191452463753,
    50.94537528270422,
    49.7468262488952,
    51.1483389116317,
    52.00244990346197,
    51.84295911124312,
    50.9266344375775,
    49.41055233515089,
    50.099697154733676,
    50.71890986620118,
    51.03677355883016,
    50.13005236670584,
    49.73657973625166,
    49.388098147499946,
    49.68029455522005,
    48.52365381594606,
    49.355850871449725,
    49.6429747320194,
    49.931651147125066,
    50.223741818544404,
    50.0841266726651,
    50.13822083624929,
    50.48505752865687,
    51.22686790170214,
    51.02888029711227,
    52.88119896731108,
    51.90307258995354,
    52.79512605231189,
    52.355882939788856,
    51.95256151936448,
    51.18035104438501,
    51.067124386144016,
    51.99348134266094,
    51.72861681570245,
    51.354582738946284,
    51.224997350657354,
    51.74602343366598,
    53.08614456372014,
    52.91875830177979,
    52.35859739483805,
    51.848810617575154,
    51.476485298308134,
    52.413581603872274,
    52.1554321071109,
    52.20242492578596,
    53.424637724871104,
    53.619872796215816,
    54.25580186802543,
    54.73395401222594,
    55.53718344390466,
    53.81297481686924,
    54.0468601664746,
    53.789255179595024,
    52.76939696127882,
    52.9623924139896,
    52.487537094342244,
    52.14515297772389,
    51.79281049112424,
    51.462673054992884,
    51.57754569225184,
    51.171486620875136,
    50.97008508858047,
    50.463668799923596,
    51.290156485925465,
    50.55115296211714,
    51.113901939604055,
    50.83775012490183,
    50.70033490707378,
    51.639969882237125,
    52.07154156328317,
    52.41843243716001,
    53.15016987118889,
    54.52746304402156,
    54.16252656178438,
    54.56025813602683,
    53.62752038737214,
    52.308243022468254,
    51.392243704158204,
    50.66915564975343,
    50.198780702270064,
    49.5430004421882,
    48.96216236622693,
    49.296166335593,
    48.36930884526139,
    48.81860659058393,
    48.95219888377314,
    47.60716025176533,
    47.36059201926797,
    47.82483757241737,
    47.688003518519004,
    48.26414582245563,
    48.689277734991215,
    49.053819872583325,
    49.46690033617832,
    49.57575781635459,
    50.15484235315762,
    49.64722132231614,
    51.357754884600006,
    52.31332538920002,
    52.32968989925599,
    51.63118294563121,
    51.920294212622565,
    51.486867718992904,
    52.23055629179785,
    52.17835232019833,
    53.23614210604961,
    53.23743332841888,
    51.93835390646829,
    51.804404326681926,
    52.43601065026287,
    53.08858963915415,
    52.26611316392585,
    53.583539262749106,
    52.44214704978305,
    52.748927589355326,
    53.84384744382995,
    54.39706499565703,
    54.010035799448026,
    54.403670642085245,
    54.450230519026455,
    54.334422362394726,
    54.62443318215713,
    56.428773907358305,
    56.327303742080886,
    55.47667692116099,
    54.92942501323509,
    55.773308378102925,
    55.91746151343861,
    57.03901607634273,
    56.366330362084526,
    55.322657631448614,
    55.02327645343322,
    55.328577331728,
    53.320517358115275,
    53.2486508700348,
    52.98747652435377
  ],
  "actions": [],
  "observations": [
    1,
    1,
    1,
    1,
    1,
    1,
    1,
    1,
    1,
    1,
    1,
    1,
    1,
    1,
    1,
    1,
    1,
    1,
    1,
    1,
    1,
    1,
    1,
    1,
    1,
    1,
    1,
    1,
    1,
    1,
    1,
    1,
    1,
    1,
    1,
    1,
    1,
    1,
    1,
    1,
    1,
    1,
    1,
    1,
    1,
    1,
    1,
    1,
    1,
    1,
    1,
    1,
    1,
    1,
    1,
    1,
    1,
    1,
    1,
    1,
    1,
    1,
    1,
    1,
    1,
    1,
    1,
    1,
    1,
    1,
    1,
    1,
    1,
    1,
    1,
    1,
    1,
    1,
    1,
    1,
    1,
    1,
    1,
    1,
    1,
    1,
    1,
    1,
    1,
    1,
    1,
    1,
    1,
    1,
    1,
    1,
    1,
    1,
    1,
    1,
    1,
    1,
    1,
    1,
    1,
    1,
    1,
    1,
    1,
    1,
    1,
    1,
    1,
    1,
    2,
    1,
    1,
    1,
    1,
    1,
    1,
    1,
    1,
    1,
    1,
    1,
    1,
    1,
    1,
    1,
    1,
    1,
    1,
    1,
    1,
    1,
    1,
    1,
    1,
    1,
    1,
    1,
    1,
    1,
    1,
    1,
    1,
    1,
    1,
    1,
    1,
    1,
    1,
    1,
    1,
    1,
    1,
    1,
    1,
    1,
    1,
    1,
    1,
    1,
    1,
    1,
    1,
    1,
    1,
    1,
    1,
    1,
    1,
    1,
    1,
    1,
    1,
    1,
    1,
    1,
    1,
    1,
    1,
    1,
    1,
    1,
    1,
    2,
    2,
    2,
    1,
    2,
    2,
    2,
    2,
    2,
    2,
    2,
    1,
    1
  ],