{
  "timesteps": [
    0,
    1,
    2,
    3,
    4,
    5,
    6,
    7,
    8,
    9,
    10,
    11,
    12,
    13,
    14,
    15,
    16,
    17,
    18,
    19,
    20,
    21,
    22,
    23,
    24,
    25,
    26,
    27,
    28,
    29,
    30,
    31,
    32,
    33,
    34,
    35,
    36,
    37,
    38,
    39,
    40,
    41,
    42,
    43,
    44,
    45,
    46,
    47,
    48,
    49,
    50,
    51,
    52,
    53,
    54,
    55,
    56,
    57,
    58,
    59,
    60,
    61,
    62,
    63,
    64,
    65,
    66,
    67,
    68,
    69,
    70,
    71,
    72,
    73,
    74,
    75,
    76,
    77,
    78,
    79,
    80,
    81,
    82,
    83,
    84,
    85,
    86,
    87,
    88,
    89,
    90,
    91,
    92,
    93,
    94,
    95,
    96,
    97,
    98,
    99,
    100,
    101,
    102,
    103,
    104,
    105,
    106,
    107,
    108,
    109,
    110,
    111,
    112,
    113,
    114,
    115,
    116,
    117,
    118,
    119,
    120,
    121,
    122,
    123,
    124,
    125,
    126,
    127,
    128,
    129,
    130,
    131,
    132,
    133,
    134,
    135,
    136,
    137,
    138,
    139,
    140,
    141,
    142,
    143,
    144,
    145,
    146,
    147,
    148,
    149,
    150,
    151,
    152,
    153,
    154,
    155,
    156,
    157,
    158,
    159,
    160,
    161,
    162,
    163,
    164,
    165,
    166,
    167,
    168,
    169,
    170,
    171,
    172,
    173,
    174,
    175,
    176,
    177,
    178,
    179,
    180,
    181,
    182,
    183,
    184,
    185,
    186,
    187,
    188,
    189,
    190,
    191,
    192,
    193,
    194,
    195,
    196,
    197,
    198,
    199
  ],
  "states": [
    50.0,
    50.87365399702424,
    51.378895269129224,
    50.623924203987585,
    50.143528104466135,
    49.21164680100947,
    50.15950762685479,
    50.91912240479896,
    50.51146775092418,
    49.858420557527005,
    51.03234866229573,
    51.87120141901203,
    52.21651912514053,
    53.22353043955603,
    53.03195313950344,
    52.95879920817675,
    53.72501869132941,
    53.12587668829956,
    52.76104046856149,
    54.199058709379074,
    54.23516820733474,
    54.365067018443874,
    54.12385980348473,
    54.8171409191581,
    55.10363938164456,
    54.84709657920281,
    54.76009689746835,
    54.23051803131548,
    54.85256753987616,
    54.54970062729762,
    54.893878288820844,
    55.76657542647925,
    54.939161707183274,
    54.94921641996042,
    54.83918161991304,
    55.58361813236809,
    56.287134732140814,
    56.34194616066305,
    55.73643889941383,
    55.82201824997604,
    55.98257241763183,
    54.40338614352907,
    54.5447004269794,
    54.88909712274116,
    55.66223684883073,
    57.09343641039484,
    56.549303547640505,
    56.784932556671706,
    55.94332211826417,
    57.083704071592635,
    56.83226481007968,
    55.959738204574975,
    55.91369761911748,
    55.831077033160696,
    57.33069003338961,
    57.64032306336574,
    57.39760367721491,
    57.4975058052335,
    57.81208853687532,
    56.66668278455764,
    56.938145563076596,
    57.01797424525574,
    57.28812709480281,
    57.57250381161827,
    58.543400656081985,
    57.87134644993251,
    58.122520174590825,
    58.116548051729275,
    59.57146329877601,
    58.43540504263144,
    58.717258448923346,
    59.24217998168682,
    59.19850540382903,
    59.67267675711632,
    60.350829765970154,
    60.56418084962221,
    60.69889019841915,
    59.72086605645589,
    60.756853921473315,
    61.310151346578465,
    61.66936787766798,
    62.44059182248898,
    62.357730924319654,
    61.07586611303843,
    60.94615214312152,
    60.0360558732335,
    60.197577190927326,
    59.002289319785824,
    59.438385559894044,
    59.08457537637982,
    59.563640115616415,
    59.454585563658945,
    60.16062577129532,
    59.06414978407216,
    58.79225815652318,
    57.60252944753111,
    57.22358392199159,
    57.22733179612405,
    56.98516946136336,
    56.2083522987761,
    55.525259554008116,
    56.14365148872518,
    55.20928113406778,
    55.24633570034931,
    57.03025998852616,
    56.25108523236047,
    56.11616038371232,
    57.04860961250621,
    57.321799214238524,
    57.1116659417831,
    57.6847051132409,
    57.20631566311273,
    58.56894103102306,
    60.12088662398989,
    60.4052993608454,
    60.2798730437971,
    61.65713238487587,
    61.959230416510024,
    62.01439371828413,
    62.06827100006067,
    61.96538200831449,
    61.68870737318092,
    62.13705698898289,
    62.41242269085696,
    62.22484880259934,
    62.46848381215046,
    62.58045116210481,
    62.505206946285256,
    62.88148325695571,
    64.65295184909476,
    64.95525085016764,
    64.85624348536358,
    64.26929462513698,
    62.74449139437199,
    63.11778485489664,
    62.41421233457056,
    62.415351916001754,
    61.22748026743578,
    60.844191475722084,
    60.72093470639022,
    59.96633356016147,
    60.03377691331126,
    60.7287276230896,
    61.34665720301458,
    62.35066325827889,
    62.136833749665094,
    63.417766846186645,
    62.83917758280337,
    62.03681226763355,
    61.775712140893496,
    62.991144523993825,
    61.68950593823433,
    61.75410027254217,
    62.675602204502034,
    63.391747996824904,
    61.89743477831051,
    61.895572679212684,
    61.57521457812325,
    61.649965269978836,
    61.161696076671554,
    59.680409898860276,
    60.4915978668402,
    60.19864881100703,
    59.660299853920414,
    58.776605845129396,
    58.897015014635,
    59.32747885250838,
    60.58704599790666,
    61.074389935557406,
    61.216043454076434,
    61.57888252129017,
    60.5001564230732,
    61.34672176027691,
    61.481253872381096,
    60.66098310806589,
    60.59949882890484,
    60.46601579364702,
    60.79758473565895,
    60.60078337143436,
    60.84568174824928,
    61.02889281890812,
    60.47986496048929,
    59.54793468803624,
    59.85574991496798,
    59.27673847263192,
    59.73899936241022,
    60.58252453404693,
    61.205773190632804,
    62.61875676950431,
    63.769376539122284,
    63.20310897431102,
    64.24900667289177,
    65.31996580940489,
    64.94552106993709,
    64.87266677220033,
    65.93081465034422,
    65.22249886150718,
    64.59622552525379,
    64.62927239613272,
    65.31669104076703,
    66.76918803857781
  ],
  "actions": [],
  "observations": [
    1,
    1,
    1,
    1,
    1,
    1,
    1,
    1,
    1,
    1,
    1,
    1,
    1,
    1,
    1,
    1,
    1,
    1,
    1,
    1,
    1,
    1,
    1,
    1,
    2,
    1,
    1,
    1,
    1,
    1,
    1,
    2,
    1,
    1,
    1,
    2,
    2,
    2,
    2,
    2,
    2,
    1,
    1,
    1,
    2,
    2,
    2,
    2,
    2,
    2,
    2,
    2,
    2,
    2,
    2,
    2,
    2,
    2,
    2,
    2,
    2,
    2,
    2,
    2,
    2,
    2,
    2,
    2,
    2,
    2,
    2,
    2,
    2,
    2,
    2,
    2,
    2,
    2,
    2,
    2,
    2,
    2,
    2,
    2,
    2,
    2,
    2,
    2,
    2,
    2,
    2,
    2,
    2,
    2,
    2,
    2,
    2,
    2,
    2,
    2,
    2,
    2,
    2,
    2,
    2,
    2,
    2,
    2,
    2,
    2,
    2,
    2,
    2,
    2,
    2,
    2,
    2,
    2,
    2,
    2,
    2,
    2,
    2,
    2,
    2,
    2,
    2,
    2,
    2,
    2,
    2,
    2,
    2,
    2,
    2,
    2,
    2,
    2,
    2,
    2,
    2,
    2,
    2,
    2,
    2,
    2,
    2,
    2,
    2,
    2,
    2,
    2,
    2,
    2,
    2,
    2,
    2,
    2,
    2,
    2,
    2,
    2,
    2,
    2,
    2,
    2,
    2,
    2,
    2,
    2,
    2,
    2,
    2,
    2,
    2,
    2,
    2,
    2,
    2,
    2,
    2,
    2,
    2,
    2,
    2,
    2,
    2,
    2,
    2,
    2,
    2,
    2,
    2,
    2,
    2,
    2,
    2,
    2,
    2,
    2
  ],