{
  "timesteps": [
    0,
    1,
    2,
    3,
    4,
    5,
    6,
    7,
    8,
    9,
    10,
    11,
    12,
    13,
    14,
    15,
    16,
    17,
    18,
    19,
    20,
    21,
    22,
    23,
    24,
    25,
    26,
    27,
    28,
    29,
    30,
    31,
    32,
    33,
    34,
    35,
    36,
    37,
    38,
    39,
    40,
    41,
    42,
    43,
    44,
    45,
    46,
    47,
    48,
    49,
    50,
    51,
    52,
    53,
    54,
    55,
    56,
    57,
    58,
    59,
    60,
    61,
    62,
    63,
    64,
    65,
    66,
    67,
    68,
    69,
    70,
    71,
    72,
    73,
    74,
    75,
    76,
    77,
    78,
    79,
    80,
    81,
    82,
    83,
    84,
    85,
    86,
    87,
    88,
    89,
    90,
    91,
    92,
    93,
    94,
    95,
    96,
    97,
    98,
    99,
    100,
    101,
    102,
    103,
    104,
    105,
    106,
    107,
    108,
    109,
    110,
    111,
    112,
    113,
    114,
    115,
    116,
    117,
    118,
    119,
    120,
    121,
    122,
    123,
    124,
    125,
    126,
    127,
    128,
    129,
    130,
    131,
    132,
    133,
    134,
    135,
    136,
    137,
    138,
    139,
    140,
    141,
    142,
    143,
    144,
    145,
    146,
    147,
    148,
    149,
    150,
    151,
    152,
    153,
    154,
    155,
    156,
    157,
    158,
    159,
    160,
    161,
    162,
    163,
    164,
    165,
    166,
    167,
    168,
    169,
    170,
    171,
    172,
    173,
    174,
    175,
    176,
    177,
    178,
    179,
    180,
    181,
    182,
    183,
    184,
    185,
    186,
    187,
    188,
    189,
    190,
    191,
    192,
    193,
    194,
    195,
    196,
    197,
    198,
    199
  ],
  "states": [
    50.0,
    49.91654253754413,
    50.40756406045441,
    49.16506178970931,
    48.54299127966405,
    48.465114345706034,
    48.86114507861949,
    50.65200430411295,
    51.370854941076736,
    51.43109481797818,
    51.475022674150054,
    52.59098539389554,
    52.3714779480963,
    53.06461746175774,
    53.96829532389852,
    54.82100831114541,
    54.857743146884786,
    54.735466711296525,
    55.63224004823686,
    54.28338843263631,
    53.90984369602398,
    53.03928431477643,
    53.52538198897637,
    53.43620138060677,
    53.99262228031032,
    53.56916071442591,
    52.71717655968649,
    52.97071176661132,
    52.01098114728946,
    51.66639235489122,
    52.03398852221797,
    52.67399108781568,
    52.32285898180501,
    51.96285778733762,
    52.876573986560864,
    53.894538268914,
    54.180851587212445,
    53.66841144794885,
    52.87192948825629,
    53.493875652563844,
    52.4072231524345,
    51.832777701610226,
    52.187881389436974,
    53.349958877298484,
    53.3394201131375,
    52.826209167978945,
    52.94678417615015,
    52.54205964399495,
    52.08739593152717,
    52.04047205603429,
    52.252811159695426,
    51.612645492763896,
    51.420624126471516,
    50.09461467298107,
    50.85358371145137,
    51.43407530302473,
    51.21723485153769,
    51.17885193782466,
    51.56672118139328,
    50.54407489745953,
    51.495347064095114,
    51.38999439535488,
    51.714104467974366,
    51.6895259470751,
    51.786941388923196,
    51.68161730631252,
    52.72167131168762,
    52.36499916337054,
    51.97562278989339,
    51.51556043514436,
    51.747296088588186,
    52.132549575704864,
    52.70394045901527,
    52.48426518066842,
    51.645847006164395,
    51.82110835943348,
    52.137290561986866,
    53.392344475752154,
    52.85569493938257,
    52.14668965574025,
    52.95400024551585,
    52.937659513704965,
    52.435532089084155,
    53.341952821155154,
    52.05821462356436,
    51.79008562238372,
    52.937575540868174,
    52.999457636357526,
    53.8715484848795,
    53.72386700637236,
    53.52199451834269,
    54.02957854865324,
    54.369821737068584,
    54.238672200052726,
    55.18943678362399,
    55.75307335611748,
    57.423653352443694,
    58.371397078627595,
    57.80895959947147,
    57.20669313608953,
    58.441993535457016,
    58.92325311725661,
    58.872749087616064,
    58.77455798305821,
    58.61970997995245,
    59.08825186395656,
    59.724229987379864,
    60.164195597837264,
    60.58964231397328,
    61.36009041714686,
    61.14386235018087,
    62.49992455350187,
    62.51113786335514,
    62.139670687813904,
    62.29946208437487,
    63.232915839308035,
    64.36778643667755,
    64.73171539550344,
    65.20649798236892,
    65.51866326916351,
    65.78137082495482,
    65.45882203591489,
    66.63313750188556,
    65.1705619989738,
    64.37670331949585,
    64.85498314769195,
    63.57811155949812,
    63.65598958332715,
    63.60883634066265,
    64.44773086097695,
    64.34524539509421,
    63.25313088663961,
    63.08011108888546,
    63.64742470425986,
    63.473654528282154,
    63.90630449155399,
    64.61815086591746,
    65.0174981014588,
    64.27916744616053,
    64.22518980977472,
    64.61456795697995,
    64.8579997483866,
    64.97705845572736,
    65.40234831495196,
    64.51949620404473,
    63.835124965206944,
    63.27332410367141,
    62.87773085201266,
    62.85836189989573,
    63.41273511778389,
    63.05895871653126,
    63.77766079480231,
    62.885875371807316,
    62.388974137756335,
    62.19983431765078,
    63.0829790006822,
    62.59929297410896,
    62.69620371113613,
    62.9438374970019,
    63.601561351423214,
    64.8297770402663,
    64.28528944831866,
    64.97164350035847,
    64.84175142280435,
    66.28444330942831,
    67.18596172915747,
    67.45616579227715,
    68.65608311968506,
    68.41480151486863,
    67.12345226049847,
    67.1212589293717,
    67.44879476022761,
    65.92167349118753,
    65.56302284372444,
    65.30838432025675,
    65.29488949238976,
    64.68999332058064,
    64.63261160164919,
    64.4352469650129,
    63.556060639398666,
    62.59622268884204,
    61.82407397934264,
    62.48556860936565,
    63.61221216951461,
    63.28552846865194,
    62.59649393282314,
    61.775446773658544,
    62.396087260634744,
    61.78197891841116,
    61.59685740277304,
    61.63426879680156,
    61.446441804067575,
    62.0326207057333,
    62.17567859081002,
    63.11119717970003,
    61.197691664021356,
    61.46693920296212,
    61.94317061635928,
    61.636856614051204,
    60.56617793061153,
    60.654693201740194
  ],
  "actions": [],
  "observations": [
    1,
    1,
    1,
    1,
    1,
    1,
    1,
    1,
    1,
    1,
    1,
    1,
    1,
    1,
    1,
    1,
    1,
    1,
    2,
    1,
    1,
    1,
    1,
    1,
    1,
    1,
    1,
    1,
    1,
    1,
    1,
    1,
    1,
    1,
    1,
    1,
    1,
    1,
    1,
    1,
    1,
    1,
    1,
    1,
    1,
    1,
    1,
    1,
    1,
    1,
    1,
    1,
    1,
    1,
    1,
    1,
    1,
    1,
    1,
    1,
    1,
    1,
    1,
    1,
    1,
    1,
    1,
    1,
    1,
    1,
    1,
    1,
    1,
    1,
    1,
    1,
    1,
    1,
    1,
    1,
    1,
    1,
    1,
    1,
    1,
    1,
    1,
    1,
    1,
    1,
    1,
    1,
    1,
    1,
    2,
    2,
    2,
    2,
    2,
    2,
    2,
    2,
    2,
    2,
    2,
    2,
    2,
    2,
    2,
    2,
    2,
    2,
    2,
    2,
    2,
    2,
    2,
    2,
    2,
    2,
    2,
    2,
    2,
    2,
    2,
    2,
    2,
    2,
    2,
    2,
    2,
    2,
    2,
    2,
    2,
    2,
    2,
    2,
    2,
    2,
    2,
    2,
    2,
    2,
    2,
    2,
    2,
    2,
    2,
    2,
    2,
    2,
    2,
    2,
    2,
    2,
    2,
    2,
    2,
    2,
    2,
    2,
    2,
    2,
    2,
    2,
    2,
    2,
    2,
    2,
    2,
    2,
    2,
    2,
    2,
    2,
    2,
    2,
    2,
    2,
    2,
    2,
    2,
    2,
    2,
    2,
    2,
    2,
    2,
    2,
    2,
    2,
    2,
    2,
    2,
    2,
    2,
    2,
    2,
    2
  ],