{
  "timesteps": [
    0,
    1,
    2,
    3,
    4,
    5,
    6,
    7,
    8,
    9,
    10,
    11,
    12,
    13,
    14,
    15,
    16,
    17,
    18,
    19,
    20,
    21,
    22,
    23,
    24,
    25,
    26,
    27,
    28,
    29,
    30,
    31,
    32,
    33,
    34,
    35,
    36,
    37,
    38,
    39,
    40,
    41,
    42,
    43,
    44,
    45,
    46,
    47,
    48,
    49,
    50,
    51,
    52,
    53,
    54,
    55,
    56,
    57,
    58,
    59,
    60,
    61,
    62,
    63,
    64,
    65,
    66,
    67,
    68,
    69,
    70,
    71,
    72,
    73,
    74,
    75,
    76,
    77,
    78,
    79,
    80,
    81,
    82,
    83,
    84,
    85,
    86,
    87,
    88,
    89,
    90,
    91,
    92,
    93,
    94,
    95,
    96,
    97,
    98,
    99,
    100,
    101,
    102,
    103,
    104,
    105,
    106,
    107,
    108,
    109,
    110,
    111,
    112,
    113,
    114,
    115,
    116,
    117,
    118,
    119,
    120,
    121,
    122,
    123,
    124,
    125,
    126,
    127,
    128,
    129,
    130,
    131,
    132,
    133,
    134,
    135,
    136,
    137,
    138,
    139,
    140,
    141,
    142,
    143,
    144,
    145,
    146,
    147,
    148,
    149,
    150,
    151,
    152,
    153,
    154,
    155,
    156,
    157,
    158,
    159,
    160,
    161,
    162,
    163,
    164,
    165,
    166,
    167,
    168,
    169,
    170,
    171,
    172,
    173,
    174,
    175,
    176,
    177,
    178,
    179,
    180,
    181,
    182,
    183,
    184,
    185,
    186,
    187,
    188,
    189,
    190,
    191,
    192,
    193,
    194,
    195,
    196,
    197,
    198,
    199
  ],
  "states": [
    50.0,
    49.96628867360288,
    49.96200991883014,
    49.90331617222993,
    49.92909489990948,
    49.92043365313977,
    49.954480691503925,
    50.03138627814928,
    50.14634269506777,
    50.2118215485157,
    50.19468057369222,
    50.16310473788931,
    50.048641791921405,
    49.99287874300042,
    50.03342506556552,
    50.01909330195361,
    49.99810413029398,
    50.218202063755946,
    50.221758867418686,
    50.20523584530456,
    50.14029195406362,
    50.241726793708786,
    50.271052453014285,
    50.20513234196323,
    50.141797094750316,
    50.15891087400051,
    50.3511323710229,
    50.48403667557928,
    50.440512747535145,
    50.464137415688775,
    50.39966863335809,
    50.42498663026253,
    50.460181215959125,
    50.46917289310065,
    50.39170511267061,
    50.43648797827654,
    50.56167911927465,
    50.59521697673122,
    50.534153790052464,
    50.46444465822049,
    50.548139111349776,
    50.47420423528838,
    50.4502455101216,
    50.354291235712445,
    50.49439638717973,
    50.52170107437198,
    50.61645236566712,
    50.7230206298512,
    50.661801341113375,
    50.558135441795095,
    50.721643432114156,
    50.773914708080596,
    50.74921188915842,
    50.68539529187355,
    50.686229264602,
    50.783490604091774,
    50.91771576282574,
    50.94592592604481,
    50.93146787489993,
    50.87417293391203,
    51.00335738991993,
    51.02192546174859,
    50.9844738756619,
    50.952292076684024,
    50.89052852554467,
    50.99521323165992,
    50.961779878399234,
    50.92839891940624,
    50.82171823766852,
    50.748697907521205,
    50.753658291832565,
    50.752495548989955,
    50.84239823986765,
    50.79325844436972,
    51.031108872193606,
    51.08839408660812,
    51.090238415335854,
    51.00787556124196,
    50.9883857282846,
    51.12407936259603,
    51.20870222814107,
    51.19848140074221,
    51.19101873058791,
    51.144071251125474,
    51.10824653337083,
    51.14316100309659,
    51.08441647904874,
    51.20738305077266,
    51.17242832648958,
    51.367591759686576,
    51.39981624509573,
    51.41588998657998,
    51.501016596109984,
    51.583187729031124,
    51.691769837119665,
    51.75452468637981,
    51.7489872110648,
    51.86566140470917,
    51.78761251299935,
    51.835778666633885,
    51.841983604813926,
    51.869204159407865,
    51.873489835172386,
    52.0060448802094,
    51.786845897365225,
    51.80949772482802,
    51.52897401428625,
    51.69796400260482,
    51.91099138982528,
    52.05607116950435,
    52.2187449440925,
    52.39591301157568,
    52.215376998363396,
    52.24348257713516,
    52.24159739981231,
    52.11743517607769,
    52.05389638754111,
    51.900926899102416,
    52.14000449842362,
    52.20215085369629,
    52.21894874440464,
    52.23042958227862,
    52.32642163203253,
    52.50565212749986,
    52.593982849242764,
    52.40516834325183,
    52.43575128779358,
    52.53978470580193,
    52.51669832223002,
    52.506139594792955,
    52.60951692626554,
    52.504478785685,
    52.56206079485882,
    52.52014177785816,
    52.51401610425059,
    52.58941288148115,
    52.55726589738324,
    52.39490643084442,
    52.391831382473875,
    52.290559955475715,
    52.258984470785684,
    52.13111791495565,
    52.14272093757297,
    52.091214918358595,
    52.168600886500386,
    52.41382838412542,
    52.33395984132497,
    52.261174769523635,
    52.240545695316456,
    52.24982836459778,
    52.26338229414805,
    52.39945054839351,
    52.46001262091564,
    52.495579164217126,
    52.22907417237961,
    52.166382882868,
    52.132266392021954,
    52.18555251572861,
    52.19930926464359,
    52.37820024861378,
    52.32526610475381,
    52.39206121374962,
    52.38086711988449,
    52.55216332394516,
    52.46218313320409,
    52.516361445226806,
    52.61528260805692,
    52.597482839563746,
    52.42490625537523,
    52.3309760071417,
    52.28594914113657,
    52.36773713200722,
    52.502154568778565,
    52.50512518575323,
    52.258049363646116,
    52.314637719199766,
    52.23760964302416,
    52.219756097729835,
    52.38572019110782,
    52.327022411964464,
    52.326403840657406,
    52.34242312030963,
    52.3643565388846,
    52.33778080233553,
    52.37917346809951,
    52.33102511222866,
    52.172243322656335,
    52.15615977100208,
    52.15682893875841,
    52.14257194680768,
    52.1192641319747,
    52.05083845775383,
    51.90704015242552,
    51.9137745948368,
    51.797516656885506,
    51.817569311751896,
    51.685666717550745,
    51.71986339097514,
    51.788567543060196,
    51.741090071213605,
    51.571130591065106
  ],
  "actions": [],
  "observations": [
    1,
    1,
    1,
    1,
    1,
    1,
    1,
    1,
    1,
    1,
    1,
    1,
    1,
    1,
    1,
    1,
    1,
    1,
    1,
    1,
    1,
    1,
    1,
    1,
    1,
    1,
    1,
    1,
    1,
    1,
    1,
    1,
    1,
    1,
    1,
    1,
    1,
    1,
    1,
    1,
    1,
    1,
    1,
    1,
    1,
    1,
    1,
    1,
    1,
    1,
    1,
    1,
    1,
    1,
    1,
    1,
    1,
    1,
    1,
    1,
    1,
    1,
    1,
    1,
    1,
    1,
    1,
    1,
    1,
    1,
    1,
    1,
    1,
    1,
    1,
    1,
    1,
    1,
    1,
    1,
    1,
    1,
    1,
    1,
    1,
    1,
    1,
    1,
    1,
    1,
    1,
    1,
    1,
    1,
    1,
    1,
    1,
    1,
    1,
    1,
    1,
    1,
    1,
    1,
    1,
    1,
    1,
    1,
    1,
    1,
    1,
    1,
    1,
    1,
    1,
    1,
    1,
    1,
    1,
    1,
    1,
    1,
    1,
    1,
    1,
    1,
    1,
    1,
    1,
    1,
    1,
    1,
    1,
    1,
    1,
    1,
    1,
    1,
    1,
    1,
    1,
    1,
    1,
    1,
    1,
    1,
    1,
    1,
    1,
    1,
    1,
    1,
    1,
    1,
    1,
    1,
    1,
    1,
    1,
    1,
    1,
    1,
    1,
    1,
    1,
    1,
    1,
    1,
    1,
    1,
    1,
    1,
    1,
    1,
    1,
    1,
    1,
    1,
    1,
    1,
    1,
    1,
    1,
    1,
    1,
    1,
    1,
    1,
    1,
    1,
    1,
    1,
    1,
    1,
    1,
    1,
    1,
    1,
    1,
    1
  ],