{
  "timesteps": [
    0,
    1,
    2,
    3,
    4,
    5,
    6,
    7,
    8,
    9,
    10,
    11,
    12,
    13,
    14,
    15,
    16,
    17,
    18,
    19,
    20,
    21,
    22,
    23,
    24,
    25,
    26,
    27,
    28,
    29,
    30,
    31,
    32,
    33,
    34,
    35,
    36,
    37,
    38,
    39,
    40,
    41,
    42,
    43,
    44,
    45,
    46,
    47,
    48,
    49,
    50,
    51,
    52,
    53,
    54,
    55,
    56,
    57,
    58,
    59,
    60,
    61,
    62,
    63,
    64,
    65,
    66,
    67,
    68,
    69,
    70,
    71,
    72,
    73,
    74,
    75,
    76,
    77,
    78,
    79,
    80,
    81,
    82,
    83,
    84,
    85,
    86,
    87,
    88,
    89,
    90,
    91,
    92,
    93,
    94,
    95,
    96,
    97,
    98,
    99,
    100,
    101,
    102,
    103,
    104,
    105,
    106,
    107,
    108,
    109,
    110,
    111,
    112,
    113,
    114,
    115,
    116,
    117,
    118,
    119,
    120,
    121,
    122,
    123,
    124,
    125,
    126,
    127,
    128,
    129,
    130,
    131,
    132,
    133,
    134,
    135,
    136,
    137,
    138,
    139,
    140,
    141,
    142,
    143,
    144,
    145,
    146,
    147,
    148,
    149,
    150,
    151,
    152,
    153,
    154,
    155,
    156,
    157,
    158,
    159,
    160,
    161,
    162,
    163,
    164,
    165,
    166,
    167,
    168,
    169,
    170,
    171,
    172,
    173,
    174,
    175,
    176,
    177,
    178,
    179,
    180,
    181,
    182,
    183,
    184,
    185,
    186,
    187,
    188,
    189,
    190,
    191,
    192,
    193,
    194,
    195,
    196,
    197,
    198,
    199
  ],
  "states": [
    50.0,
    48.65097647542041,
    49.621074752528926,
    49.18533052869652,
    48.17569958271892,
    45.56565959435937,
    45.79759256954469,
    45.61757895936823,
    45.76018586571997,
    43.09804923915246,
    45.971435860688786,
    48.24145406932628,
    51.27598445567729,
    49.346753978947476,
    51.538807814427535,
    52.0659827350747,
    52.8790612358728,
    53.79536217423767,
    54.523628141696776,
    54.20840434598081,
    52.66614842134736,
    51.03137490475412,
    49.70921126667966,
    50.0857857866794,
    51.726808019610914,
    51.15839105727423,
    50.82211802584229,
    51.70760366254424,
    50.27665905750006,
    48.48505618456847,
    48.20436725568424,
    48.951370244705736,
    51.753251672164424,
    52.77360892043583,
    53.046644852228845,
    52.31195778298336,
    51.75919555064238,
    54.686512701707954,
    54.44658125474058,
    56.6028337341366,
    56.524232302380135,
    56.484276925995054,
    55.725702536241464,
    52.71159433782554,
    50.695162771044615,
    50.78365617559115,
    50.375909227995024,
    51.28263555972678,
    53.25595616207495,
    54.343242264116476,
    57.590789633378186,
    57.548407293468316,
    57.95178452955404,
    58.42319835170136,
    57.11339168591022,
    60.18947558326055,
    59.43351934623496,
    58.95700626310755,
    59.186052316592594,
    56.90334056396365,
    60.16791139161465,
    61.119301286341056,
    61.7611448550744,
    62.927550153578125,
    65.37269039028774,
    64.65597055572532,
    66.28239172158196,
    66.27546626860529,
    64.05698432478785,
    64.78734224815857,
    61.061145445033254,
    59.83999939126841,
    62.53275891742033,
    66.28551114360957,
    67.97499596140712,
    65.17961430663937,
    66.11528483638996,
    67.26532925774733,
    68.64789846593975,
    70.49230510880183,
    68.85523542958995,
    70.38821724400906,
    70.36408550363481,
    68.70461741061081,
    69.61060976099417,
    68.87608807520863,
    69.32966265354027,
    68.559994188957,
    67.16293289709301,
    69.0842048877705,
    71.65415321766595,
    73.2253645704462,
    74.06089035084895,
    72.48449430123719,
    72.04405677390228,
    71.82678303982641,
    70.7587658282872,
    71.99755509432589,
    72.3063473618919,
    70.81389677344879,
    70.78330852868956,
    70.39700562569108,
    71.32535080207808,
    70.35855909479167,
    68.05989104192606,
    66.88074889205387,
    68.31058653215975,
    71.88046779445756,
    74.94020240654322,
    78.7334436866183,
    79.73955422987365,
    82.24043414046041,
    82.10922108101146,
    82.60536311061993,
    81.28071369782421,
    80.88898213658638,
    81.40902537995785,
    81.25164521521188,
    80.26821646146969,
    77.92368209459953,
    77.903978305562,
    79.9873885522677,
    81.34522030341762,
    77.52039476805622,
    78.08648034372895,
    78.87427359209913,
    78.09171674578737,
    80.51589186139915,
    81.43262266404965,
    83.2780078859409,
    82.36340143820165,
    83.82189189934543,
    84.96714243795807,
    84.91824410527522,
    85.11189980009576,
    86.61300209188921,
    86.16370435186256,
    87.69513950705138,
    85.68504119435433,
    85.1080251084336,
    84.41656245178066,
    83.67782826230756,
    84.17949586444128,
    82.79656906741123,
    80.01041059724191,
    77.70942639588341,
    79.02970164290551,
    78.24074576297801,
    77.2692444763136,
    76.62663186484173,
    75.22700458861335,
    75.12330343538511,
    74.41369361992581,
    72.53421822821261,
    71.71785627665284,
    72.88495066410417,
    71.7993031919844,
    70.394175193766,
    70.75098989571912,
    72.9664910286292,
    72.7570258500768,
    70.44968232791618,
    70.72045651268654,
    70.5582755374465,
    69.88346124493061,
    71.51281751789581,
    71.38680358527263,
    70.06031635252988,
    68.40895077222628,
    69.38893514317733,
    68.47739587738508,
    70.55006897678744,
    72.61922109860599,
    71.55124400169147,
    74.63068773346475,
    76.25517697382145,
    76.47165411613338,
    74.30041627663444,
    73.01782191539145,
    72.51249745176713,
    74.55197490546053,
    76.25283603784767,
    74.04713232510107,
    75.5698932336827,
    75.14262962138817,
    75.63108350118533,
    73.71973875279654,
    73.73827839312956,
    72.30743378694572,
    73.71352805399016,
    73.19441160209675,
    73.13201995108314,
    72.44801413258236,
    73.05627435209678,
    71.82893143432084,
    74.57760030431406,
    74.08024899012551,
    73.05345397101739,
    73.53695351051243,
    73.7987999014047,
    71.4945624108528
  ],
  "actions": [],
  "observations": [
    1,
    1,
    1,
    1,
    1,
    1,
    1,
    1,
    1,
    0,
    1,
    1,
    1,
    1,
    1,
    1,
    1,
    1,
    1,
    1,
    1,
    1,
    1,
    1,
    1,
    1,
    1,
    1,
    1,
    1,
    1,
    1,
    1,
    1,
    1,
    1,
    1,
    1,
    1,
    2,
    2,
    2,
    2,
    1,
    1,
    1,
    1,
    1,
    1,
    1,
    2,
    2,
    2,
    2,
    2,
    2,
    2,
    2,
    2,
    2,
    2,
    2,
    2,
    2,
    2,
    2,
    2,
    2,
    2,
    2,
    2,
    2,
    2,
    2,
    2,
    2,
    2,
    2,
    2,
    2,
    2,
    2,
    2,
    2,
    2,
    2,
    2,
    2,
    2,
    2,
    2,
    2,
    2,
    2,
    2,
    2,
    2,
    2,
    2,
    2,
    2,
    2,
    2,
    2,
    2,
    2,
    2,
    2,
    2,
    2,
    2,
    2,
    2,
    2,
    2,
    2,
    2,
    2,
    2,
    2,
    2,
    2,
    2,
    2,
    2,
    2,
    2,
    2,
    2,
    2,
    2,
    2,
    2,
    2,
    2,
    2,
    2,
    2,
    2,
    2,
    2,
    2,
    2,
    2,
    2,
    2,
    2,
    2,
    2,
    2,
    2,
    2,
    2,
    2,
    2,
    2,
    2,
    2,
    2,
    2,
    2,
    2,
    2,
    2,
    2,
    2,
    2,
    2,
    2,
    2,
    2,
    2,
    2,
    2,
    2,
    2,
    2,
    2,
    2,
    2,
    2,
    2,
    2,
    2,
    2,
    2,
    2,
    2,
    2,
    2,
    2,
    2,
    2,
    2,
    2,
    2,
    2,
    2,
    2,
    2
  ],