{
  "timesteps": [
    0,
    1,
    2,
    3,
    4,
    5,
    6,
    7,
    8,
    9,
    10,
    11,
    12,
    13,
    14,
    15,
    16,
    17,
    18,
    19,
    20,
    21,
    22,
    23,
    24,
    25,
    26,
    27,
    28,
    29,
    30,
    31,
    32,
    33,
    34,
    35,
    36,
    37,
    38,
    39,
    40,
    41,
    42,
    43,
    44,
    45,
    46,
    47,
    48,
    49,
    50,
    51,
    52,
    53,
    54,
    55,
    56,
    57,
    58,
    59,
    60,
    61,
    62,
    63,
    64,
    65,
    66,
    67,
    68,
    69,
    70,
    71,
    72,
    73,
    74,
    75,
    76,
    77,
    78,
    79,
    80,
    81,
    82,
    83,
    84,
    85,
    86,
    87,
    88,
    89,
    90,
    91,
    92,
    93,
    94,
    95,
    96,
    97,
    98,
    99,
    100,
    101,
    102,
    103,
    104,
    105,
    106,
    107,
    108,
    109,
    110,
    111,
    112,
    113,
    114,
    115,
    116,
    117,
    118,
    119,
    120,
    121,
    122,
    123,
    124,
    125,
    126,
    127,
    128,
    129,
    130,
    131,
    132,
    133,
    134,
    135,
    136,
    137,
    138,
    139,
    140,
    141,
    142,
    143,
    144,
    145,
    146,
    147,
    148,
    149,
    150,
    151,
    152,
    153,
    154,
    155,
    156,
    157,
    158,
    159,
    160,
    161,
    162,
    163,
    164,
    165,
    166,
    167,
    168,
    169,
    170,
    171,
    172,
    173,
    174,
    175,
    176,
    177,
    178,
    179,
    180,
    181,
    182,
    183,
    184,
    185,
    186,
    187,
    188,
    189,
    190,
    191,
    192,
    193,
    194,
    195,
    196,
    197,
    198,
    199
  ],
  "states": [
    50.0,
    47.15009516745998,
    50.83703148957255,
    52.08387817313178,
    51.012680613268735,
    52.39655308294737,
    51.93532699203013,
    49.98937261024407,
    50.17113713932125,
    49.98410851248179,
    49.397403279042265,
    51.36959268555015,
    49.55395692695851,
    48.8135209579082,
    50.33995248787506,
    50.97000499760227,
    50.084398344773234,
    49.51439180336237,
    49.40397622494389,
    48.516603145985165,
    48.35359234366535,
    45.81798473111283,
    45.39637111875526,
    45.73684940219305,
    44.908087895409025,
    43.384959215638276,
    45.11025100864592,
    45.35226963991806,
    44.599466136739785,
    42.36074309236486,
    44.512034549762596,
    44.898284574581204,
    44.69341676688002,
    44.17262545744284,
    41.00941054753958,
    44.18539750025155,
    44.389097692410516,
    46.24961553647744,
    49.38414369729591,
    46.94761568400393,
    46.88228054615792,
    45.70482030235588,
    46.92514839377197,
    46.563728719946226,
    41.99774519166045,
    44.86517592642397,
    42.42452569191987,
    40.565372050455075,
    38.10515611157373,
    35.051531927195974,
    34.36714786478603,
    36.01205123555803,
    36.84673968833638,
    37.30548425659067,
    38.823028316919206,
    40.53318540880995,
    42.15899899537726,
    43.59480137032441,
    46.03143846741252,
    45.88632067615662,
    45.63769858329863,
    43.890458692835416,
    46.16125856378015,
    46.13252483354623,
    46.01854833135258,
    46.26683026156534,
    47.222030002896574,
    47.83850642036933,
    47.65956290409909,
    46.60558718876796,
    46.27089534714567,
    44.751389709169146,
    46.82033752885076,
    46.590875395481255,
    49.00338307514413,
    47.5629527828169,
    45.18470707690809,
    45.72672777679602,
    47.761321190485816,
    44.31399875020391,
    42.39820086616031,
    40.2835573607227,
    40.376364117817076,
    40.053550377761674,
    40.7911497013806,
    38.03927189654001,
    35.2443098402802,
    33.59340498881621,
    35.63489581611324,
    34.796698691797346,
    36.53420738760317,
    36.350958963839005,
    34.665741188945304,
    32.341333107520306,
    32.39996626345735,
    34.28574986507392,
    31.22632133514171,
    31.63436484916014,
    29.65497043560654,
    31.627753049185618,
    32.864620280194195,
    32.46424229918483,
    31.280795211422575,
    33.11440288299077,
    34.85919465681801,
    34.38221861523772,
    33.17335730918829,
    32.86018795753106,
    31.16404917679132,
    32.33905939067277,
    32.96947441193938,
    34.60424576910716,
    35.27697087701472,
    36.91036476586395,
    36.33345458732355,
    36.12308276620443,
    33.01890739356825,
    31.4784703871774,
    30.25419477250335,
    33.37208273009764,
    31.906545909372653,
    31.192847228612045,
    29.670152006845512,
    29.246287146464766,
    30.663898716364827,
    34.89646969902216,
    32.91227844149481,
    31.648800312814085,
    30.2058262008579,
    31.808537494407805,
    31.899249464172364,
    31.059268450538692,
    31.350567069334492,
    32.89651441104161,
    32.501654911606686,
    30.362784005518748,
    28.411324094309542,
    28.447736198618422,
    27.877981242205017,
    25.382494931907587,
    28.035614203534884,
    29.5031862381744,
    31.04954121840953,
    30.322760424024757,
    31.907014918769033,
    29.394932798162642,
    26.09635192124498,
    23.81515645075185,
    22.90948495450131,
    21.57847498583415,
    20.569641082619864,
    20.902302310651027,
    21.04110262648798,
    22.22888586295849,
    21.695555875328118,
    21.46276132311979,
    19.869994763025684,
    20.88010342715678,
    21.06553622013694,
    22.831853577616293,
    23.761059713038204,
    23.09605276469675,
    21.922598339008893,
    19.389936708276124,
    20.06400794891828,
    19.73804129982221,
    18.55633049064791,
    18.360744770670735,
    15.254302893954957,
    16.032557509099465,
    16.40788219377956,
    15.038403307017072,
    13.759284722499114,
    14.242339311078645,
    14.522398136987295,
    16.80304647861593,
    16.277923276548073,
    14.16679180496921,
    15.603895982902953,
    16.259273717239367,
    15.2215194074252,
    15.401691549214354,
    13.219726423257452,
    13.454990847445258,
    16.291759215079836,
    14.198873331740186,
    13.781902227011319,
    12.541304130588374,
    11.451975230108344,
    11.356074100578772,
    12.931490915728219,
    13.765201557655836,
    15.31100000898635,
    14.807352374224775,
    15.01263140742754,
    15.532193930709553,
    16.825703776256727,
    17.649927301856483,
    17.36139040842616,
    15.810117648120798,
    14.835042955843566
  ],
  "actions": [],
  "observations": [
    1,
    1,
    1,
    1,
    1,
    1,
    1,
    1,
    1,
    1,
    1,
    1,
    1,
    1,
    1,
    1,
    1,
    1,
    1,
    1,
    1,
    1,
    1,
    1,
    0,
    0,
    1,
    1,
    0,
    0,
    0,
    0,
    0,
    0,
    0,
    0,
    0,
    1,
    1,
    1,
    1,
    1,
    1,
    1,
    0,
    0,
    0,
    0,
    0,
    0,
    0,
    0,
    0,
    0,
    0,
    0,
    0,
    0,
    1,
    1,
    1,
    0,
    1,
    1,
    1,
    1,
    1,
    1,
    1,
    1,
    1,
    0,
    1,
    1,
    1,
    1,
    1,
    1,
    1,
    0,
    0,
    0,
    0,
    0,
    0,
    0,
    0,
    0,
    0,
    0,
    0,
    0,
    0,
    0,
    0,
    0,
    0,
    0,
    0,
    0,
    0,
    0,
    0,
    0,
    0,
    0,
    0,
    0,
    0,
    0,
    0,
    0,
    0,
    0,
    0,
    0,
    0,
    0,
    0,
    0,
    0,
    0,
    0,
    0,
    0,
    0,
    0,
    0,
    0,
    0,
    0,
    0,
    0,
    0,
    0,
    0,
    0,
    0,
    0,
    0,
    0,
    0,
    0,
    0,
    0,
    0,
    0,
    0,
    0,
    0,
    0,
    0,
    0,
    0,
    0,
    0,
    0,
    0,
    0,
    0,
    0,
    0,
    0,
    0,
    0,
    0,
    0,
    0,
    0,
    0,
    0,
    0,
    0,
    0,
    0,
    0,
    0,
    0,
    0,
    0,
    0,
    0,
    0,
    0,
    0,
    0,
    0,
    0,
    0,
    0,
    0,
    0,
    0,
    0,
    0,
    0,
    0,
    0,
    0,
    0
  ],