{
  "timesteps": [
    0,
    1,
    2,
    3,
    4,
    5,
    6,
    7,
    8,
    9,
    10,
    11,
    12,
    13,
    14,
    15,
    16,
    17,
    18,
    19,
    20,
    21,
    22,
    23,
    24,
    25,
    26,
    27,
    28,
    29,
    30,
    31,
    32,
    33,
    34,
    35,
    36,
    37,
    38,
    39,
    40,
    41,
    42,
    43,
    44,
    45,
    46,
    47,
    48,
    49,
    50,
    51,
    52,
    53,
    54,
    55,
    56,
    57,
    58,
    59,
    60,
    61,
    62,
    63,
    64,
    65,
    66,
    67,
    68,
    69,
    70,
    71,
    72,
    73,
    74,
    75,
    76,
    77,
    78,
    79,
    80,
    81,
    82,
    83,
    84,
    85,
    86,
    87,
    88,
    89,
    90,
    91,
    92,
    93,
    94,
    95,
    96,
    97,
    98,
    99,
    100,
    101,
    102,
    103,
    104,
    105,
    106,
    107,
    108,
    109,
    110,
    111,
    112,
    113,
    114,
    115,
    116,
    117,
    118,
    119,
    120,
    121,
    122,
    123,
    124,
    125,
    126,
    127,
    128,
    129,
    130,
    131,
    132,
    133,
    134,
    135,
    136,
    137,
    138,
    139,
    140,
    141,
    142,
    143,
    144,
    145,
    146,
    147,
    148,
    149,
    150,
    151,
    152,
    153,
    154,
    155,
    156,
    157,
    158,
    159,
    160,
    161,
    162,
    163,
    164,
    165,
    166,
    167,
    168,
    169,
    170,
    171,
    172,
    173,
    174,
    175,
    176,
    177,
    178,
    179,
    180,
    181,
    182,
    183,
    184,
    185,
    186,
    187,
    188,
    189,
    190,
    191,
    192,
    193,
    194,
    195,
    196,
    197,
    198,
    199
  ],
  "states": [
    50.0,
    49.95739456011621,
    48.89109829565723,
    46.891150656484655,
    46.29926059118936,
    47.94225004550672,
    49.970474908237016,
    48.93845780067511,
    47.649129580286925,
    52.11321900636788,
    50.10668777219569,
    49.86427119334696,
    50.83959673523478,
    48.12505446911467,
    52.164012031807076,
    49.65121638558815,
    49.45528539594623,
    49.1132802704832,
    47.88618909866712,
    50.953065212867074,
    51.93946869480825,
    51.40028097832577,
    50.29754795433391,
    52.23773839751147,
    52.800282825617806,
    52.092361999748675,
    54.33128996543425,
    50.99699848546747,
    50.81562967603786,
    51.44887837416308,
    50.79442843762126,
    51.165825055219926,
    50.74951264822736,
    50.20497000647741,
    49.924468772543904,
    50.052343433335174,
    49.28972264121011,
    50.44724463613194,
    51.079918621198026,
    50.54667974711383,
    52.313358379464084,
    53.36738236189069,
    51.531870839243574,
    52.05517601588527,
    51.094874113939,
    52.52450888672375,
    54.61680966885591,
    53.150924407898586,
    51.475385796470846,
    51.25838406772471,
    50.52378967632316,
    49.441105345109236,
    48.98995549830487,
    48.09380989159386,
    51.93553197642418,
    53.315934539509726,
    52.01124860206816,
    52.65296095807859,
    50.974601656410016,
    48.94180015677462,
    50.48740608615826,
    49.151756364301846,
    48.55798651029188,
    48.610885381556635,
    48.807587279313786,
    47.92745362836144,
    49.160067440604614,
    51.1830678852278,
    49.6340844887865,
    49.55909385487716,
    46.551885917369745,
    47.9319004754122,
    48.13233808988268,
    47.83051234528569,
    47.09684054438651,
    46.19812704924603,
    47.288765661047115,
    45.84546094566739,
    45.70581077280063,
    45.31238661486513,
    47.06750389720261,
    46.780731768929485,
    46.29154471836388,
    47.18171175583453,
    47.47068296247605,
    48.65025047422431,
    48.062822830484734,
    50.38377290474033,
    50.44743689516235,
    48.42873287593903,
    49.74393178782309,
    50.38822389561254,
    47.45210558705845,
    45.71618145676929,
    41.93414543129208,
    44.27719229417255,
    44.682378241446926,
    44.991743340384346,
    45.03762590635138,
    44.357441657798375,
    45.567796806642534,
    46.589617372643204,
    47.39594312926022,
    46.92704938966379,
    49.478713008695955,
    50.451251424048756,
    46.254854011239644,
    45.73675991460887,
    45.577664791436796,
    48.11376769605863,
    51.26791159618824,
    53.642027010792965,
    53.146688482815414,
    53.151679953286916,
    50.62108280238179,
    49.97652586627645,
    47.893002313746216,
    49.10350100580038,
    49.903617687016656,
    48.444818820483626,
    50.76022703186963,
    50.15990017139483,
    48.11586047372,
    48.0355268054971,
    48.40688607250594,
    45.51528607687691,
    45.91945644843727,
    42.24160990626936,
    41.26263971931806,
    42.312738189582575,
    43.38329410811829,
    44.501575461409665,
    44.570088997404845,
    43.223624220048286,
    44.78461236575138,
    46.530692221975414,
    44.99397097836043,
    45.019807859534026,
    44.928608556479396,
    44.44385548641911,
    43.33810063502207,
    41.55687733736056,
    40.7142979023607,
    39.882523671692205,
    36.3016212925779,
    35.39405917680752,
    35.51751215031688,
    36.65555802831395,
    36.9116911467227,
    34.68404453951398,
    33.519084665770016,
    36.09570312724245,
    34.07590909392374,
    32.930994805123476,
    32.28418747873535,
    32.83077404265815,
    29.382843959990495,
    25.96978327330408,
    26.66400970637307,
    27.888934504435667,
    27.47971714628198,
    27.047774325898075,
    28.02877650087845,
    30.384274590945683,
    29.454453897007248,
    30.54721652547746,
    30.67091036868811,
    31.131283877921533,
    33.14389494331601,
    32.84192040101288,
    33.71780373475589,
    33.32471912635135,
    33.28573341243353,
    32.409433281805725,
    30.44370965305464,
    29.785485009319626,
    29.30633259818771,
    31.56965093838726,
    32.037441238496804,
    34.57543498922313,
    35.06857048993999,
    33.98750915978612,
    32.98470117263242,
    31.95083808746163,
    33.65533190338323,
    31.586069904057798,
    33.78830301029943,
    31.790180679082706,
    32.08091820285653,
    32.16189010562136,
    33.570916821567074,
    34.02256927613879,
    34.52706889327804,
    35.07714449750903,
    35.383808721819484,
    33.78372294828334,
    34.48509495071491,
    30.678991593952855,
    31.948071723897804,
    33.72197690958992,
    34.29475197195743
  ],
  "actions": [],
  "observations": [
    1,
    1,
    1,
    1,
    1,
    1,
    1,
    1,
    1,
    1,
    1,
    1,
    1,
    1,
    1,
    1,
    1,
    1,
    1,
    1,
    1,
    1,
    1,
    1,
    1,
    1,
    1,
    1,
    1,
    1,
    1,
    1,
    1,
    1,
    1,
    1,
    1,
    1,
    1,
    1,
    1,
    1,
    1,
    1,
    1,
    1,
    1,
    1,
    1,
    1,
    1,
    1,
    1,
    1,
    1,
    1,
    1,
    1,
    1,
    1,
    1,
    1,
    1,
    1,
    1,
    1,
    1,
    1,
    1,
    1,
    1,
    1,
    1,
    1,
    1,
    1,
    1,
    1,
    1,
    1,
    1,
    1,
    1,
    1,
    1,
    1,
    1,
    1,
    1,
    1,
    1,
    1,
    1,
    1,
    0,
    0,
    0,
    0,
    1,
    0,
    1,
    1,
    1,
    1,
    1,
    1,
    1,
    1,
    1,
    1,
    1,
    1,
    1,
    1,
    1,
    1,
    1,
    1,
    1,
    1,
    1,
    1,
    1,
    1,
    1,
    1,
    1,
    0,
    0,
    0,
    0,
    0,
    0,
    0,
    0,
    1,
    0,
    1,
    0,
    0,
    0,
    0,
    0,
    0,
    0,
    0,
    0,
    0,
    0,
    0,
    0,
    0,
    0,
    0,
    0,
    0,
    0,
    0,
    0,
    0,
    0,
    0,
    0,
    0,
    0,
    0,
    0,
    0,
    0,
    0,
    0,
    0,
    0,
    0,
    0,
    0,
    0,
    0,
    0,
    0,
    0,
    0,
    0,
    0,
    0,
    0,
    0,
    0,
    0,
    0,
    0,
    0,
    0,
    0,
    0,
    0,
    0,
    0,
    0,
    0
  ],