{
  "timesteps": [
    0,
    1,
    2,
    3,
    4,
    5,
    6,
    7,
    8,
    9,
    10,
    11,
    12,
    13,
    14,
    15,
    16,
    17,
    18,
    19,
    20,
    21,
    22,
    23,
    24,
    25,
    26,
    27,
    28,
    29,
    30,
    31,
    32,
    33,
    34,
    35,
    36,
    37,
    38,
    39,
    40,
    41,
    42,
    43,
    44,
    45,
    46,
    47,
    48,
    49,
    50,
    51,
    52,
    53,
    54,
    55,
    56,
    57,
    58,
    59,
    60,
    61,
    62,
    63,
    64,
    65,
    66,
    67,
    68,
    69,
    70,
    71,
    72,
    73,
    74,
    75,
    76,
    77,
    78,
    79,
    80,
    81,
    82,
    83,
    84,
    85,
    86,
    87,
    88,
    89,
    90,
    91,
    92,
    93,
    94,
    95,
    96,
    97,
    98,
    99,
    100,
    101,
    102,
    103,
    104,
    105,
    106,
    107,
    108,
    109,
    110,
    111,
    112,
    113,
    114,
    115,
    116,
    117,
    118,
    119,
    120,
    121,
    122,
    123,
    124,
    125,
    126,
    127,
    128,
    129,
    130,
    131,
    132,
    133,
    134,
    135,
    136,
    137,
    138,
    139,
    140,
    141,
    142,
    143,
    144,
    145,
    146,
    147,
    148,
    149,
    150,
    151,
    152,
    153,
    154,
    155,
    156,
    157,
    158,
    159,
    160,
    161,
    162,
    163,
    164,
    165,
    166,
    167,
    168,
    169,
    170,
    171,
    172,
    173,
    174,
    175,
    176,
    177,
    178,
    179,
    180,
    181,
    182,
    183,
    184,
    185,
    186,
    187,
    188,
    189,
    190,
    191,
    192,
    193,
    194,
    195,
    196,
    197,
    198,
    199
  ],
  "states": [
    50.0,
    50.871182368358866,
    50.917618701165075,
    49.984500991898095,
    49.47888732796504,
    47.52728482599231,
    47.24147961423075,
    46.96709411432997,
    50.25565238575465,
    49.78275036100855,
    49.24563018842266,
    49.62870640124248,
    48.200647715407904,
    48.19248507257097,
    46.705717793153376,
    47.696175050212624,
    47.52330219217176,
    48.70768604499702,
    46.512036102372036,
    47.06651112351007,
    47.002416513761624,
    47.2655985804996,
    46.48536586649511,
    44.180357532250724,
    47.27306371763772,
    48.94628231035063,
    51.173950374038675,
    50.21563172036576,
    47.79512144058517,
    47.393556563555876,
    47.62133122287742,
    47.824019763334014,
    49.68526596200804,
    49.636996871634416,
    49.683266425750446,
    49.33822245762053,
    47.98062935837703,
    47.04902903029001,
    48.22851775473152,
    48.579022268445364,
    47.54331409332194,
    49.551071730939434,
    52.441296333650186,
    55.1897433940983,
    55.278079519263166,
    54.16737487490656,
    54.06970519491386,
    53.83415314327116,
    50.52538464472819,
    50.70164470698746,
    48.31006238623575,
    47.83699956366901,
    45.82259913563702,
    44.94558229358167,
    45.37604076976573,
    45.784765056952786,
    46.13317288639354,
    47.39518709880721,
    47.772412871401016,
    48.322588638620985,
    47.53601580034576,
    47.01250251841577,
    47.386026877729094,
    47.95325383333729,
    47.01805687730824,
    46.25492546313347,
    44.512400154296316,
    44.5497473823379,
    45.30498460199143,
    46.06486919800147,
    45.09481586632176,
    45.030817841176706,
    43.630563457003774,
    43.76203547057914,
    44.30681908653972,
    43.377583485715704,
    42.78821229158784,
    43.82231088516647,
    43.95231441427128,
    41.936778184906245,
    42.343006346856974,
    41.5782023663481,
    40.39825719758535,
    43.17998911867181,
    43.75937461347979,
    43.399330311879915,
    44.77995910862747,
    43.72790724768424,
    43.244140387154594,
    46.9668315237612,
    47.412641497026215,
    48.5732185747025,
    48.91458135979322,
    49.81434701757508,
    50.757985394078226,
    49.47868388358742,
    51.386155161579445,
    50.47258303543137,
    51.59023809840717,
    49.24879617581688,
    48.384751455743555,
    48.755247332231335,
    48.21259685392806,
    47.451372279981356,
    45.07479299347869,
    46.281716364689004,
    46.40751921770247,
    48.57482576659714,
    48.473255700445776,
    47.90003050427348,
    48.146454178354574,
    46.416573731631374,
    45.796556891372894,
    42.98134037575653,
    43.02257369218701,
    40.6400372870284,
    43.75262982846179,
    43.48902284419688,
    40.9967375151326,
    40.06240485096665,
    39.438444893446096,
    39.63537032826303,
    38.937288507920755,
    39.01561529619609,
    40.7954230188423,
    40.15319196522374,
    38.876037454298746,
    39.046444999460164,
    39.31998831577751,
    40.33359257067732,
    43.08481059589538,
    43.150156097798984,
    45.25525099021909,
    44.840546741254535,
    44.10873132188247,
    45.185559649504974,
    42.210613437586396,
    40.15166889776134,
    39.30514277130996,
    40.46496641897818,
    41.152143240713265,
    41.10079560293479,
    42.01744497791578,
    43.460370630940346,
    42.66173567639846,
    43.25438888033134,
    44.243521602153486,
    42.65148289269404,
    43.12128338840385,
    43.629708119262126,
    44.13274245570218,
    47.35464723774527,
    47.365416655774325,
    47.565121491116614,
    45.59105645595906,
    46.61820817509072,
    46.653559124803216,
    45.138157070021464,
    45.19869379480529,
    42.70958825965615,
    42.694570276563255,
    40.539755869653774,
    39.243826882132545,
    38.7373914965544,
    37.825839733663365,
    37.10994972010678,
    36.56380103803648,
    34.88538971803573,
    35.1808320183511,
    36.29418315384707,
    37.94620823720878,
    38.64779345473591,
    36.96557720429619,
    36.82273362954546,
    37.030030195471234,
    39.141688416038555,
    39.8123817100237,
    40.4909980900515,
    41.198467384752256,
    39.51013170787416,
    40.464502691521304,
    38.772624811726324,
    39.240804770794696,
    39.62754778560778,
    39.91409590255423,
    41.35804017095281,
    41.59856131257379,
    41.25963214944017,
    39.14009720777828,
    38.72476284832431,
    37.92404552564127,
    34.559815584811766,
    32.46935546134021,
    32.213559020016014,
    31.763519285341648,
    32.47197082778738,
    32.48977846621633,
    32.78756713891532,
    34.40792667054622,
    34.48588977768919,
    32.45377549785965
  ],
  "actions": [],
  "observations": [
    1,
    1,
    1,
    1,
    1,
    1,
    1,
    1,
    1,
    1,
    1,
    1,
    1,
    1,
    1,
    1,
    1,
    1,
    1,
    1,
    1,
    1,
    1,
    0,
    1,
    1,
    1,
    1,
    1,
    1,
    1,
    1,
    1,
    1,
    1,
    1,
    1,
    1,
    1,
    1,
    1,
    1,
    1,
    2,
    2,
    1,
    1,
    1,
    1,
    1,
    1,
    1,
    1,
    0,
    1,
    1,
    1,
    1,
    1,
    1,
    1,
    1,
    1,
    1,
    1,
    1,
    0,
    0,
    1,
    1,
    1,
    1,
    0,
    0,
    0,
    0,
    0,
    0,
    0,
    0,
    0,
    0,
    0,
    0,
    0,
    0,
    0,
    0,
    0,
    1,
    1,
    1,
    1,
    1,
    1,
    1,
    1,
    1,
    1,
    1,
    1,
    1,
    1,
    1,
    1,
    1,
    1,
    1,
    1,
    1,
    1,
    1,
    1,
    0,
    0,
    0,
    0,
    0,
    0,
    0,
    0,
    0,
    0,
    0,
    0,
    0,
    0,
    0,
    0,
    0,
    0,
    0,
    1,
    0,
    0,
    1,
    0,
    0,
    0,
    0,
    0,
    0,
    0,
    0,
    0,
    0,
    0,
    0,
    0,
    0,
    0,
    1,
    1,
    1,
    1,
    1,
    1,
    1,
    1,
    0,
    0,
    0,
    0,
    0,
    0,
    0,
    0,
    0,
    0,
    0,
    0,
    0,
    0,
    0,
    0,
    0,
    0,
    0,
    0,
    0,
    0,
    0,
    0,
    0,
    0,
    0,
    0,
    0,
    0,
    0,
    0,
    0,
    0,
    0,
    0,
    0,
    0,
    0,
    0,
    0
  ],