{
  "timesteps": [
    0,
    1,
    2,
    3,
    4,
    5,
    6,
    7,
    8,
    9,
    10,
    11,
    12,
    13,
    14,
    15,
    16,
    17,
    18,
    19,
    20,
    21,
    22,
    23,
    24,
    25,
    26,
    27,
    28,
    29,
    30,
    31,
    32,
    33,
    34,
    35,
    36,
    37,
    38,
    39,
    40,
    41,
    42,
    43,
    44,
    45,
    46,
    47,
    48,
    49,
    50,
    51,
    52,
    53,
    54,
    55,
    56,
    57,
    58,
    59,
    60,
    61,
    62,
    63,
    64,
    65,
    66,
    67,
    68,
    69,
    70,
    71,
    72,
    73,
    74,
    75,
    76,
    77,
    78,
    79,
    80,
    81,
    82,
    83,
    84,
    85,
    86,
    87,
    88,
    89,
    90,
    91,
    92,
    93,
    94,
    95,
    96,
    97,
    98,
    99,
    100,
    101,
    102,
    103,
    104,
    105,
    106,
    107,
    108,
    109,
    110,
    111,
    112,
    113,
    114,
    115,
    116,
    117,
    118,
    119,
    120,
    121,
    122,
    123,
    124,
    125,
    126,
    127,
    128,
    129,
    130,
    131,
    132,
    133,
    134,
    135,
    136,
    137,
    138,
    139,
    140,
    141,
    142,
    143,
    144,
    145,
    146,
    147,
    148,
    149,
    150,
    151,
    152,
    153,
    154,
    155,
    156,
    157,
    158,
    159,
    160,
    161,
    162,
    163,
    164,
    165,
    166,
    167,
    168,
    169,
    170,
    171,
    172,
    173,
    174,
    175,
    176,
    177,
    178,
    179,
    180,
    181,
    182,
    183,
    184,
    185,
    186,
    187,
    188,
    189,
    190,
    191,
    192,
    193,
    194,
    195,
    196,
    197,
    198,
    199
  ],
  "states": [
    50.0,
    49.94210877811524,
    50.52437331516405,
    51.47887570602887,
    51.22239792431339,
    52.637614563672265,
    53.98725027402544,
    53.35166953064241,
    53.15449706288843,
    51.19280009342378,
    51.90308089251425,
    53.67795825443528,
    56.30920064664393,
    57.7163869582486,
    54.44521527111405,
    52.84121231405875,
    53.33260043829949,
    51.5772206798149,
    50.61048358941277,
    52.83253098127701,
    52.61394740627905,
    53.89945496806874,
    55.52970968856994,
    57.21064577608535,
    59.37326827546711,
    59.36493833883438,
    61.159468696976965,
    62.80990789656683,
    63.44644729883194,
    62.75140721626254,
    62.95926523450463,
    62.671883017276784,
    62.50211395064676,
    63.60839136672622,
    63.38796275458049,
    62.60201085615139,
    60.79281351594189,
    61.97912156615535,
    61.22355527809569,
    60.153163032833504,
    60.43257838843878,
    61.04429623876244,
    60.49986037121585,
    59.70493380031494,
    60.946017705499784,
    59.74474027381851,
    59.99466087188981,
    58.911360315645965,
    59.09748636069709,
    60.43944173867737,
    61.5382232205144,
    59.31546464485267,
    59.62009118339216,
    58.28704728941196,
    57.909150364245335,
    56.24169102880313,
    55.525088302002885,
    55.79550731446815,
    57.37833176767291,
    55.74063179852499,
    57.801927919851074,
    55.07501143529164,
    54.08538800711126,
    55.57970258890516,
    54.615353523145046,
    54.56002676972658,
    56.67269845397296,
    56.55199900196755,
    57.802412576401544,
    59.3104383473803,
    57.31680748124218,
    55.97103064247454,
    55.114594964526766,
    54.88729795816679,
    54.78906331770081,
    53.10543080377136,
    54.177534335730655,
    56.155089516841564,
    54.14071246981494,
    54.6876903115836,
    55.286333370041056,
    56.78410608300553,
    58.32678795607542,
    60.34181129554037,
    61.12589170197325,
    62.021686017553385,
    60.957175975900086,
    61.46132680296324,
    60.440772514355025,
    61.27506850467098,
    58.791700062845656,
    57.91668452573022,
    58.09649076006115,
    59.33375855903997,
    57.00931028980079,
    57.22749419242366,
    57.75741985191483,
    57.03060493000968,
    55.9550904120474,
    56.11306727185579,
    54.33228181162705,
    53.0370242358779,
    52.28672145034674,
    53.425296024359035,
    51.99692379800769,
    51.303220207242866,
    50.560108035986424,
    51.349869956371364,
    55.27063975103114,
    53.8818371348947,
    55.634633546778524,
    56.48105610784261,
    57.10568354720949,
    55.390663063221176,
    57.36014991155096,
    59.38425761034158,
    60.49196748058391,
    61.81313748260049,
    63.36818017810709,
    61.80808719721179,
    61.87781927106738,
    62.83736480996194,
    64.37862963447608,
    64.6565398992228,
    63.07826041244022,
    64.0206738103957,
    62.29282589124552,
    60.76963940841384,
    59.60436353143912,
    59.76086887320162,
    60.5006913497502,
    60.84314628813877,
    61.61402759897413,
    61.64844875930622,
    61.806453717450566,
    62.24011036391666,
    62.22538843155369,
    61.14884286044568,
    59.942005469847096,
    61.75681792817133,
    60.91854093855815,
    60.05176258904934,
    61.59043605786175,
    60.27391281164418,
    61.47048161820539,
    62.93099881194212,
    63.09467937675313,
    61.16398318291265,
    64.13709600205596,
    65.80984085318242,
    66.13043824941188,
    66.28391593179401,
    68.07455651344829,
    69.09780805199334,
    68.89105818891873,
    67.35330468241816,
    72.0925305666745,
    72.0777776634022,
    71.19294523425586,
    71.97345594574051,
    71.6007941221082,
    72.071117474082,
    74.51594419295827,
    74.91676261938122,
    71.91294391975137,
    72.68564542093577,
    72.42768087619366,
    74.09165454116449,
    75.0939091499799,
    78.16076393735491,
    79.8292726488403,
    78.3461188102804,
    79.22384868428686,
    80.01843882064283,
    82.32198613510482,
    82.66782777177185,
    84.04149246114254,
    84.87770081645608,
    85.86051920286009,
    83.5430288816705,
    84.16126761083852,
    83.31349098864204,
    84.11038112774817,
    82.94103771511986,
    82.19521970321604,
    85.48845323439514,
    85.42237668104998,
    87.79886271419798,
    89.82386799971123,
    86.62067199008627,
    86.27855200023136,
    87.96580763226986,
    86.95874503253327,
    86.94627581927942,
    88.10656154146062,
    86.26773362803262,
    84.34482868759733,
    82.7944416023958,
    82.16753776902462,
    83.60791157124993,
    83.94064215931465
  ],
  "actions": [],
  "observations": [
    1,
    1,
    1,
    1,
    1,
    1,
    1,
    1,
    1,
    1,
    1,
    1,
    2,
    2,
    1,
    1,
    1,
    1,
    1,
    1,
    1,
    1,
    2,
    2,
    2,
    2,
    2,
    2,
    2,
    2,
    2,
    2,
    2,
    2,
    2,
    2,
    2,
    2,
    2,
    2,
    2,
    2,
    2,
    2,
    2,
    2,
    2,
    2,
    2,
    2,
    2,
    2,
    2,
    2,
    2,
    2,
    2,
    2,
    2,
    2,
    2,
    2,
    1,
    2,
    1,
    1,
    2,
    2,
    2,
    2,
    2,
    2,
    2,
    1,
    1,
    1,
    1,
    2,
    1,
    1,
    2,
    2,
    2,
    2,
    2,
    2,
    2,
    2,
    2,
    2,
    2,
    2,
    2,
    2,
    2,
    2,
    2,
    2,
    2,
    2,
    1,
    1,
    1,
    1,
    1,
    1,
    1,
    1,
    2,
    1,
    2,
    2,
    2,
    2,
    2,
    2,
    2,
    2,
    2,
    2,
    2,
    2,
    2,
    2,
    2,
    2,
    2,
    2,
    2,
    2,
    2,
    2,
    2,
    2,
    2,
    2,
    2,
    2,
    2,
    2,
    2,
    2,
    2,
    2,
    2,
    2,
    2,
    2,
    2,
    2,
    2,
    2,
    2,
    2,
    2,
    2,
    2,
    2,
    2,
    2,
    2,
    2,
    2,
    2,
    2,
    2,
    2,
    2,
    2,
    2,
    2,
    2,
    2,
    2,
    2,
    2,
    2,
    2,
    2,
    2,
    2,
    2,
    2,
    2,
    2,
    2,
    2,
    2,
    2,
    2,
    2,
    2,
    2,
    2,
    2,
    2,
    2,
    2,
    2,
    2
  ],