{
  "timesteps": [
    0,
    1,
    2,
    3,
    4,
    5,
    6,
    7,
    8,
    9,
    10,
    11,
    12,
    13,
    14,
    15,
    16,
    17,
    18,
    19,
    20,
    21,
    22,
    23,
    24,
    25,
    26,
    27,
    28,
    29,
    30,
    31,
    32,
    33,
    34,
    35,
    36,
    37,
    38,
    39,
    40,
    41,
    42,
    43,
    44,
    45,
    46,
    47,
    48,
    49,
    50,
    51,
    52,
    53,
    54,
    55,
    56,
    57,
    58,
    59,
    60,
    61,
    62,
    63,
    64,
    65,
    66,
    67,
    68,
    69,
    70,
    71,
    72,
    73,
    74,
    75,
    76,
    77,
    78,
    79,
    80,
    81,
    82,
    83,
    84,
    85,
    86,
    87,
    88,
    89,
    90,
    91,
    92,
    93,
    94,
    95,
    96,
    97,
    98,
    99,
    100,
    101,
    102,
    103,
    104,
    105,
    106,
    107,
    108,
    109,
    110,
    111,
    112,
    113,
    114,
    115,
    116,
    117,
    118,
    119,
    120,
    121,
    122,
    123,
    124,
    125,
    126,
    127,
    128,
    129,
    130,
    131,
    132,
    133,
    134,
    135,
    136,
    137,
    138,
    139,
    140,
    141,
    142,
    143,
    144,
    145,
    146,
    147,
    148,
    149,
    150,
    151,
    152,
    153,
    154,
    155,
    156,
    157,
    158,
    159,
    160,
    161,
    162,
    163,
    164,
    165,
    166,
    167,
    168,
    169,
    170,
    171,
    172,
    173,
    174,
    175,
    176,
    177,
    178,
    179,
    180,
    181,
    182,
    183,
    184,
    185,
    186,
    187,
    188,
    189,
    190,
    191,
    192,
    193,
    194,
    195,
    196,
    197,
    198,
    199
  ],
  "states": [
    50.0,
    55.33567798968233,
    52.870844920353825,
    49.60034721096089,
    51.734927099348376,
    54.554539727825556,
    52.69818625499547,
    54.17780278039605,
    54.385183184846106,
    50.62913887631448,
    51.31005465555512,
    52.12516858770773,
    51.002650015484825,
    52.65572621186271,
    52.56561051348853,
    50.52146557853893,
    50.775236874892215,
    49.484857227310165,
    48.35394173066991,
    47.77775059516363,
    47.720194574143285,
    47.16951478436832,
    47.58163383975859,
    49.54197077900579,
    53.18036096469182,
    53.324117783169896,
    54.004019736684604,
    52.55754278396894,
    52.580924912134975,
    52.814416362472386,
    51.80177195799093,
    50.592149076412795,
    49.13243612931412,
    46.1458592890737,
    44.67434026993635,
    43.072764981929794,
    43.67930677831071,
    44.99769640177977,
    46.0799761318094,
    44.87597015802611,
    44.29838283416591,
    42.03333701039648,
    41.50984372692957,
    41.15053179869793,
    40.24516881872106,
    40.544576555412746,
    39.806002700895846,
    40.20190406935212,
    44.026779339839,
    44.54165837236457,
    45.681571315226385,
    44.180594813540125,
    44.59270684683633,
    45.49122679102172,
    50.05192652784372,
    50.48130724432003,
    48.06019041165429,
    47.63703523730018,
    47.701305559493754,
    50.22620727038902,
    46.97159006475724,
    46.624809283601294,
    47.72904815050505,
    47.60795752214686,
    49.256952459537565,
    48.75391803374506,
    45.778038178023635,
    48.55643671675674,
    47.588821607318316,
    47.51306734254674,
    48.551636140488945,
    48.4994638770849,
    46.89002444192232,
    53.0586729818003,
    54.498002238820284,
    54.01556099659605,
    55.72297921743916,
    55.23901933127009,
    56.69269024732668,
    59.39848936075828,
    61.86974640412019,
    60.17099388529195,
    59.511352613560575,
    58.54625249384231,
    57.99962779196177,
    60.98196423577152,
    58.9756079518214,
    58.53421284098042,
    53.462003270699284,
    53.08625739656901,
    53.23551614557023,
    54.00472405753364,
    54.596802541330945,
    58.09001247040655,
    55.47135954802026,
    56.28928388957748,
    58.55185464554551,
    58.74868588286013,
    54.63392301241201,
    55.372712726730704,
    58.2433342315727,
    57.54787517476414,
    57.05358436536136,
    59.08378932493288,
    60.15939496625334,
    61.51038824919693,
    61.30784663429115,
    62.041889467513826,
    59.460285647010465,
    59.954638888464714,
    62.321384411292044,
    63.49205426604162,
    63.54516791370691,
    65.49651732537677,
    64.89577699191997,
    64.61862624699387,
    62.03514808328824,
    62.94507788057893,
    67.61143507744002,
    68.8927181426286,
    69.87482139242128,
    72.59744393538334,
    71.53561369831536,
    72.66780516888753,
    70.74044519051526,
    72.76527048722348,
    73.37981179359461,
    72.65064303334333,
    73.18939949481967,
    72.97957031033455,
    76.96732478941819,
    78.9639466224006,
    77.98735930456338,
    82.77309871183792,
    82.91155991666373,
    83.88736359859503,
    84.59206957033884,
    84.10616480767705,
    83.25880908630532,
    80.71777944841315,
    78.39203994218194,
    76.90128608890261,
    76.22993550095653,
    74.41463075458557,
    75.63267629243015,
    77.39542268935594,
    75.38882474295175,
    73.70189313820653,
    75.13827395960887,
    75.19255203866605,
    75.33599255739603,
    75.67111756297957,
    77.43600852875885,
    76.96074840483504,
    75.38912888274658,
    74.59091436284754,
    73.76228364391548,
    72.02175638341006,
    73.20002134863446,
    76.60512512532216,
    75.32821643487114,
    73.29952026466079,
    72.41402325497229,
    71.45504158406541,
    68.7344137020108,
    66.7850725344287,
    66.8451754342477,
    67.02417787924531,
    66.80412333415497,
    69.13404976890803,
    68.05309436665245,
    68.28639557333489,
    70.46896144409871,
    73.35188001756065,
    73.10743110538752,
    70.76985753302722,
    71.89300902138365,
    70.4798924280682,
    68.72168415193191,
    71.95173158003384,
    73.48349822523414,
    73.9698392941379,
    73.90722570943774,
    71.34004028063293,
    70.91342354677575,
    70.3249670978071,
    72.32801942578294,
    73.48637601994281,
    71.08656855475456,
    67.94423274052224,
    67.13842615012595,
    68.09605602377502,
    70.43316283683298,
    71.66510219499735,
    72.19658200075196,
    73.75857675546526,
    74.74408233968643,
    75.09856199173298,
    76.837932730635,
    77.33355948820883,
    79.3311946174141
  ],
  "actions": [],
  "observations": [
    1,
    2,
    1,
    1,
    1,
    1,
    1,
    1,
    1,
    1,
    1,
    1,
    1,
    1,
    1,
    1,
    1,
    1,
    1,
    1,
    1,
    1,
    1,
    1,
    1,
    1,
    1,
    1,
    1,
    1,
    1,
    1,
    1,
    1,
    0,
    0,
    0,
    0,
    1,
    0,
    0,
    0,
    0,
    0,
    0,
    0,
    0,
    0,
    0,
    0,
    1,
    0,
    0,
    1,
    1,
    1,
    1,
    1,
    1,
    1,
    1,
    1,
    1,
    1,
    1,
    1,
    1,
    1,
    1,
    1,
    1,
    1,
    1,
    1,
    1,
    1,
    2,
    2,
    2,
    2,
    2,
    2,
    2,
    2,
    2,
    2,
    2,
    2,
    1,
    1,
    1,
    1,
    1,
    2,
    2,
    2,
    2,
    2,
    1,
    2,
    2,
    2,
    2,
    2,
    2,
    2,
    2,
    2,
    2,
    2,
    2,
    2,
    2,
    2,
    2,
    2,
    2,
    2,
    2,
    2,
    2,
    2,
    2,
    2,
    2,
    2,
    2,
    2,
    2,
    2,
    2,
    2,
    2,
    2,
    2,
    2,
    2,
    2,
    2,
    2,
    2,
    2,
    2,
    2,
    2,
    2,
    2,
    2,
    2,
    2,
    2,
    2,
    2,
    2,
    2,
    2,
    2,
    2,
    2,
    2,
    2,
    2,
    2,
    2,
    2,
    2,
    2,
    2,
    2,
    2,
    2,
    2,
    2,
    2,
    2,
    2,
    2,
    2,
    2,
    2,
    2,
    2,
    2,
    2,
    2,
    2,
    2,
    2,
    2,
    2,
    2,
    2,
    2,
    2,
    2,
    2,
    2,
    2,
    2,
    2
  ],