{
  "timesteps": [
    0,
    1,
    2,
    3,
    4,
    5,
    6,
    7,
    8,
    9,
    10,
    11,
    12,
    13,
    14,
    15,
    16,
    17,
    18,
    19,
    20,
    21,
    22,
    23,
    24,
    25,
    26,
    27,
    28,
    29,
    30,
    31,
    32,
    33,
    34,
    35,
    36,
    37,
    38,
    39,
    40,
    41,
    42,
    43,
    44,
    45,
    46,
    47,
    48,
    49,
    50,
    51,
    52,
    53,
    54,
    55,
    56,
    57,
    58,
    59,
    60,
    61,
    62,
    63,
    64,
    65,
    66,
    67,
    68,
    69,
    70,
    71,
    72,
    73,
    74,
    75,
    76,
    77,
    78,
    79,
    80,
    81,
    82,
    83,
    84,
    85,
    86,
    87,
    88,
    89,
    90,
    91,
    92,
    93,
    94,
    95,
    96,
    97,
    98,
    99,
    100,
    101,
    102,
    103,
    104,
    105,
    106,
    107,
    108,
    109,
    110,
    111,
    112,
    113,
    114,
    115,
    116,
    117,
    118,
    119,
    120,
    121,
    122,
    123,
    124,
    125,
    126,
    127,
    128,
    129,
    130,
    131,
    132,
    133,
    134,
    135,
    136,
    137,
    138,
    139,
    140,
    141,
    142,
    143,
    144,
    145,
    146,
    147,
    148,
    149,
    150,
    151,
    152,
    153,
    154,
    155,
    156,
    157,
    158,
    159,
    160,
    161,
    162,
    163,
    164,
    165,
    166,
    167,
    168,
    169,
    170,
    171,
    172,
    173,
    174,
    175,
    176,
    177,
    178,
    179,
    180,
    181,
    182,
    183,
    184,
    185,
    186,
    187,
    188,
    189,
    190,
    191,
    192,
    193,
    194,
    195,
    196,
    197,
    198,
    199
  ],
  "states": [
    50.0,
    48.93379130233477,
    52.06414711273276,
    51.388803645350656,
    52.07710900569483,
    52.30578698937315,
    53.86955902803964,
    52.61724977291413,
    50.330088435667776,
    50.148897286199045,
    50.633694196137945,
    53.628606788147366,
    54.50734879281796,
    55.36366731481659,
    56.801895494263945,
    59.47611835828334,
    61.87840683797173,
    63.146915863646846,
    62.027890405503086,
    64.81811174987405,
    63.298351597760295,
    62.79620699755834,
    62.988807894101285,
    65.11402986534438,
    66.08285363640421,
    65.76040912616604,
    69.1335245572127,
    68.90918052921573,
    71.1535881737056,
    72.57794936741631,
    69.3330542305972,
    65.37052262899067,
    67.11171597969131,
    67.29646641505883,
    68.49227380950052,
    67.84407577380748,
    67.93130115705831,
    66.23090527710175,
    65.49012833213457,
    64.33637608516982,
    65.20218604924317,
    67.36971507339243,
    65.5124883930341,
    65.81814564731079,
    66.19035404973246,
    67.75569475850602,
    65.47024340953148,
    65.23624942505472,
    65.54573856013297,
    64.99286265176315,
    62.25896193158969,
    60.87250067846086,
    61.74545274037224,
    58.68238832117573,
    56.65677709667071,
    59.92317760030346,
    59.997741057212174,
    60.57279293813114,
    59.49223860441969,
    58.59102234784147,
    57.02056095828576,
    58.72113156056537,
    58.80108883814723,
    59.897585486815586,
    57.43411880268536,
    57.910875900504315,
    59.48069228567015,
    57.197856027605475,
    55.4136098848901,
    54.772397110424315,
    56.67097336622492,
    57.092858197599774,
    57.09858403163047,
    53.79998127260735,
    53.031758918002645,
    50.05520206891706,
    51.0711278715621,
    47.25518586332527,
    46.561592106163516,
    47.94538027091858,
    49.18193249276122,
    50.250318769248764,
    50.307660976025325,
    51.790811685201696,
    54.19485213510549,
    55.85324334900524,
    54.306236210335776,
    54.5902831122667,
    56.69728019367299,
    56.968554432353486,
    57.63799116003935,
    55.81279549358524,
    55.588180077357116,
    55.45954358418948,
    55.85603318225047,
    55.18046036372261,
    57.100226935781215,
    55.24949159592556,
    53.9284367092454,
    50.52225624413477,
    49.45399595880494,
    51.1076922688039,
    51.4927412440835,
    53.38446153553161,
    51.71140957155873,
    51.86152462069281,
    49.26641207840746,
    47.60119405381727,
    47.16621820948477,
    46.71665047147966,
    47.798981097660906,
    44.11746347737383,
    43.30637143970134,
    44.20464026230373,
    44.32054181458926,
    43.82741732250474,
    41.25043125117411,
    42.11616248520282,
    42.290890521982234,
    43.95288473433044,
    44.38053133241776,
    43.29865986247989,
    42.50892061053762,
    41.591418687637216,
    37.0780952826156,
    35.599521319011764,
    36.25490822423925,
    38.70039034281938,
    37.711196810490144,
    37.95273606811321,
    40.36207357980237,
    40.86075355328883,
    44.25827444182844,
    42.744268665071125,
    40.03419978289296,
    40.923128333290414,
    43.66109523196683,
    43.73732315437353,
    42.97132600144964,
    42.58502430784708,
    47.50126081348705,
    45.48912176479901,
    44.75238031182044,
    46.806662607930825,
    47.35472462966704,
    45.88531094928652,
    44.326397572621715,
    45.39266868403465,
    45.608689155206925,
    42.79208210576324,
    42.20933967081443,
    40.956353620251534,
    44.12289012436977,
    45.35472761555444,
    45.23703444352722,
    46.01270054348028,
    47.18175710199967,
    51.94554112592802,
    52.54327333755864,
    53.293641502438476,
    53.13834660826305,
    53.36819272262664,
    53.27650099220152,
    52.73610689904493,
    54.61758911745079,
    53.65880398166931,
    53.50335855570807,
    52.70358778649413,
    53.225405503069744,
    54.7073681683264,
    56.285771489069575,
    56.0380184203553,
    56.88392651106545,
    54.186682186068026,
    55.20352429078212,
    56.47931982966898,
    58.77187729111938,
    59.23150752293654,
    56.599121688781096,
    58.332907824763566,
    56.28481641174337,
    56.508788035998904,
    55.14996400941318,
    54.49111236821809,
    53.06069527251819,
    47.32341369834091,
    47.628125445101674,
    45.73782738527886,
    47.66530223145639,
    49.648445420837206,
    50.89941277405236,
    49.81886075397295,
    48.4214639887801,
    49.16528089177664,
    51.47567417204459,
    51.997670177364846,
    52.76865708766852,
    51.84972194141453,
    51.98439451603822,
    51.842372232027934,
    53.08425024703941
  ],
  "actions": [],
  "observations": [
    1,
    1,
    1,
    1,
    1,
    1,
    1,
    1,
    1,
    1,
    1,
    1,
    1,
    2,
    2,
    2,
    2,
    2,
    2,
    2,
    2,
    2,
    2,
    2,
    2,
    2,
    2,
    2,
    2,
    2,
    2,
    2,
    2,
    2,
    2,
    2,
    2,
    2,
    2,
    2,
    2,
    2,
    2,
    2,
    2,
    2,
    2,
    2,
    2,
    2,
    2,
    2,
    2,
    2,
    2,
    2,
    2,
    2,
    2,
    2,
    2,
    2,
    2,
    2,
    2,
    2,
    2,
    2,
    2,
    1,
    2,
    2,
    2,
    1,
    1,
    1,
    1,
    1,
    1,
    1,
    1,
    1,
    1,
    1,
    1,
    2,
    1,
    1,
    2,
    2,
    2,
    2,
    2,
    2,
    2,
    2,
    2,
    2,
    1,
    1,
    1,
    1,
    1,
    1,
    1,
    1,
    1,
    1,
    1,
    1,
    1,
    0,
    0,
    0,
    0,
    0,
    0,
    0,
    0,
    0,
    0,
    0,
    0,
    0,
    0,
    0,
    0,
    0,
    0,
    0,
    0,
    0,
    0,
    0,
    0,
    0,
    0,
    0,
    0,
    0,
    1,
    1,
    0,
    1,
    1,
    1,
    0,
    1,
    1,
    0,
    0,
    0,
    0,
    1,
    1,
    1,
    1,
    1,
    1,
    1,
    1,
    1,
    1,
    1,
    1,
    1,
    1,
    1,
    1,
    1,
    2,
    2,
    2,
    1,
    2,
    2,
    2,
    2,
    2,
    2,
    2,
    2,
    2,
    1,
    1,
    1,
    1,
    1,
    1,
    1,
    1,
    1,
    1,
    1,
    1,
    1,
    1,
    1,
    1,
    1
  ],