{
  "timesteps": [
    0,
    1,
    2,
    3,
    4,
    5,
    6,
    7,
    8,
    9,
    10,
    11,
    12,
    13,
    14,
    15,
    16,
    17,
    18,
    19,
    20,
    21,
    22,
    23,
    24,
    25,
    26,
    27,
    28,
    29,
    30,
    31,
    32,
    33,
    34,
    35,
    36,
    37,
    38,
    39,
    40,
    41,
    42,
    43,
    44,
    45,
    46,
    47,
    48,
    49,
    50,
    51,
    52,
    53,
    54,
    55,
    56,
    57,
    58,
    59,
    60,
    61,
    62,
    63,
    64,
    65,
    66,
    67,
    68,
    69,
    70,
    71,
    72,
    73,
    74,
    75,
    76,
    77,
    78,
    79,
    80,
    81,
    82,
    83,
    84,
    85,
    86,
    87,
    88,
    89,
    90,
    91,
    92,
    93,
    94,
    95,
    96,
    97,
    98,
    99,
    100,
    101,
    102,
    103,
    104,
    105,
    106,
    107,
    108,
    109,
    110,
    111,
    112,
    113,
    114,
    115,
    116,
    117,
    118,
    119,
    120,
    121,
    122,
    123,
    124,
    125,
    126,
    127,
    128,
    129,
    130,
    131,
    132,
    133,
    134,
    135,
    136,
    137,
    138,
    139,
    140,
    141,
    142,
    143,
    144,
    145,
    146,
    147,
    148,
    149,
    150,
    151,
    152,
    153,
    154,
    155,
    156,
    157,
    158,
    159,
    160,
    161,
    162,
    163,
    164,
    165,
    166,
    167,
    168,
    169,
    170,
    171,
    172,
    173,
    174,
    175,
    176,
    177,
    178,
    179,
    180,
    181,
    182,
    183,
    184,
    185,
    186,
    187,
    188,
    189,
    190,
    191,
    192,
    193,
    194,
    195,
    196,
    197,
    198,
    199
  ],
  "states": [
    50.0,
    49.91734384085409,
    49.8183281746004,
    49.759486451081294,
    49.868263989656015,
    49.8849466473736,
    49.89693911213355,
    49.987761349433306,
    50.145146629838045,
    50.217026530335815,
    50.50628273269345,
    50.42160064136566,
    50.45419483329347,
    50.58781783235864,
    50.5012953539905,
    50.70918496098201,
    50.74519500275839,
    50.71100654450375,
    50.79427606688869,
    50.88621612880524,
    50.93984606541602,
    50.844708904848986,
    50.88041530068069,
    50.909290961084515,
    50.79925631153836,
    50.74894983843258,
    50.49507051099288,
    50.36578097939078,
    50.46759828688513,
    50.49778100790981,
    50.54361815146082,
    50.602162374539496,
    50.62184928343199,
    50.73595633622544,
    50.691147266429134,
    50.63723123168076,
    50.640695997940995,
    50.669335585919534,
    50.55202486572659,
    50.5268664163695,
    50.50394580210637,
    50.62412085540173,
    50.727440802637325,
    50.72905405510702,
    50.62895308778025,
    50.571646556523156,
    50.57776167290033,
    50.53380015290409,
    50.45812068784335,
    50.339764434586996,
    50.28846351391654,
    50.31734854424192,
    50.30442283709048,
    50.30714516313798,
    50.262323551361135,
    50.39887957552912,
    50.31588572656579,
    50.51129196489298,
    50.69212119567556,
    50.75223257289037,
    50.749478776839425,
    50.77217699308056,
    51.010726165566034,
    50.98542775029471,
    51.03498821971617,
    50.98184333826219,
    50.86609628160074,
    51.00828997962233,
    50.756804584402,
    50.82771492721436,
    50.73400263189881,
    50.956050245761475,
    50.95538337713147,
    51.06109834148531,
    51.17534417630178,
    51.203301535834264,
    51.34478777300932,
    51.3450017714012,
    51.32716719450907,
    51.38536406368547,
    51.25342664379516,
    51.20242351532755,
    51.138311902793454,
    51.11378684289682,
    51.06647314042453,
    50.96280741864563,
    50.85865044191691,
    50.79242530000819,
    50.87285740420505,
    51.08893426382832,
    51.28308017078797,
    51.135792411330705,
    51.185948421405016,
    51.2646293781415,
    51.16496517280414,
    51.1594278401985,
    51.14167265605496,
    51.18405480827208,
    51.05890484704093,
    50.92703545673929,
    50.96787860862457,
    51.07808783864956,
    51.04594530391898,
    51.13703448928225,
    51.04036039410208,
    50.95819150986842,
    50.81907664597947,
    50.74971013699023,
    50.667083445910386,
    50.597315275468404,
    50.461970285243275,
    50.482334861917856,
    50.46254033848881,
    50.451195142687325,
    50.534306561702174,
    50.67561602627142,
    50.668064528949365,
    50.62654796656749,
    50.735127404972,
    50.672834550004936,
    50.695366112945344,
    50.67818176168549,
    50.548934254511785,
    50.70321106256384,
    50.48445925020659,
    50.52490290312858,
    50.60876385802773,
    50.489320735782506,
    50.62296114811542,
    50.723673026247226,
    50.74461066533054,
    50.715717273194315,
    50.927339319773296,
    51.00907099632398,
    50.94865596292019,
    51.07346511591955,
    51.12135702747013,
    51.05646225308767,
    51.16150286758278,
    51.255555343271936,
    51.06924280423378,
    50.917364136360185,
    50.90549256209239,
    50.92566078476957,
    50.72210951155143,
    50.9412425566047,
    50.88633561570151,
    50.8879888474115,
    50.75476277710409,
    50.59948885110544,
    50.566582504789075,
    50.486337567779394,
    50.4140056105591,
    50.635151015535996,
    50.558466904109906,
    50.66852230604269,
    50.64165502479958,
    50.737524245797886,
    50.678922551574956,
    50.655806668425605,
    50.573195192488164,
    50.443590916925835,
    50.45532384607668,
    50.50646874911562,
    50.39975794653295,
    50.46061566565883,
    50.513625376165265,
    50.44870498802247,
    50.25138768740386,
    50.0705395841488,
    50.082008057212406,
    50.2686783881703,
    50.38294051612744,
    50.131134682468996,
    50.09615144238156,
    49.96100056934714,
    50.02436668356132,
    50.087357442487686,
    50.128632029256956,
    50.057723880367334,
    50.24452904851473,
    50.2594350278464,
    50.32760302012247,
    50.25863500688071,
    50.08751233745862,
    50.206759605317544,
    50.15746687996799,
    50.15518377551832,
    50.17940325482908,
    50.13585662046706,
    50.025362570496966,
    50.0615424394101,
    50.04852524787692,
    50.30299598837314,
    50.354320533173656,
    50.449412908976655,
    50.439223185877346,
    50.34621836721257,
    50.452991471926985,
    50.49839918050212,
    50.483615513555804
  ],
  "actions": [],
  "observations": [
    1,
    1,
    1,
    1,
    1,
    1,
    1,
    1,
    1,
    1,
    1,
    1,
    1,
    1,
    1,
    1,
    1,
    1,
    1,
    1,
    1,
    1,
    1,
    1,
    1,
    1,
    1,
    1,
    1,
    1,
    1,
    1,
    1,
    1,
    1,
    1,
    1,
    1,
    1,
    1,
    1,
    1,
    1,
    1,
    1,
    1,
    1,
    1,
    1,
    1,
    1,
    1,
    1,
    1,
    1,
    1,
    1,
    1,
    1,
    1,
    1,
    1,
    1,
    1,
    1,
    1,
    1,
    1,
    1,
    1,
    1,
    1,
    1,
    1,
    1,
    1,
    1,
    1,
    1,
    1,
    1,
    1,
    1,
    1,
    1,
    1,
    1,
    1,
    1,
    1,
    1,
    1,
    1,
    1,
    1,
    1,
    1,
    1,
    1,
    1,
    1,
    1,
    1,
    1,
    1,
    1,
    1,
    1,
    1,
    1,
    1,
    1,
    1,
    1,
    1,
    1,
    1,
    1,
    1,
    1,
    1,
    1,
    1,
    1,
    1,
    1,
    1,
    1,
    1,
    1,
    1,
    1,
    1,
    1,
    1,
    1,
    1,
    1,
    1,
    1,
    1,
    1,
    1,
    1,
    1,
    1,
    1,
    1,
    1,
    1,
    1,
    1,
    1,
    1,
    1,
    1,
    1,
    1,
    1,
    1,
    1,
    1,
    1,
    1,
    1,
    1,
    1,
    1,
    1,
    1,
    1,
    1,
    1,
    1,
    1,
    1,
    1,
    1,
    1,
    1,
    1,
    1,
    1,
    1,
    1,
    1,
    1,
    1,
    1,
    1,
    1,
    1,
    1,
    1,
    1,
    1,
    1,
    1,
    1,
    1
  ],