{
  "timesteps": [
    0,
    1,
    2,
    3,
    4,
    5,
    6,
    7,
    8,
    9,
    10,
    11,
    12,
    13,
    14,
    15,
    16,
    17,
    18,
    19,
    20,
    21,
    22,
    23,
    24,
    25,
    26,
    27,
    28,
    29,
    30,
    31,
    32,
    33,
    34,
    35,
    36,
    37,
    38,
    39,
    40,
    41,
    42,
    43,
    44,
    45,
    46,
    47,
    48,
    49,
    50,
    51,
    52,
    53,
    54,
    55,
    56,
    57,
    58,
    59,
    60,
    61,
    62,
    63,
    64,
    65,
    66,
    67,
    68,
    69,
    70,
    71,
    72,
    73,
    74,
    75,
    76,
    77,
    78,
    79,
    80,
    81,
    82,
    83,
    84,
    85,
    86,
    87,
    88,
    89,
    90,
    91,
    92,
    93,
    94,
    95,
    96,
    97,
    98,
    99,
    100,
    101,
    102,
    103,
    104,
    105,
    106,
    107,
    108,
    109,
    110,
    111,
    112,
    113,
    114,
    115,
    116,
    117,
    118,
    119,
    120,
    121,
    122,
    123,
    124,
    125,
    126,
    127,
    128,
    129,
    130,
    131,
    132,
    133,
    134,
    135,
    136,
    137,
    138,
    139,
    140,
    141,
    142,
    143,
    144,
    145,
    146,
    147,
    148,
    149,
    150,
    151,
    152,
    153,
    154,
    155,
    156,
    157,
    158,
    159,
    160,
    161,
    162,
    163,
    164,
    165,
    166,
    167,
    168,
    169,
    170,
    171,
    172,
    173,
    174,
    175,
    176,
    177,
    178,
    179,
    180,
    181,
    182,
    183,
    184,
    185,
    186,
    187,
    188,
    189,
    190,
    191,
    192,
    193,
    194,
    195,
    196,
    197,
    198,
    199
  ],
  "states": [
    50.0,
    50.675968276674865,
    54.16646555594727,
    54.69068487192849,
    55.01914476760013,
    54.52985068319061,
    54.09124925341433,
    52.491347987900184,
    51.71001114056293,
    50.65517606013923,
    50.24424897780674,
    51.35346691556169,
    52.88293720123208,
    51.46048822588479,
    52.158385851192264,
    49.75683700718083,
    49.48140280830264,
    49.69081223084057,
    50.62081736187685,
    49.58458776610956,
    49.685183538010435,
    50.247150975143505,
    51.96513595962103,
    50.41574071594792,
    51.85681852921607,
    49.89575546496198,
    49.54376106917472,
    49.69622483723758,
    49.430270449469646,
    51.76335854335239,
    55.5336507782649,
    56.84829685544147,
    58.48177091183908,
    57.55253784390144,
    58.863823747353536,
    57.71591139457271,
    57.8489427901057,
    56.962506452611635,
    57.79548952791911,
    56.82475653208865,
    56.23675384630065,
    57.02057837036128,
    58.34813896315559,
    56.340756396574115,
    56.051698060969244,
    53.67472798212934,
    52.95115421183851,
    54.65630984361429,
    56.98686094429293,
    57.99294824961756,
    55.56855991059115,
    53.50589074123741,
    52.82630869730873,
    54.77111066918442,
    56.58340659131685,
    57.02358031369764,
    61.82371219220475,
    58.261244340529316,
    59.934068049854844,
    58.96539109257547,
    59.06260145974461,
    60.31192993228042,
    57.90321167754944,
    58.005741890880266,
    57.896960756021876,
    55.17179036054582,
    53.1067928681053,
    50.450752163663594,
    51.713709430941755,
    53.68643546189341,
    56.45768127998234,
    53.22787993323317,
    56.02162686688972,
    57.68577695778304,
    59.90875484995064,
    60.19784682674671,
    60.811668101960656,
    62.179087823643584,
    63.353481094735166,
    64.67727628270882,
    65.10904830670557,
    62.99519634735636,
    62.42813567117933,
    61.425330808489846,
    61.88095934141643,
    64.3857609804944,
    65.4759306586405,
    64.4844982603686,
    64.11052157622842,
    63.398365226011215,
    65.41200685118855,
    68.63041525515236,
    70.79228041429963,
    70.99827185860782,
    73.10083234857514,
    71.27643770115282,
    71.64617288824468,
    70.8516403889849,
    69.85509418405006,
    70.06345580460786,
    75.34609796683,
    75.85548251262918,
    79.05973722481444,
    78.6266049751535,
    78.19719014364836,
    79.42751038561978,
    82.30196645071295,
    82.07797934940992,
    80.53495602065185,
    81.49733422892417,
    83.14140914959516,
    85.10891951855886,
    87.48649981500675,
    87.80420343958819,
    87.3929827851166,
    87.86502025240888,
    88.17065296765516,
    84.80887678872176,
    86.50475274899085,
    82.80068161627258,
    83.10812021396934,
    85.74264764553337,
    84.35857263593387,
    83.95256061115549,
    80.71370688274556,
    84.36368934355929,
    83.85397721250965,
    83.57221651869392,
    85.25419446539557,
    85.8143098504718,
    86.28231193148696,
    86.40185141760311,
    84.49469204759299,
    85.62962099188398,
    83.14184709266004,
    83.4035611014759,
    86.72558317521298,
    89.17097572482075,
    89.94714825775509,
    88.82210009281961,
    89.91628649715003,
    90.95943824326785,
    89.5994766927188,
    91.80324859357151,
    96.13277861763835,
    96.26001696816485,
    94.42819482369117,
    95.72419191592503,
    94.80234680995362,
    99.0847862182019,
    99.14150227324741,
    98.04364316523719,
    96.42159082320866,
    95.1703198607941,
    94.96042721780451,
    94.38340619676696,
    93.68283906746709,
    91.8863537695607,
    96.10493518098231,
    94.3986667617276,
    98.40773911724608,
    96.88456726243905,
    96.20261709495996,
    99.76533087211767,
    100.0,
    100.0,
    100.0,
    100.0,
    100.0,
    96.46373945523868,
    98.28179929711997,
    94.88893218529857,
    97.99550453418347,
    98.53194383697401,
    95.32546380566411,
    100.0,
    97.95852765371289,
    99.81293752625061,
    100.0,
    100.0,
    99.25808468865905,
    100.0,
    100.0,
    97.42553631284348,
    96.5879727448779,
    96.94093018381658,
    92.95723536800416,
    94.06504338688032,
    93.19167086264322,
    94.43842141845892,
    94.13235562111142,
    93.88052942100526,
    93.86379941089871,
    95.77267955482613,
    94.27443526989975,
    92.25759182223749,
    93.9162714009789,
    94.4115408317588,
    92.97888508944128,
    89.89954503902645,
    89.84487815957868
  ],
  "actions": [],
  "observations": [
    1,
    1,
    1,
    1,
    2,
    1,
    1,
    1,
    1,
    1,
    1,
    1,
    1,
    1,
    1,
    1,
    1,
    1,
    1,
    1,
    1,
    1,
    1,
    1,
    1,
    1,
    1,
    1,
    1,
    1,
    2,
    2,
    2,
    2,
    2,
    2,
    2,
    2,
    2,
    2,
    2,
    2,
    2,
    2,
    2,
    1,
    1,
    1,
    2,
    2,
    2,
    1,
    1,
    1,
    2,
    2,
    2,
    2,
    2,
    2,
    2,
    2,
    2,
    2,
    2,
    2,
    1,
    1,
    1,
    1,
    2,
    1,
    2,
    2,
    2,
    2,
    2,
    2,
    2,
    2,
    2,
    2,
    2,
    2,
    2,
    2,
    2,
    2,
    2,
    2,
    2,
    2,
    2,
    2,
    2,
    2,
    2,
    2,
    2,
    2,
    2,
    2,
    2,
    2,
    2,
    2,
    2,
    2,
    2,
    2,
    2,
    2,
    2,
    2,
    2,
    2,
    2,
    2,
    2,
    2,
    2,
    2,
    2,
    2,
    2,
    2,
    2,
    2,
    2,
    2,
    2,
    2,
    2,
    2,
    2,
    2,
    2,
    2,
    2,
    2,
    2,
    2,
    2,
    2,
    2,
    2,
    2,
    2,
    2,
    2,
    2,
    2,
    2,
    2,
    2,
    2,
    2,
    2,
    2,
    2,
    2,
    2,
    2,
    2,
    2,
    2,
    2,
    2,
    2,
    2,
    2,
    2,
    2,
    2,
    2,
    2,
    2,
    2,
    2,
    2,
    2,
    2,
    2,
    2,
    2,
    2,
    2,
    2,
    2,
    2,
    2,
    2,
    2,
    2,
    2,
    2,
    2,
    2,
    2,
    2
  ],