{
  "timesteps": [
    0,
    1,
    2,
    3,
    4,
    5,
    6,
    7,
    8,
    9,
    10,
    11,
    12,
    13,
    14,
    15,
    16,
    17,
    18,
    19,
    20,
    21,
    22,
    23,
    24,
    25,
    26,
    27,
    28,
    29,
    30,
    31,
    32,
    33,
    34,
    35,
    36,
    37,
    38,
    39,
    40,
    41,
    42,
    43,
    44,
    45,
    46,
    47,
    48,
    49,
    50,
    51,
    52,
    53,
    54,
    55,
    56,
    57,
    58,
    59,
    60,
    61,
    62,
    63,
    64,
    65,
    66,
    67,
    68,
    69,
    70,
    71,
    72,
    73,
    74,
    75,
    76,
    77,
    78,
    79,
    80,
    81,
    82,
    83,
    84,
    85,
    86,
    87,
    88,
    89,
    90,
    91,
    92,
    93,
    94,
    95,
    96,
    97,
    98,
    99,
    100,
    101,
    102,
    103,
    104,
    105,
    106,
    107,
    108,
    109,
    110,
    111,
    112,
    113,
    114,
    115,
    116,
    117,
    118,
    119,
    120,
    121,
    122,
    123,
    124,
    125,
    126,
    127,
    128,
    129,
    130,
    131,
    132,
    133,
    134,
    135,
    136,
    137,
    138,
    139,
    140,
    141,
    142,
    143,
    144,
    145,
    146,
    147,
    148,
    149,
    150,
    151,
    152,
    153,
    154,
    155,
    156,
    157,
    158,
    159,
    160,
    161,
    162,
    163,
    164,
    165,
    166,
    167,
    168,
    169,
    170,
    171,
    172,
    173,
    174,
    175,
    176,
    177,
    178,
    179,
    180,
    181,
    182,
    183,
    184,
    185,
    186,
    187,
    188,
    189,
    190,
    191,
    192,
    193,
    194,
    195,
    196,
    197,
    198,
    199
  ],
  "states": [
    50.0,
    47.22146008995873,
    47.363013292205494,
    46.56874775727226,
    45.307860223688586,
    45.999026002497004,
    44.91644682060667,
    44.325479389449455,
    42.36185673939697,
    41.120544806076104,
    38.81315203259878,
    37.954301086564435,
    40.859903407806065,
    40.891923245234125,
    39.25866034356246,
    38.8861940952078,
    38.752551866329846,
    39.008587923245464,
    39.95960850474378,
    44.5954955915511,
    42.98906820227226,
    42.340579061274035,
    45.15077814175895,
    46.368283312000315,
    47.38004211343323,
    47.80372022163039,
    45.53751625332048,
    46.811649026519525,
    47.22687277841328,
    48.109377473507024,
    48.48944724556501,
    47.536543151211944,
    45.16323297999815,
    43.71323090116238,
    45.571656376771486,
    45.835097578550574,
    45.55250740315903,
    44.38209902246759,
    43.60079783610484,
    43.679498114559244,
    45.890419966291745,
    44.671136863219985,
    45.63845685325436,
    49.860515760950435,
    48.02560936999315,
    48.609208245865425,
    50.47305432119495,
    51.66757851825581,
    52.68515535733015,
    53.08892550090143,
    52.092100985408585,
    49.403688951978204,
    52.095129614636036,
    53.83191992106497,
    51.90427382399288,
    52.43616941868007,
    52.90255520861064,
    51.91081384691788,
    53.26105289033275,
    52.067136753406615,
    50.68766359755885,
    49.72276341271312,
    51.10682780480918,
    49.796766867925534,
    51.40871764139477,
    49.29099246901673,
    52.396363762011966,
    52.994960411846826,
    52.709219216824444,
    53.16325168778717,
    53.06210015724072,
    52.733979442670304,
    53.126063354952535,
    55.376685608755594,
    56.60149220790783,
    58.99735803122932,
    58.100271111815715,
    58.527238025550716,
    61.13210354328612,
    61.97579762280355,
    61.21124918531354,
    61.7208122033464,
    61.752567102440295,
    60.96222243018164,
    59.42221514772397,
    60.011796758711014,
    59.954322716531095,
    61.67530295696481,
    62.30023504581712,
    64.45253178419219,
    65.72083124259782,
    66.7802450118221,
    66.98076994939457,
    66.60701107292674,
    66.51903767806077,
    66.23354424837304,
    66.22547981129193,
    67.24739376059287,
    67.53596905181327,
    65.52727056607554,
    64.294932506846,
    64.44338442409409,
    61.31116176879006,
    61.22626015937907,
    61.24216508710147,
    62.426499476881894,
    61.758183950865856,
    61.16026834998558,
    61.41516751990756,
    60.26028085011022,
    59.53109409289549,
    60.511470784725766,
    61.422775905511806,
    62.54227370980396,
    60.57837219498601,
    61.29637757185779,
    62.85622998879668,
    62.21910372878745,
    63.350332820685196,
    61.142441648708264,
    63.18214606367497,
    59.9401330567531,
    61.761219066302125,
    62.45999177593016,
    61.86723274529441,
    60.069918581312535,
    59.61772617601865,
    58.209395413091066,
    59.620773590416334,
    58.23530425557166,
    59.62231861577547,
    59.54136814942127,
    58.43641076435416,
    59.036364544394814,
    56.74497643839438,
    56.883062561998685,
    56.509799928285666,
    56.47848944126065,
    58.12046265412347,
    59.949704050183584,
    60.51879337029717,
    63.21144206902342,
    61.6036891710099,
    59.30582478375507,
    59.45052211711767,
    57.71310052566369,
    58.97310079005328,
    58.31265226961565,
    56.93165724799846,
    59.66878745368685,
    61.36568253231986,
    61.78252882872115,
    61.30204625612977,
    59.70071221800925,
    60.86933304232069,
    61.912699385588304,
    59.50198996631012,
    57.832626732785585,
    55.85869016606071,
    56.33172476647227,
    56.12029276754689,
    56.190249270494085,
    56.03726931924614,
    56.6938956479361,
    54.647599379687406,
    54.83558879372913,
    54.9858719803714,
    54.47494727062684,
    54.880492925052145,
    55.07340043376822,
    55.850738542998904,
    57.04918310731618,
    56.62742609127948,
    57.922749368318556,
    57.215029490144616,
    58.531895980927786,
    58.597758841462294,
    58.76521078873391,
    59.54515421933321,
    60.08924798130481,
    60.81220367608774,
    61.47921335915403,
    62.32397006950727,
    64.70453947166652,
    63.58241268909565,
    63.35445896927692,
    62.50662156481759,
    61.04872640013256,
    61.13081277851739,
    62.09270929380373,
    61.41495912539908,
    60.48240855213905,
    62.89364896622244,
    62.9103766133709,
    63.19945411446002,
    60.753314724027206,
    60.00309214960804,
    62.9663189932545,
    62.40835694037176,
    65.35392026812004,
    67.40625624469041
  ],
  "actions": [],
  "observations": [
    1,
    1,
    1,
    1,
    1,
    1,
    0,
    0,
    0,
    0,
    0,
    0,
    0,
    0,
    0,
    0,
    0,
    0,
    0,
    0,
    0,
    0,
    1,
    1,
    1,
    1,
    1,
    1,
    1,
    1,
    1,
    1,
    1,
    0,
    1,
    1,
    1,
    0,
    0,
    0,
    1,
    0,
    1,
    1,
    1,
    1,
    1,
    1,
    1,
    1,
    1,
    1,
    1,
    1,
    1,
    1,
    1,
    1,
    1,
    1,
    1,
    1,
    1,
    1,
    1,
    1,
    1,
    1,
    1,
    1,
    1,
    1,
    1,
    2,
    2,
    2,
    2,
    2,
    2,
    2,
    2,
    2,
    2,
    2,
    2,
    2,
    2,
    2,
    2,
    2,
    2,
    2,
    2,
    2,
    2,
    2,
    2,
    2,
    2,
    2,
    2,
    2,
    2,
    2,
    2,
    2,
    2,
    2,
    2,
    2,
    2,
    2,
    2,
    2,
    2,
    2,
    2,
    2,
    2,
    2,
    2,
    2,
    2,
    2,
    2,
    2,
    2,
    2,
    2,
    2,
    2,
    2,
    2,
    2,
    2,
    2,
    2,
    2,
    2,
    2,
    2,
    2,
    2,
    2,
    2,
    2,
    2,
    2,
    2,
    2,
    2,
    2,
    2,
    2,
    2,
    2,
    2,
    2,
    2,
    2,
    2,
    2,
    2,
    2,
    1,
    1,
    1,
    1,
    1,
    2,
    2,
    2,
    2,
    2,
    2,
    2,
    2,
    2,
    2,
    2,
    2,
    2,
    2,
    2,
    2,
    2,
    2,
    2,
    2,
    2,
    2,
    2,
    2,
    2,
    2,
    2,
    2,
    2,
    2,
    2
  ],