{
  "timesteps": [
    0,
    1,
    2,
    3,
    4,
    5,
    6,
    7,
    8,
    9,
    10,
    11,
    12,
    13,
    14,
    15,
    16,
    17,
    18,
    19,
    20,
    21,
    22,
    23,
    24,
    25,
    26,
    27,
    28,
    29,
    30,
    31,
    32,
    33,
    34,
    35,
    36,
    37,
    38,
    39,
    40,
    41,
    42,
    43,
    44,
    45,
    46,
    47,
    48,
    49,
    50,
    51,
    52,
    53,
    54,
    55,
    56,
    57,
    58,
    59,
    60,
    61,
    62,
    63,
    64,
    65,
    66,
    67,
    68,
    69,
    70,
    71,
    72,
    73,
    74,
    75,
    76,
    77,
    78,
    79,
    80,
    81,
    82,
    83,
    84,
    85,
    86,
    87,
    88,
    89,
    90,
    91,
    92,
    93,
    94,
    95,
    96,
    97,
    98,
    99,
    100,
    101,
    102,
    103,
    104,
    105,
    106,
    107,
    108,
    109,
    110,
    111,
    112,
    113,
    114,
    115,
    116,
    117,
    118,
    119,
    120,
    121,
    122,
    123,
    124,
    125,
    126,
    127,
    128,
    129,
    130,
    131,
    132,
    133,
    134,
    135,
    136,
    137,
    138,
    139,
    140,
    141,
    142,
    143,
    144,
    145,
    146,
    147,
    148,
    149,
    150,
    151,
    152,
    153,
    154,
    155,
    156,
    157,
    158,
    159,
    160,
    161,
    162,
    163,
    164,
    165,
    166,
    167,
    168,
    169,
    170,
    171,
    172,
    173,
    174,
    175,
    176,
    177,
    178,
    179,
    180,
    181,
    182,
    183,
    184,
    185,
    186,
    187,
    188,
    189,
    190,
    191,
    192,
    193,
    194,
    195,
    196,
    197,
    198,
    199
  ],
  "states": [
    50.0,
    50.187076270415126,
    49.81514124461591,
    49.88014899097034,
    50.40654831575497,
    50.854195374608544,
    50.77636756312989,
    50.51990804844903,
    50.457039363599876,
    50.70136576513296,
    50.65474557510854,
    50.70953570523561,
    50.834872215718214,
    51.01212543295656,
    50.54221377138109,
    50.970003173982086,
    50.687748345004344,
    51.124834828071975,
    51.042395792898375,
    50.94572143961378,
    51.116051836842125,
    51.236967213563794,
    51.25086900156907,
    51.67201201082787,
    51.150689521764676,
    51.2155799166634,
    50.98390045947006,
    50.96325295815713,
    51.34905947660753,
    51.168429325726144,
    51.14367878241946,
    50.97939478329526,
    50.992420998383196,
    51.24030649007029,
    50.76187651343699,
    50.995251502034336,
    51.145464401174486,
    51.74549751648947,
    51.45246921906088,
    51.88085276950556,
    51.91695848787417,
    52.03989718210161,
    51.95373363344281,
    52.07151270865797,
    52.14574239290493,
    52.32423084707249,
    52.35192723032375,
    52.36766634244999,
    52.22575962808952,
    52.43415922688161,
    52.56140635264311,
    52.446283370678195,
    52.759571949527576,
    52.679966079615156,
    52.208501801755446,
    51.93490351804514,
    51.72157008663333,
    52.13946811658914,
    52.11427363587326,
    51.89895844724565,
    52.22778057419634,
    51.42890631065672,
    51.71258904148892,
    51.36589015322505,
    50.44435673192616,
    50.72508848158088,
    50.21918360709605,
    50.90204016545456,
    50.826544424859605,
    50.98012922779137,
    50.63550405746515,
    50.38148424029548,
    50.54032366320599,
    50.67084419493901,
    50.594070253283384,
    51.36565296318203,
    51.78522111471562,
    51.920239937072914,
    51.91460897066061,
    52.20268969980788,
    52.53459910086427,
    52.32523464652955,
    52.40500559769347,
    52.3494458418041,
    52.54215441650765,
    52.52957258945943,
    52.74248784730505,
    52.939511010653504,
    52.983050843785655,
    52.967771986213656,
    53.337041320749975,
    53.214496307420156,
    53.379830137888824,
    53.3076723278011,
    53.67770394257232,
    53.485273659374236,
    53.386970141080006,
    53.09969393124496,
    53.179564222822954,
    53.636716378758365,
    53.081508647747064,
    52.71174380686137,
    52.87093589760924,
    52.905341907225,
    52.85436910217145,
    52.824083437423226,
    52.601951884409466,
    52.720145636560794,
    52.96473865134411,
    53.07992165509064,
    53.49183801479353,
    53.88871061190031,
    53.69619245178743,
    53.80301156276981,
    53.868173818902605,
    53.461049051744894,
    52.83592222471758,
    52.90311227128758,
    53.06229446889503,
    52.767454118633204,
    53.13378311815354,
    53.33395954263656,
    53.457796987352495,
    53.15353047147505,
    53.35476071551966,
    53.39960327354768,
    53.484031144221674,
    53.238375115354984,
    53.807098606097476,
    53.43111992115439,
    53.41432216844944,
    53.37861044959172,
    53.51535605547517,
    53.57855032767234,
    53.471010079769464,
    53.22422737632247,
    53.63209621150737,
    53.84511365433089,
    53.88681456340513,
    53.88013652669891,
    54.01637998712377,
    53.44993304032583,
    53.871003299103336,
    53.1764008746251,
    53.16580440518087,
    53.466547597594335,
    53.000193568297746,
    52.356305934009654,
    52.08872252422372,
    52.49132718487292,
    52.00017169031343,
    52.39136440786983,
    52.26555907757314,
    51.63480306367452,
    51.80384454003405,
    51.057332958015934,
    51.199229665343985,
    51.071007114701665,
    51.23882828268349,
    50.52627043818246,
    50.29173670743453,
    49.98915686951778,
    50.578759951390545,
    50.80246301134233,
    50.989287729642434,
    51.32348209421728,
    51.05464975462703,
    51.20215991604835,
    51.40862533549817,
    51.61153128505179,
    51.72679293199824,
    51.995239841762405,
    51.675390734307776,
    51.99980636985099,
    51.72529168241993,
    51.0904518535534,
    51.478077136391754,
    51.49597795243255,
    51.53749685724387,
    51.46572656429512,
    51.07722155503325,
    50.41639822049298,
    50.87020539902189,
    50.696165757397196,
    50.648179431181944,
    51.261761160100285,
    50.878608146140415,
    51.423304532162625,
    51.247753650812975,
    51.12876800021545,
    51.018122872891944,
    51.49090141235553,
    51.862136249826335,
    51.92766292155871,
    52.209008111495955,
    52.201643051111425,
    51.95310553972693,
    51.889176032392385,
    52.60565640292139,
    52.7636437337174,
    52.742854734556445
  ],
  "actions": [],
  "observations": [
    1,
    1,
    1,
    1,
    1,
    1,
    1,
    1,
    1,
    1,
    1,
    1,
    1,
    1,
    1,
    1,
    1,
    1,
    1,
    1,
    1,
    1,
    1,
    1,
    1,
    1,
    1,
    1,
    1,
    1,
    1,
    1,
    1,
    1,
    1,
    1,
    1,
    1,
    1,
    1,
    1,
    1,
    1,
    1,
    1,
    1,
    1,
    1,
    1,
    1,
    1,
    1,
    1,
    1,
    1,
    1,
    1,
    1,
    1,
    1,
    1,
    1,
    1,
    1,
    1,
    1,
    1,
    1,
    1,
    1,
    1,
    1,
    1,
    1,
    1,
    1,
    1,
    1,
    1,
    1,
    1,
    1,
    1,
    1,
    1,
    1,
    1,
    1,
    1,
    1,
    1,
    1,
    1,
    1,
    1,
    1,
    1,
    1,
    1,
    1,
    1,
    1,
    1,
    1,
    1,
    1,
    1,
    1,
    1,
    1,
    1,
    1,
    1,
    1,
    1,
    1,
    1,
    1,
    1,
    1,
    1,
    1,
    1,
    1,
    1,
    1,
    1,
    1,
    1,
    1,
    1,
    1,
    1,
    1,
    1,
    1,
    1,
    1,
    1,
    1,
    1,
    1,
    1,
    1,
    1,
    1,
    1,
    1,
    1,
    1,
    1,
    1,
    1,
    1,
    1,
    1,
    1,
    1,
    1,
    1,
    1,
    1,
    1,
    1,
    1,
    1,
    1,
    1,
    1,
    1,
    1,
    1,
    1,
    1,
    1,
    1,
    1,
    1,
    1,
    1,
    1,
    1,
    1,
    1,
    1,
    1,
    1,
    1,
    1,
    1,
    1,
    1,
    1,
    1,
    1,
    1,
    1,
    1,
    1,
    1
  ],