{
  "timesteps": [
    0,
    1,
    2,
    3,
    4,
    5,
    6,
    7,
    8,
    9,
    10,
    11,
    12,
    13,
    14,
    15,
    16,
    17,
    18,
    19,
    20,
    21,
    22,
    23,
    24,
    25,
    26,
    27,
    28,
    29,
    30,
    31,
    32,
    33,
    34,
    35,
    36,
    37,
    38,
    39,
    40,
    41,
    42,
    43,
    44,
    45,
    46,
    47,
    48,
    49,
    50,
    51,
    52,
    53,
    54,
    55,
    56,
    57,
    58,
    59,
    60,
    61,
    62,
    63,
    64,
    65,
    66,
    67,
    68,
    69,
    70,
    71,
    72,
    73,
    74,
    75,
    76,
    77,
    78,
    79,
    80,
    81,
    82,
    83,
    84,
    85,
    86,
    87,
    88,
    89,
    90,
    91,
    92,
    93,
    94,
    95,
    96,
    97,
    98,
    99,
    100,
    101,
    102,
    103,
    104,
    105,
    106,
    107,
    108,
    109,
    110,
    111,
    112,
    113,
    114,
    115,
    116,
    117,
    118,
    119,
    120,
    121,
    122,
    123,
    124,
    125,
    126,
    127,
    128,
    129,
    130,
    131,
    132,
    133,
    134,
    135,
    136,
    137,
    138,
    139,
    140,
    141,
    142,
    143,
    144,
    145,
    146,
    147,
    148,
    149,
    150,
    151,
    152,
    153,
    154,
    155,
    156,
    157,
    158,
    159,
    160,
    161,
    162,
    163,
    164,
    165,
    166,
    167,
    168,
    169,
    170,
    171,
    172,
    173,
    174,
    175,
    176,
    177,
    178,
    179,
    180,
    181,
    182,
    183,
    184,
    185,
    186,
    187,
    188,
    189,
    190,
    191,
    192,
    193,
    194,
    195,
    196,
    197,
    198,
    199
  ],
  "states": [
    50.0,
    49.502147047880605,
    49.34994599232881,
    49.785187972678166,
    49.182702458645615,
    48.769801796232194,
    49.15326099191328,
    49.08739580421252,
    48.78070913911932,
    49.0408372895703,
    49.61357907738938,
    50.700322475007155,
    50.61130261801639,
    48.71644051492584,
    48.525420141989066,
    47.64465337248021,
    47.04621424248826,
    46.34634231941804,
    46.355718902736754,
    45.51797264648634,
    44.47995378491896,
    44.0958251576929,
    45.448343067341064,
    44.71531622526607,
    46.080126487272274,
    47.80167565309659,
    47.82944229753187,
    47.20762906602519,
    46.766404252065804,
    45.86799106277016,
    45.239770628027834,
    45.74705585489486,
    44.31172858018844,
    44.85142881631099,
    44.541157577234216,
    45.36061597890273,
    46.4008957977908,
    47.37534304776139,
    48.50591897242377,
    49.03448361231857,
    49.82004831741993,
    50.2792506987104,
    50.08810108385104,
    50.28283928986919,
    49.951267341775875,
    50.86541240291313,
    51.06355032555984,
    51.416248753919874,
    51.99455292743491,
    51.26617558338814,
    50.105028150861266,
    50.48278084940292,
    48.80950467685916,
    49.47895834353169,
    48.8368476897847,
    49.763657060871395,
    50.19443385219481,
    49.75429418742945,
    49.80005542111768,
    49.877537385031395,
    49.86976746035802,
    50.099287238330255,
    50.26376320269894,
    50.210889989501105,
    50.619540527736184,
    50.70249985293402,
    50.639407696513565,
    49.27057514321664,
    49.45593149121545,
    48.2236212105052,
    48.74948744613556,
    50.48415860965597,
    49.16077711312627,
    50.85756028230012,
    49.90786788535542,
    49.5450820168085,
    49.77183522580374,
    50.678379263091244,
    49.997516511736315,
    50.321954134492955,
    48.781934158862875,
    47.87167071680909,
    48.39765347936104,
    47.45809126014411,
    48.39440015818483,
    49.35454969876297,
    49.46682170217452,
    47.91331998845688,
    48.18762815202344,
    48.58937047142699,
    48.771079315980735,
    50.36167382857155,
    50.97611030770802,
    49.89646250841954,
    49.70355031194172,
    49.7896364816368,
    49.81843868907491,
    49.360975633272965,
    48.761656676860845,
    47.74853533294065,
    46.23206795846381,
    46.263702337888496,
    44.65810116612732,
    45.791103887943066,
    45.70524052015922,
    44.398797957640944,
    43.314586781048064,
    43.11698940652552,
    41.957867906487515,
    42.66601720264941,
    42.070101354090866,
    42.75045825499843,
    42.03823826028711,
    41.03007247145312,
    41.21197696958468,
    42.23337389635209,
    41.974149680202046,
    43.1951336102145,
    43.712745691492515,
    43.86031472244787,
    43.85783944997331,
    43.96043551101987,
    44.1520821281524,
    42.9603869808556,
    42.85919662338205,
    43.11071741797977,
    43.828125464222765,
    44.85160642038805,
    44.94512705655717,
    43.96777264293141,
    44.763861996742655,
    45.95839484230592,
    44.20296469026466,
    44.85311211381291,
    44.04514545785974,
    44.746203664881676,
    43.34621030579908,
    42.53039490919959,
    43.122380086665956,
    43.34142867094881,
    43.92988455952034,
    45.3141837042081,
    45.28623680983946,
    45.02074874466064,
    45.55471296877705,
    45.86264700482331,
    45.19256826389607,
    44.76754260311452,
    43.685347334970096,
    42.62932654483361,
    43.66008689134425,
    44.504907672426455,
    44.86751680719583,
    45.19641833671298,
    45.11635530090703,
    44.90109791690125,
    44.31893949084796,
    43.94865496924788,
    44.19037363462708,
    43.35753678859149,
    43.284555947451345,
    42.96263544981387,
    43.357731200965574,
    42.826753652513716,
    43.06484421480318,
    43.08472014958959,
    43.038916355606176,
    42.01925084629672,
    42.80454312758847,
    43.038833366269785,
    43.068883445284044,
    43.62944211429162,
    43.35813762749279,
    43.42153908930158,
    42.348271965234765,
    44.06441011431036,
    44.70636571179303,
    43.6411457948579,
    42.586290767043764,
    42.74755491897811,
    42.266897781623804,
    43.53148672288696,
    43.99077469781543,
    42.768635946247706,
    43.208122652091326,
    44.053739738791826,
    44.8140911240348,
    45.47604722075354,
    44.65592369350691,
    44.494064443035896,
    44.042731823388465,
    43.75437245571072,
    43.90453296150931,
    43.81375331399262,
    44.80818289348545,
    44.11720141485045,
    45.40558379622873,
    45.48669639940932,
    44.992795935300094,
    45.15715272468117,
    46.041872264932934
  ],
  "actions": [],
  "observations": [
    1,
    1,
    1,
    1,
    1,
    1,
    1,
    1,
    1,
    1,
    1,
    1,
    1,
    1,
    1,
    1,
    1,
    1,
    1,
    1,
    0,
    0,
    1,
    0,
    1,
    1,
    1,
    1,
    1,
    1,
    1,
    1,
    0,
    0,
    0,
    1,
    1,
    1,
    1,
    1,
    1,
    1,
    1,
    1,
    1,
    1,
    1,
    1,
    1,
    1,
    1,
    1,
    1,
    1,
    1,
    1,
    1,
    1,
    1,
    1,
    1,
    1,
    1,
    1,
    1,
    1,
    1,
    1,
    1,
    1,
    1,
    1,
    1,
    1,
    1,
    1,
    1,
    1,
    1,
    1,
    1,
    1,
    1,
    1,
    1,
    1,
    1,
    1,
    1,
    1,
    1,
    1,
    1,
    1,
    1,
    1,
    1,
    1,
    1,
    1,
    1,
    1,
    0,
    1,
    1,
    0,
    0,
    0,
    0,
    0,
    0,
    0,
    0,
    0,
    0,
    0,
    0,
    0,
    0,
    0,
    0,
    0,
    0,
    0,
    0,
    0,
    0,
    0,
    0,
    0,
    0,
    1,
    0,
    0,
    0,
    0,
    0,
    0,
    0,
    0,
    0,
    1,
    1,
    1,
    1,
    1,
    1,
    0,
    0,
    0,
    0,
    0,
    0,
    1,
    1,
    0,
    0,
    0,
    0,
    0,
    0,
    0,
    0,
    0,
    0,
    0,
    0,
    0,
    0,
    0,
    0,
    0,
    0,
    0,
    0,
    0,
    0,
    0,
    0,
    0,
    0,
    0,
    0,
    0,
    0,
    0,
    0,
    1,
    0,
    0,
    0,
    0,
    0,
    0,
    0,
    0,
    1,
    1,
    0,
    1
  ],