{
  "timesteps": [
    0,
    1,
    2,
    3,
    4,
    5,
    6,
    7,
    8,
    9,
    10,
    11,
    12,
    13,
    14,
    15,
    16,
    17,
    18,
    19,
    20,
    21,
    22,
    23,
    24,
    25,
    26,
    27,
    28,
    29,
    30,
    31,
    32,
    33,
    34,
    35,
    36,
    37,
    38,
    39,
    40,
    41,
    42,
    43,
    44,
    45,
    46,
    47,
    48,
    49,
    50,
    51,
    52,
    53,
    54,
    55,
    56,
    57,
    58,
    59,
    60,
    61,
    62,
    63,
    64,
    65,
    66,
    67,
    68,
    69,
    70,
    71,
    72,
    73,
    74,
    75,
    76,
    77,
    78,
    79,
    80,
    81,
    82,
    83,
    84,
    85,
    86,
    87,
    88,
    89,
    90,
    91,
    92,
    93,
    94,
    95,
    96,
    97,
    98,
    99,
    100,
    101,
    102,
    103,
    104,
    105,
    106,
    107,
    108,
    109,
    110,
    111,
    112,
    113,
    114,
    115,
    116,
    117,
    118,
    119,
    120,
    121,
    122,
    123,
    124,
    125,
    126,
    127,
    128,
    129,
    130,
    131,
    132,
    133,
    134,
    135,
    136,
    137,
    138,
    139,
    140,
    141,
    142,
    143,
    144,
    145,
    146,
    147,
    148,
    149,
    150,
    151,
    152,
    153,
    154,
    155,
    156,
    157,
    158,
    159,
    160,
    161,
    162,
    163,
    164,
    165,
    166,
    167,
    168,
    169,
    170,
    171,
    172,
    173,
    174,
    175,
    176,
    177,
    178,
    179,
    180,
    181,
    182,
    183,
    184,
    185,
    186,
    187,
    188,
    189,
    190,
    191,
    192,
    193,
    194,
    195,
    196,
    197,
    198,
    199
  ],
  "states": [
    50.0,
    49.99285967403272,
    49.98531920003386,
    49.92334517932183,
    50.094402963347385,
    50.14679106795869,
    50.20575067435631,
    50.04407569563023,
    50.0411778768545,
    50.06828123078531,
    49.999019950617395,
    50.00218496935159,
    49.902310826899004,
    49.845095709569705,
    50.01741521350311,
    50.06868163510239,
    50.14754098448875,
    50.214655509085034,
    50.29598038647786,
    50.36399365308982,
    50.52918520039981,
    50.476235301878276,
    50.43063517325894,
    50.434928159701116,
    50.36115258580235,
    50.24420506682778,
    50.23894140176149,
    50.27849713126683,
    50.27543815942975,
    50.492615632485965,
    50.42610197292574,
    50.37578644730289,
    50.383147498746744,
    50.34615050009073,
    50.415904874788716,
    50.39800759334684,
    50.56860236635391,
    50.47306910929385,
    50.365869056927686,
    50.47977861320121,
    50.487996842865364,
    50.419341817681214,
    50.52240105091621,
    50.618319911009436,
    50.5617811711433,
    50.60433436052557,
    50.751605797346926,
    50.87629169811512,
    51.066077061478005,
    51.07914055332657,
    51.183108454720745,
    51.02626396324564,
    50.983956922401504,
    51.01215650116935,
    51.17911410087994,
    51.01398263302173,
    51.32207333645314,
    51.26972410962976,
    51.12004334538078,
    51.17347039641323,
    51.30311562334436,
    51.44067341690636,
    51.601135157963746,
    51.671582285401904,
    51.85233370932124,
    51.74575605775825,
    51.76362953856526,
    51.63849027942442,
    51.51647017107109,
    51.451311576520006,
    51.41558899822661,
    51.440018823368035,
    51.46203214893558,
    51.515546705664185,
    51.46429005367204,
    51.50525522515097,
    51.43130770961214,
    51.38053791522392,
    51.380681510020224,
    51.3750555688329,
    51.39341997927482,
    51.47220499061511,
    51.40054445254463,
    51.641901098273806,
    51.61849609086771,
    51.69332756944442,
    51.79513321957634,
    51.92872337498663,
    51.72011995668596,
    51.681242362492654,
    51.61769300882913,
    51.6725950213761,
    51.728855777002465,
    51.66719785489205,
    51.66716226060585,
    51.52874235786414,
    51.527807192509655,
    51.336411737052806,
    51.379590057536696,
    51.388764689282716,
    51.474188312933585,
    51.58574063954203,
    51.734821988636035,
    51.78300503225318,
    51.76426508356067,
    51.88943738682047,
    52.032998464029596,
    52.138254704962485,
    52.19953825527817,
    52.075432445112185,
    51.9879193121278,
    51.92493110156263,
    51.98308643125596,
    52.0675344745324,
    52.19228038289139,
    52.16042028562293,
    52.11648200329539,
    52.07548096181888,
    52.06861554157098,
    52.199943159340165,
    52.095199646907275,
    52.154324355010154,
    52.17483102045151,
    52.29466923412654,
    52.51330175480089,
    52.66407487912179,
    52.66587836414178,
    52.778094980307074,
    52.724263619103034,
    52.81771853948485,
    52.85341595910307,
    52.85864674964887,
    52.702442508334606,
    52.5924261598122,
    52.51098565348697,
    52.406674611683634,
    52.35415211213859,
    52.315969568514326,
    52.26166679870187,
    52.235163799314144,
    52.28294017095413,
    52.19597140299196,
    52.21340396843071,
    52.2314298318938,
    52.32828897859883,
    52.36718408929082,
    52.34498289175035,
    52.40663950097301,
    52.37530100781743,
    52.44435116083754,
    52.36625726077384,
    52.352573315841006,
    52.29893635660385,
    52.31077865944838,
    52.414151139829514,
    52.404737397265365,
    52.30619242851958,
    52.25544572194579,
    52.269783270257555,
    52.28151146490196,
    52.283367269744915,
    52.364012091247034,
    52.41770437417265,
    52.32854626440983,
    52.360960818598265,
    52.41040295153808,
    52.55583381632717,
    52.751039691270854,
    52.79650747074083,
    52.84676276818725,
    52.872648801775746,
    52.795996764502235,
    52.67805309068359,
    52.55492096511175,
    52.6410150580456,
    52.729590276456484,
    52.663885282676816,
    52.62633622564838,
    52.50805347053628,
    52.380153267678025,
    52.32916691251384,
    52.31057092152742,
    52.30143130341943,
    52.19439771389055,
    52.16312716398967,
    52.312262166809056,
    52.28231534742814,
    52.23484374140625,
    52.171948380172395,
    52.17284157880581,
    52.02865990909837,
    52.00110639297304,
    51.998514942074124,
    51.98827948518557,
    51.98419639501092,
    51.96556494929858,
    51.91413868839417,
    51.93367065644806,
    52.024367483963864,
    52.09836834073916,
    52.028502944556415
  ],
  "actions": [],
  "observations": [
    1,
    1,
    1,
    1,
    1,
    1,
    1,
    1,
    1,
    1,
    1,
    1,
    1,
    1,
    1,
    1,
    1,
    1,
    1,
    1,
    1,
    1,
    1,
    1,
    1,
    1,
    1,
    1,
    1,
    1,
    1,
    1,
    1,
    1,
    1,
    1,
    1,
    1,
    1,
    1,
    1,
    1,
    1,
    1,
    1,
    1,
    1,
    1,
    1,
    1,
    1,
    1,
    1,
    1,
    1,
    1,
    1,
    1,
    1,
    1,
    1,
    1,
    1,
    1,
    1,
    1,
    1,
    1,
    1,
    1,
    1,
    1,
    1,
    1,
    1,
    1,
    1,
    1,
    1,
    1,
    1,
    1,
    1,
    1,
    1,
    1,
    1,
    1,
    1,
    1,
    1,
    1,
    1,
    1,
    1,
    1,
    1,
    1,
    1,
    1,
    1,
    1,
    1,
    1,
    1,
    1,
    1,
    1,
    1,
    1,
    1,
    1,
    1,
    1,
    1,
    1,
    1,
    1,
    1,
    1,
    1,
    1,
    1,
    1,
    1,
    1,
    1,
    1,
    1,
    1,
    1,
    1,
    1,
    1,
    1,
    1,
    1,
    1,
    1,
    1,
    1,
    1,
    1,
    1,
    1,
    1,
    1,
    1,
    1,
    1,
    1,
    1,
    1,
    1,
    1,
    1,
    1,
    1,
    1,
    1,
    1,
    1,
    1,
    1,
    1,
    1,
    1,
    1,
    1,
    1,
    1,
    1,
    1,
    1,
    1,
    1,
    1,
    1,
    1,
    1,
    1,
    1,
    1,
    1,
    1,
    1,
    1,
    1,
    1,
    1,
    1,
    1,
    1,
    1,
    1,
    1,
    1,
    1,
    1,
    1
  ],