{
  "timesteps": [
    0,
    1,
    2,
    3,
    4,
    5,
    6,
    7,
    8,
    9,
    10,
    11,
    12,
    13,
    14,
    15,
    16,
    17,
    18,
    19,
    20,
    21,
    22,
    23,
    24,
    25,
    26,
    27,
    28,
    29,
    30,
    31,
    32,
    33,
    34,
    35,
    36,
    37,
    38,
    39,
    40,
    41,
    42,
    43,
    44,
    45,
    46,
    47,
    48,
    49,
    50,
    51,
    52,
    53,
    54,
    55,
    56,
    57,
    58,
    59,
    60,
    61,
    62,
    63,
    64,
    65,
    66,
    67,
    68,
    69,
    70,
    71,
    72,
    73,
    74,
    75,
    76,
    77,
    78,
    79,
    80,
    81,
    82,
    83,
    84,
    85,
    86,
    87,
    88,
    89,
    90,
    91,
    92,
    93,
    94,
    95,
    96,
    97,
    98,
    99,
    100,
    101,
    102,
    103,
    104,
    105,
    106,
    107,
    108,
    109,
    110,
    111,
    112,
    113,
    114,
    115,
    116,
    117,
    118,
    119,
    120,
    121,
    122,
    123,
    124,
    125,
    126,
    127,
    128,
    129,
    130,
    131,
    132,
    133,
    134,
    135,
    136,
    137,
    138,
    139,
    140,
    141,
    142,
    143,
    144,
    145,
    146,
    147,
    148,
    149,
    150,
    151,
    152,
    153,
    154,
    155,
    156,
    157,
    158,
    159,
    160,
    161,
    162,
    163,
    164,
    165,
    166,
    167,
    168,
    169,
    170,
    171,
    172,
    173,
    174,
    175,
    176,
    177,
    178,
    179,
    180,
    181,
    182,
    183,
    184,
    185,
    186,
    187,
    188,
    189,
    190,
    191,
    192,
    193,
    194,
    195,
    196,
    197,
    198,
    199
  ],
  "states": [
    50.0,
    49.361092696553555,
    48.74645932999011,
    47.91757580863758,
    48.924329621551664,
    48.99262796704169,
    49.17455894762436,
    48.63932016102416,
    47.87352473082035,
    46.134864748431006,
    48.29464211261711,
    47.64475811325684,
    48.031491593813726,
    47.50146988913176,
    47.14690828589046,
    47.35848545373406,
    48.33297737740561,
    49.136597514591706,
    50.00442617024191,
    49.50944416150341,
    50.121958320405405,
    50.20696565738468,
    49.21428378070118,
    47.32304453456559,
    47.69571699234913,
    47.229222228237205,
    47.10222344193069,
    46.106332686543745,
    45.432697263623176,
    45.42890674778743,
    44.836361810559545,
    45.16052209703343,
    45.23427398168749,
    44.942845063530235,
    45.528262136899826,
    45.79552076585536,
    47.10113179796158,
    47.97273592597614,
    48.99899906789869,
    49.55193244219275,
    49.53364970811424,
    50.028266897862636,
    49.26187548728719,
    49.7492375747246,
    51.10774481524754,
    52.1713358699017,
    51.696585823850235,
    51.22621674901,
    50.549954841771715,
    50.65297289144374,
    50.52582135906182,
    50.93486526955494,
    51.62079243514015,
    50.77409262033309,
    52.515611602878394,
    52.50610160103145,
    53.48914010692182,
    54.06123162474553,
    55.18744852480393,
    55.61986596898482,
    55.729102905273976,
    56.237808682390444,
    56.37316175978987,
    55.78502032126347,
    54.74775824911943,
    54.90522648900039,
    53.79505216039826,
    52.98531311722811,
    52.47943153365967,
    52.88611876720694,
    52.912245598784644,
    52.3567716794104,
    52.678297787790385,
    51.50081273374919,
    51.506531580809416,
    51.58148556195454,
    52.025644141980514,
    51.33338417513462,
    51.20100627534089,
    50.65194234016111,
    50.30702250832503,
    50.62734934595797,
    49.45742168049838,
    48.93008658926801,
    49.63411643042198,
    50.480410101704344,
    51.153706394916505,
    51.78649794012215,
    53.5845943058689,
    52.88708189335103,
    52.58974494672754,
    53.47182263440325,
    52.725550349665596,
    52.58363508242054,
    52.56432873576518,
    53.42743070591734,
    53.40280054172243,
    53.14150011080673,
    51.66288011266654,
    51.29744771321779,
    52.53957164839676,
    54.088941941304654,
    54.18209714573082,
    53.934405211202176,
    54.36804288222724,
    54.349407189000026,
    53.11171025608528,
    54.2176074125821,
    55.39154669380585,
    55.36601422344962,
    55.4607590164231,
    55.412377821447656,
    53.70140695851926,
    54.78427235587566,
    54.227128068545994,
    53.5040619877268,
    53.24710832147897,
    52.91491285997309,
    54.089148716174826,
    55.22087151543946,
    56.151172821560586,
    55.307166696180076,
    54.30106617889061,
    54.72104905567043,
    55.79285759729893,
    56.49324707019269,
    56.663695745897805,
    56.45863370603502,
    55.387397667874,
    57.2322118215504,
    58.620726836075455,
    57.938919461894216,
    56.19424444705641,
    56.5046549823147,
    56.40718383862832,
    55.297565273013305,
    55.52358006095625,
    55.03538736129007,
    54.08174812290414,
    55.42451729163845,
    54.31284126978843,
    53.916601801755604,
    53.30526769028465,
    52.93086475383163,
    53.24513953095564,
    52.19299051818924,
    51.56356022993447,
    52.221670249616594,
    50.86819299435126,
    52.1458027082321,
    50.96817792757004,
    51.407447752655145,
    51.99560383830133,
    52.62861261979511,
    51.05651551002394,
    50.51971715651995,
    49.80480900660883,
    51.803263592033474,
    52.38198802941128,
    52.186881238689004,
    51.803258827738986,
    53.06398436808148,
    53.47183051250408,
    52.174095030676774,
    52.42338143104942,
    52.48337069371343,
    53.98345393549508,
    53.24203003227623,
    53.70793246150277,
    53.31771321903444,
    54.90949322969266,
    52.833830265643535,
    50.68421013918987,
    50.23759269943863,
    51.65618162252619,
    52.96701320815538,
    52.91123784766649,
    53.35446412339506,
    53.32833447530835,
    55.365569963357665,
    55.06217151023876,
    54.87976576455374,
    56.08622515117174,
    55.0266530535844,
    54.39585302392533,
    54.870190707004966,
    55.58144622412208,
    56.11206451856451,
    56.15742712631225,
    57.113311175121964,
    57.8224428151868,
    57.2916939264661,
    57.70974134970474,
    57.38070362980341,
    56.385284340974295,
    56.562964779970805,
    56.11299925401036,
    54.959978284945905,
    55.59781553120738,
    54.874595562085695,
    54.99859907024402
  ],
  "actions": [],
  "observations": [
    1,
    1,
    1,
    1,
    1,
    1,
    1,
    1,
    1,
    1,
    1,
    1,
    1,
    1,
    1,
    1,
    1,
    1,
    1,
    1,
    1,
    1,
    1,
    1,
    1,
    1,
    1,
    1,
    1,
    1,
    0,
    1,
    1,
    0,
    1,
    1,
    1,
    1,
    1,
    1,
    1,
    1,
    1,
    1,
    1,
    1,
    1,
    1,
    1,
    1,
    1,
    1,
    1,
    1,
    1,
    1,
    1,
    1,
    2,
    2,
    2,
    2,
    2,
    2,
    1,
    1,
    1,
    1,
    1,
    1,
    1,
    1,
    1,
    1,
    1,
    1,
    1,
    1,
    1,
    1,
    1,
    1,
    1,
    1,
    1,
    1,
    1,
    1,
    1,
    1,
    1,
    1,
    1,
    1,
    1,
    1,
    1,
    1,
    1,
    1,
    1,
    1,
    1,
    1,
    1,
    1,
    1,
    1,
    2,
    2,
    2,
    2,
    1,
    1,
    1,
    1,
    1,
    1,
    1,
    2,
    2,
    2,
    1,
    1,
    2,
    2,
    2,
    2,
    2,
    2,
    2,
    2,
    2,
    2,
    2,
    2,
    2,
    2,
    1,
    2,
    1,
    1,
    1,
    1,
    1,
    1,
    1,
    1,
    1,
    1,
    1,
    1,
    1,
    1,
    1,
    1,
    1,
    1,
    1,
    1,
    1,
    1,
    1,
    1,
    1,
    1,
    1,
    1,
    1,
    1,
    1,
    1,
    1,
    1,
    1,
    1,
    1,
    1,
    1,
    2,
    2,
    1,
    2,
    2,
    1,
    1,
    2,
    2,
    2,
    2,
    2,
    2,
    2,
    2,
    2,
    2,
    2,
    1,
    2,
    1
  ],