{
  "timesteps": [
    0,
    1,
    2,
    3,
    4,
    5,
    6,
    7,
    8,
    9,
    10,
    11,
    12,
    13,
    14,
    15,
    16,
    17,
    18,
    19,
    20,
    21,
    22,
    23,
    24,
    25,
    26,
    27,
    28,
    29,
    30,
    31,
    32,
    33,
    34,
    35,
    36,
    37,
    38,
    39,
    40,
    41,
    42,
    43,
    44,
    45,
    46,
    47,
    48,
    49,
    50,
    51,
    52,
    53,
    54,
    55,
    56,
    57,
    58,
    59,
    60,
    61,
    62,
    63,
    64,
    65,
    66,
    67,
    68,
    69,
    70,
    71,
    72,
    73,
    74,
    75,
    76,
    77,
    78,
    79,
    80,
    81,
    82,
    83,
    84,
    85,
    86,
    87,
    88,
    89,
    90,
    91,
    92,
    93,
    94,
    95,
    96,
    97,
    98,
    99,
    100,
    101,
    102,
    103,
    104,
    105,
    106,
    107,
    108,
    109,
    110,
    111,
    112,
    113,
    114,
    115,
    116,
    117,
    118,
    119,
    120,
    121,
    122,
    123,
    124,
    125,
    126,
    127,
    128,
    129,
    130,
    131,
    132,
    133,
    134,
    135,
    136,
    137,
    138,
    139,
    140,
    141,
    142,
    143,
    144,
    145,
    146,
    147,
    148,
    149,
    150,
    151,
    152,
    153,
    154,
    155,
    156,
    157,
    158,
    159,
    160,
    161,
    162,
    163,
    164,
    165,
    166,
    167,
    168,
    169,
    170,
    171,
    172,
    173,
    174,
    175,
    176,
    177,
    178,
    179,
    180,
    181,
    182,
    183,
    184,
    185,
    186,
    187,
    188,
    189,
    190,
    191,
    192,
    193,
    194,
    195,
    196,
    197,
    198,
    199
  ],
  "states": [
    50.0,
    49.240043132668006,
    48.47303339005534,
    46.387252639243094,
    46.55144995754666,
    46.3210636010784,
    45.617083206353264,
    43.450554493162,
    44.74197924448095,
    44.030940751286174,
    43.6221927109622,
    43.3648958807444,
    42.52806387073445,
    41.85952794381406,
    42.700073469146446,
    41.98633669936815,
    41.789194826412306,
    41.2735694577276,
    41.78989287492327,
    41.574813699921,
    41.12568563156906,
    42.19908603017215,
    41.26490502140578,
    42.801280255255435,
    42.80337651854089,
    41.95145422789356,
    43.99277382674648,
    43.35345132909089,
    44.27664189576594,
    44.903301003957374,
    45.34902430244381,
    46.0141592955894,
    47.02758790051708,
    46.9745703117023,
    46.90763398910246,
    45.52202203292967,
    45.42326275002275,
    45.638503264670724,
    45.839186692515156,
    44.706711515974,
    44.45614866127282,
    45.07033819416006,
    44.18886191163024,
    42.86863399830979,
    44.293415107418085,
    45.64142044407302,
    45.6479626558931,
    46.36447234952555,
    46.65281012694515,
    47.379254499578934,
    45.57467720120264,
    44.2727912897586,
    44.3041547228443,
    45.76978358931466,
    47.75789223297824,
    48.43515738718924,
    47.8259550613087,
    46.35216013056056,
    47.93046955874897,
    48.313811279232546,
    46.327698100396105,
    46.05532494398664,
    45.73112356929221,
    45.59114437027379,
    43.77254955907821,
    44.373128933242505,
    43.503633134052734,
    43.68110808505703,
    42.27277975678215,
    43.06049333316868,
    42.16903330246351,
    43.181547927245106,
    42.72452090657905,
    41.93875537820755,
    41.508734722994895,
    42.08737341486476,
    42.40489693863809,
    40.00970398769194,
    37.96273920326319,
    39.151835364958515,
    39.53683287682558,
    39.019590529102175,
    39.046620111403634,
    38.40222048119615,
    39.02190942101983,
    40.20792718957725,
    38.0612084359732,
    38.83346961850429,
    38.556446481737986,
    38.486526609824836,
    39.03510353980825,
    39.876446014131545,
    40.954635197896835,
    40.57110913692127,
    41.281552456968974,
    41.301930277477084,
    42.74137108041894,
    44.05940686555302,
    43.142399196547395,
    42.42569850264637,
    41.68547703788135,
    41.32220979348867,
    39.0622643453468,
    40.53064144089901,
    40.150672929326525,
    38.586737782097465,
    37.65408327399808,
    38.38460602550205,
    38.26171858426527,
    39.21528029402887,
    38.7928550724987,
    39.56214613922108,
    39.48666281115446,
    41.72900683331111,
    42.6078059604577,
    41.57171706975839,
    40.33163224509582,
    39.61483115970762,
    38.67917016649644,
    39.07893047420837,
    40.0472300340459,
    40.23222256113143,
    40.329417593759146,
    38.139953736575414,
    38.750238354345356,
    38.07927638523009,
    37.998220432942674,
    36.44758066971914,
    37.6729114872217,
    38.51302725798993,
    37.96685270840596,
    37.27913082470806,
    37.13895207938958,
    35.181314962768965,
    35.809304497698086,
    35.734591553482716,
    36.2276132398036,
    36.549828756210545,
    37.08676573549419,
    36.634977907499795,
    36.82259373252913,
    35.87263436895937,
    36.036123341271306,
    35.53918182762313,
    35.209542601880536,
    35.28231554939447,
    36.137476364762776,
    36.85354949773185,
    36.430314825993854,
    35.46947934415708,
    35.87211083310601,
    36.047315953125604,
    36.64788378253703,
    36.62712495474851,
    37.02466877225409,
    37.07705383118315,
    37.07373351892003,
    37.81493296889575,
    38.504916969572555,
    37.08526130067534,
    38.24201319231961,
    37.926030185643015,
    37.6043333394532,
    36.031558750384875,
    34.707751409707726,
    36.45517419805528,
    35.28329334538772,
    34.776922040283985,
    34.630013930387264,
    35.74703040408785,
    35.146210852907174,
    34.211893434749726,
    36.023612547852466,
    35.77198952935533,
    34.37179252662141,
    34.96923795767449,
    34.16954766759865,
    35.036253424571015,
    34.725369329004835,
    34.33960786783095,
    34.98677133583084,
    34.22706842084054,
    33.75217617655277,
    32.158226866229924,
    31.948810257068555,
    31.628611278487263,
    33.65148458371449,
    32.732805271182315,
    33.25351682541213,
    33.01236262420437,
    33.467244671206934,
    31.564571032799616,
    32.231885114055075,
    34.07102544267508,
    31.866685814897124,
    32.45371259498368,
    32.505306505451465,
    31.635349273958937,
    31.4157829850079,
    31.723405666978437,
    31.455283336700536
  ],
  "actions": [],
  "observations": [
    1,
    1,
    1,
    1,
    1,
    1,
    1,
    0,
    0,
    0,
    0,
    0,
    0,
    0,
    0,
    0,
    0,
    0,
    0,
    0,
    0,
    0,
    0,
    0,
    0,
    0,
    0,
    0,
    0,
    0,
    1,
    1,
    1,
    1,
    1,
    1,
    1,
    1,
    1,
    0,
    0,
    1,
    0,
    0,
    0,
    1,
    1,
    1,
    1,
    1,
    1,
    0,
    0,
    1,
    1,
    1,
    1,
    1,
    1,
    1,
    1,
    1,
    1,
    1,
    0,
    0,
    0,
    0,
    0,
    0,
    0,
    0,
    0,
    0,
    0,
    0,
    0,
    0,
    0,
    0,
    0,
    0,
    0,
    0,
    0,
    0,
    0,
    0,
    0,
    0,
    0,
    0,
    0,
    0,
    0,
    0,
    0,
    0,
    0,
    0,
    0,
    0,
    0,
    0,
    0,
    0,
    0,
    0,
    0,
    0,
    0,
    0,
    0,
    0,
    0,
    0,
    0,
    0,
    0,
    0,
    0,
    0,
    0,
    0,
    0,
    0,
    0,
    0,
    0,
    0,
    0,
    0,
    0,
    0,
    0,
    0,
    0,
    0,
    0,
    0,
    0,
    0,
    0,
    0,
    0,
    0,
    0,
    0,
    0,
    0,
    0,
    0,
    0,
    0,
    0,
    0,
    0,
    0,
    0,
    0,
    0,
    0,
    0,
    0,
    0,
    0,
    0,
    0,
    0,
    0,
    0,
    0,
    0,
    0,
    0,
    0,
    0,
    0,
    0,
    0,
    0,
    0,
    0,
    0,
    0,
    0,
    0,
    0,
    0,
    0,
    0,
    0,
    0,
    0,
    0,
    0,
    0,
    0,
    0,
    0
  ],