{
  "timesteps": [
    0,
    1,
    2,
    3,
    4,
    5,
    6,
    7,
    8,
    9,
    10,
    11,
    12,
    13,
    14,
    15,
    16,
    17,
    18,
    19,
    20,
    21,
    22,
    23,
    24,
    25,
    26,
    27,
    28,
    29,
    30,
    31,
    32,
    33,
    34,
    35,
    36,
    37,
    38,
    39,
    40,
    41,
    42,
    43,
    44,
    45,
    46,
    47,
    48,
    49,
    50,
    51,
    52,
    53,
    54,
    55,
    56,
    57,
    58,
    59,
    60,
    61,
    62,
    63,
    64,
    65,
    66,
    67,
    68,
    69,
    70,
    71,
    72,
    73,
    74,
    75,
    76,
    77,
    78,
    79,
    80,
    81,
    82,
    83,
    84,
    85,
    86,
    87,
    88,
    89,
    90,
    91,
    92,
    93,
    94,
    95,
    96,
    97,
    98,
    99,
    100,
    101,
    102,
    103,
    104,
    105,
    106,
    107,
    108,
    109,
    110,
    111,
    112,
    113,
    114,
    115,
    116,
    117,
    118,
    119,
    120,
    121,
    122,
    123,
    124,
    125,
    126,
    127,
    128,
    129,
    130,
    131,
    132,
    133,
    134,
    135,
    136,
    137,
    138,
    139,
    140,
    141,
    142,
    143,
    144,
    145,
    146,
    147,
    148,
    149,
    150,
    151,
    152,
    153,
    154,
    155,
    156,
    157,
    158,
    159,
    160,
    161,
    162,
    163,
    164,
    165,
    166,
    167,
    168,
    169,
    170,
    171,
    172,
    173,
    174,
    175,
    176,
    177,
    178,
    179,
    180,
    181,
    182,
    183,
    184,
    185,
    186,
    187,
    188,
    189,
    190,
    191,
    192,
    193,
    194,
    195,
    196,
    197,
    198,
    199
  ],
  "states": [
    50.0,
    50.94501928181757,
    50.35095161186068,
    51.01261494054469,
    51.780825164358646,
    52.26012152900041,
    51.67150979352548,
    51.54488655190143,
    52.70775662896039,
    53.39206403375397,
    52.211622407695955,
    52.51877524263161,
    52.248320943988766,
    52.56046253901197,
    53.30523458261511,
    54.432770336790014,
    54.8283317254407,
    54.67841306704765,
    54.39678493456376,
    53.781876657901826,
    53.690316715550196,
    54.409652129137164,
    55.10199553275088,
    56.35178421477867,
    56.23221553383539,
    55.93662455432888,
    56.41054935623842,
    56.44133400687395,
    56.973427674942975,
    56.916405091842776,
    56.17952411700922,
    56.84617744424893,
    57.68144514645807,
    58.28913402343326,
    57.57820944250564,
    57.23271235678556,
    56.175300983083574,
    56.1074711451981,
    56.65334153308017,
    55.46051307348984,
    54.904561039476086,
    53.47138031978652,
    53.67323934650225,
    53.75492809178334,
    52.24011732056762,
    52.36862885499171,
    51.40325521395864,
    51.90684021174468,
    52.17403858979374,
    52.19398391276162,
    51.75576580655885,
    52.65362934356978,
    53.20141401714646,
    54.10591023527918,
    54.22154216641808,
    53.77526272069144,
    54.84726678011093,
    54.08020521425038,
    53.94468455311208,
    52.8834211989327,
    55.173564260680834,
    55.241542617806275,
    56.10561663224496,
    57.21390866630926,
    56.96467097555458,
    57.458483755254235,
    58.571229767140544,
    59.13632806083755,
    58.09583579595623,
    57.183276876821715,
    55.99231577409392,
    56.00645529191662,
    57.76561359688212,
    57.694606620178845,
    56.99211415115033,
    57.400887503181565,
    58.3089283197305,
    59.971955016291744,
    59.84642315437014,
    59.733538630740455,
    60.82219631399198,
    62.23065983739332,
    62.69556483263613,
    63.9620498995111,
    65.63570969686597,
    66.88398060912522,
    67.06932609264162,
    67.02093883035519,
    67.76651417664675,
    68.03223683536842,
    66.34492168033529,
    64.49746385807576,
    63.596036297974585,
    62.486941949619705,
    63.36723578732025,
    64.04401554094909,
    65.48593520368385,
    66.49288037202783,
    66.5534646739371,
    65.68007204773997,
    65.50278004675175,
    66.6770959158211,
    66.46589296983666,
    67.65170368091412,
    67.61277426893278,
    68.17404971232328,
    68.31980517088301,
    67.36677483936856,
    68.1070564679928,
    65.82497376591881,
    66.34801942627603,
    66.26251304780817,
    66.62027720901725,
    66.32994742422542,
    66.02175909813145,
    64.19263801013697,
    63.36723879967061,
    63.85077223768693,
    63.933368737756666,
    64.25363502075652,
    64.93037364273295,
    67.68269786016063,
    66.51239286878604,
    67.71300866834646,
    66.71563703160045,
    66.68731713183678,
    66.70791658120609,
    66.51889753921382,
    65.41816917029993,
    63.7533645187201,
    62.90784685319804,
    63.54153322751522,
    62.57699715077739,
    61.8864989656014,
    61.30099469622181,
    62.57133249051322,
    63.90781258557487,
    65.21002823740807,
    64.88490371465228,
    66.13119270111139,
    64.90137072442593,
    66.28735292591743,
    66.01308368563015,
    66.27178447352156,
    66.80488615578498,
    67.11059886234622,
    67.54701322269234,
    67.49744071916184,
    67.60167361804133,
    66.79312532400095,
    67.05147767240003,
    68.23766843559073,
    69.21645378457532,
    71.07360759173574,
    72.13090283010014,
    73.06943073367101,
    73.11333855508906,
    73.675909474641,
    74.47781842577335,
    75.1941654843078,
    75.19230101936976,
    74.93712643006545,
    75.26540571972431,
    75.9442203693701,
    75.68723489919672,
    75.1291171816979,
    76.52140199225592,
    76.98342693942948,
    77.39860776460712,
    77.6425798054643,
    77.63057196521623,
    78.78853429503691,
    77.36834080174624,
    79.17905742539553,
    78.92772533943133,
    79.51956311685106,
    78.42986923379034,
    80.15352004784103,
    81.66718778843513,
    80.88061441935247,
    82.04243945758283,
    82.22485686581143,
    82.40475400848506,
    80.96047072146213,
    79.8681864416756,
    79.9233408781347,
    80.05251422857687,
    79.24276974549467,
    79.63621548249216,
    80.06711482893803,
    82.45899571730361,
    83.4596645095464,
    83.24886840368889,
    83.13508950516953,
    83.22204432311355,
    82.25833762761569,
    81.174008958414,
    81.46930241726737,
    79.72776950008092,
    78.91369272441716,
    79.15577938298293
  ],
  "actions": [],
  "observations": [
    1,
    1,
    1,
    1,
    1,
    1,
    1,
    1,
    1,
    1,
    1,
    1,
    1,
    1,
    1,
    1,
    1,
    1,
    1,
    1,
    1,
    1,
    2,
    2,
    2,
    2,
    2,
    2,
    2,
    2,
    2,
    2,
    2,
    2,
    2,
    2,
    2,
    2,
    2,
    2,
    1,
    1,
    1,
    1,
    1,
    1,
    1,
    1,
    1,
    1,
    1,
    1,
    1,
    1,
    1,
    1,
    1,
    1,
    1,
    1,
    2,
    2,
    2,
    2,
    2,
    2,
    2,
    2,
    2,
    2,
    2,
    2,
    2,
    2,
    2,
    2,
    2,
    2,
    2,
    2,
    2,
    2,
    2,
    2,
    2,
    2,
    2,
    2,
    2,
    2,
    2,
    2,
    2,
    2,
    2,
    2,
    2,
    2,
    2,
    2,
    2,
    2,
    2,
    2,
    2,
    2,
    2,
    2,
    2,
    2,
    2,
    2,
    2,
    2,
    2,
    2,
    2,
    2,
    2,
    2,
    2,
    2,
    2,
    2,
    2,
    2,
    2,
    2,
    2,
    2,
    2,
    2,
    2,
    2,
    2,
    2,
    2,
    2,
    2,
    2,
    2,
    2,
    2,
    2,
    2,
    2,
    2,
    2,
    2,
    2,
    2,
    2,
    2,
    2,
    2,
    2,
    2,
    2,
    2,
    2,
    2,
    2,
    2,
    2,
    2,
    2,
    2,
    2,
    2,
    2,
    2,
    2,
    2,
    2,
    2,
    2,
    2,
    2,
    2,
    2,
    2,
    2,
    2,
    2,
    2,
    2,
    2,
    2,
    2,
    2,
    2,
    2,
    2,
    2,
    2,
    2,
    2,
    2,
    2,
    2
  ],