{
  "timesteps": [
    0,
    1,
    2,
    3,
    4,
    5,
    6,
    7,
    8,
    9,
    10,
    11,
    12,
    13,
    14,
    15,
    16,
    17,
    18,
    19,
    20,
    21,
    22,
    23,
    24,
    25,
    26,
    27,
    28,
    29,
    30,
    31,
    32,
    33,
    34,
    35,
    36,
    37,
    38,
    39,
    40,
    41,
    42,
    43,
    44,
    45,
    46,
    47,
    48,
    49,
    50,
    51,
    52,
    53,
    54,
    55,
    56,
    57,
    58,
    59,
    60,
    61,
    62,
    63,
    64,
    65,
    66,
    67,
    68,
    69,
    70,
    71,
    72,
    73,
    74,
    75,
    76,
    77,
    78,
    79,
    80,
    81,
    82,
    83,
    84,
    85,
    86,
    87,
    88,
    89,
    90,
    91,
    92,
    93,
    94,
    95,
    96,
    97,
    98,
    99,
    100,
    101,
    102,
    103,
    104,
    105,
    106,
    107,
    108,
    109,
    110,
    111,
    112,
    113,
    114,
    115,
    116,
    117,
    118,
    119,
    120,
    121,
    122,
    123,
    124,
    125,
    126,
    127,
    128,
    129,
    130,
    131,
    132,
    133,
    134,
    135,
    136,
    137,
    138,
    139,
    140,
    141,
    142,
    143,
    144,
    145,
    146,
    147,
    148,
    149,
    150,
    151,
    152,
    153,
    154,
    155,
    156,
    157,
    158,
    159,
    160,
    161,
    162,
    163,
    164,
    165,
    166,
    167,
    168,
    169,
    170,
    171,
    172,
    173,
    174,
    175,
    176,
    177,
    178,
    179,
    180,
    181,
    182,
    183,
    184,
    185,
    186,
    187,
    188,
    189,
    190,
    191,
    192,
    193,
    194,
    195,
    196,
    197,
    198,
    199
  ],
  "states": [
    50.0,
    51.62752281303522,
    49.64964783714578,
    48.936379219831785,
    47.89916425463399,
    48.720079796616396,
    47.877341640829314,
    47.61406959280186,
    48.47493390364553,
    47.624025631492934,
    47.6228067890321,
    46.79629377114807,
    49.01730836661129,
    49.55637547613483,
    49.392168715665,
    50.13715927917784,
    50.10454689503907,
    50.56429134646521,
    50.29058127797809,
    50.21614295047969,
    50.90097894801458,
    51.565033644190265,
    49.30286940779081,
    49.759428197927356,
    50.77740790420407,
    51.57892420655931,
    53.952314052049545,
    53.38861852641131,
    54.07722150782438,
    53.17568004870909,
    53.00012586449307,
    53.004323670330855,
    53.829613713332726,
    53.20152545883028,
    52.07125342180654,
    53.04176184297123,
    51.949805364121964,
    49.85430271751429,
    47.98738833041164,
    46.92983279024775,
    46.38580262524756,
    46.471023186782226,
    46.60503872245541,
    46.1431632220666,
    45.64103959726244,
    45.72323598226913,
    46.107625978229606,
    45.40288572878396,
    45.74422732979709,
    46.021411724988134,
    46.5815584006299,
    46.04525516850515,
    48.17754814154719,
    47.79264320667289,
    47.928629730028554,
    48.7885163414481,
    48.497116761333906,
    47.43499435451656,
    45.77737225839589,
    44.93668917311089,
    45.615972222150496,
    45.661779308205496,
    46.181310420693,
    47.4892995150089,
    47.29218982122533,
    47.349621133728014,
    48.63852103788277,
    47.704103223917684,
    47.57185162975975,
    47.264670257849325,
    47.26203909327568,
    46.91682377784765,
    48.0547698471519,
    47.16414129033462,
    48.274604673214895,
    48.38633358012632,
    48.51910367191102,
    49.03112789060725,
    49.95967994940571,
    50.353009269787705,
    50.52712224706038,
    50.889439358206616,
    51.25710135250235,
    52.56204803605576,
    50.541584558340254,
    50.53149703016829,
    48.79308671791677,
    48.43892088016462,
    47.603166124022835,
    46.96174921933649,
    46.54912627761222,
    46.748050235823776,
    48.23821946849784,
    48.49889706291559,
    47.72039673489247,
    47.62691435543199,
    48.72269899305297,
    48.889161260396875,
    49.905627116288244,
    48.766337751819314,
    50.65047310330631,
    51.321812554319386,
    52.284408619236686,
    51.6306578362615,
    51.50505001784051,
    50.80805081637069,
    50.784580469420106,
    50.48064007074258,
    50.845666303204794,
    50.93375473238306,
    50.70694787515121,
    51.09470840534718,
    51.5350231080644,
    53.03608227134246,
    53.98390428517629,
    53.036435775706494,
    52.619638217365726,
    51.85616148572275,
    50.325367290514315,
    49.73327281856338,
    49.29748430444787,
    50.16281170425484,
    50.20746853769231,
    51.14767306202282,
    52.26195771152159,
    52.216959310986184,
    51.68753005809357,
    50.069106576813454,
    51.722412194709975,
    51.50918658224148,
    51.483820287157094,
    53.73326271484899,
    53.38669645838627,
    53.402651318975686,
    52.80167860842247,
    52.60512187349435,
    50.35585849269263,
    50.60700358048965,
    51.20170364405106,
    50.84099280445663,
    51.34074519420437,
    50.00409205736585,
    50.39918562216193,
    51.28356822785324,
    51.79926327955381,
    50.88100874564533,
    50.05255367535831,
    50.51099070741983,
    50.4534540594909,
    49.72309405220091,
    49.6466437459526,
    49.82876390651921,
    48.94189243427144,
    49.8718033549614,
    51.59790136036733,
    50.575774889437206,
    50.21536226818268,
    50.753386841593226,
    51.524829145326954,
    51.44557972162074,
    52.864006354361365,
    52.72648048878391,
    53.47865389588783,
    52.713400460923204,
    51.051669300362796,
    51.29335736319132,
    50.544598003795265,
    49.805265339865066,
    48.91309020626915,
    49.321251277729104,
    48.73566416344097,
    48.87364837348168,
    47.90169245364135,
    48.392539761896515,
    47.84414532100581,
    48.19624984479389,
    50.068632924752215,
    49.545095600273605,
    49.22648568819152,
    49.23682392093319,
    48.54519542562667,
    48.52660378167857,
    48.58534786423095,
    49.34162077800885,
    49.555648321736804,
    49.09061888926957,
    47.914630366433606,
    47.94047632358703,
    49.31078874146562,
    49.881248406176624,
    51.23749381632677,
    49.99680203296614,
    48.96624510900941,
    50.9628474797901,
    50.12455868606691,
    49.82409691324259,
    49.79561127069127,
    50.70540593250172,
    52.55989145907569,
    53.256601298729464,
    53.79377003325122
  ],
  "actions": [],
  "observations": [
    1,
    1,
    1,
    1,
    1,
    1,
    1,
    1,
    1,
    1,
    1,
    1,
    1,
    1,
    1,
    1,
    1,
    1,
    1,
    1,
    1,
    1,
    1,
    1,
    1,
    1,
    1,
    1,
    1,
    1,
    1,
    1,
    1,
    1,
    1,
    1,
    1,
    1,
    1,
    1,
    1,
    1,
    1,
    1,
    1,
    1,
    1,
    1,
    1,
    1,
    1,
    1,
    1,
    1,
    1,
    1,
    1,
    1,
    1,
    0,
    1,
    1,
    1,
    1,
    1,
    1,
    1,
    1,
    1,
    1,
    1,
    1,
    1,
    1,
    1,
    1,
    1,
    1,
    1,
    1,
    1,
    1,
    1,
    1,
    1,
    1,
    1,
    1,
    1,
    1,
    1,
    1,
    1,
    1,
    1,
    1,
    1,
    1,
    1,
    1,
    1,
    1,
    1,
    1,
    1,
    1,
    1,
    1,
    1,
    1,
    1,
    1,
    1,
    1,
    1,
    1,
    1,
    1,
    1,
    1,
    1,
    1,
    1,
    1,
    1,
    1,
    1,
    1,
    1,
    1,
    1,
    1,
    1,
    1,
    1,
    1,
    1,
    1,
    1,
    1,
    1,
    1,
    1,
    1,
    1,
    1,
    1,
    1,
    1,
    1,
    1,
    1,
    1,
    1,
    1,
    1,
    1,
    1,
    1,
    1,
    1,
    1,
    1,
    1,
    1,
    1,
    1,
    1,
    1,
    1,
    1,
    1,
    1,
    1,
    1,
    1,
    1,
    1,
    1,
    1,
    1,
    1,
    1,
    1,
    1,
    1,
    1,
    1,
    1,
    1,
    1,
    1,
    1,
    1,
    1,
    1,
    1,
    1,
    1,
    1
  ],