{
  "timesteps": [
    0,
    1,
    2,
    3,
    4,
    5,
    6,
    7,
    8,
    9,
    10,
    11,
    12,
    13,
    14,
    15,
    16,
    17,
    18,
    19,
    20,
    21,
    22,
    23,
    24,
    25,
    26,
    27,
    28,
    29,
    30,
    31,
    32,
    33,
    34,
    35,
    36,
    37,
    38,
    39,
    40,
    41,
    42,
    43,
    44,
    45,
    46,
    47,
    48,
    49,
    50,
    51,
    52,
    53,
    54,
    55,
    56,
    57,
    58,
    59,
    60,
    61,
    62,
    63,
    64,
    65,
    66,
    67,
    68,
    69,
    70,
    71,
    72,
    73,
    74,
    75,
    76,
    77,
    78,
    79,
    80,
    81,
    82,
    83,
    84,
    85,
    86,
    87,
    88,
    89,
    90,
    91,
    92,
    93,
    94,
    95,
    96,
    97,
    98,
    99,
    100,
    101,
    102,
    103,
    104,
    105,
    106,
    107,
    108,
    109,
    110,
    111,
    112,
    113,
    114,
    115,
    116,
    117,
    118,
    119,
    120,
    121,
    122,
    123,
    124,
    125,
    126,
    127,
    128,
    129,
    130,
    131,
    132,
    133,
    134,
    135,
    136,
    137,
    138,
    139,
    140,
    141,
    142,
    143,
    144,
    145,
    146,
    147,
    148,
    149,
    150,
    151,
    152,
    153,
    154,
    155,
    156,
    157,
    158,
    159,
    160,
    161,
    162,
    163,
    164,
    165,
    166,
    167,
    168,
    169,
    170,
    171,
    172,
    173,
    174,
    175,
    176,
    177,
    178,
    179,
    180,
    181,
    182,
    183,
    184,
    185,
    186,
    187,
    188,
    189,
    190,
    191,
    192,
    193,
    194,
    195,
    196,
    197,
    198,
    199
  ],
  "states": [
    50.0,
    49.543510190531414,
    48.89452425365189,
    49.228876024889416,
    49.03929579961759,
    49.382315470674506,
    49.60892248375904,
    49.45209211864422,
    49.5881305937124,
    51.5267351401824,
    50.83431669387045,
    51.18635306827472,
    51.39315656630465,
    50.93772541464117,
    51.60019960970347,
    52.131906901121305,
    53.84503901758079,
    55.090933417634886,
    55.17592377461764,
    56.238412132035755,
    56.71764264867964,
    55.09990007285985,
    55.20222360328308,
    56.46989350766494,
    57.296212396010695,
    57.11315362893243,
    56.61330595805435,
    57.392669916794645,
    56.180831170294475,
    56.831456486174545,
    58.11045151472083,
    58.47919643314966,
    59.804997152549184,
    58.558153894633755,
    56.882863713204195,
    57.38372941027079,
    57.606345454858634,
    57.24478194811396,
    56.05290957333054,
    57.89250492697408,
    57.44611113326356,
    56.52473957103217,
    57.88890677337527,
    57.74347666979403,
    56.46169529052905,
    56.82405563157331,
    57.36405730379974,
    57.897408604389554,
    58.102509615563136,
    58.10524438335903,
    58.903365757519225,
    60.19632000629483,
    59.423805121062784,
    60.041193906045265,
    59.074976797147045,
    59.274816577083094,
    60.50796823072196,
    61.20537562701099,
    60.56611269684982,
    59.93480431786467,
    60.80180785622611,
    62.01133078600089,
    62.64246497570663,
    62.00080274629477,
    62.02641125933678,
    63.458473118753226,
    64.21633857486437,
    64.21313039671249,
    64.40056179067558,
    63.564746182417494,
    64.92656765665333,
    63.738597258731595,
    63.712139858150636,
    63.21218211926899,
    63.19012358082934,
    63.51230560134683,
    64.21723682834244,
    64.05962681537868,
    65.29870732421821,
    65.26443728635164,
    66.37993346511948,
    65.47470918944643,
    65.59958379709367,
    65.36490426383473,
    66.04267260842916,
    67.16846652785577,
    67.89445034766727,
    66.39008029281378,
    65.57392248670556,
    65.28351871784844,
    65.87338492371644,
    65.13967483234039,
    65.29735585014215,
    65.14225479779226,
    66.03326201044348,
    64.78197712646137,
    64.21641073220746,
    64.14615792444997,
    63.127167796626225,
    62.90646779510859,
    62.62350592852333,
    63.6582858548896,
    63.666034833399614,
    64.52595780635653,
    64.80652746486102,
    63.549765749710474,
    64.5043761522859,
    64.8267274659791,
    63.39168798399756,
    63.79422942967427,
    63.57255872115876,
    63.34499767061603,
    62.87912288273695,
    62.96642889437959,
    63.42346937220002,
    64.10008193091736,
    64.10448499555518,
    64.36070997325336,
    63.77378202592899,
    61.71313166594774,
    62.54204875973216,
    62.882053313613156,
    64.02146494955647,
    64.46731388547107,
    66.40314883503791,
    66.5320270011711,
    66.85548507359601,
    66.10224297264203,
    67.04591055170603,
    65.17140432705227,
    65.67897500698301,
    66.6133729293319,
    66.1918142193253,
    66.16745368858231,
    66.34017178528093,
    65.06091618786691,
    66.15563627776233,
    66.25921663631028,
    65.03779900899792,
    64.93229525823853,
    64.76484332458999,
    64.97887819135596,
    65.56066790159323,
    64.79153540508953,
    63.99748439601972,
    64.42361344143214,
    63.73512003277046,
    63.401282175281345,
    61.5960148902418,
    60.01945758882418,
    62.12565142671505,
    62.37531358385148,
    62.09007102526418,
    60.76635225782215,
    61.26381849266563,
    61.05808713331243,
    60.94068662781337,
    59.865630635481786,
    58.68738919882471,
    57.479795708982806,
    56.461032850888564,
    58.13782854084502,
    58.88129807406752,
    58.30327852236856,
    59.217791071511506,
    58.775130004667,
    57.63679221763479,
    58.539518043661644,
    57.352936504460416,
    56.42393990691116,
    54.841922055638534,
    55.62680317406024,
    55.690902420311296,
    55.87412654807966,
    56.715986216169185,
    57.42447964711942,
    57.91333781643673,
    58.40621662173333,
    57.894751445156615,
    57.538378950612476,
    59.20806733651828,
    59.838036711285824,
    58.4814821173485,
    59.3251148985764,
    58.59147244603927,
    58.239786185769574,
    56.93674844154078,
    56.65754896891418,
    55.08896640175584,
    54.472729973234266,
    54.89640833917669,
    56.380719460660615,
    56.20428946150242,
    57.74375371791404,
    57.459891376027336,
    56.32261273336471,
    55.189441672534095,
    57.05574913329748,
    56.071494827152065,
    55.493481281558786,
    54.39452124464466
  ],
  "actions": [],
  "observations": [
    1,
    1,
    1,
    1,
    1,
    1,
    1,
    1,
    1,
    1,
    1,
    1,
    1,
    1,
    1,
    1,
    1,
    2,
    2,
    2,
    2,
    2,
    2,
    2,
    2,
    2,
    2,
    2,
    2,
    2,
    2,
    2,
    2,
    2,
    2,
    2,
    2,
    2,
    2,
    2,
    2,
    2,
    2,
    2,
    2,
    2,
    2,
    2,
    2,
    2,
    2,
    2,
    2,
    2,
    2,
    2,
    2,
    2,
    2,
    2,
    2,
    2,
    2,
    2,
    2,
    2,
    2,
    2,
    2,
    2,
    2,
    2,
    2,
    2,
    2,
    2,
    2,
    2,
    2,
    2,
    2,
    2,
    2,
    2,
    2,
    2,
    2,
    2,
    2,
    2,
    2,
    2,
    2,
    2,
    2,
    2,
    2,
    2,
    2,
    2,
    2,
    2,
    2,
    2,
    2,
    2,
    2,
    2,
    2,
    2,
    2,
    2,
    2,
    2,
    2,
    2,
    2,
    2,
    2,
    2,
    2,
    2,
    2,
    2,
    2,
    2,
    2,
    2,
    2,
    2,
    2,
    2,
    2,
    2,
    2,
    2,
    2,
    2,
    2,
    2,
    2,
    2,
    2,
    2,
    2,
    2,
    2,
    2,
    2,
    2,
    2,
    2,
    2,
    2,
    2,
    2,
    2,
    2,
    2,
    2,
    2,
    2,
    2,
    2,
    2,
    2,
    2,
    2,
    2,
    2,
    1,
    2,
    2,
    2,
    2,
    2,
    2,
    2,
    2,
    2,
    2,
    2,
    2,
    2,
    2,
    2,
    2,
    2,
    2,
    1,
    1,
    2,
    2,
    2,
    2,
    2,
    2,
    2,
    2,
    2
  ],