{
  "timesteps": [
    0,
    1,
    2,
    3,
    4,
    5,
    6,
    7,
    8,
    9,
    10,
    11,
    12,
    13,
    14,
    15,
    16,
    17,
    18,
    19,
    20,
    21,
    22,
    23,
    24,
    25,
    26,
    27,
    28,
    29,
    30,
    31,
    32,
    33,
    34,
    35,
    36,
    37,
    38,
    39,
    40,
    41,
    42,
    43,
    44,
    45,
    46,
    47,
    48,
    49,
    50,
    51,
    52,
    53,
    54,
    55,
    56,
    57,
    58,
    59,
    60,
    61,
    62,
    63,
    64,
    65,
    66,
    67,
    68,
    69,
    70,
    71,
    72,
    73,
    74,
    75,
    76,
    77,
    78,
    79,
    80,
    81,
    82,
    83,
    84,
    85,
    86,
    87,
    88,
    89,
    90,
    91,
    92,
    93,
    94,
    95,
    96,
    97,
    98,
    99,
    100,
    101,
    102,
    103,
    104,
    105,
    106,
    107,
    108,
    109,
    110,
    111,
    112,
    113,
    114,
    115,
    116,
    117,
    118,
    119,
    120,
    121,
    122,
    123,
    124,
    125,
    126,
    127,
    128,
    129,
    130,
    131,
    132,
    133,
    134,
    135,
    136,
    137,
    138,
    139,
    140,
    141,
    142,
    143,
    144,
    145,
    146,
    147,
    148,
    149,
    150,
    151,
    152,
    153,
    154,
    155,
    156,
    157,
    158,
    159,
    160,
    161,
    162,
    163,
    164,
    165,
    166,
    167,
    168,
    169,
    170,
    171,
    172,
    173,
    174,
    175,
    176,
    177,
    178,
    179,
    180,
    181,
    182,
    183,
    184,
    185,
    186,
    187,
    188,
    189,
    190,
    191,
    192,
    193,
    194,
    195,
    196,
    197,
    198,
    199
  ],
  "states": [
    50.0,
    50.810081896725826,
    48.89823138513786,
    50.17788227035204,
    50.14464640086424,
    47.84198906233494,
    48.88585905903308,
    52.02526899477411,
    52.1343297648933,
    50.65736133379184,
    49.46354982232213,
    49.52068044114935,
    51.6832949044692,
    52.55492087881179,
    52.3291717790322,
    49.8728336824275,
    52.406202269446446,
    52.79714628587023,
    51.12968538302115,
    52.65591754691482,
    51.82399472414233,
    52.02200950588472,
    50.83565022192254,
    48.87314273468249,
    50.98575759691075,
    52.001956298166675,
    52.200662198343814,
    52.126317237204454,
    51.812132149980975,
    51.04474846492869,
    48.99874032236312,
    50.22920922001222,
    50.37706490766007,
    49.590880587688986,
    47.15874533545056,
    47.31544087250432,
    47.53341176191966,
    47.351343849733574,
    46.9606306770258,
    46.71690243980739,
    47.186851479810315,
    46.67240858071244,
    45.950463385174864,
    46.6439559463557,
    45.42751214798338,
    43.14719913712982,
    44.69593083612981,
    42.55108914072221,
    42.41274305989188,
    45.27300634204647,
    44.96842516049976,
    44.77328316747433,
    44.6516522580811,
    46.475262473032046,
    47.46704210549709,
    48.2561287228463,
    46.92496629422141,
    47.1585127529528,
    47.85996734002038,
    45.777308278989025,
    46.263815596685575,
    47.42589181168906,
    45.25941018537017,
    45.438441227206546,
    42.773290323384764,
    43.15777829348547,
    43.665140179709596,
    44.63172403362859,
    46.40859192039242,
    47.29260947082388,
    48.24339094033606,
    48.03143661809668,
    47.030212675116964,
    48.05510112269985,
    49.462678829319806,
    49.71909925633097,
    47.901807557797696,
    46.62220151437474,
    48.737363739301394,
    49.1005045881578,
    51.83717353840888,
    52.45536627253919,
    51.25085659139373,
    52.029129600346664,
    51.84308785510562,
    52.72153685240363,
    54.21972217421194,
    53.247467870608006,
    53.685863406133954,
    51.530104874569304,
    51.98461055403597,
    52.448090895334204,
    52.721973997465916,
    51.98992952450061,
    52.315291196856435,
    53.164348991997706,
    53.38562308886906,
    52.274321492718805,
    52.90118059975464,
    52.93180964118942,
    52.45678927319859,
    51.598249657651934,
    52.01495212848136,
    50.968354651663056,
    50.86597652720275,
    51.01057656625691,
    50.917861735247165,
    49.67125653151718,
    51.560669188343724,
    51.5532505053053,
    53.17525552255759,
    53.906252821551064,
    54.658961346838844,
    53.55319036453491,
    53.72233656793031,
    53.89079288022752,
    53.84485054584513,
    53.18469255536483,
    52.71917346913897,
    54.38280603609981,
    52.58943334428398,
    54.82557886433858,
    54.75227603103883,
    54.71876296688113,
    52.686624205439266,
    51.01904549627753,
    55.31654190872558,
    56.35869972126725,
    52.6425034981944,
    52.869495250890566,
    52.01649875850495,
    51.829112892073006,
    52.61760454829396,
    50.0999407617646,
    47.7217951470742,
    46.20464178944437,
    44.06906445868435,
    45.181012562840245,
    43.56517725070588,
    41.73389419176778,
    41.54921151489134,
    39.65017606455022,
    40.056783644131826,
    42.3978485063311,
    41.40879426986949,
    40.19829644686915,
    39.69403870646931,
    42.11873268043379,
    40.60594647427427,
    40.41968728530207,
    40.81512211892701,
    41.45407309099959,
    41.42266364021032,
    40.675393007212726,
    39.98040771676731,
    42.78280803882662,
    44.016956363824626,
    43.53520878257535,
    43.82667775143719,
    43.39579453417174,
    43.81789100092673,
    42.25538328814482,
    42.94462087157119,
    41.68796644881907,
    40.963062601251885,
    40.76580184657849,
    38.788286510672734,
    38.356302377120016,
    37.978264570942656,
    39.04700118472928,
    38.204539993470796,
    39.94326602126073,
    39.519105683582985,
    41.778700809629974,
    41.87870059667007,
    43.16982132566794,
    41.90214805649392,
    42.13309706065899,
    42.76969943294845,
    42.798895129796435,
    43.851567087122646,
    44.87461583149876,
    46.47723828612345,
    47.28255646867585,
    46.40488415444368,
    44.05421411298828,
    43.42470983657264,
    42.02906458155321,
    39.57188612299067,
    38.734359565617495,
    39.18165142077526,
    37.994323357849126,
    40.0674069504534,
    39.502244931930356,
    39.04262930106884,
    38.23304402240272,
    38.87020138557084,
    38.8832119576231,
    38.29671219720752,
    40.03755160164662,
    40.21877448349477
  ],
  "actions": [],
  "observations": [
    1,
    1,
    1,
    1,
    1,
    1,
    1,
    1,
    1,
    1,
    1,
    1,
    1,
    1,
    1,
    1,
    1,
    1,
    1,
    1,
    1,
    1,
    1,
    1,
    1,
    1,
    1,
    1,
    1,
    1,
    1,
    1,
    1,
    1,
    1,
    1,
    1,
    1,
    1,
    1,
    1,
    1,
    1,
    1,
    1,
    0,
    0,
    0,
    0,
    1,
    0,
    0,
    0,
    1,
    1,
    1,
    1,
    1,
    1,
    1,
    1,
    1,
    1,
    1,
    0,
    0,
    0,
    0,
    1,
    1,
    1,
    1,
    1,
    1,
    1,
    1,
    1,
    1,
    1,
    1,
    1,
    1,
    1,
    1,
    1,
    1,
    1,
    1,
    1,
    1,
    1,
    1,
    1,
    1,
    1,
    1,
    1,
    1,
    1,
    1,
    1,
    1,
    1,
    1,
    1,
    1,
    1,
    1,
    1,
    1,
    1,
    1,
    1,
    1,
    1,
    1,
    1,
    1,
    1,
    1,
    1,
    1,
    1,
    1,
    1,
    1,
    2,
    2,
    1,
    1,
    1,
    1,
    1,
    1,
    1,
    1,
    0,
    1,
    0,
    0,
    0,
    0,
    0,
    0,
    0,
    0,
    0,
    0,
    0,
    0,
    0,
    0,
    0,
    0,
    0,
    0,
    0,
    0,
    0,
    0,
    0,
    0,
    0,
    0,
    0,
    0,
    0,
    0,
    0,
    0,
    0,
    0,
    0,
    0,
    0,
    0,
    0,
    0,
    0,
    0,
    0,
    0,
    1,
    1,
    1,
    0,
    0,
    0,
    0,
    0,
    0,
    0,
    0,
    0,
    0,
    0,
    0,
    0,
    0,
    0
  ],