{
  "timesteps": [
    0,
    1,
    2,
    3,
    4,
    5,
    6,
    7,
    8,
    9,
    10,
    11,
    12,
    13,
    14,
    15,
    16,
    17,
    18,
    19,
    20,
    21,
    22,
    23,
    24,
    25,
    26,
    27,
    28,
    29,
    30,
    31,
    32,
    33,
    34,
    35,
    36,
    37,
    38,
    39,
    40,
    41,
    42,
    43,
    44,
    45,
    46,
    47,
    48,
    49,
    50,
    51,
    52,
    53,
    54,
    55,
    56,
    57,
    58,
    59,
    60,
    61,
    62,
    63,
    64,
    65,
    66,
    67,
    68,
    69,
    70,
    71,
    72,
    73,
    74,
    75,
    76,
    77,
    78,
    79,
    80,
    81,
    82,
    83,
    84,
    85,
    86,
    87,
    88,
    89,
    90,
    91,
    92,
    93,
    94,
    95,
    96,
    97,
    98,
    99,
    100,
    101,
    102,
    103,
    104,
    105,
    106,
    107,
    108,
    109,
    110,
    111,
    112,
    113,
    114,
    115,
    116,
    117,
    118,
    119,
    120,
    121,
    122,
    123,
    124,
    125,
    126,
    127,
    128,
    129,
    130,
    131,
    132,
    133,
    134,
    135,
    136,
    137,
    138,
    139,
    140,
    141,
    142,
    143,
    144,
    145,
    146,
    147,
    148,
    149,
    150,
    151,
    152,
    153,
    154,
    155,
    156,
    157,
    158,
    159,
    160,
    161,
    162,
    163,
    164,
    165,
    166,
    167,
    168,
    169,
    170,
    171,
    172,
    173,
    174,
    175,
    176,
    177,
    178,
    179,
    180,
    181,
    182,
    183,
    184,
    185,
    186,
    187,
    188,
    189,
    190,
    191,
    192,
    193,
    194,
    195,
    196,
    197,
    198,
    199
  ],
  "states": [
    50.0,
    51.269508767371924,
    52.535579863323065,
    54.132853352422245,
    53.33653426913094,
    52.93495859841775,
    52.658748090575806,
    52.34203726240003,
    51.763815380400075,
    51.946590549087006,
    51.46180502597617,
    51.69958173071289,
    51.39263810534884,
    50.075267515118846,
    51.20876227741733,
    52.08445736192972,
    51.23843347533017,
    49.172070780714854,
    48.55322401800869,
    48.86161780453484,
    48.821128434555185,
    48.042169679434934,
    49.54548194041341,
    49.70564832007158,
    50.31512699584527,
    51.71472461819397,
    52.29531824765579,
    52.62351727438795,
    52.84106463079866,
    53.670653938816365,
    52.669139583933024,
    51.67213087829365,
    50.62759383505049,
    50.793277269386515,
    51.747637894581885,
    51.91513816581183,
    50.858670920627944,
    50.39810210646931,
    50.718784158354325,
    50.06620012179357,
    48.28510784456455,
    48.751266940996814,
    50.11615403312779,
    50.42855110412244,
    51.124156874144944,
    51.256452188647586,
    50.43886595899213,
    49.743925589462016,
    50.75351729883129,
    50.462080745223666,
    51.47057242682471,
    52.59326156903316,
    52.75044984548621,
    52.601106776622444,
    52.06868516038003,
    53.928359648484424,
    53.070003877082215,
    53.05418979096645,
    52.180457807726384,
    50.49240213467576,
    50.543886299981466,
    48.08341087167805,
    49.588774174907144,
    49.7725085960222,
    49.470056018481664,
    49.2947234381379,
    51.72462635091358,
    48.53798956617961,
    50.48623204314776,
    51.27889027251262,
    50.757720312639236,
    52.131544829279086,
    52.3867635224175,
    52.1449164047751,
    52.92922796504224,
    51.52937752025753,
    52.5995677422936,
    51.82026911921944,
    51.54108634708608,
    50.52058009458177,
    49.58351775992617,
    50.562256569723864,
    52.61194473186353,
    53.23222436372221,
    52.946554069095136,
    52.330641083120234,
    52.40089249710944,
    53.27113287893788,
    53.64167447122465,
    53.08083603945862,
    52.84358707526254,
    52.37248859015643,
    51.7152784727808,
    51.176117893593826,
    49.73392936324869,
    49.14246828447738,
    48.21291672520608,
    49.23498460427628,
    48.317108443043075,
    47.508116866799526,
    47.1825269317352,
    46.64510034763637,
    46.83338754283869,
    50.267258154739025,
    48.8526704908502,
    49.11417468245604,
    48.0057656190667,
    45.976920229125646,
    46.48022913123208,
    47.00777175208713,
    48.51020783457953,
    48.079674375636365,
    47.852520369623875,
    50.94005316533509,
    51.18214731364039,
    51.64961355453602,
    52.243776731472416,
    52.82592693877949,
    52.41137328365092,
    51.34268606090089,
    50.23082196380783,
    50.28028187358584,
    51.08201270538332,
    50.375686879260364,
    50.1038167837133,
    48.76443783601969,
    47.610212117650974,
    48.05448309010083,
    48.60989558565219,
    47.72396314727466,
    48.00486287712306,
    47.05994678624572,
    47.02619332454889,
    48.078306891926026,
    47.791425804502026,
    48.28368971298057,
    48.88634858300002,
    47.650352569866584,
    47.417213959589134,
    45.739317860568484,
    46.20056979291754,
    47.63749745744072,
    47.257250053022524,
    45.71572751265453,
    45.69243869645114,
    45.28704600918084,
    46.08267141401363,
    45.87628785899004,
    44.952857194227235,
    45.10929453963651,
    46.7096031663592,
    47.008121316730225,
    44.963375277406435,
    46.95175448456592,
    45.784679774773856,
    47.7925465196874,
    47.480564180553294,
    48.45380160950836,
    47.44516329000714,
    47.39594572513658,
    46.6249014222576,
    47.552752231081904,
    47.223246503810444,
    48.43058291417393,
    47.95134846016108,
    48.89818864235319,
    48.84819083697852,
    48.17028399027645,
    47.60422577407955,
    49.46664976041661,
    49.2266253117892,
    49.36060513824228,
    49.38637834604673,
    49.26916161909996,
    51.050842168799335,
    51.866805518557186,
    52.21954979174589,
    52.417591099116905,
    51.35987550166925,
    50.89853189897827,
    50.48023233529768,
    50.60553848281625,
    48.66246464230288,
    49.0084393134999,
    47.95440348733084,
    47.09879672224931,
    48.09648690036799,
    48.42710700556503,
    48.794443943868856,
    49.252128480337234,
    50.706803680658375,
    49.08032423645457,
    49.18491030818873,
    50.850248228893875,
    51.343174327198014,
    52.23390982215887,
    52.357112071680596,
    52.110324941981155,
    53.15782859671731,
    52.46009400363773,
    54.069923587209196
  ],
  "actions": [],
  "observations": [
    1,
    1,
    1,
    1,
    1,
    1,
    1,
    1,
    1,
    1,
    1,
    1,
    1,
    1,
    1,
    1,
    1,
    1,
    1,
    1,
    1,
    1,
    1,
    1,
    1,
    1,
    1,
    1,
    1,
    1,
    1,
    1,
    1,
    1,
    1,
    1,
    1,
    1,
    1,
    1,
    1,
    1,
    1,
    1,
    1,
    1,
    1,
    1,
    1,
    1,
    1,
    1,
    1,
    1,
    1,
    1,
    1,
    1,
    1,
    1,
    1,
    1,
    1,
    1,
    1,
    1,
    1,
    1,
    1,
    1,
    1,
    1,
    1,
    1,
    1,
    1,
    1,
    1,
    1,
    1,
    1,
    1,
    1,
    1,
    1,
    1,
    1,
    1,
    1,
    1,
    1,
    1,
    1,
    1,
    1,
    1,
    1,
    1,
    1,
    1,
    1,
    1,
    1,
    1,
    1,
    1,
    1,
    1,
    1,
    1,
    1,
    1,
    1,
    1,
    1,
    1,
    1,
    1,
    1,
    1,
    1,
    1,
    1,
    1,
    1,
    1,
    1,
    1,
    1,
    1,
    1,
    1,
    1,
    1,
    1,
    1,
    1,
    1,
    1,
    1,
    1,
    1,
    1,
    1,
    1,
    1,
    1,
    1,
    0,
    1,
    1,
    1,
    0,
    1,
    1,
    1,
    1,
    1,
    1,
    1,
    1,
    1,
    1,
    1,
    1,
    1,
    1,
    1,
    1,
    1,
    1,
    1,
    1,
    1,
    1,
    1,
    1,
    1,
    1,
    1,
    1,
    1,
    1,
    1,
    1,
    1,
    1,
    1,
    1,
    1,
    1,
    1,
    1,
    1,
    1,
    1,
    1,
    1,
    1,
    1
  ],