{
  "timesteps": [
    0,
    1,
    2,
    3,
    4,
    5,
    6,
    7,
    8,
    9,
    10,
    11,
    12,
    13,
    14,
    15,
    16,
    17,
    18,
    19,
    20,
    21,
    22,
    23,
    24,
    25,
    26,
    27,
    28,
    29,
    30,
    31,
    32,
    33,
    34,
    35,
    36,
    37,
    38,
    39,
    40,
    41,
    42,
    43,
    44,
    45,
    46,
    47,
    48,
    49,
    50,
    51,
    52,
    53,
    54,
    55,
    56,
    57,
    58,
    59,
    60,
    61,
    62,
    63,
    64,
    65,
    66,
    67,
    68,
    69,
    70,
    71,
    72,
    73,
    74,
    75,
    76,
    77,
    78,
    79,
    80,
    81,
    82,
    83,
    84,
    85,
    86,
    87,
    88,
    89,
    90,
    91,
    92,
    93,
    94,
    95,
    96,
    97,
    98,
    99,
    100,
    101,
    102,
    103,
    104,
    105,
    106,
    107,
    108,
    109,
    110,
    111,
    112,
    113,
    114,
    115,
    116,
    117,
    118,
    119,
    120,
    121,
    122,
    123,
    124,
    125,
    126,
    127,
    128,
    129,
    130,
    131,
    132,
    133,
    134,
    135,
    136,
    137,
    138,
    139,
    140,
    141,
    142,
    143,
    144,
    145,
    146,
    147,
    148,
    149,
    150,
    151,
    152,
    153,
    154,
    155,
    156,
    157,
    158,
    159,
    160,
    161,
    162,
    163,
    164,
    165,
    166,
    167,
    168,
    169,
    170,
    171,
    172,
    173,
    174,
    175,
    176,
    177,
    178,
    179,
    180,
    181,
    182,
    183,
    184,
    185,
    186,
    187,
    188,
    189,
    190,
    191,
    192,
    193,
    194,
    195,
    196,
    197,
    198,
    199
  ],
  "states": [
    50.0,
    50.466081938861734,
    50.2427140711421,
    49.463486137426905,
    50.51533750172565,
    51.68387982422296,
    51.78624401475407,
    50.301172387800904,
    52.12568545665117,
    51.89501864475524,
    51.01924226135589,
    51.0293211505353,
    51.167337257451884,
    50.703105134838324,
    50.25943710704889,
    48.83105275501756,
    50.45783860252548,
    51.219282084769155,
    52.44740771246935,
    52.41542102654897,
    52.49587748443873,
    53.29996207438104,
    52.738623955202215,
    53.03732558190723,
    53.03213015110187,
    54.17341367655605,
    54.689361611847886,
    54.83442597131124,
    56.03833366347837,
    55.84103076945262,
    54.98071420199247,
    55.324420231758765,
    54.31270207286526,
    55.04547129604251,
    56.52960624712719,
    55.62033197987789,
    56.22876924728424,
    56.50606603623792,
    56.27507780904569,
    57.31480164731351,
    57.53648906993561,
    58.15505048833851,
    58.706934292938804,
    57.688539889749784,
    57.06603895634397,
    58.11202156040695,
    58.38789542396981,
    59.627649420940884,
    60.2433197141442,
    60.49921207953639,
    63.1883463280163,
    63.007729054776796,
    64.59977408420592,
    64.78516908784607,
    64.8254411990871,
    64.32542580824999,
    64.14985265888247,
    64.8516008534467,
    65.81162308642945,
    64.54833049291837,
    64.08738612419765,
    63.31596812668992,
    65.56392453890135,
    65.7261388382264,
    66.92079529167216,
    66.29640764218469,
    66.46220760303434,
    65.54974766033354,
    65.02760651525867,
    63.851749113907125,
    62.8902169383203,
    63.465816037615774,
    63.9989082807953,
    63.89144197919416,
    64.34178944711817,
    64.12794360505254,
    64.76263166840566,
    63.90237544879942,
    63.452636632844445,
    63.48794803924275,
    62.22276160633618,
    62.34332575366716,
    61.998087394172366,
    61.62260937937734,
    61.16915259306569,
    60.587484264086555,
    60.20819393014459,
    59.16761996470251,
    58.70393305579913,
    58.648767099885056,
    58.559182129879666,
    58.492745439353314,
    56.98590485513145,
    56.11574164432796,
    55.647476127526275,
    55.484455838806156,
    55.980571697089005,
    56.53635240247336,
    56.69665714284149,
    54.527158825207195,
    54.789719411939835,
    54.25817078572919,
    55.62865400099115,
    55.65446070708024,
    54.84090699262706,
    55.580765075033035,
    55.45488408245441,
    55.789860922173624,
    55.38183462351346,
    53.402572241573175,
    52.21846524371217,
    52.589495442351975,
    53.17138356803409,
    54.33770884569646,
    56.641926975516284,
    56.04356445944482,
    55.602882767093874,
    57.1047963697517,
    57.65863109190502,
    58.00859484183027,
    58.02998705317644,
    57.2629026360722,
    56.935657727058455,
    56.41995330242595,
    55.50685033335964,
    55.54023228525352,
    56.33249363240411,
    56.65920453627827,
    57.41935085486056,
    57.997582846251106,
    58.70825381259909,
    58.626463151613414,
    57.75846160998815,
    57.92856529411625,
    57.76161937505364,
    59.95449489328996,
    59.09700517869905,
    61.0221320977719,
    60.478592494882584,
    62.016719500662234,
    62.84217393124437,
    64.14415992652437,
    63.0722427094105,
    63.78266419575542,
    61.938457687936236,
    62.56048935344058,
    63.62186694636106,
    63.23030324016861,
    63.09043862281876,
    62.701445081567876,
    63.018831046219645,
    62.64470312338559,
    62.622629651326974,
    61.6954861201668,
    61.920492785898794,
    61.23054530375134,
    60.69165777599233,
    60.375535631974536,
    59.85336959396517,
    59.1780463324134,
    59.500914366675396,
    59.807392912556736,
    59.80719627603987,
    60.804155488352635,
    62.19885325863865,
    62.70193293688464,
    62.80604609327008,
    64.52547207485715,
    63.26453578186111,
    65.363362943197,
    65.32103464051366,
    65.54034687707262,
    65.740616129241,
    66.31839495325808,
    67.03232438935147,
    65.83379354562304,
    65.40837818914923,
    65.08582881154463,
    66.46795980587333,
    65.3837268166629,
    65.11879101976987,
    65.16702540171097,
    64.71629665940853,
    65.17769272936835,
    65.14761710474744,
    66.32854300468105,
    67.17067064107798,
    66.43538412144152,
    67.5124152085025,
    67.90165743706685,
    68.47886714067698,
    70.34670015557414,
    71.02870307992049,
    71.09968388444847,
    71.921832620652,
    70.3613252738578,
    71.01955984064817,
    71.28147698426426,
    72.60503607966272,
    72.03622812254477,
    71.92350570746609
  ],
  "actions": [],
  "observations": [
    1,
    1,
    1,
    1,
    1,
    1,
    1,
    1,
    1,
    1,
    1,
    1,
    1,
    1,
    1,
    1,
    1,
    1,
    1,
    1,
    1,
    1,
    1,
    1,
    1,
    1,
    1,
    1,
    2,
    2,
    1,
    2,
    1,
    2,
    2,
    2,
    2,
    2,
    2,
    2,
    2,
    2,
    2,
    2,
    2,
    2,
    2,
    2,
    2,
    2,
    2,
    2,
    2,
    2,
    2,
    2,
    2,
    2,
    2,
    2,
    2,
    2,
    2,
    2,
    2,
    2,
    2,
    2,
    2,
    2,
    2,
    2,
    2,
    2,
    2,
    2,
    2,
    2,
    2,
    2,
    2,
    2,
    2,
    2,
    2,
    2,
    2,
    2,
    2,
    2,
    2,
    2,
    2,
    2,
    2,
    2,
    2,
    2,
    2,
    1,
    1,
    1,
    2,
    2,
    1,
    2,
    2,
    2,
    2,
    1,
    1,
    1,
    1,
    1,
    2,
    2,
    2,
    2,
    2,
    2,
    2,
    2,
    2,
    2,
    2,
    2,
    2,
    2,
    2,
    2,
    2,
    2,
    2,
    2,
    2,
    2,
    2,
    2,
    2,
    2,
    2,
    2,
    2,
    2,
    2,
    2,
    2,
    2,
    2,
    2,
    2,
    2,
    2,
    2,
    2,
    2,
    2,
    2,
    2,
    2,
    2,
    2,
    2,
    2,
    2,
    2,
    2,
    2,
    2,
    2,
    2,
    2,
    2,
    2,
    2,
    2,
    2,
    2,
    2,
    2,
    2,
    2,
    2,
    2,
    2,
    2,
    2,
    2,
    2,
    2,
    2,
    2,
    2,
    2,
    2,
    2,
    2,
    2,
    2,
    2
  ],