{
  "timesteps": [
    0,
    1,
    2,
    3,
    4,
    5,
    6,
    7,
    8,
    9,
    10,
    11,
    12,
    13,
    14,
    15,
    16,
    17,
    18,
    19,
    20,
    21,
    22,
    23,
    24,
    25,
    26,
    27,
    28,
    29,
    30,
    31,
    32,
    33,
    34,
    35,
    36,
    37,
    38,
    39,
    40,
    41,
    42,
    43,
    44,
    45,
    46,
    47,
    48,
    49,
    50,
    51,
    52,
    53,
    54,
    55,
    56,
    57,
    58,
    59,
    60,
    61,
    62,
    63,
    64,
    65,
    66,
    67,
    68,
    69,
    70,
    71,
    72,
    73,
    74,
    75,
    76,
    77,
    78,
    79,
    80,
    81,
    82,
    83,
    84,
    85,
    86,
    87,
    88,
    89,
    90,
    91,
    92,
    93,
    94,
    95,
    96,
    97,
    98,
    99,
    100,
    101,
    102,
    103,
    104,
    105,
    106,
    107,
    108,
    109,
    110,
    111,
    112,
    113,
    114,
    115,
    116,
    117,
    118,
    119,
    120,
    121,
    122,
    123,
    124,
    125,
    126,
    127,
    128,
    129,
    130,
    131,
    132,
    133,
    134,
    135,
    136,
    137,
    138,
    139,
    140,
    141,
    142,
    143,
    144,
    145,
    146,
    147,
    148,
    149,
    150,
    151,
    152,
    153,
    154,
    155,
    156,
    157,
    158,
    159,
    160,
    161,
    162,
    163,
    164,
    165,
    166,
    167,
    168,
    169,
    170,
    171,
    172,
    173,
    174,
    175,
    176,
    177,
    178,
    179,
    180,
    181,
    182,
    183,
    184,
    185,
    186,
    187,
    188,
    189,
    190,
    191,
    192,
    193,
    194,
    195,
    196,
    197,
    198,
    199
  ],
  "states": [
    50.0,
    51.44037175680268,
    52.07747520506686,
    50.88268709359139,
    47.738458598385,
    46.080850884340265,
    46.59803964523544,
    47.226383314200824,
    48.941113904286794,
    48.67562339971365,
    48.446968636183826,
    49.04878140324698,
    48.258953173583805,
    49.64984158656858,
    48.62389845943575,
    50.589123940102006,
    50.42377309284867,
    51.570069737580766,
    52.14788767395286,
    52.973293645599604,
    52.982143253328886,
    51.816504773229504,
    53.364220274505286,
    54.00870039606569,
    54.93499295482367,
    52.2018955379225,
    53.51534854483469,
    53.34214695024065,
    52.6520260855265,
    52.67188870435979,
    52.57228402192527,
    52.8219932631136,
    55.74235487593185,
    58.7863937555642,
    60.740373906159576,
    59.68070045489939,
    62.40507541438995,
    61.20250719462491,
    64.88858240139612,
    64.8555497816347,
    63.19234665099628,
    63.79228085311523,
    61.728440352951026,
    60.85291822226269,
    59.94687941788011,
    59.43125373931409,
    57.71414031116837,
    59.81780972182319,
    58.376848301375624,
    57.95200838868384,
    60.46186740839944,
    60.03650373929631,
    59.541978007677514,
    60.96539449294433,
    61.3683289003812,
    61.75198011211713,
    62.7959036863776,
    62.32802858226045,
    62.347083310425425,
    59.343721822557214,
    59.21540702867543,
    61.484854539859406,
    59.54908793551806,
    57.752924529235806,
    58.20476031459163,
    56.84824076909622,
    55.90092065808096,
    56.30089403188567,
    53.977880797092084,
    54.77531890841943,
    55.902103599182254,
    55.77632293441343,
    55.868051882785686,
    57.06663406363268,
    58.1377060110638,
    56.592375002592455,
    57.945230784487784,
    59.39965904142979,
    59.26186163792501,
    59.15523635966828,
    60.272820858548634,
    59.14252432612967,
    56.84488123806354,
    55.87489839369934,
    55.11632627622477,
    56.646494537729254,
    56.84027843223366,
    58.64782482844462,
    58.50053112219649,
    57.3263114744729,
    54.88508337070017,
    55.45703500157757,
    55.05894214709156,
    53.2097829540043,
    53.9168177334113,
    55.08409842683654,
    54.71668201463897,
    56.96805219564319,
    58.54011773146807,
    55.475209173764455,
    55.45894614485565,
    56.59520943339705,
    54.23867858073436,
    51.455443052853276,
    51.87087426370018,
    52.23924087171883,
    52.953379647678844,
    56.274919901523454,
    57.734134881401104,
    59.007325406045815,
    59.505539319974574,
    62.35739785647106,
    61.76997192131014,
    60.77336418437609,
    60.578966012324514,
    61.56261920225484,
    61.20794830317812,
    60.784505057598835,
    62.74177300332505,
    63.5582507233179,
    62.658409192864944,
    61.94206565564223,
    63.83365609318028,
    63.36087134194942,
    62.71148445807395,
    62.4501787208842,
    63.34544330044773,
    64.01644857149651,
    60.72630824659889,
    60.7274322419995,
    60.61120037739816,
    59.47338729225083,
    59.427261556264966,
    58.242156776478105,
    58.13914027618559,
    59.019633560909384,
    59.81477649505644,
    59.16429726685096,
    57.80176262952024,
    57.35138693822167,
    57.70620148258128,
    58.690655111939336,
    59.46956780257091,
    60.0309544532696,
    62.659252480080774,
    64.87101550619131,
    64.22341647485274,
    64.02152367051615,
    63.05772931690076,
    63.39459745663521,
    63.82472748871644,
    63.51148999731814,
    64.23738076973196,
    63.73243298968255,
    64.78176257385581,
    64.24792015304156,
    63.97865743797912,
    62.22128950486673,
    62.168182409513236,
    64.958057709029,
    66.50059990176347,
    67.32330386565093,
    66.37799669245857,
    63.542462342744656,
    65.50423185150423,
    65.89166765331206,
    68.23425735229132,
    68.31380403322453,
    69.99115231557933,
    70.29387687640866,
    71.77764609589903,
    72.92966680006816,
    73.71065600565146,
    74.8501331325428,
    76.61009981009393,
    75.75248923781308,
    75.5131168458653,
    75.30234241844686,
    75.30066785975167,
    77.21119195720564,
    76.83729362657446,
    78.28007922644183,
    80.07503060151876,
    77.97698388823096,
    75.58139252835551,
    75.76285316654709,
    76.74987147936294,
    76.72740528312951,
    76.65205223652691,
    76.24617109864427,
    76.82156022426916,
    74.38179967742528,
    71.87645471264,
    70.80209224891212,
    70.7799648965763,
    68.40441083859919,
    68.1867756580903,
    67.93171280291044,
    68.99050160130041,
    67.65100821718879,
    64.52997087910079
  ],
  "actions": [],
  "observations": [
    1,
    1,
    1,
    1,
    1,
    1,
    1,
    1,
    1,
    1,
    1,
    1,
    1,
    1,
    1,
    1,
    1,
    1,
    1,
    1,
    1,
    1,
    1,
    1,
    1,
    1,
    1,
    1,
    1,
    1,
    1,
    1,
    2,
    2,
    2,
    2,
    2,
    2,
    2,
    2,
    2,
    2,
    2,
    2,
    2,
    2,
    2,
    2,
    2,
    2,
    2,
    2,
    2,
    2,
    2,
    2,
    2,
    2,
    2,
    2,
    2,
    2,
    2,
    2,
    2,
    2,
    2,
    2,
    1,
    1,
    2,
    2,
    2,
    2,
    2,
    2,
    2,
    2,
    2,
    2,
    2,
    2,
    2,
    2,
    2,
    2,
    2,
    2,
    2,
    2,
    1,
    2,
    2,
    1,
    1,
    2,
    1,
    2,
    2,
    2,
    2,
    2,
    1,
    1,
    1,
    1,
    1,
    2,
    2,
    2,
    2,
    2,
    2,
    2,
    2,
    2,
    2,
    2,
    2,
    2,
    2,
    2,
    2,
    2,
    2,
    2,
    2,
    2,
    2,
    2,
    2,
    2,
    2,
    2,
    2,
    2,
    2,
    2,
    2,
    2,
    2,
    2,
    2,
    2,
    2,
    2,
    2,
    2,
    2,
    2,
    2,
    2,
    2,
    2,
    2,
    2,
    2,
    2,
    2,
    2,
    2,
    2,
    2,
    2,
    2,
    2,
    2,
    2,
    2,
    2,
    2,
    2,
    2,
    2,
    2,
    2,
    2,
    2,
    2,
    2,
    2,
    2,
    2,
    2,
    2,
    2,
    2,
    2,
    2,
    2,
    2,
    2,
    2,
    2,
    2,
    2,
    2,
    2,
    2,
    2
  ],