{
  "timesteps": [
    0,
    1,
    2,
    3,
    4,
    5,
    6,
    7,
    8,
    9,
    10,
    11,
    12,
    13,
    14,
    15,
    16,
    17,
    18,
    19,
    20,
    21,
    22,
    23,
    24,
    25,
    26,
    27,
    28,
    29,
    30,
    31,
    32,
    33,
    34,
    35,
    36,
    37,
    38,
    39,
    40,
    41,
    42,
    43,
    44,
    45,
    46,
    47,
    48,
    49,
    50,
    51,
    52,
    53,
    54,
    55,
    56,
    57,
    58,
    59,
    60,
    61,
    62,
    63,
    64,
    65,
    66,
    67,
    68,
    69,
    70,
    71,
    72,
    73,
    74,
    75,
    76,
    77,
    78,
    79,
    80,
    81,
    82,
    83,
    84,
    85,
    86,
    87,
    88,
    89,
    90,
    91,
    92,
    93,
    94,
    95,
    96,
    97,
    98,
    99,
    100,
    101,
    102,
    103,
    104,
    105,
    106,
    107,
    108,
    109,
    110,
    111,
    112,
    113,
    114,
    115,
    116,
    117,
    118,
    119,
    120,
    121,
    122,
    123,
    124,
    125,
    126,
    127,
    128,
    129,
    130,
    131,
    132,
    133,
    134,
    135,
    136,
    137,
    138,
    139,
    140,
    141,
    142,
    143,
    144,
    145,
    146,
    147,
    148,
    149,
    150,
    151,
    152,
    153,
    154,
    155,
    156,
    157,
    158,
    159,
    160,
    161,
    162,
    163,
    164,
    165,
    166,
    167,
    168,
    169,
    170,
    171,
    172,
    173,
    174,
    175,
    176,
    177,
    178,
    179,
    180,
    181,
    182,
    183,
    184,
    185,
    186,
    187,
    188,
    189,
    190,
    191,
    192,
    193,
    194,
    195,
    196,
    197,
    198,
    199
  ],
  "states": [
    50.0,
    50.00996831607294,
    49.74071333989216,
    48.79274692001098,
    48.1347547999815,
    48.49685220457103,
    48.84003236489535,
    48.65558185005769,
    48.83232031805217,
    48.86389267345646,
    47.87346384949165,
    47.27043651882383,
    47.62614939647396,
    48.66885669738296,
    48.39130008134004,
    48.70011457606041,
    48.03851823460359,
    48.365253199639476,
    47.70036643376966,
    47.821666894791015,
    48.2847174125623,
    49.09530367901412,
    49.24559568662268,
    48.60476301049357,
    49.05539109051995,
    49.35954136138375,
    49.37501020860909,
    49.02366466012827,
    49.144046394807816,
    50.05311653190277,
    49.99012724394387,
    50.173868404150205,
    49.907297986492054,
    50.28587309898226,
    50.83341871544804,
    50.85677206413145,
    50.73632956865597,
    52.185508347063724,
    51.87228908229614,
    50.8402695220432,
    52.14802439391889,
    52.320148898678525,
    52.10526641961273,
    52.255547667298536,
    52.973833995468,
    51.875104660222576,
    52.671631591641514,
    51.69628014985403,
    51.03852032062652,
    50.756274586350244,
    50.723539808613296,
    50.6164632896575,
    51.323323414951524,
    50.71921276235294,
    51.499648574004986,
    51.35324097556256,
    51.14800848781814,
    49.963413142381825,
    50.13532416934495,
    50.04758836660247,
    50.230971979156855,
    49.187774197151874,
    48.80856651278637,
    48.18007506960319,
    47.39337133490925,
    47.22914192294617,
    46.794509690022714,
    47.280382982228154,
    46.65595583195644,
    46.77133689138397,
    46.98983820353718,
    47.81441609559394,
    48.048975329255676,
    48.89289074670773,
    49.140206794561536,
    49.18926542451012,
    49.73868201609807,
    49.44080562418543,
    49.63191770788004,
    49.128094664615624,
    48.60074684432152,
    49.46070420108054,
    49.8382890886061,
    50.09986993189051,
    49.149366649027904,
    48.805512696135715,
    48.93442893210956,
    48.73877644941182,
    48.35342954072506,
    48.19087788780754,
    48.2550281257193,
    47.67207135304123,
    47.10704857653034,
    48.15845584751061,
    47.61903697502218,
    47.47824879736426,
    47.43651381688042,
    47.58236141443651,
    47.304090808946114,
    46.66711987916347,
    46.557499643004306,
    45.32139853213762,
    45.25845598923384,
    45.2640509998328,
    44.36432391651798,
    45.06899623768969,
    44.56824675552839,
    44.17762164636424,
    44.31396300006905,
    44.206686899493576,
    43.3542211353834,
    44.17854241615044,
    44.8113904684754,
    44.66253298957392,
    44.61341808698778,
    44.53704373516388,
    43.10082414505252,
    42.22455959478692,
    42.037148769311244,
    42.89953063101761,
    43.767231597482336,
    44.02846508242197,
    43.151392739287054,
    42.695821200882236,
    42.73262290191933,
    43.14480115409294,
    43.31463172522683,
    43.34092781016345,
    43.76912620626808,
    43.114712923598965,
    43.898276195952675,
    43.77865224919066,
    43.68627010026365,
    43.80182801159235,
    43.825562416817995,
    44.24233868588388,
    44.79809900464015,
    45.1712638670259,
    44.40724273413766,
    44.56913632203498,
    44.939991044044106,
    45.58886469079419,
    45.48632757088952,
    45.29725480397007,
    44.899721958524346,
    45.081969757006966,
    44.97526235926153,
    44.65972954886349,
    45.545458529768354,
    45.91004723899256,
    45.191878223833115,
    44.37707457449378,
    44.96923385104142,
    44.27014149345245,
    44.85798797683114,
    45.3163441222713,
    45.04466069634777,
    44.433570912326,
    44.42430205164133,
    43.20510471253329,
    42.80809156549704,
    42.40650539497221,
    42.23091904363954,
    41.40489718167697,
    41.271121367518276,
    40.878423148014086,
    41.20005034776118,
    41.141261615138106,
    41.337856812531065,
    41.065482876350195,
    40.86460888972005,
    41.32752123622521,
    41.23143143494425,
    41.30803437660773,
    41.692242694646026,
    40.787352224775326,
    40.825949404128686,
    41.338812514565085,
    41.516358272712715,
    41.15065258260032,
    40.90272255032895,
    41.42165462117652,
    41.21898227153011,
    41.45585385273046,
    41.93284744968422,
    42.44325022808762,
    42.16874201990241,
    42.07617775876342,
    42.758221815320255,
    41.859046751801166,
    41.52514818475338,
    42.448898594765055,
    42.51158525590482,
    41.89149092925068,
    41.128426527419535,
    41.13497460126484,
    41.94248560758425,
    42.56821833404541,
    42.950039160265014,
    43.75536193283047,
    43.494711631040644
  ],
  "actions": [],
  "observations": [
    1,
    1,
    1,
    1,
    1,
    1,
    1,
    1,
    1,
    1,
    1,
    1,
    1,
    1,
    1,
    1,
    1,
    1,
    1,
    1,
    1,
    1,
    1,
    1,
    1,
    1,
    1,
    1,
    1,
    1,
    1,
    1,
    1,
    1,
    1,
    1,
    1,
    1,
    1,
    1,
    1,
    1,
    1,
    1,
    1,
    1,
    1,
    1,
    1,
    1,
    1,
    1,
    1,
    1,
    1,
    1,
    1,
    1,
    1,
    1,
    1,
    1,
    1,
    1,
    1,
    1,
    1,
    1,
    1,
    1,
    1,
    1,
    1,
    1,
    1,
    1,
    1,
    1,
    1,
    1,
    1,
    1,
    1,
    1,
    1,
    1,
    1,
    1,
    1,
    1,
    1,
    1,
    1,
    1,
    1,
    1,
    1,
    1,
    1,
    1,
    1,
    1,
    1,
    1,
    0,
    1,
    0,
    0,
    0,
    0,
    0,
    0,
    0,
    0,
    0,
    0,
    0,
    0,
    0,
    0,
    0,
    0,
    0,
    0,
    0,
    0,
    0,
    0,
    0,
    0,
    0,
    0,
    0,
    0,
    0,
    0,
    0,
    1,
    0,
    0,
    0,
    1,
    1,
    1,
    0,
    1,
    0,
    0,
    1,
    1,
    1,
    0,
    0,
    0,
    0,
    1,
    1,
    0,
    0,
    0,
    0,
    0,
    0,
    0,
    0,
    0,
    0,
    0,
    0,
    0,
    0,
    0,
    0,
    0,
    0,
    0,
    0,
    0,
    0,
    0,
    0,
    0,
    0,
    0,
    0,
    0,
    0,
    0,
    0,
    0,
    0,
    0,
    0,
    0,
    0,
    0,
    0,
    0,
    0,
    0
  ],