{
  "timesteps": [
    0,
    1,
    2,
    3,
    4,
    5,
    6,
    7,
    8,
    9,
    10,
    11,
    12,
    13,
    14,
    15,
    16,
    17,
    18,
    19,
    20,
    21,
    22,
    23,
    24,
    25,
    26,
    27,
    28,
    29,
    30,
    31,
    32,
    33,
    34,
    35,
    36,
    37,
    38,
    39,
    40,
    41,
    42,
    43,
    44,
    45,
    46,
    47,
    48,
    49,
    50,
    51,
    52,
    53,
    54,
    55,
    56,
    57,
    58,
    59,
    60,
    61,
    62,
    63,
    64,
    65,
    66,
    67,
    68,
    69,
    70,
    71,
    72,
    73,
    74,
    75,
    76,
    77,
    78,
    79,
    80,
    81,
    82,
    83,
    84,
    85,
    86,
    87,
    88,
    89,
    90,
    91,
    92,
    93,
    94,
    95,
    96,
    97,
    98,
    99,
    100,
    101,
    102,
    103,
    104,
    105,
    106,
    107,
    108,
    109,
    110,
    111,
    112,
    113,
    114,
    115,
    116,
    117,
    118,
    119,
    120,
    121,
    122,
    123,
    124,
    125,
    126,
    127,
    128,
    129,
    130,
    131,
    132,
    133,
    134,
    135,
    136,
    137,
    138,
    139,
    140,
    141,
    142,
    143,
    144,
    145,
    146,
    147,
    148,
    149,
    150,
    151,
    152,
    153,
    154,
    155,
    156,
    157,
    158,
    159,
    160,
    161,
    162,
    163,
    164,
    165,
    166,
    167,
    168,
    169,
    170,
    171,
    172,
    173,
    174,
    175,
    176,
    177,
    178,
    179,
    180,
    181,
    182,
    183,
    184,
    185,
    186,
    187,
    188,
    189,
    190,
    191,
    192,
    193,
    194,
    195,
    196,
    197,
    198,
    199
  ],
  "states": [
    50.0,
    50.24710797551376,
    50.952678618569486,
    51.16793682021422,
    49.94448812318065,
    50.53334336747944,
    50.93346581159436,
    51.23423737827757,
    50.84129439749847,
    51.22228287868666,
    51.2118362452868,
    49.914843546425274,
    49.98536103552472,
    48.892406374951925,
    48.86891123434356,
    49.483979746269036,
    49.5830114879536,
    49.83465302852484,
    49.506732636343216,
    49.97053704148714,
    50.571335224562134,
    49.60269206526229,
    49.338800194066465,
    49.52642836952394,
    49.6845443910944,
    50.700740532292734,
    50.988491872319585,
    51.19679557510577,
    51.50232753402132,
    51.20325172151926,
    50.565653674315556,
    50.854822461566584,
    50.34787479472595,
    50.55260605822562,
    50.48687836750848,
    50.596684785082566,
    49.274248850476724,
    49.43162722798869,
    48.62071423530436,
    48.92513940234149,
    48.3649930526233,
    47.499816460738124,
    46.75333567344048,
    46.48023128182735,
    46.643606633490826,
    46.73695053878835,
    47.447083974684844,
    47.13307141185028,
    47.42744599038295,
    47.54760842469878,
    46.247965858064426,
    45.56052271075656,
    45.297971406790545,
    45.62250484254913,
    45.56105150096832,
    45.589196815167185,
    44.56231082480019,
    43.97395512180189,
    43.31456957322933,
    43.95111651107667,
    43.94383337899588,
    44.27305155933206,
    44.031737718781756,
    43.9908038844277,
    43.84262821059335,
    43.98710756879769,
    43.257917263224364,
    42.92526142844449,
    42.327019020586796,
    42.14400764853131,
    41.97305481649353,
    41.244864389723375,
    41.877845116900886,
    41.44162464020001,
    40.87776523775207,
    41.17900208412856,
    40.679850457137924,
    40.79460607646986,
    40.856415031752725,
    41.41254638553561,
    41.55552409136726,
    42.65338753732151,
    42.41758051368915,
    41.80219681233724,
    41.95074209283653,
    42.374712262592325,
    42.65019474586069,
    42.8380791850581,
    42.68585471087565,
    41.97586446092685,
    41.57217031507467,
    42.21906401156374,
    43.02605229874241,
    43.21089846270159,
    42.42371063016445,
    41.73520363018748,
    41.62538645286463,
    41.300423186951825,
    41.16444004751187,
    39.79513004191825,
    39.24683587213642,
    40.17621308670621,
    40.004899749140655,
    40.141822842068166,
    39.063839889386955,
    39.49881248477545,
    38.79728916410028,
    38.18082721912797,
    37.75796027968983,
    37.24907229238882,
    37.01479732164693,
    36.744865800659085,
    37.20272011118934,
    37.53952440607873,
    36.90368179377328,
    37.04939203089855,
    36.92450781664123,
    37.065361540785545,
    37.24341563112942,
    37.92029215168662,
    38.06691014043322,
    37.85827504563795,
    37.45885897700482,
    37.133812082821386,
    36.59716449328472,
    36.75741629676337,
    37.87090450444296,
    37.69488770062365,
    38.66392805247423,
    37.66454833653882,
    37.68108552619749,
    37.527643290242416,
    37.21963949512506,
    37.695048804169865,
    38.15058502234392,
    38.81304114128332,
    38.831685969873355,
    38.60506771341166,
    38.28674446221045,
    38.10373884700272,
    37.59294027601264,
    36.87180757021311,
    37.222593668328294,
    37.302168320844906,
    37.50774131946339,
    36.73057725945644,
    36.458959958300326,
    37.08556132111287,
    36.54491674045901,
    37.23261982293268,
    38.67940579610679,
    38.65629542739406,
    39.08037234403967,
    39.484338057928476,
    39.243621869254476,
    39.086050617744796,
    38.744513271043914,
    39.51007815623954,
    39.12691688812707,
    39.15997522767378,
    38.95371398424639,
    39.54323404592301,
    38.699764090659265,
    39.13329422518822,
    38.91859581560566,
    39.563083628762755,
    40.20094662184273,
    39.236901302284,
    38.50768992732671,
    39.27129914789029,
    39.28520370244078,
    39.23624418040582,
    39.29992288849269,
    39.169570193532145,
    39.994103334270505,
    39.59610839098458,
    40.01904426284951,
    39.482813635608906,
    39.36456190276418,
    39.251487617268005,
    38.69237571334324,
    38.427060791422896,
    38.86169891502085,
    39.11680479650643,
    38.499848976793864,
    38.718842932152704,
    38.986202080942064,
    38.75737734696561,
    37.92666756959881,
    37.53384099057915,
    37.22819420346046,
    36.42570322739618,
    36.176358153448035,
    36.181243521085996,
    36.528588354978965,
    36.01870413446433,
    36.13858571722389,
    36.181714031155614,
    35.33834695831113,
    34.80310827142961,
    34.237385344320025
  ],
  "actions": [],
  "observations": [
    1,
    1,
    1,
    1,
    1,
    1,
    1,
    1,
    1,
    1,
    1,
    1,
    1,
    1,
    1,
    1,
    1,
    1,
    1,
    1,
    1,
    1,
    1,
    1,
    1,
    1,
    1,
    1,
    1,
    1,
    1,
    1,
    1,
    1,
    1,
    1,
    1,
    1,
    1,
    1,
    1,
    1,
    1,
    1,
    1,
    1,
    1,
    1,
    1,
    1,
    1,
    1,
    1,
    1,
    1,
    1,
    0,
    0,
    0,
    0,
    0,
    0,
    0,
    0,
    0,
    0,
    0,
    0,
    0,
    0,
    0,
    0,
    0,
    0,
    0,
    0,
    0,
    0,
    0,
    0,
    0,
    0,
    0,
    0,
    0,
    0,
    0,
    0,
    0,
    0,
    0,
    0,
    0,
    0,
    0,
    0,
    0,
    0,
    0,
    0,
    0,
    0,
    0,
    0,
    0,
    0,
    0,
    0,
    0,
    0,
    0,
    0,
    0,
    0,
    0,
    0,
    0,
    0,
    0,
    0,
    0,
    0,
    0,
    0,
    0,
    0,
    0,
    0,
    0,
    0,
    0,
    0,
    0,
    0,
    0,
    0,
    0,
    0,
    0,
    0,
    0,
    0,
    0,
    0,
    0,
    0,
    0,
    0,
    0,
    0,
    0,
    0,
    0,
    0,
    0,
    0,
    0,
    0,
    0,
    0,
    0,
    0,
    0,
    0,
    0,
    0,
    0,
    0,
    0,
    0,
    0,
    0,
    0,
    0,
    0,
    0,
    0,
    0,
    0,
    0,
    0,
    0,
    0,
    0,
    0,
    0,
    0,
    0,
    0,
    0,
    0,
    0,
    0,
    0,
    0,
    0,
    0,
    0,
    0,
    0
  ],