{
  "timesteps": [
    0,
    1,
    2,
    3,
    4,
    5,
    6,
    7,
    8,
    9,
    10,
    11,
    12,
    13,
    14,
    15,
    16,
    17,
    18,
    19,
    20,
    21,
    22,
    23,
    24,
    25,
    26,
    27,
    28,
    29,
    30,
    31,
    32,
    33,
    34,
    35,
    36,
    37,
    38,
    39,
    40,
    41,
    42,
    43,
    44,
    45,
    46,
    47,
    48,
    49,
    50,
    51,
    52,
    53,
    54,
    55,
    56,
    57,
    58,
    59,
    60,
    61,
    62,
    63,
    64,
    65,
    66,
    67,
    68,
    69,
    70,
    71,
    72,
    73,
    74,
    75,
    76,
    77,
    78,
    79,
    80,
    81,
    82,
    83,
    84,
    85,
    86,
    87,
    88,
    89,
    90,
    91,
    92,
    93,
    94,
    95,
    96,
    97,
    98,
    99,
    100,
    101,
    102,
    103,
    104,
    105,
    106,
    107,
    108,
    109,
    110,
    111,
    112,
    113,
    114,
    115,
    116,
    117,
    118,
    119,
    120,
    121,
    122,
    123,
    124,
    125,
    126,
    127,
    128,
    129,
    130,
    131,
    132,
    133,
    134,
    135,
    136,
    137,
    138,
    139,
    140,
    141,
    142,
    143,
    144,
    145,
    146,
    147,
    148,
    149,
    150,
    151,
    152,
    153,
    154,
    155,
    156,
    157,
    158,
    159,
    160,
    161,
    162,
    163,
    164,
    165,
    166,
    167,
    168,
    169,
    170,
    171,
    172,
    173,
    174,
    175,
    176,
    177,
    178,
    179,
    180,
    181,
    182,
    183,
    184,
    185,
    186,
    187,
    188,
    189,
    190,
    191,
    192,
    193,
    194,
    195,
    196,
    197,
    198,
    199
  ],
  "states": [
    50.0,
    49.75031149010803,
    50.80933268108846,
    50.857244891267115,
    51.507959300231754,
    50.97972789248122,
    50.83918522769758,
    51.67108102389069,
    51.70412192095353,
    51.81095837211456,
    52.03292562830394,
    52.106681042059236,
    52.14899175033309,
    51.7974691683914,
    52.12090141781053,
    51.114765227931876,
    51.280303931683655,
    50.82014973596935,
    50.130462745016665,
    50.5725980980623,
    51.106658982393014,
    50.84481633650821,
    50.99696204196688,
    51.115764608985344,
    50.76966678766784,
    50.89267220682294,
    50.4086380668342,
    50.56639938293319,
    51.26363499448147,
    51.63463714135467,
    51.56823801503351,
    50.7994278041195,
    50.8312590676948,
    50.53095582768814,
    49.39716231904501,
    49.90495957313277,
    50.38129945718305,
    50.24144307953186,
    49.77015705585129,
    49.321182517794526,
    49.37438870147053,
    49.5971045234557,
    50.431127692816275,
    50.83816443787464,
    51.296294672976494,
    49.424381482451366,
    49.82947866885714,
    49.70752472950899,
    48.96718969618099,
    48.82709767835547,
    49.07423123194795,
    48.77060677083775,
    48.76913495069611,
    48.888692900205264,
    48.63533967969853,
    48.587655111740204,
    48.17149461558777,
    47.10409662366705,
    47.02545501238271,
    47.48375683545538,
    47.59609610003089,
    47.62135694492626,
    47.208248416885866,
    46.462445944456675,
    46.78607138948551,
    46.61371058156302,
    46.9269018833031,
    46.75031068740298,
    46.81297215539522,
    47.093068651952116,
    46.25769930343945,
    46.04083639664373,
    46.008724850815575,
    46.52553731535402,
    45.600086787264544,
    45.46677948003267,
    46.1388949134416,
    46.097103241916784,
    46.79116782313155,
    47.2048734867473,
    47.57202232722535,
    47.15368119910431,
    46.496831922968134,
    46.61541475104721,
    46.18517496661063,
    47.524966266007965,
    47.29077866509074,
    47.15120853084162,
    47.259883387406056,
    47.158707237630935,
    47.050110755223784,
    47.182522731671256,
    46.882891626149,
    46.287769045185264,
    46.46693179460267,
    45.93192136732038,
    46.70041815329153,
    46.89444773582562,
    46.69826190895478,
    46.31186812189757,
    45.26252903211818,
    45.38289967102935,
    44.73440656095973,
    44.48051560423324,
    43.34947576827622,
    43.79069092814703,
    43.63424227783599,
    44.15109000017974,
    44.42811895145644,
    45.07769653244596,
    44.88121311805666,
    44.37539924687802,
    44.169223004180374,
    43.32768611511755,
    43.46586758868422,
    44.23946204120451,
    43.43191429048219,
    44.07982901719295,
    44.76888583164184,
    44.44492272450594,
    44.5828873798531,
    45.34090268490188,
    46.17257572909585,
    45.29684500923697,
    45.566431714926594,
    45.85392545311018,
    45.921475932410566,
    45.43635204116646,
    44.7804690544696,
    45.321006765139174,
    45.771128687501715,
    45.05742102633884,
    44.96782691892362,
    45.08699190218821,
    44.94945615526867,
    44.183668888688224,
    43.818616844403316,
    44.29680172272972,
    45.147524582883875,
    46.08410480776075,
    46.49770021229224,
    45.829133437512596,
    45.025784845907,
    45.15837798978253,
    45.79451971892916,
    45.99435162645318,
    45.76748878734707,
    46.07323356686679,
    46.01510241371083,
    46.30884008549033,
    46.214235496226046,
    45.84035521884806,
    46.27805485967982,
    46.09118208407335,
    46.25251681221112,
    46.29784336800995,
    46.107193514777386,
    45.28126967238295,
    45.76991763389279,
    46.531377440479964,
    46.20257321730153,
    45.369591183861864,
    45.80487611000773,
    45.70665920698325,
    45.994925745368604,
    45.61036651663697,
    45.111527895704405,
    45.221500867190464,
    44.69120098133555,
    45.15613409855812,
    44.871337223007615,
    44.658879426691975,
    45.101361554385456,
    45.02138210491011,
    45.038500766377155,
    45.146254408922445,
    44.866022063949096,
    45.5001696010296,
    44.91941189238924,
    44.370951582854524,
    44.31136789025652,
    43.50229206881485,
    42.94606891741596,
    42.48096622379296,
    41.90538874476981,
    42.684125881621476,
    42.57224677786606,
    41.71289975239536,
    42.21404658257649,
    42.26186260662312,
    42.13748615151336,
    42.10221400929164,
    41.67107064133886,
    41.33573422250134,
    41.4640933279446,
    41.22820381430026,
    41.052564835808866,
    40.36856028948856,
    39.852382209200414,
    39.63627571514804,
    39.214451066729914
  ],
  "actions": [],
  "observations": [
    1,
    1,
    1,
    1,
    1,
    1,
    1,
    1,
    1,
    1,
    1,
    1,
    1,
    1,
    1,
    1,
    1,
    1,
    1,
    1,
    1,
    1,
    1,
    1,
    1,
    1,
    1,
    1,
    1,
    1,
    1,
    1,
    1,
    1,
    1,
    1,
    1,
    1,
    1,
    1,
    1,
    1,
    1,
    1,
    1,
    1,
    1,
    1,
    1,
    1,
    1,
    1,
    1,
    1,
    1,
    1,
    1,
    1,
    1,
    1,
    1,
    1,
    1,
    1,
    1,
    1,
    1,
    1,
    1,
    1,
    1,
    1,
    1,
    1,
    1,
    1,
    1,
    1,
    1,
    1,
    1,
    1,
    1,
    1,
    1,
    1,
    1,
    1,
    1,
    1,
    1,
    1,
    1,
    1,
    1,
    1,
    1,
    1,
    1,
    1,
    1,
    1,
    0,
    0,
    0,
    0,
    0,
    0,
    0,
    1,
    0,
    0,
    0,
    0,
    0,
    0,
    0,
    0,
    0,
    0,
    0,
    1,
    1,
    1,
    1,
    1,
    1,
    1,
    0,
    1,
    1,
    1,
    0,
    1,
    0,
    0,
    0,
    0,
    1,
    1,
    1,
    1,
    1,
    1,
    1,
    1,
    1,
    1,
    1,
    1,
    1,
    1,
    1,
    1,
    1,
    1,
    1,
    1,
    1,
    1,
    1,
    1,
    1,
    1,
    1,
    1,
    1,
    1,
    0,
    1,
    0,
    0,
    1,
    1,
    1,
    1,
    0,
    1,
    0,
    0,
    0,
    0,
    0,
    0,
    0,
    0,
    0,
    0,
    0,
    0,
    0,
    0,
    0,
    0,
    0,
    0,
    0,
    0,
    0,
    0
  ],