{
  "timesteps": [
    0,
    1,
    2,
    3,
    4,
    5,
    6,
    7,
    8,
    9,
    10,
    11,
    12,
    13,
    14,
    15,
    16,
    17,
    18,
    19,
    20,
    21,
    22,
    23,
    24,
    25,
    26,
    27,
    28,
    29,
    30,
    31,
    32,
    33,
    34,
    35,
    36,
    37,
    38,
    39,
    40,
    41,
    42,
    43,
    44,
    45,
    46,
    47,
    48,
    49,
    50,
    51,
    52,
    53,
    54,
    55,
    56,
    57,
    58,
    59,
    60,
    61,
    62,
    63,
    64,
    65,
    66,
    67,
    68,
    69,
    70,
    71,
    72,
    73,
    74,
    75,
    76,
    77,
    78,
    79,
    80,
    81,
    82,
    83,
    84,
    85,
    86,
    87,
    88,
    89,
    90,
    91,
    92,
    93,
    94,
    95,
    96,
    97,
    98,
    99,
    100,
    101,
    102,
    103,
    104,
    105,
    106,
    107,
    108,
    109,
    110,
    111,
    112,
    113,
    114,
    115,
    116,
    117,
    118,
    119,
    120,
    121,
    122,
    123,
    124,
    125,
    126,
    127,
    128,
    129,
    130,
    131,
    132,
    133,
    134,
    135,
    136,
    137,
    138,
    139,
    140,
    141,
    142,
    143,
    144,
    145,
    146,
    147,
    148,
    149,
    150,
    151,
    152,
    153,
    154,
    155,
    156,
    157,
    158,
    159,
    160,
    161,
    162,
    163,
    164,
    165,
    166,
    167,
    168,
    169,
    170,
    171,
    172,
    173,
    174,
    175,
    176,
    177,
    178,
    179,
    180,
    181,
    182,
    183,
    184,
    185,
    186,
    187,
    188,
    189,
    190,
    191,
    192,
    193,
    194,
    195,
    196,
    197,
    198,
    199
  ],
  "states": [
    50.0,
    48.97502552061535,
    48.67573011631134,
    45.16001611649461,
    47.07216096788422,
    50.293535810255406,
    51.049518984365235,
    50.60595382211492,
    54.03571410835761,
    54.427306004094,
    52.52884440043369,
    53.32694707472724,
    54.05833092200861,
    53.19447895703343,
    51.89268472011601,
    51.06622720756665,
    49.39492838370953,
    49.2107965463219,
    51.668332675135744,
    54.24611093069413,
    56.804182501463515,
    56.400373859678595,
    57.36261108127592,
    57.9422835489564,
    57.6420920988604,
    57.18656133267074,
    56.08625567346566,
    57.53967967473492,
    59.016688473084315,
    60.55966048329091,
    59.29748761831758,
    58.67594992244354,
    64.22096159302612,
    62.49532627250969,
    62.495709478283665,
    63.521832929562414,
    61.92855100770951,
    61.37532051313843,
    60.73157818272608,
    59.12769255642875,
    58.62244277681813,
    60.968574612372215,
    61.22378835566364,
    59.45680393938665,
    62.22210077431572,
    63.72122711145288,
    64.12335063301693,
    65.74305489169134,
    64.04425725876811,
    61.5798479627703,
    59.19803088668526,
    57.15724659029892,
    58.09032945865981,
    59.580137113111434,
    60.96917745752567,
    59.5279818389516,
    61.446352421906,
    60.57329930882059,
    57.50426082299742,
    55.54515941025095,
    55.59505226167001,
    54.865356924064194,
    55.17376433507416,
    55.224623402561456,
    54.66325150872831,
    55.89945170157225,
    56.39349140312163,
    55.8150059420697,
    56.327229384116485,
    58.42822549838828,
    59.3846529451308,
    56.888723796568144,
    56.976584311522025,
    58.20101369005575,
    57.397884395977364,
    56.625646583481455,
    57.020142871943314,
    56.97073242448157,
    56.66239651517426,
    56.858866629054056,
    57.12647124279928,
    55.91389220638879,
    55.464441161458176,
    52.77338413661489,
    52.647808887025285,
    52.825157994754136,
    47.730024774494495,
    49.5098256301832,
    49.805420748115736,
    53.7670266164981,
    51.62664849300159,
    54.079020401403966,
    53.27320596457958,
    55.9995903243426,
    56.217461846598525,
    58.405911897879015,
    57.7186392812772,
    55.4662993563378,
    54.60499099502926,
    53.7447680134786,
    53.87515392947541,
    53.46406100107104,
    51.6760014665426,
    51.82443405849309,
    52.67662844427495,
    53.6184331539939,
    55.350808176188565,
    54.2633408210547,
    57.282559984210096,
    58.401137903971794,
    57.31825954614346,
    57.44643909276186,
    54.10036155019009,
    56.81436383168064,
    56.30579823707647,
    56.72578524732602,
    54.75650901863808,
    57.56373992374209,
    59.701973331003295,
    59.55212434393722,
    57.62581487028274,
    54.828444588463114,
    57.354096987874414,
    58.116148145833776,
    54.92476665449006,
    53.88354057167814,
    50.02537163529802,
    49.48453550871735,
    48.11445372798418,
    50.55539273246132,
    49.91856690555507,
    49.78880319972717,
    51.06841268136632,
    49.641822803592916,
    50.37212066551883,
    50.745804302044284,
    49.28145099721971,
    48.120689706167376,
    50.95456972090797,
    49.64795600020889,
    49.76014873757491,
    49.63722101966439,
    47.92336000454681,
    45.45429551489095,
    45.43707160783395,
    44.941696364851396,
    46.224056908589525,
    45.46547455696054,
    47.622738600060735,
    47.75491510426569,
    48.37419219345884,
    47.41914769935882,
    49.45512946174299,
    45.398447426581846,
    42.42220701015063,
    40.67681651003262,
    40.56495269327594,
    40.03964376108968,
    41.31413552824667,
    41.01787036401051,
    38.10462504001861,
    36.17330707042732,
    38.267155740620055,
    39.44781091639538,
    35.253970244769334,
    33.456636748681454,
    32.41906565871358,
    29.38802569792831,
    26.887873220038838,
    26.71740285195354,
    24.60756417775663,
    23.848653114841213,
    23.577864638089537,
    23.21795579534903,
    20.238365768029066,
    21.694240857056933,
    23.708406776268106,
    23.793430485110175,
    22.949065212214332,
    20.550238417502065,
    23.32108923493827,
    24.41232181025738,
    21.4122158958209,
    21.392105233520116,
    20.80126639647466,
    20.894304829523392,
    22.164010742916528,
    23.873474535500467,
    22.102069180266735,
    20.710802275026005,
    22.91620578632792,
    19.234868824572697,
    17.09088556570214,
    15.355869340696522,
    14.393790115583487,
    12.11618710409295,
    15.613211620524119,
    16.80841072497196,
    14.3535635462211,
    13.851085376683931,
    12.692350708377733
  ],
  "actions": [],
  "observations": [
    1,
    1,
    1,
    1,
    1,
    1,
    1,
    1,
    1,
    1,
    1,
    1,
    1,
    1,
    1,
    1,
    1,
    1,
    1,
    1,
    2,
    2,
    2,
    2,
    2,
    2,
    2,
    2,
    2,
    2,
    2,
    2,
    2,
    2,
    2,
    2,
    2,
    2,
    2,
    2,
    2,
    2,
    2,
    2,
    2,
    2,
    2,
    2,
    2,
    2,
    2,
    2,
    2,
    2,
    2,
    2,
    2,
    2,
    2,
    2,
    2,
    1,
    2,
    2,
    1,
    2,
    2,
    2,
    2,
    2,
    2,
    2,
    2,
    2,
    2,
    2,
    2,
    2,
    2,
    2,
    2,
    2,
    2,
    1,
    1,
    1,
    1,
    1,
    1,
    1,
    1,
    1,
    1,
    2,
    2,
    2,
    2,
    2,
    1,
    1,
    1,
    1,
    1,
    1,
    1,
    1,
    2,
    1,
    2,
    2,
    2,
    2,
    1,
    2,
    2,
    2,
    1,
    2,
    2,
    2,
    2,
    1,
    2,
    2,
    1,
    1,
    1,
    1,
    1,
    1,
    1,
    1,
    1,
    1,
    1,
    1,
    1,
    1,
    1,
    1,
    1,
    1,
    1,
    1,
    1,
    0,
    1,
    1,
    1,
    1,
    1,
    1,
    1,
    1,
    0,
    0,
    0,
    0,
    0,
    0,
    0,
    0,
    0,
    0,
    0,
    0,
    0,
    0,
    0,
    0,
    0,
    0,
    0,
    0,
    0,
    0,
    0,
    0,
    0,
    0,
    0,
    0,
    0,
    0,
    0,
    0,
    0,
    0,
    0,
    0,
    0,
    0,
    0,
    0,
    0,
    0,
    0,
    0,
    0,
    0
  ],