{
  "timesteps": [
    0,
    1,
    2,
    3,
    4,
    5,
    6,
    7,
    8,
    9,
    10,
    11,
    12,
    13,
    14,
    15,
    16,
    17,
    18,
    19,
    20,
    21,
    22,
    23,
    24,
    25,
    26,
    27,
    28,
    29,
    30,
    31,
    32,
    33,
    34,
    35,
    36,
    37,
    38,
    39,
    40,
    41,
    42,
    43,
    44,
    45,
    46,
    47,
    48,
    49,
    50,
    51,
    52,
    53,
    54,
    55,
    56,
    57,
    58,
    59,
    60,
    61,
    62,
    63,
    64,
    65,
    66,
    67,
    68,
    69,
    70,
    71,
    72,
    73,
    74,
    75,
    76,
    77,
    78,
    79,
    80,
    81,
    82,
    83,
    84,
    85,
    86,
    87,
    88,
    89,
    90,
    91,
    92,
    93,
    94,
    95,
    96,
    97,
    98,
    99,
    100,
    101,
    102,
    103,
    104,
    105,
    106,
    107,
    108,
    109,
    110,
    111,
    112,
    113,
    114,
    115,
    116,
    117,
    118,
    119,
    120,
    121,
    122,
    123,
    124,
    125,
    126,
    127,
    128,
    129,
    130,
    131,
    132,
    133,
    134,
    135,
    136,
    137,
    138,
    139,
    140,
    141,
    142,
    143,
    144,
    145,
    146,
    147,
    148,
    149,
    150,
    151,
    152,
    153,
    154,
    155,
    156,
    157,
    158,
    159,
    160,
    161,
    162,
    163,
    164,
    165,
    166,
    167,
    168,
    169,
    170,
    171,
    172,
    173,
    174,
    175,
    176,
    177,
    178,
    179,
    180,
    181,
    182,
    183,
    184,
    185,
    186,
    187,
    188,
    189,
    190,
    191,
    192,
    193,
    194,
    195,
    196,
    197,
    198,
    199
  ],
  "states": [
    50.0,
    49.795061461815195,
    50.12097615758802,
    50.626951352200614,
    51.37833193093223,
    50.511605819502506,
    49.48618411628606,
    50.00623937757402,
    48.845308152844076,
    49.444311096377206,
    49.81370312537333,
    53.41346216547843,
    52.42297060536214,
    50.85874095764152,
    51.962630525627965,
    49.205831989983544,
    48.207204710447805,
    48.55060141970929,
    50.96229062423439,
    48.46056435586567,
    49.085423479906126,
    50.43105590459959,
    52.70128100486114,
    51.602716943662195,
    52.653348974989335,
    51.502970986787226,
    49.28644847789492,
    48.450902852678865,
    49.08757383379773,
    49.511196505794096,
    47.851604008841434,
    47.82358511070175,
    48.90208269103285,
    49.14564450257144,
    49.32420342128396,
    47.295630636186374,
    48.68701136385113,
    47.794038696900664,
    51.362846797609784,
    53.34884983315114,
    51.3137902473565,
    49.533971372123005,
    47.200155558259105,
    48.084285757881396,
    47.98098316980136,
    50.023374181914996,
    53.536855894383166,
    56.724747599652666,
    56.199116518992334,
    56.25337310563674,
    55.97107055570855,
    53.41887937752251,
    53.82530848181812,
    54.67923887245798,
    52.982042783732155,
    54.25451653172757,
    51.87346249267107,
    52.765867906375135,
    51.888605674266344,
    51.19261816071232,
    49.58211034043396,
    52.24496758086669,
    54.536693033595974,
    59.98950495433307,
    62.40084029628027,
    61.79922459501318,
    59.60913720668551,
    64.13896719868934,
    63.18399735962622,
    65.47297023876585,
    65.6595951913496,
    65.18020219657035,
    62.46259748032102,
    63.16065571857591,
    63.869503720197216,
    63.702328915114954,
    60.48700587503793,
    58.33971127313721,
    58.095785481718345,
    56.287040979861665,
    54.8650765054335,
    59.12727863861845,
    62.129738085274106,
    62.290549990255954,
    63.162811705606806,
    62.4575467538907,
    66.35361090299837,
    64.77315082813898,
    63.66581592045306,
    60.68439556827957,
    60.551640318412176,
    58.12077509245597,
    56.94933005390494,
    57.75463421833593,
    57.46264874235593,
    58.78661753403028,
    56.30621170893243,
    55.14198830781369,
    51.84924982199419,
    48.75529095654332,
    48.81823353510519,
    51.36674504606678,
    52.72199432288775,
    52.20983048094036,
    53.419321757827994,
    52.474831441173464,
    50.10792361707803,
    51.38062443868156,
    50.17844239775746,
    51.243044604237575,
    51.69042903079172,
    50.184358971620576,
    51.9689875135073,
    51.28335958275274,
    51.207333254958684,
    52.28240905438343,
    47.0322341175232,
    47.341077161159966,
    50.461517830044784,
    48.38884638258805,
    51.60794183801884,
    51.501437466271796,
    55.659560320036704,
    58.69715561643516,
    60.64596232070771,
    63.75549947114843,
    64.65183019958135,
    65.08767364653103,
    64.80707937122943,
    62.294493703887476,
    63.56638749779011,
    62.60376894584294,
    65.2832653616202,
    62.64604076296267,
    59.33037999588533,
    60.84000447746402,
    58.74895189362311,
    57.96452241270267,
    60.23958918842042,
    59.70943055291535,
    60.62652083884493,
    59.806438648484026,
    60.061574284945635,
    63.10615490155341,
    62.91673358980739,
    61.137296386945295,
    60.50869650969676,
    58.65120876776612,
    58.30423700936993,
    58.2099928051915,
    57.14357203131304,
    59.06709141305785,
    57.892204591267536,
    57.81774917230531,
    55.684693929437366,
    55.069453611891156,
    56.69575293767733,
    55.8664711062134,
    54.64194404134219,
    52.66522467517336,
    54.745359108777336,
    53.03684696222642,
    56.625581692657285,
    56.1212718036472,
    56.85708728855568,
    58.182109738413025,
    58.87741009459174,
    55.38097124558465,
    55.68553512992887,
    55.51881675702725,
    52.22742117672091,
    51.0931380503697,
    50.48551684276248,
    47.61256930827502,
    43.985418476402,
    45.81452169865684,
    48.83397308769474,
    48.51932023525828,
    54.80326724884911,
    52.7855595905451,
    52.60621030871224,
    53.85760360155426,
    51.7898511376151,
    56.0019696815504,
    56.08153132820891,
    51.40912393131753,
    49.80948400213918,
    52.76196423745711,
    51.08238425308687,
    51.93421233652701,
    49.1638063061556,
    49.12845019821478,
    47.317256116692626,
    44.50951127557411,
    42.30741085557839,
    41.49555946121642,
    42.56932855947072,
    41.381317537187044,
    42.20770505853395,
    42.84747102249659,
    39.02941288418027
  ],
  "actions": [],
  "observations": [
    1,
    1,
    1,
    1,
    1,
    1,
    1,
    1,
    1,
    1,
    1,
    1,
    1,
    1,
    1,
    1,
    1,
    1,
    1,
    1,
    1,
    1,
    1,
    1,
    1,
    1,
    1,
    1,
    1,
    1,
    1,
    1,
    1,
    1,
    1,
    1,
    1,
    1,
    1,
    1,
    1,
    1,
    1,
    1,
    1,
    1,
    1,
    2,
    2,
    2,
    2,
    1,
    1,
    1,
    1,
    1,
    1,
    1,
    1,
    1,
    1,
    1,
    1,
    2,
    2,
    2,
    2,
    2,
    2,
    2,
    2,
    2,
    2,
    2,
    2,
    2,
    2,
    2,
    2,
    2,
    1,
    2,
    2,
    2,
    2,
    2,
    2,
    2,
    2,
    2,
    2,
    2,
    2,
    2,
    2,
    2,
    2,
    2,
    1,
    1,
    1,
    1,
    1,
    1,
    1,
    1,
    1,
    1,
    1,
    1,
    1,
    1,
    1,
    1,
    1,
    1,
    1,
    1,
    1,
    1,
    1,
    1,
    2,
    2,
    2,
    2,
    2,
    2,
    2,
    2,
    2,
    2,
    2,
    2,
    2,
    2,
    2,
    2,
    2,
    2,
    2,
    2,
    2,
    2,
    2,
    2,
    2,
    2,
    2,
    2,
    2,
    2,
    2,
    2,
    2,
    2,
    2,
    2,
    1,
    1,
    1,
    1,
    2,
    2,
    2,
    2,
    2,
    2,
    2,
    2,
    1,
    1,
    1,
    1,
    0,
    1,
    1,
    1,
    1,
    1,
    1,
    1,
    1,
    2,
    2,
    1,
    1,
    1,
    1,
    1,
    1,
    1,
    1,
    0,
    0,
    0,
    0,
    0,
    0,
    0
  ],