{
  "timesteps": [
    0,
    1,
    2,
    3,
    4,
    5,
    6,
    7,
    8,
    9,
    10,
    11,
    12,
    13,
    14,
    15,
    16,
    17,
    18,
    19,
    20,
    21,
    22,
    23,
    24,
    25,
    26,
    27,
    28,
    29,
    30,
    31,
    32,
    33,
    34,
    35,
    36,
    37,
    38,
    39,
    40,
    41,
    42,
    43,
    44,
    45,
    46,
    47,
    48,
    49,
    50,
    51,
    52,
    53,
    54,
    55,
    56,
    57,
    58,
    59,
    60,
    61,
    62,
    63,
    64,
    65,
    66,
    67,
    68,
    69,
    70,
    71,
    72,
    73,
    74,
    75,
    76,
    77,
    78,
    79,
    80,
    81,
    82,
    83,
    84,
    85,
    86,
    87,
    88,
    89,
    90,
    91,
    92,
    93,
    94,
    95,
    96,
    97,
    98,
    99,
    100,
    101,
    102,
    103,
    104,
    105,
    106,
    107,
    108,
    109,
    110,
    111,
    112,
    113,
    114,
    115,
    116,
    117,
    118,
    119,
    120,
    121,
    122,
    123,
    124,
    125,
    126,
    127,
    128,
    129,
    130,
    131,
    132,
    133,
    134,
    135,
    136,
    137,
    138,
    139,
    140,
    141,
    142,
    143,
    144,
    145,
    146,
    147,
    148,
    149,
    150,
    151,
    152,
    153,
    154,
    155,
    156,
    157,
    158,
    159,
    160,
    161,
    162,
    163,
    164,
    165,
    166,
    167,
    168,
    169,
    170,
    171,
    172,
    173,
    174,
    175,
    176,
    177,
    178,
    179,
    180,
    181,
    182,
    183,
    184,
    185,
    186,
    187,
    188,
    189,
    190,
    191,
    192,
    193,
    194,
    195,
    196,
    197,
    198,
    199
  ],
  "states": [
    50.0,
    50.07197233614736,
    50.19962642445555,
    50.192206829949264,
    50.25082733262143,
    50.38100438068492,
    50.456778795862625,
    50.56119387580461,
    50.59994582208054,
    50.70552518308532,
    50.62088699697998,
    50.59912286158692,
    50.665392394220994,
    50.65415606468294,
    50.537655808505946,
    50.538763369386906,
    50.44149831028952,
    50.46293927778178,
    50.40637960388496,
    50.22692744969484,
    50.25566217275293,
    50.11835110499434,
    50.179661832957066,
    50.16800694159722,
    50.117965138362734,
    50.054688972502454,
    49.98632812491544,
    50.068718999436,
    49.96512197401886,
    49.96104331913835,
    50.11842417713592,
    50.13062919083089,
    50.12987834719556,
    50.05146440730217,
    50.063875666610144,
    50.11305845480284,
    50.26570269624699,
    50.27525606451211,
    50.36764406569332,
    50.47834855403933,
    50.37050268164939,
    50.188033833595334,
    50.179983747076285,
    50.10523142395922,
    50.11235933591417,
    50.176278840439345,
    50.16617012238256,
    49.934750200186514,
    49.87069128443088,
    49.77479728006991,
    49.503671967170995,
    49.432312509227515,
    49.45078472031196,
    49.620196138705126,
    49.61576252818561,
    49.645341280689436,
    49.67618773506487,
    49.64049700400144,
    49.702302672289186,
    49.73348012234587,
    49.687548396795314,
    49.64769680485129,
    49.8328592402728,
    49.80480671976185,
    49.55470902292686,
    49.67589087279171,
    49.52602223065647,
    49.62139336058644,
    49.73870714721182,
    49.72613203547583,
    49.81209550985996,
    49.919228805716905,
    50.00704639180664,
    50.09120944761507,
    50.18134279123184,
    50.08277772105618,
    49.92128921999322,
    49.742135343149016,
    49.82946982847161,
    49.85002741644055,
    50.03493510160024,
    50.10958576787222,
    50.059983392103554,
    49.95909715111961,
    49.96382780947427,
    50.077587633374485,
    50.1773293385225,
    50.11625301453436,
    50.254954968939465,
    50.303089456298785,
    50.40314026353684,
    50.396116626657104,
    50.33869382513888,
    50.25571270820552,
    50.23368831306517,
    50.288088212944366,
    50.33805057389303,
    50.39496464002424,
    50.46818028564054,
    50.48363551008337,
    50.51421751488273,
    50.49473325150944,
    50.60534425730361,
    50.413988470418005,
    50.20085570139296,
    50.030671404940755,
    49.99178762758794,
    50.02177028107579,
    49.93556999004979,
    50.089623401126445,
    50.110558288063395,
    50.04540423390301,
    50.0315378706707,
    50.137616824985706,
    49.91921226194427,
    49.759429488311646,
    49.70189415393161,
    49.61625045797795,
    49.726951920813846,
    49.696628337130676,
    49.79215019372986,
    49.68888693086907,
    49.580145402025764,
    49.815369218897494,
    49.87369213603846,
    49.74577951579009,
    49.923627786499836,
    49.78490987601018,
    49.777566632079115,
    49.917518130302525,
    49.7874029126882,
    49.798299198339436,
    49.9039983673378,
    49.81964693207641,
    50.07345107354627,
    50.07818717972301,
    50.19324192397523,
    50.13383258633901,
    50.247165762392626,
    50.096300787630746,
    50.25081417015996,
    50.24447726824453,
    50.18599857641768,
    50.14073941916359,
    50.086586484483696,
    50.16526438997683,
    50.13055494176639,
    50.16618996922601,
    50.134274634770556,
    50.30275223809836,
    50.233301774995525,
    50.30526857992007,
    50.210288273892935,
    50.1427437510034,
    50.16577016011666,
    50.10847910664227,
    50.15493746547229,
    50.28989284689456,
    50.28323770267787,
    50.28088815396949,
    50.32301434505712,
    50.469140891283665,
    50.3911136111357,
    50.35817782288245,
    50.28382501654002,
    50.38285603090575,
    50.34492623917669,
    50.28772132087308,
    50.38158782009271,
    50.38271469329266,
    50.488694963854094,
    50.5572702333562,
    50.66164669531039,
    50.666535216936985,
    50.665875531973555,
    50.59556911403025,
    50.49469098567335,
    50.57646202690815,
    50.804956691829325,
    50.628665360734125,
    50.64360874757408,
    50.5741705700656,
    50.715843972309486,
    50.84711258485787,
    50.76190740491124,
    50.76600489598632,
    50.99299260966827,
    50.8222652151184,
    51.12103988791352,
    51.03511271548818,
    51.25162838785417,
    51.131646029925705,
    51.1425416590028,
    51.195656504944594,
    51.208694833383944,
    51.251813645204685,
    51.38507536984334,
    51.289752869283184,
    51.420760386234925,
    51.33349208909424,
    51.26862957521407
  ],
  "actions": [],
  "observations": [
    1,
    1,
    1,
    1,
    1,
    1,
    1,
    1,
    1,
    1,
    1,
    1,
    1,
    1,
    1,
    1,
    1,
    1,
    1,
    1,
    1,
    1,
    1,
    1,
    1,
    1,
    1,
    1,
    1,
    1,
    1,
    1,
    1,
    1,
    1,
    1,
    1,
    1,
    1,
    1,
    1,
    1,
    1,
    1,
    1,
    1,
    1,
    1,
    1,
    1,
    1,
    1,
    1,
    1,
    1,
    1,
    1,
    1,
    1,
    1,
    1,
    1,
    1,
    1,
    1,
    1,
    1,
    1,
    1,
    1,
    1,
    1,
    1,
    1,
    1,
    1,
    1,
    1,
    1,
    1,
    1,
    1,
    1,
    1,
    1,
    1,
    1,
    1,
    1,
    1,
    1,
    1,
    1,
    1,
    1,
    1,
    1,
    1,
    1,
    1,
    1,
    1,
    1,
    1,
    1,
    1,
    1,
    1,
    1,
    1,
    1,
    1,
    1,
    1,
    1,
    1,
    1,
    1,
    1,
    1,
    1,
    1,
    1,
    1,
    1,
    1,
    1,
    1,
    1,
    1,
    1,
    1,
    1,
    1,
    1,
    1,
    1,
    1,
    1,
    1,
    1,
    1,
    1,
    1,
    1,
    1,
    1,
    1,
    1,
    1,
    1,
    1,
    1,
    1,
    1,
    1,
    1,
    1,
    1,
    1,
    1,
    1,
    1,
    1,
    1,
    1,
    1,
    1,
    1,
    1,
    1,
    1,
    1,
    1,
    1,
    1,
    1,
    1,
    1,
    1,
    1,
    1,
    1,
    1,
    1,
    1,
    1,
    1,
    1,
    1,
    1,
    1,
    1,
    1,
    1,
    1,
    1,
    1,
    1,
    1
  ],