{
  "timesteps": [
    0,
    1,
    2,
    3,
    4,
    5,
    6,
    7,
    8,
    9,
    10,
    11,
    12,
    13,
    14,
    15,
    16,
    17,
    18,
    19,
    20,
    21,
    22,
    23,
    24,
    25,
    26,
    27,
    28,
    29,
    30,
    31,
    32,
    33,
    34,
    35,
    36,
    37,
    38,
    39,
    40,
    41,
    42,
    43,
    44,
    45,
    46,
    47,
    48,
    49,
    50,
    51,
    52,
    53,
    54,
    55,
    56,
    57,
    58,
    59,
    60,
    61,
    62,
    63,
    64,
    65,
    66,
    67,
    68,
    69,
    70,
    71,
    72,
    73,
    74,
    75,
    76,
    77,
    78,
    79,
    80,
    81,
    82,
    83,
    84,
    85,
    86,
    87,
    88,
    89,
    90,
    91,
    92,
    93,
    94,
    95,
    96,
    97,
    98,
    99,
    100,
    101,
    102,
    103,
    104,
    105,
    106,
    107,
    108,
    109,
    110,
    111,
    112,
    113,
    114,
    115,
    116,
    117,
    118,
    119,
    120,
    121,
    122,
    123,
    124,
    125,
    126,
    127,
    128,
    129,
    130,
    131,
    132,
    133,
    134,
    135,
    136,
    137,
    138,
    139,
    140,
    141,
    142,
    143,
    144,
    145,
    146,
    147,
    148,
    149,
    150,
    151,
    152,
    153,
    154,
    155,
    156,
    157,
    158,
    159,
    160,
    161,
    162,
    163,
    164,
    165,
    166,
    167,
    168,
    169,
    170,
    171,
    172,
    173,
    174,
    175,
    176,
    177,
    178,
    179,
    180,
    181,
    182,
    183,
    184,
    185,
    186,
    187,
    188,
    189,
    190,
    191,
    192,
    193,
    194,
    195,
    196,
    197,
    198,
    199
  ],
  "states": [
    50.0,
    49.61515374507148,
    52.5119485361492,
    55.500895276679564,
    54.3074312612254,
    53.973087767700925,
    57.30381349498039,
    54.909712113966336,
    54.42520406700487,
    53.51625081501513,
    55.882807895746495,
    56.34221463989571,
    56.61628480953792,
    53.831056886221305,
    53.74888528616329,
    55.37032663066476,
    54.759664630508695,
    56.17149439869861,
    57.27419740316542,
    57.254198160954026,
    57.850580650478534,
    59.375698111948566,
    60.381277857514405,
    57.00796064700607,
    56.94457145995672,
    55.262936544138796,
    56.63144580903354,
    56.3430999943406,
    56.02859238413663,
    55.44116142476575,
    54.181446743570945,
    53.7108733251285,
    53.61800527147444,
    55.20186864407222,
    55.39561581109966,
    52.598779072989224,
    54.16020450757296,
    51.968308182062565,
    50.331489193989384,
    51.38441361811235,
    49.848389546733856,
    51.391661176065625,
    52.28342352829818,
    50.63865052163157,
    51.62659789112138,
    48.331998020946855,
    48.98030702560541,
    48.722362792537304,
    49.17912779510058,
    50.74514648260767,
    50.48316347552779,
    49.769909800991826,
    51.0979261926016,
    49.350324187416945,
    47.614835485889394,
    48.78358965750537,
    51.48442540644399,
    49.35704480074091,
    52.51839735215458,
    50.66519714536179,
    50.97206523485902,
    50.350202022887075,
    51.960905463632606,
    53.971994416728215,
    53.48121913193791,
    49.60248072127184,
    52.184973201940075,
    50.1748585069162,
    47.77304860613274,
    45.81039095924881,
    46.901554374771564,
    47.79904464709983,
    47.242980008542226,
    47.671070621271326,
    46.31121401380396,
    45.78326624198338,
    49.03357036748446,
    49.16446514332293,
    46.99473015172387,
    48.39582204035974,
    48.955322748447934,
    50.78781894140517,
    53.13156899783138,
    53.18035130451886,
    53.92682408043235,
    53.00404686898081,
    54.726177311412854,
    58.7885044657876,
    58.82871819790518,
    58.32670084264777,
    60.11252269332626,
    57.71157111995486,
    57.93733162139568,
    58.28378723282473,
    58.13563586527227,
    56.83149597874085,
    55.45413315036933,
    55.99819624575052,
    54.605095873823764,
    54.571661867763666,
    56.20913083311765,
    57.070778523689036,
    55.24223297374306,
    54.76875971945571,
    56.16209445776446,
    55.480423333399024,
    56.13203720741961,
    56.71633915174186,
    57.56808313018156,
    55.49209081421753,
    54.125838828560006,
    52.39423546763025,
    51.277755395231935,
    52.64147695509364,
    51.45525382864712,
    50.60930426461687,
    51.2116652778813,
    51.25122503078692,
    51.26017401784857,
    52.30703153666162,
    50.23666640858389,
    49.78286866590433,
    53.07583946741083,
    53.12328979852543,
    52.99403592885194,
    53.078250165123436,
    51.306605192993096,
    53.7221912548888,
    54.76080263498704,
    55.20546819666358,
    51.41191340877072,
    50.824838145616866,
    48.82442946020369,
    48.12748139451059,
    46.607171165440924,
    46.600146349142435,
    45.25303825277332,
    44.7784832318407,
    47.02595005719848,
    47.40879404923143,
    46.729366981344846,
    48.15355516161204,
    47.52782606204407,
    48.74849069135816,
    50.59215798354453,
    48.67298072909553,
    47.119849678822,
    45.7406716847437,
    43.85220381619609,
    43.25754956668577,
    44.47086186132065,
    44.13357618831859,
    44.50464290437119,
    48.25801258851233,
    48.81085081678977,
    50.63691465118675,
    50.29356170114132,
    50.81917174621702,
    50.065102935617716,
    47.822170504379656,
    47.17586818563037,
    45.34030283381334,
    45.68198331839685,
    44.09441646976123,
    43.100168803497255,
    43.502688569195236,
    46.43988977185742,
    47.04991923812517,
    48.935781320160096,
    47.76709177813479,
    47.171828310839125,
    46.089613571829545,
    46.16580897432828,
    45.52255978334215,
    43.256188155783434,
    46.016911672912244,
    44.06615324308527,
    45.89542844070401,
    42.13332952367588,
    41.43640669413071,
    39.34493872005068,
    39.10220905504842,
    41.8413250751946,
    42.121098893142126,
    40.47209074182636,
    38.54194123565584,
    37.700342799189485,
    37.64474963449254,
    37.494859741302925,
    40.68625922725065,
    40.14769457895989,
    43.28600452556249,
    44.23108611727909,
    44.972252658839395,
    44.57992972630824,
    44.70155920822266,
    44.42079576387261,
    44.47777884176041,
    45.00355906167904,
    44.03286968363433,
    41.79278901504737
  ],
  "actions": [],
  "observations": [
    1,
    1,
    1,
    2,
    1,
    1,
    2,
    1,
    1,
    1,
    2,
    2,
    2,
    1,
    1,
    2,
    1,
    2,
    2,
    2,
    2,
    2,
    2,
    2,
    2,
    2,
    2,
    2,
    2,
    2,
    1,
    1,
    1,
    2,
    2,
    1,
    1,
    1,
    1,
    1,
    1,
    1,
    1,
    1,
    1,
    1,
    1,
    1,
    1,
    1,
    1,
    1,
    1,
    1,
    1,
    1,
    1,
    1,
    1,
    1,
    1,
    1,
    1,
    1,
    1,
    1,
    1,
    1,
    1,
    1,
    1,
    1,
    1,
    1,
    1,
    1,
    1,
    1,
    1,
    1,
    1,
    1,
    1,
    1,
    1,
    1,
    1,
    2,
    2,
    2,
    2,
    2,
    2,
    2,
    2,
    2,
    2,
    2,
    1,
    1,
    2,
    2,
    2,
    1,
    2,
    2,
    2,
    2,
    2,
    2,
    1,
    1,
    1,
    1,
    1,
    1,
    1,
    1,
    1,
    1,
    1,
    1,
    1,
    1,
    1,
    1,
    1,
    1,
    1,
    2,
    1,
    1,
    1,
    1,
    1,
    1,
    1,
    0,
    1,
    1,
    1,
    1,
    1,
    1,
    1,
    1,
    1,
    1,
    0,
    0,
    0,
    0,
    0,
    1,
    1,
    1,
    1,
    1,
    1,
    1,
    1,
    1,
    1,
    0,
    0,
    0,
    1,
    1,
    1,
    1,
    1,
    1,
    1,
    1,
    0,
    1,
    0,
    1,
    0,
    0,
    0,
    0,
    0,
    0,
    0,
    0,
    0,
    0,
    0,
    0,
    0,
    0,
    0,
    0,
    0,
    0,
    0,
    0,
    1,
    0
  ],