{
  "timesteps": [
    0,
    1,
    2,
    3,
    4,
    5,
    6,
    7,
    8,
    9,
    10,
    11,
    12,
    13,
    14,
    15,
    16,
    17,
    18,
    19,
    20,
    21,
    22,
    23,
    24,
    25,
    26,
    27,
    28,
    29,
    30,
    31,
    32,
    33,
    34,
    35,
    36,
    37,
    38,
    39,
    40,
    41,
    42,
    43,
    44,
    45,
    46,
    47,
    48,
    49,
    50,
    51,
    52,
    53,
    54,
    55,
    56,
    57,
    58,
    59,
    60,
    61,
    62,
    63,
    64,
    65,
    66,
    67,
    68,
    69,
    70,
    71,
    72,
    73,
    74,
    75,
    76,
    77,
    78,
    79,
    80,
    81,
    82,
    83,
    84,
    85,
    86,
    87,
    88,
    89,
    90,
    91,
    92,
    93,
    94,
    95,
    96,
    97,
    98,
    99,
    100,
    101,
    102,
    103,
    104,
    105,
    106,
    107,
    108,
    109,
    110,
    111,
    112,
    113,
    114,
    115,
    116,
    117,
    118,
    119,
    120,
    121,
    122,
    123,
    124,
    125,
    126,
    127,
    128,
    129,
    130,
    131,
    132,
    133,
    134,
    135,
    136,
    137,
    138,
    139,
    140,
    141,
    142,
    143,
    144,
    145,
    146,
    147,
    148,
    149,
    150,
    151,
    152,
    153,
    154,
    155,
    156,
    157,
    158,
    159,
    160,
    161,
    162,
    163,
    164,
    165,
    166,
    167,
    168,
    169,
    170,
    171,
    172,
    173,
    174,
    175,
    176,
    177,
    178,
    179,
    180,
    181,
    182,
    183,
    184,
    185,
    186,
    187,
    188,
    189,
    190,
    191,
    192,
    193,
    194,
    195,
    196,
    197,
    198,
    199
  ],
  "states": [
    50.0,
    48.67023346955097,
    46.493900612121635,
    46.494651374073136,
    49.90775528961936,
    49.05008672650548,
    44.39587614639552,
    50.08419479760951,
    50.351550050584194,
    50.97404839664464,
    51.70852282678849,
    53.499920182116895,
    51.4327658315334,
    53.45737475653749,
    54.41955902265168,
    55.01720806966577,
    54.40700714578993,
    58.80584418157476,
    62.46738013029308,
    61.79001047188145,
    66.63904814656344,
    69.28524093391415,
    70.32149491431065,
    74.1147271782488,
    76.21416077959107,
    74.61688095560346,
    78.1913611836279,
    79.49310525702317,
    81.16177381467672,
    81.10938777581062,
    84.33664615433429,
    85.73556568708051,
    86.54739042758828,
    87.53335193975553,
    88.93205500753824,
    89.96237992814264,
    90.20524344235791,
    90.10246113675967,
    92.27399943824733,
    90.44512659960931,
    90.58639432165823,
    89.3163893172418,
    90.15301315042218,
    90.67239786202951,
    87.90085777650009,
    85.43675087135345,
    83.85916429113232,
    84.67379417194952,
    80.93342637583758,
    81.11302622704669,
    84.98018145362957,
    83.02198774310057,
    83.34580035249557,
    83.2610040941718,
    82.93896977877053,
    82.42012250875409,
    80.9866863003161,
    80.63369245546014,
    75.9285960015432,
    76.74687622622397,
    74.53075247688339,
    75.67195330966432,
    75.57221540023471,
    76.32453435079856,
    73.94884999775974,
    71.81948775803731,
    70.38133513287288,
    69.5475660878851,
    69.74965568767185,
    73.94426231191422,
    75.86656387288942,
    76.36669040881355,
    77.64289370006576,
    78.50715494540628,
    79.17081608141027,
    78.66518963925621,
    78.97694313242827,
    85.06832603668599,
    90.91407698579661,
    94.13890652863049,
    96.29597306387704,
    99.22329661594277,
    95.95726645326175,
    96.09679953235124,
    95.03629201032011,
    94.94992716787063,
    97.24471445626122,
    93.8365558143214,
    92.34050207594974,
    93.44631157477697,
    95.84262093430952,
    97.3876108927483,
    96.68747020086106,
    95.7551348107301,
    99.01581946965868,
    100.0,
    97.27689885771579,
    97.04005105363042,
    98.79647058813856,
    99.17238926309228,
    98.68290623839874,
    95.61054986117776,
    96.2406274147671,
    99.18121816440622,
    98.54976321134075,
    97.11538948145285,
    99.34305345656936,
    97.62886239635314,
    95.48579880982186,
    95.69309892954747,
    95.00079028467093,
    95.08697845563294,
    95.76326806438951,
    94.3688580107551,
    93.15553660536503,
    92.11429248407825,
    95.52637633674708,
    98.20426806662945,
    97.33441414837753,
    97.78451159180621,
    97.19520731356187,
    97.4489165609232,
    98.87531389898243,
    100.0,
    97.56933320496083,
    97.64371922316414,
    95.98060783359293,
    97.86115515813628,
    97.69327861041103,
    99.40094852030049,
    100.0,
    100.0,
    100.0,
    99.6967760009629,
    100.0,
    100.0,
    100.0,
    98.97962338677146,
    99.96577649648933,
    98.9762132573984,
    99.18815801376996,
    98.09729441957505,
    98.6603899915199,
    99.5659260793127,
    96.38450249306109,
    97.59222291544923,
    96.03324214063926,
    99.62530705256644,
    99.72722368788904,
    97.40670859823942,
    95.47177401163665,
    92.82985722553086,
    89.81588599743233,
    88.80185872274645,
    90.0218382265042,
    84.1627465701678,
    83.26662130426631,
    80.04290076239661,
    78.37506493439189,
    80.84855316099434,
    81.39874464232783,
    83.09532273325928,
    80.32944158572099,
    78.24968873844753,
    76.54856613313883,
    77.41058086288447,
    74.09918750218182,
    72.52684814826699,
    72.35312209780825,
    75.87987070785302,
    73.84592097938273,
    71.71743379684793,
    71.40248943589631,
    73.89447931243673,
    73.01622150888078,
    70.12255665235291,
    71.77557709546694,
    69.20373058685011,
    69.03454439375908,
    69.47307694879078,
    67.56945756337052,
    69.74981638822551,
    69.57257040559831,
    68.39228472102353,
    69.05545467431207,
    65.23553778849207,
    67.4389826603894,
    69.1128716176583,
    70.0595874513461,
    69.24839245950179,
    69.23436716290104,
    68.70581765329928,
    68.81607475558755,
    67.48228464416123,
    64.33278439820988,
    62.42358738461689,
    65.3132434669838,
    67.66622240851127,
    72.31444497778394,
    73.75025047459889,
    70.26429705569561
  ],
  "actions": [],
  "observations": [
    1,
    1,
    1,
    1,
    1,
    1,
    0,
    1,
    1,
    1,
    1,
    1,
    1,
    1,
    1,
    2,
    1,
    2,
    2,
    2,
    2,
    2,
    2,
    2,
    2,
    2,
    2,
    2,
    2,
    2,
    2,
    2,
    2,
    2,
    2,
    2,
    2,
    2,
    2,
    2,
    2,
    2,
    2,
    2,
    2,
    2,
    2,
    2,
    2,
    2,
    2,
    2,
    2,
    2,
    2,
    2,
    2,
    2,
    2,
    2,
    2,
    2,
    2,
    2,
    2,
    2,
    2,
    2,
    2,
    2,
    2,
    2,
    2,
    2,
    2,
    2,
    2,
    2,
    2,
    2,
    2,
    2,
    2,
    2,
    2,
    2,
    2,
    2,
    2,
    2,
    2,
    2,
    2,
    2,
    2,
    2,
    2,
    2,
    2,
    2,
    2,
    2,
    2,
    2,
    2,
    2,
    2,
    2,
    2,
    2,
    2,
    2,
    2,
    2,
    2,
    2,
    2,
    2,
    2,
    2,
    2,
    2,
    2,
    2,
    2,
    2,
    2,
    2,
    2,
    2,
    2,
    2,
    2,
    2,
    2,
    2,
    2,
    2,
    2,
    2,
    2,
    2,
    2,
    2,
    2,
    2,
    2,
    2,
    2,
    2,
    2,
    2,
    2,
    2,
    2,
    2,
    2,
    2,
    2,
    2,
    2,
    2,
    2,
    2,
    2,
    2,
    2,
    2,
    2,
    2,
    2,
    2,
    2,
    2,
    2,
    2,
    2,
    2,
    2,
    2,
    2,
    2,
    2,
    2,
    2,
    2,
    2,
    2,
    2,
    2,
    2,
    2,
    2,
    2,
    2,
    2,
    2,
    2,
    2,
    2
  ],