{
  "timesteps": [
    0,
    1,
    2,
    3,
    4,
    5,
    6,
    7,
    8,
    9,
    10,
    11,
    12,
    13,
    14,
    15,
    16,
    17,
    18,
    19,
    20,
    21,
    22,
    23,
    24,
    25,
    26,
    27,
    28,
    29,
    30,
    31,
    32,
    33,
    34,
    35,
    36,
    37,
    38,
    39,
    40,
    41,
    42,
    43,
    44,
    45,
    46,
    47,
    48,
    49,
    50,
    51,
    52,
    53,
    54,
    55,
    56,
    57,
    58,
    59,
    60,
    61,
    62,
    63,
    64,
    65,
    66,
    67,
    68,
    69,
    70,
    71,
    72,
    73,
    74,
    75,
    76,
    77,
    78,
    79,
    80,
    81,
    82,
    83,
    84,
    85,
    86,
    87,
    88,
    89,
    90,
    91,
    92,
    93,
    94,
    95,
    96,
    97,
    98,
    99,
    100,
    101,
    102,
    103,
    104,
    105,
    106,
    107,
    108,
    109,
    110,
    111,
    112,
    113,
    114,
    115,
    116,
    117,
    118,
    119,
    120,
    121,
    122,
    123,
    124,
    125,
    126,
    127,
    128,
    129,
    130,
    131,
    132,
    133,
    134,
    135,
    136,
    137,
    138,
    139,
    140,
    141,
    142,
    143,
    144,
    145,
    146,
    147,
    148,
    149,
    150,
    151,
    152,
    153,
    154,
    155,
    156,
    157,
    158,
    159,
    160,
    161,
    162,
    163,
    164,
    165,
    166,
    167,
    168,
    169,
    170,
    171,
    172,
    173,
    174,
    175,
    176,
    177,
    178,
    179,
    180,
    181,
    182,
    183,
    184,
    185,
    186,
    187,
    188,
    189,
    190,
    191,
    192,
    193,
    194,
    195,
    196,
    197,
    198,
    199
  ],
  "states": [
    50.0,
    50.12622810251412,
    50.10798068077313,
    50.07221323947374,
    50.17773275907106,
    50.242320524898176,
    50.25296596065563,
    50.19199237569682,
    50.409507840280504,
    50.64265095449691,
    50.66017674562904,
    50.62009598912875,
    50.7541566518494,
    50.62476203052532,
    50.6571228084721,
    50.612364956665836,
    50.70745601409812,
    50.63534918734934,
    50.652842945300605,
    50.45003027869587,
    50.34501633503953,
    50.46693647655843,
    50.46033723382318,
    50.44062850897608,
    50.518620147899206,
    50.71397054493618,
    50.643316105539306,
    50.774673542199864,
    50.639146216415114,
    50.60317848162238,
    50.66504035857584,
    50.73475060257005,
    50.845773793176086,
    50.76977242523654,
    50.81479097801555,
    50.84215132511814,
    51.04882771594885,
    51.02112922878055,
    51.044806804544926,
    50.98038587885353,
    50.775886780255234,
    50.83720286386391,
    50.91117177232307,
    50.945725063671496,
    50.83802003511458,
    50.65493551191262,
    50.674589793778296,
    50.62148087917647,
    50.55936356136521,
    50.48527434350145,
    50.50921748139395,
    50.38743523791122,
    50.349303556732345,
    50.40579227841605,
    50.40976212572639,
    50.57534483270561,
    50.68371516643084,
    50.616609181886425,
    50.76571074049041,
    50.83048169248437,
    50.829849438608804,
    50.680597291232225,
    50.60912680831985,
    50.57133755503522,
    50.78153751825741,
    50.87982775756168,
    50.98391151740229,
    50.96769444177889,
    50.98558174442875,
    51.11784279348186,
    51.09062048730344,
    51.08309865086139,
    51.2238321167258,
    51.299494066394175,
    51.23795420119524,
    51.18066277222612,
    51.0966268231197,
    51.168400889943754,
    51.2484042861888,
    51.25111207558318,
    51.051394553707325,
    50.945411364430434,
    50.816728451788464,
    50.60810635886262,
    50.679284526747786,
    50.69282481316885,
    50.64296130983936,
    50.65048498551589,
    50.66627720378354,
    50.54974371911531,
    50.60829329011678,
    50.484171657102735,
    50.54660173544437,
    50.65185796123018,
    50.4944535895885,
    50.551772157506605,
    50.59694477505277,
    50.61659192249983,
    50.818621726618645,
    50.705771031250414,
    50.59725974346578,
    50.710532041054606,
    50.61938604846945,
    50.44819544340392,
    50.35185664549894,
    50.264578256119485,
    50.237942717638965,
    50.073937156866926,
    49.96616056151519,
    50.038450964069405,
    50.18153689955933,
    50.02704629533547,
    50.082607213867966,
    50.14739588256615,
    50.03150865244634,
    50.08529116235152,
    50.19250164291685,
    50.27197568712292,
    50.26434725105877,
    50.24756183400091,
    50.17376360290766,
    50.16175385391667,
    50.260795669194195,
    50.06808230889975,
    50.051974394854646,
    50.10347838078305,
    50.16407850831038,
    50.18018879404256,
    50.27979281913868,
    50.23341081927591,
    50.23036350960478,
    50.29412708767314,
    50.13839913306613,
    50.22769905608235,
    50.33492722348,
    50.35036061472396,
    50.28240498911483,
    50.33420550331611,
    50.349082920647454,
    50.4206783682991,
    50.389910708863724,
    50.33081533325427,
    50.26127238870152,
    50.120163669320924,
    50.20417074845492,
    50.13678668512487,
    50.16700536821381,
    50.287921160009944,
    50.324190161215505,
    50.39786307400292,
    50.356540843459605,
    50.446923274775415,
    50.397386429862934,
    50.38145636240248,
    50.38911661511465,
    50.47255129814315,
    50.40075439310588,
    50.276681978141305,
    50.28934331338785,
    50.275599973597636,
    50.30254612253363,
    50.28155906946459,
    50.36319171814926,
    50.29012093732054,
    50.33295280774815,
    50.311005740146754,
    50.27697422885466,
    50.23803217487812,
    50.14474808120281,
    50.03793765065819,
    49.96659213453827,
    50.07618632728515,
    49.973344727334755,
    49.907976121481404,
    49.801098930170475,
    49.664382589413364,
    49.71075738419806,
    49.62912699401654,
    49.76786904589665,
    49.63484142046854,
    49.78362250291162,
    49.581279196604115,
    49.511802173860865,
    49.606448434557365,
    49.441472653049665,
    49.462710770827336,
    49.512835869666574,
    49.375888261971006,
    49.32372473529856,
    49.35818446703689,
    49.37589631916698,
    49.27363861026135,
    49.07257532303485,
    49.12943402256403,
    49.136495425870145,
    49.21573158372363,
    49.16617017188108,
    49.12164791221685,
    49.00558650982882,
    49.14249256001963,
    49.11007913237054
  ],
  "actions": [],
  "observations": [
    1,
    1,
    1,
    1,
    1,
    1,
    1,
    1,
    1,
    1,
    1,
    1,
    1,
    1,
    1,
    1,
    1,
    1,
    1,
    1,
    1,
    1,
    1,
    1,
    1,
    1,
    1,
    1,
    1,
    1,
    1,
    1,
    1,
    1,
    1,
    1,
    1,
    1,
    1,
    1,
    1,
    1,
    1,
    1,
    1,
    1,
    1,
    1,
    1,
    1,
    1,
    1,
    1,
    1,
    1,
    1,
    1,
    1,
    1,
    1,
    1,
    1,
    1,
    1,
    1,
    1,
    1,
    1,
    1,
    1,
    1,
    1,
    1,
    1,
    1,
    1,
    1,
    1,
    1,
    1,
    1,
    1,
    1,
    1,
    1,
    1,
    1,
    1,
    1,
    1,
    1,
    1,
    1,
    1,
    1,
    1,
    1,
    1,
    1,
    1,
    1,
    1,
    1,
    1,
    1,
    1,
    1,
    1,
    1,
    1,
    1,
    1,
    1,
    1,
    1,
    1,
    1,
    1,
    1,
    1,
    1,
    1,
    1,
    1,
    1,
    1,
    1,
    1,
    1,
    1,
    1,
    1,
    1,
    1,
    1,
    1,
    1,
    1,
    1,
    1,
    1,
    1,
    1,
    1,
    1,
    1,
    1,
    1,
    1,
    1,
    1,
    1,
    1,
    1,
    1,
    1,
    1,
    1,
    1,
    1,
    1,
    1,
    1,
    1,
    1,
    1,
    1,
    1,
    1,
    1,
    1,
    1,
    1,
    1,
    1,
    1,
    1,
    1,
    1,
    1,
    1,
    1,
    1,
    1,
    1,
    1,
    1,
    1,
    1,
    1,
    1,
    1,
    1,
    1,
    1,
    1,
    1,
    1,
    1,
    1
  ],