{
  "timesteps": [
    0,
    1,
    2,
    3,
    4,
    5,
    6,
    7,
    8,
    9,
    10,
    11,
    12,
    13,
    14,
    15,
    16,
    17,
    18,
    19,
    20,
    21,
    22,
    23,
    24,
    25,
    26,
    27,
    28,
    29,
    30,
    31,
    32,
    33,
    34,
    35,
    36,
    37,
    38,
    39,
    40,
    41,
    42,
    43,
    44,
    45,
    46,
    47,
    48,
    49,
    50,
    51,
    52,
    53,
    54,
    55,
    56,
    57,
    58,
    59,
    60,
    61,
    62,
    63,
    64,
    65,
    66,
    67,
    68,
    69,
    70,
    71,
    72,
    73,
    74,
    75,
    76,
    77,
    78,
    79,
    80,
    81,
    82,
    83,
    84,
    85,
    86,
    87,
    88,
    89,
    90,
    91,
    92,
    93,
    94,
    95,
    96,
    97,
    98,
    99,
    100,
    101,
    102,
    103,
    104,
    105,
    106,
    107,
    108,
    109,
    110,
    111,
    112,
    113,
    114,
    115,
    116,
    117,
    118,
    119,
    120,
    121,
    122,
    123,
    124,
    125,
    126,
    127,
    128,
    129,
    130,
    131,
    132,
    133,
    134,
    135,
    136,
    137,
    138,
    139,
    140,
    141,
    142,
    143,
    144,
    145,
    146,
    147,
    148,
    149,
    150,
    151,
    152,
    153,
    154,
    155,
    156,
    157,
    158,
    159,
    160,
    161,
    162,
    163,
    164,
    165,
    166,
    167,
    168,
    169,
    170,
    171,
    172,
    173,
    174,
    175,
    176,
    177,
    178,
    179,
    180,
    181,
    182,
    183,
    184,
    185,
    186,
    187,
    188,
    189,
    190,
    191,
    192,
    193,
    194,
    195,
    196,
    197,
    198,
    199
  ],
  "states": [
    50.0,
    49.985837577168965,
    49.778532591048666,
    49.92893954012283,
    49.80861635632723,
    49.914010112909786,
    49.821450028065854,
    50.006033233065644,
    49.690403745825805,
    49.74338985487427,
    49.78488519351616,
    49.890759580380816,
    49.93103612503847,
    49.82122594316096,
    49.83740051392748,
    49.8250752176871,
    49.73503015354296,
    49.80852142504052,
    49.85060362036887,
    49.83048001566748,
    49.83350079025549,
    49.90338547693534,
    49.94304989807211,
    49.84803620293761,
    49.77413945160166,
    49.76755218735664,
    49.83986318531017,
    49.96381497591367,
    50.04936335327405,
    49.969231360126855,
    50.10860236069361,
    50.08376968230518,
    49.99217916768833,
    50.01234160810415,
    50.007795145470325,
    50.118225879838924,
    50.1883942815028,
    50.34614117200109,
    50.334908095504446,
    50.35550576134677,
    50.4385304046467,
    50.56306518938218,
    50.387823770676846,
    50.318548211853965,
    50.32318395012434,
    50.496805756954835,
    50.41818536219166,
    50.52504548270166,
    50.409647305604096,
    50.40556262739991,
    50.2513374000336,
    50.20838277856899,
    50.13246189683502,
    50.20212301012271,
    50.25221185749224,
    50.21664256019758,
    50.097813610057656,
    50.24085947240594,
    50.25845546123523,
    50.30518888426892,
    50.19311732698364,
    50.38149595549135,
    50.43189834833255,
    50.37115096554151,
    50.197710329973944,
    50.499358582703714,
    50.53297168620337,
    50.56541938332234,
    50.644069924065086,
    50.64580373421271,
    50.61170297961892,
    50.55956907393407,
    50.70547674544207,
    50.72311451659024,
    50.726251988480634,
    50.70361768075966,
    50.67613765083391,
    50.528480989048006,
    50.44251607548146,
    50.364570072663476,
    50.45188123374193,
    50.422394967791924,
    50.43436547121341,
    50.26033643777383,
    50.214872478714355,
    50.283139760670295,
    50.332953891528376,
    50.36487246289234,
    50.6337691523594,
    50.68032034049418,
    50.63990256814654,
    50.677471526868615,
    50.601642914925975,
    50.46914625827794,
    50.42939664024627,
    50.4012427262897,
    50.267046921726795,
    50.206658283481126,
    50.220628026054726,
    50.39342984919994,
    50.42266675834416,
    50.37562905775319,
    50.42413115928512,
    50.50036495295805,
    50.519502870236785,
    50.526393719392665,
    50.20500891531711,
    50.14297112259626,
    50.213733361227796,
    50.32453925402165,
    50.29260525118287,
    50.22626561443386,
    50.13994191537874,
    50.28455493729136,
    50.39275424329373,
    50.49717554343748,
    50.496654190208965,
    50.55299516950019,
    50.43555564631366,
    50.40385387420712,
    50.37712191052354,
    50.32425748054989,
    50.21627126629801,
    50.409275229006155,
    50.39537110237365,
    50.43761556787878,
    50.54057279826154,
    50.590199150630966,
    50.44484671136431,
    50.631826580946004,
    50.53231676673983,
    50.50270869497907,
    50.46493977688454,
    50.57582848926294,
    50.54679809178211,
    50.44408260180604,
    50.5402736635274,
    50.60009476652096,
    50.643755412143626,
    50.575484050823924,
    50.56918033636551,
    50.490942554748656,
    50.57229512261089,
    50.71914365600576,
    50.679054258411895,
    50.745966014752824,
    50.82991791532228,
    50.97701461758694,
    50.86253434365958,
    50.910329890092015,
    50.92833359813248,
    50.87768812871482,
    50.80545027553043,
    50.82338537654147,
    50.86479761696405,
    50.99756241128192,
    50.9006669618585,
    50.91729556021991,
    50.99058748579827,
    50.97268389680028,
    50.91426414947031,
    51.048244827935186,
    50.93286537730462,
    50.97808476643739,
    51.046303183200244,
    50.92757551497743,
    51.01558794770979,
    50.918968631472566,
    50.95713325044984,
    50.993965373078716,
    50.99152787868678,
    51.09900358628244,
    51.13156151400738,
    51.05640202682543,
    51.12433843893414,
    51.102747051128965,
    51.20487157161129,
    51.1745944788849,
    51.204606325213575,
    51.1914747415047,
    51.1763694566497,
    51.23141625331797,
    51.31458707813164,
    51.33732947404305,
    51.379675534632824,
    51.51214434970295,
    51.573704532081145,
    51.71842192542461,
    51.698211716120035,
    51.764643866993055,
    51.80226345909084,
    51.8655684954837,
    51.940989496862834,
    52.01172334084639,
    51.85577330149297,
    51.83269629994018,
    51.77210035874521,
    51.654778391102575,
    51.67541648887108,
    51.60357561478856,
    51.60893684154342
  ],
  "actions": [],
  "observations": [
    1,
    1,
    1,
    1,
    1,
    1,
    1,
    1,
    1,
    1,
    1,
    1,
    1,
    1,
    1,
    1,
    1,
    1,
    1,
    1,
    1,
    1,
    1,
    1,
    1,
    1,
    1,
    1,
    1,
    1,
    1,
    1,
    1,
    1,
    1,
    1,
    1,
    1,
    1,
    1,
    1,
    1,
    1,
    1,
    1,
    1,
    1,
    1,
    1,
    1,
    1,
    1,
    1,
    1,
    1,
    1,
    1,
    1,
    1,
    1,
    1,
    1,
    1,
    1,
    1,
    1,
    1,
    1,
    1,
    1,
    1,
    1,
    1,
    1,
    1,
    1,
    1,
    1,
    1,
    1,
    1,
    1,
    1,
    1,
    1,
    1,
    1,
    1,
    1,
    1,
    1,
    1,
    1,
    1,
    1,
    1,
    1,
    1,
    1,
    1,
    1,
    1,
    1,
    1,
    1,
    1,
    1,
    1,
    1,
    1,
    1,
    1,
    1,
    1,
    1,
    1,
    1,
    1,
    1,
    1,
    1,
    1,
    1,
    1,
    1,
    1,
    1,
    1,
    1,
    1,
    1,
    1,
    1,
    1,
    1,
    1,
    1,
    1,
    1,
    1,
    1,
    1,
    1,
    1,
    1,
    1,
    1,
    1,
    1,
    1,
    1,
    1,
    1,
    1,
    1,
    1,
    1,
    1,
    1,
    1,
    1,
    1,
    1,
    1,
    1,
    1,
    1,
    1,
    1,
    1,
    1,
    1,
    1,
    1,
    1,
    1,
    1,
    1,
    1,
    1,
    1,
    1,
    1,
    1,
    1,
    1,
    1,
    1,
    1,
    1,
    1,
    1,
    1,
    1,
    1,
    1,
    1,
    1,
    1,
    1
  ],