{
  "timesteps": [
    0,
    1,
    2,
    3,
    4,
    5,
    6,
    7,
    8,
    9,
    10,
    11,
    12,
    13,
    14,
    15,
    16,
    17,
    18,
    19,
    20,
    21,
    22,
    23,
    24,
    25,
    26,
    27,
    28,
    29,
    30,
    31,
    32,
    33,
    34,
    35,
    36,
    37,
    38,
    39,
    40,
    41,
    42,
    43,
    44,
    45,
    46,
    47,
    48,
    49,
    50,
    51,
    52,
    53,
    54,
    55,
    56,
    57,
    58,
    59,
    60,
    61,
    62,
    63,
    64,
    65,
    66,
    67,
    68,
    69,
    70,
    71,
    72,
    73,
    74,
    75,
    76,
    77,
    78,
    79,
    80,
    81,
    82,
    83,
    84,
    85,
    86,
    87,
    88,
    89,
    90,
    91,
    92,
    93,
    94,
    95,
    96,
    97,
    98,
    99,
    100,
    101,
    102,
    103,
    104,
    105,
    106,
    107,
    108,
    109,
    110,
    111,
    112,
    113,
    114,
    115,
    116,
    117,
    118,
    119,
    120,
    121,
    122,
    123,
    124,
    125,
    126,
    127,
    128,
    129,
    130,
    131,
    132,
    133,
    134,
    135,
    136,
    137,
    138,
    139,
    140,
    141,
    142,
    143,
    144,
    145,
    146,
    147,
    148,
    149,
    150,
    151,
    152,
    153,
    154,
    155,
    156,
    157,
    158,
    159,
    160,
    161,
    162,
    163,
    164,
    165,
    166,
    167,
    168,
    169,
    170,
    171,
    172,
    173,
    174,
    175,
    176,
    177,
    178,
    179,
    180,
    181,
    182,
    183,
    184,
    185,
    186,
    187,
    188,
    189,
    190,
    191,
    192,
    193,
    194,
    195,
    196,
    197,
    198,
    199
  ],
  "states": [
    50.0,
    50.81192069677825,
    50.8415188940131,
    51.167956537553636,
    51.92574339762988,
    51.867911355376776,
    50.50155683289439,
    51.51526708451373,
    49.92272480265721,
    50.45130639376022,
    51.22156174554947,
    52.43918675587776,
    52.10658157641379,
    51.848918815541204,
    51.9409867005787,
    52.08558909037328,
    51.427420328798625,
    51.09148876701326,
    51.084703688944906,
    51.57359000143228,
    51.443874088127814,
    50.964624601688335,
    50.51021770974741,
    48.82494791661784,
    49.410721217216505,
    49.519365458245396,
    48.86918912362912,
    48.119862511246154,
    48.0706982887669,
    49.67677687642696,
    49.248312553470406,
    49.966577832062974,
    49.69169201523363,
    49.97453723057863,
    50.61756032677244,
    51.0205221552214,
    51.21328904746077,
    51.70810705587343,
    51.97801507330519,
    50.473288048519585,
    51.52589559836935,
    51.54108487795293,
    51.523579826652984,
    50.533226763690195,
    51.768608631041126,
    51.176064054089046,
    50.34011372033478,
    51.07794479264935,
    51.515746455276336,
    51.28776839004244,
    52.158690613021406,
    51.832123738775685,
    52.92315490306547,
    52.37583824504825,
    51.13356491570261,
    49.8967733807553,
    49.643043202126755,
    49.97383782862085,
    49.95523656819515,
    49.8596083966392,
    50.35803951307689,
    50.22516276983901,
    50.36165942970062,
    49.65368136311633,
    49.08140078967436,
    49.31648093046226,
    49.51873064235073,
    50.02849710542033,
    51.40211198964783,
    50.58955641413951,
    50.46562250177165,
    50.88576726834187,
    51.776834375520636,
    51.38551118695692,
    52.373315709804565,
    51.51410460279778,
    50.53572875755753,
    50.00155143102452,
    49.31984361641068,
    49.31304308295316,
    49.516651612558114,
    49.74430286323561,
    48.754225553801696,
    48.91010517866434,
    48.11029118720631,
    46.795838579060586,
    48.74453715333447,
    48.5197907120671,
    47.87853338494051,
    49.468370813418055,
    48.9451507852455,
    50.4367234354864,
    50.85417536938801,
    50.495598959183596,
    51.739100003599354,
    51.40664622162306,
    52.24711570387489,
    51.99602494450592,
    51.2117039620114,
    52.21825028801881,
    50.48426686688923,
    50.84035192996702,
    50.69819837883462,
    52.028555207125095,
    52.00460462217699,
    52.35773813251514,
    52.8249446845871,
    52.55617172551926,
    52.64660940964307,
    51.65244042682194,
    52.2901793848882,
    53.438554592165,
    52.98983808731908,
    52.67477529973262,
    52.98950003796881,
    53.3587939309842,
    53.44095276528415,
    52.96254273238673,
    53.09046500694443,
    52.26753592244072,
    52.35176587614889,
    51.825465154581714,
    51.75764301665283,
    52.29327399077175,
    52.83093378169245,
    52.13415657313954,
    53.54074504338374,
    53.20796115078019,
    53.5682884481958,
    52.52367178724347,
    53.145583981142465,
    52.078720315111866,
    51.53853062414096,
    51.03805372014474,
    51.73289669129106,
    51.57838414684234,
    51.19361550243664,
    49.88156717854931,
    50.75671400505713,
    50.293397508970806,
    49.63456207044204,
    50.221135711704314,
    50.050102835769955,
    49.518482238811515,
    49.27389434170192,
    48.83744001169709,
    48.289417842704566,
    48.20196205043308,
    48.594743273305816,
    47.687946023084145,
    48.17333290492855,
    48.0184381179096,
    48.05294239053384,
    47.64028954051186,
    46.845881236497654,
    46.180301279269855,
    46.21195030528974,
    46.62302286923728,
    48.36819107493315,
    49.06351333413468,
    48.71278954988489,
    48.202007517713774,
    48.604385740378056,
    49.321395742908706,
    49.513051993221325,
    49.38864061650549,
    49.9310062389598,
    49.937925145722055,
    49.19304594624308,
    48.7306811723695,
    47.247390835146724,
    47.87333001380952,
    48.44557153162213,
    48.48781456473227,
    48.75528063851656,
    48.83990527839488,
    49.42008265852,
    50.56557332387367,
    49.920251137577,
    49.781397125958186,
    50.578475328800984,
    51.25626055587992,
    51.98177121732944,
    50.92281178153583,
    50.365702130630446,
    50.87297599871865,
    51.83405089720004,
    52.43996693531511,
    52.779473826527614,
    53.821287307334416,
    54.17497546551695,
    54.40757050096033,
    54.028927330502796,
    53.51218715434968,
    52.53451278573355,
    53.007534297075125,
    52.300316553010184,
    52.00060161941436,
    52.27906209408907,
    52.93712842159625,
    53.73057849525824
  ],
  "actions": [],
  "observations": [
    1,
    1,
    1,
    1,
    1,
    1,
    1,
    1,
    1,
    1,
    1,
    1,
    1,
    1,
    1,
    1,
    1,
    1,
    1,
    1,
    1,
    1,
    1,
    1,
    1,
    1,
    1,
    1,
    1,
    1,
    1,
    1,
    1,
    1,
    1,
    1,
    1,
    1,
    1,
    1,
    1,
    1,
    1,
    1,
    1,
    1,
    1,
    1,
    1,
    1,
    1,
    1,
    1,
    1,
    1,
    1,
    1,
    1,
    1,
    1,
    1,
    1,
    1,
    1,
    1,
    1,
    1,
    1,
    1,
    1,
    1,
    1,
    1,
    1,
    1,
    1,
    1,
    1,
    1,
    1,
    1,
    1,
    1,
    1,
    1,
    1,
    1,
    1,
    1,
    1,
    1,
    1,
    1,
    1,
    1,
    1,
    1,
    1,
    1,
    1,
    1,
    1,
    1,
    1,
    1,
    1,
    1,
    1,
    1,
    1,
    1,
    1,
    1,
    1,
    1,
    1,
    1,
    1,
    1,
    1,
    1,
    1,
    1,
    1,
    1,
    1,
    1,
    1,
    1,
    1,
    1,
    1,
    1,
    1,
    1,
    1,
    1,
    1,
    1,
    1,
    1,
    1,
    1,
    1,
    1,
    1,
    1,
    1,
    1,
    1,
    1,
    1,
    1,
    1,
    1,
    1,
    1,
    1,
    1,
    1,
    1,
    1,
    1,
    1,
    1,
    1,
    1,
    1,
    1,
    1,
    1,
    1,
    1,
    1,
    1,
    1,
    1,
    1,
    1,
    1,
    1,
    1,
    1,
    1,
    1,
    1,
    1,
    1,
    1,
    1,
    1,
    1,
    1,
    1,
    1,
    1,
    1,
    1,
    1,
    1
  ],