{
  "timesteps": [
    0,
    1,
    2,
    3,
    4,
    5,
    6,
    7,
    8,
    9,
    10,
    11,
    12,
    13,
    14,
    15,
    16,
    17,
    18,
    19,
    20,
    21,
    22,
    23,
    24,
    25,
    26,
    27,
    28,
    29,
    30,
    31,
    32,
    33,
    34,
    35,
    36,
    37,
    38,
    39,
    40,
    41,
    42,
    43,
    44,
    45,
    46,
    47,
    48,
    49,
    50,
    51,
    52,
    53,
    54,
    55,
    56,
    57,
    58,
    59,
    60,
    61,
    62,
    63,
    64,
    65,
    66,
    67,
    68,
    69,
    70,
    71,
    72,
    73,
    74,
    75,
    76,
    77,
    78,
    79,
    80,
    81,
    82,
    83,
    84,
    85,
    86,
    87,
    88,
    89,
    90,
    91,
    92,
    93,
    94,
    95,
    96,
    97,
    98,
    99,
    100,
    101,
    102,
    103,
    104,
    105,
    106,
    107,
    108,
    109,
    110,
    111,
    112,
    113,
    114,
    115,
    116,
    117,
    118,
    119,
    120,
    121,
    122,
    123,
    124,
    125,
    126,
    127,
    128,
    129,
    130,
    131,
    132,
    133,
    134,
    135,
    136,
    137,
    138,
    139,
    140,
    141,
    142,
    143,
    144,
    145,
    146,
    147,
    148,
    149,
    150,
    151,
    152,
    153,
    154,
    155,
    156,
    157,
    158,
    159,
    160,
    161,
    162,
    163,
    164,
    165,
    166,
    167,
    168,
    169,
    170,
    171,
    172,
    173,
    174,
    175,
    176,
    177,
    178,
    179,
    180,
    181,
    182,
    183,
    184,
    185,
    186,
    187,
    188,
    189,
    190,
    191,
    192,
    193,
    194,
    195,
    196,
    197,
    198,
    199
  ],
  "states": [
    50.0,
    49.60903326625501,
    49.279247307354915,
    50.55308638179319,
    50.705391888902845,
    49.23151888975066,
    48.4095507968036,
    47.82531676867688,
    48.24126359323632,
    47.611319155949005,
    47.694790667030425,
    47.500832635249054,
    48.53622985704881,
    49.275328643678826,
    47.60258450421572,
    47.874838023938516,
    48.6133885365838,
    48.557914059195745,
    47.70125569924717,
    48.681331562819196,
    48.32803383181143,
    47.365824972996116,
    47.4731074251386,
    46.927916684011215,
    46.378078793985765,
    46.348179289495725,
    45.824743446652704,
    45.798467978065666,
    45.46491705764769,
    45.46758565816088,
    44.858966712131426,
    45.04907495552592,
    44.617191438711174,
    44.364748027409355,
    44.062437183274554,
    44.71242097706552,
    44.98600887102534,
    44.10300762206833,
    44.81793604249625,
    43.27143976805975,
    42.77265104353588,
    42.75081461104168,
    43.07373650916324,
    43.080483328665125,
    42.69544282744432,
    41.352892108716894,
    42.48378430555583,
    42.32057174926513,
    42.14322178390977,
    40.650539794335025,
    41.95426106983124,
    42.3900318574008,
    41.76741025405486,
    41.508116333901285,
    40.8822371130653,
    40.51879321101042,
    39.48241691694145,
    37.92053551105808,
    38.315529563772664,
    37.9062914509747,
    37.313930396738755,
    37.96069250150333,
    37.860914654211044,
    37.932838548505906,
    38.559162609268824,
    40.080717936116784,
    39.66449847859549,
    40.187716864201995,
    40.810397567577674,
    40.909924667877284,
    41.612208773682674,
    39.83126454849306,
    39.50939510188463,
    39.29250775917987,
    38.864630588047575,
    39.478863596846004,
    38.55255450837635,
    38.83765927923436,
    40.50511628157699,
    40.34476889877417,
    40.06329686360711,
    39.43878298259689,
    39.43181842973747,
    41.393576042637314,
    41.78681394016274,
    42.069587625730236,
    41.809967581187735,
    41.368426766875224,
    41.28954907039068,
    40.38309706409392,
    40.14671244668,
    40.39284287114305,
    39.986829742592455,
    39.82075216223738,
    40.22161705377976,
    41.210177715025274,
    40.57548491500164,
    40.623936259960956,
    40.809692433174824,
    40.94245942288469,
    41.63425714636542,
    41.925406220057376,
    41.365301513166486,
    40.75916095416322,
    40.95309323688452,
    41.10645752976279,
    41.963006248922696,
    41.76971067196076,
    42.116474574644336,
    43.06695964289657,
    41.98639618448277,
    42.53109167482317,
    42.939350978647326,
    41.59585437993873,
    41.106591627409856,
    40.64489387947118,
    41.52323435635494,
    42.00576998273433,
    43.11852837923634,
    44.131192335311255,
    43.40216464249965,
    42.548708301720545,
    43.449098065325835,
    42.25830359977276,
    41.112687051077366,
    40.738710963430364,
    41.29916527273332,
    40.4454695134985,
    41.43168622288513,
    41.00830891690641,
    42.307457743843436,
    41.534755368809016,
    40.35234260413577,
    40.27670793484156,
    39.56177995097886,
    39.44609095340085,
    39.41807943826808,
    39.845906901377376,
    40.9425870827414,
    41.30288161427864,
    39.605046900324986,
    38.90347685093304,
    39.006916735447156,
    39.17423385639014,
    38.4052966335792,
    39.02779083184693,
    38.42947382993474,
    38.29721680432355,
    37.21603499191377,
    38.24484983027071,
    37.84424736469518,
    38.407126146716756,
    37.5152139813541,
    37.54258166718251,
    37.70256386991577,
    37.88588632287654,
    37.64286974179292,
    36.68242986549332,
    35.67201784545703,
    35.920759795987266,
    35.91026966963665,
    36.512056299280395,
    37.767693216753464,
    38.58905276803149,
    39.45526624977929,
    39.31328342314563,
    39.271520680310665,
    39.59767023117443,
    40.54049104044596,
    41.68664599831927,
    41.484204527054764,
    42.392300866478024,
    42.63772396619155,
    42.680439122962795,
    43.19825474096184,
    41.95295515041439,
    41.652803210912,
    42.50410306794281,
    41.282391924378665,
    40.907813694355475,
    40.658814549596215,
    39.691203504658624,
    39.504839201371475,
    38.27121326402519,
    39.00566249314828,
    39.38062056607104,
    39.24661254187081,
    38.30804422483304,
    38.0664764308953,
    38.665542861743475,
    38.08201696029789,
    37.74387786745735,
    37.86088957175424,
    36.798281396174275,
    35.13795190813571,
    34.51965022970224,
    33.82359974310505,
    34.722141866573836,
    34.093885961259005,
    34.18794453490534,
    34.48757552546495
  ],
  "actions": [],
  "observations": [
    1,
    1,
    1,
    1,
    1,
    1,
    1,
    1,
    1,
    1,
    1,
    1,
    1,
    1,
    1,
    1,
    1,
    1,
    1,
    1,
    1,
    1,
    1,
    1,
    1,
    1,
    1,
    1,
    1,
    1,
    0,
    1,
    0,
    0,
    0,
    0,
    0,
    0,
    0,
    0,
    0,
    0,
    0,
    0,
    0,
    0,
    0,
    0,
    0,
    0,
    0,
    0,
    0,
    0,
    0,
    0,
    0,
    0,
    0,
    0,
    0,
    0,
    0,
    0,
    0,
    0,
    0,
    0,
    0,
    0,
    0,
    0,
    0,
    0,
    0,
    0,
    0,
    0,
    0,
    0,
    0,
    0,
    0,
    0,
    0,
    0,
    0,
    0,
    0,
    0,
    0,
    0,
    0,
    0,
    0,
    0,
    0,
    0,
    0,
    0,
    0,
    0,
    0,
    0,
    0,
    0,
    0,
    0,
    0,
    0,
    0,
    0,
    0,
    0,
    0,
    0,
    0,
    0,
    0,
    0,
    0,
    0,
    0,
    0,
    0,
    0,
    0,
    0,
    0,
    0,
    0,
    0,
    0,
    0,
    0,
    0,
    0,
    0,
    0,
    0,
    0,
    0,
    0,
    0,
    0,
    0,
    0,
    0,
    0,
    0,
    0,
    0,
    0,
    0,
    0,
    0,
    0,
    0,
    0,
    0,
    0,
    0,
    0,
    0,
    0,
    0,
    0,
    0,
    0,
    0,
    0,
    0,
    0,
    0,
    0,
    0,
    0,
    0,
    0,
    0,
    0,
    0,
    0,
    0,
    0,
    0,
    0,
    0,
    0,
    0,
    0,
    0,
    0,
    0,
    0,
    0,
    0,
    0,
    0,
    0
  ],