{
  "timesteps": [
    0,
    1,
    2,
    3,
    4,
    5,
    6,
    7,
    8,
    9,
    10,
    11,
    12,
    13,
    14,
    15,
    16,
    17,
    18,
    19,
    20,
    21,
    22,
    23,
    24,
    25,
    26,
    27,
    28,
    29,
    30,
    31,
    32,
    33,
    34,
    35,
    36,
    37,
    38,
    39,
    40,
    41,
    42,
    43,
    44,
    45,
    46,
    47,
    48,
    49,
    50,
    51,
    52,
    53,
    54,
    55,
    56,
    57,
    58,
    59,
    60,
    61,
    62,
    63,
    64,
    65,
    66,
    67,
    68,
    69,
    70,
    71,
    72,
    73,
    74,
    75,
    76,
    77,
    78,
    79,
    80,
    81,
    82,
    83,
    84,
    85,
    86,
    87,
    88,
    89,
    90,
    91,
    92,
    93,
    94,
    95,
    96,
    97,
    98,
    99,
    100,
    101,
    102,
    103,
    104,
    105,
    106,
    107,
    108,
    109,
    110,
    111,
    112,
    113,
    114,
    115,
    116,
    117,
    118,
    119,
    120,
    121,
    122,
    123,
    124,
    125,
    126,
    127,
    128,
    129,
    130,
    131,
    132,
    133,
    134,
    135,
    136,
    137,
    138,
    139,
    140,
    141,
    142,
    143,
    144,
    145,
    146,
    147,
    148,
    149,
    150,
    151,
    152,
    153,
    154,
    155,
    156,
    157,
    158,
    159,
    160,
    161,
    162,
    163,
    164,
    165,
    166,
    167,
    168,
    169,
    170,
    171,
    172,
    173,
    174,
    175,
    176,
    177,
    178,
    179,
    180,
    181,
    182,
    183,
    184,
    185,
    186,
    187,
    188,
    189,
    190,
    191,
    192,
    193,
    194,
    195,
    196,
    197,
    198,
    199
  ],
  "states": [
    50.0,
    55.72708354386479,
    55.12089663821104,
    55.560804005755315,
    52.71551478212042,
    54.203872654907514,
    56.27307240979099,
    56.597383615603135,
    55.366786018346176,
    57.87524135588899,
    61.43573196198692,
    58.779051097004185,
    53.43924685323594,
    52.60097777901783,
    49.94982809018218,
    49.75378669360473,
    50.11972521891987,
    48.38910977417206,
    49.08129713901511,
    47.38827188466102,
    44.953616807486085,
    45.97169375419852,
    47.68517137051604,
    48.46658300982761,
    50.90451536894425,
    49.27728439625029,
    49.28701037286502,
    48.178890506709806,
    49.3632267105334,
    50.11003965077998,
    48.0238513828649,
    43.5104506669798,
    44.959442603949284,
    46.751258118097006,
    45.19946943476381,
    45.35803593265507,
    48.03422567800482,
    48.6538835291008,
    48.272861875990394,
    47.85722205677839,
    48.60659808436361,
    48.87678196197774,
    46.063908148138175,
    45.33478717993267,
    42.33885012310387,
    43.11292159138862,
    43.158375931972344,
    41.557063648088366,
    38.78963945589114,
    41.518165240323974,
    39.12402293056822,
    41.08836034132713,
    40.98936408950958,
    43.20770322277374,
    44.7225745185326,
    43.53358075622343,
    44.548493751991764,
    41.562070203331785,
    43.60185421116534,
    41.87613071724821,
    41.92643920886017,
    41.47970122512878,
    41.26719820390217,
    39.02945732266539,
    37.653373181886735,
    40.04545237761703,
    36.177967048114404,
    36.061002607682234,
    35.378265960721066,
    35.24157603979294,
    33.84872250963637,
    32.78409553464235,
    32.190998429741555,
    32.87105333234068,
    33.724381440816494,
    32.590896278436524,
    34.78999380098014,
    36.33596173854839,
    35.788809503697685,
    35.37362164169155,
    32.88096823383389,
    30.273294282194836,
    34.41447990608613,
    34.48004772424351,
    36.50403569920802,
    37.95744543205983,
    37.86800136246306,
    38.54019209101674,
    39.10978000965884,
    39.92041098379138,
    37.54858099439598,
    39.76192872481954,
    37.643734062512166,
    39.33997154364213,
    43.01462191939311,
    46.095163046852285,
    46.65323029905051,
    46.47760491713442,
    46.804856671053265,
    50.41293486368214,
    52.57783074604419,
    54.02939363452699,
    54.904629471815305,
    52.20045534746115,
    53.248001313058445,
    54.1052927384516,
    52.212449827219835,
    55.557171987271246,
    55.08141528188546,
    57.24680561676354,
    57.3773396736964,
    54.89108852854641,
    55.609416438081006,
    55.480487722917694,
    58.16493340366517,
    59.574477668398714,
    57.263041823001544,
    56.99159048267499,
    56.081101568283614,
    57.29154326962951,
    60.382182139377896,
    59.026523505840125,
    57.14618572987034,
    56.93589286232864,
    58.23356373244224,
    58.91290147048877,
    60.88828839895504,
    60.71399541785936,
    57.81061086561198,
    55.670317608605004,
    57.16266445507991,
    61.14769377438533,
    62.724556992067924,
    59.998772941206184,
    58.85192945307833,
    60.560273393269085,
    61.11144494396623,
    64.40016839096229,
    65.65794588050952,
    66.11463381796281,
    64.3899540447925,
    62.57828920828439,
    60.298247251075,
    60.599809334178964,
    61.06741058998237,
    57.9822862952393,
    58.50229277053438,
    54.43107961074598,
    53.345017167627915,
    50.2680170795003,
    50.12902279456143,
    48.704959727025596,
    48.67958931238034,
    48.213340180920866,
    51.01145484170071,
    49.36835772593267,
    49.30973694011005,
    49.473452447322806,
    52.61149921322243,
    52.83215780446939,
    53.91571038532543,
    51.14896506338437,
    49.96509060514535,
    49.72643903569891,
    49.505177142089785,
    49.5070059008426,
    47.27258060976757,
    48.36522008641482,
    48.60404125749411,
    48.56773007396966,
    48.8178321167959,
    49.30261581046995,
    48.870770448600865,
    49.33018272732932,
    47.90958527122078,
    47.45769634274976,
    48.63163919804303,
    48.10140893948378,
    48.32325599625338,
    49.87342446043842,
    49.53766514430862,
    49.72695982254225,
    49.80101386770688,
    49.79629205071223,
    51.112341391905375,
    48.52484670071548,
    48.33094383466381,
    46.98558327068432,
    48.18133561907882,
    47.87021603227748,
    47.661075683189985,
    49.338944133502615,
    47.22051087779938,
    48.29504534414326,
    47.118832112606086,
    46.00015021094502,
    45.858068324660245,
    42.650272561748324,
    40.47713522808926,
    38.860528014875115,
    38.6556295391786
  ],
  "actions": [],
  "observations": [
    1,
    2,
    2,
    2,
    1,
    1,
    2,
    2,
    2,
    2,
    2,
    2,
    1,
    1,
    1,
    1,
    1,
    1,
    1,
    1,
    0,
    1,
    1,
    1,
    1,
    1,
    1,
    1,
    1,
    1,
    1,
    0,
    0,
    1,
    1,
    1,
    1,
    1,
    1,
    1,
    1,
    1,
    1,
    1,
    0,
    0,
    0,
    0,
    0,
    0,
    0,
    0,
    0,
    0,
    0,
    0,
    0,
    0,
    0,
    0,
    0,
    0,
    0,
    0,
    0,
    0,
    0,
    0,
    0,
    0,
    0,
    0,
    0,
    0,
    0,
    0,
    0,
    0,
    0,
    0,
    0,
    0,
    0,
    0,
    0,
    0,
    0,
    0,
    0,
    0,
    0,
    0,
    0,
    0,
    0,
    1,
    1,
    1,
    1,
    1,
    1,
    1,
    1,
    1,
    1,
    1,
    1,
    2,
    2,
    2,
    2,
    1,
    2,
    2,
    2,
    2,
    2,
    2,
    2,
    2,
    2,
    2,
    2,
    2,
    2,
    2,
    2,
    2,
    2,
    2,
    2,
    2,
    2,
    2,
    2,
    2,
    2,
    2,
    2,
    2,
    2,
    2,
    2,
    2,
    2,
    2,
    2,
    1,
    1,
    1,
    1,
    1,
    1,
    1,
    1,
    1,
    1,
    1,
    1,
    1,
    1,
    1,
    1,
    1,
    1,
    1,
    1,
    1,
    1,
    1,
    1,
    1,
    1,
    1,
    1,
    1,
    1,
    1,
    1,
    1,
    1,
    1,
    1,
    1,
    1,
    1,
    1,
    1,
    1,
    1,
    1,
    1,
    1,
    1,
    1,
    1,
    1,
    0,
    0,
    0
  ],