{
  "timesteps": [
    0,
    1,
    2,
    3,
    4,
    5,
    6,
    7,
    8,
    9,
    10,
    11,
    12,
    13,
    14,
    15,
    16,
    17,
    18,
    19,
    20,
    21,
    22,
    23,
    24,
    25,
    26,
    27,
    28,
    29,
    30,
    31,
    32,
    33,
    34,
    35,
    36,
    37,
    38,
    39,
    40,
    41,
    42,
    43,
    44,
    45,
    46,
    47,
    48,
    49,
    50,
    51,
    52,
    53,
    54,
    55,
    56,
    57,
    58,
    59,
    60,
    61,
    62,
    63,
    64,
    65,
    66,
    67,
    68,
    69,
    70,
    71,
    72,
    73,
    74,
    75,
    76,
    77,
    78,
    79,
    80,
    81,
    82,
    83,
    84,
    85,
    86,
    87,
    88,
    89,
    90,
    91,
    92,
    93,
    94,
    95,
    96,
    97,
    98,
    99,
    100,
    101,
    102,
    103,
    104,
    105,
    106,
    107,
    108,
    109,
    110,
    111,
    112,
    113,
    114,
    115,
    116,
    117,
    118,
    119,
    120,
    121,
    122,
    123,
    124,
    125,
    126,
    127,
    128,
    129,
    130,
    131,
    132,
    133,
    134,
    135,
    136,
    137,
    138,
    139,
    140,
    141,
    142,
    143,
    144,
    145,
    146,
    147,
    148,
    149,
    150,
    151,
    152,
    153,
    154,
    155,
    156,
    157,
    158,
    159,
    160,
    161,
    162,
    163,
    164,
    165,
    166,
    167,
    168,
    169,
    170,
    171,
    172,
    173,
    174,
    175,
    176,
    177,
    178,
    179,
    180,
    181,
    182,
    183,
    184,
    185,
    186,
    187,
    188,
    189,
    190,
    191,
    192,
    193,
    194,
    195,
    196,
    197,
    198,
    199
  ],
  "states": [
    50.0,
    51.5783899831914,
    54.26178768563663,
    57.74025370309927,
    56.76542521513933,
    56.604073540356175,
    54.990666276517196,
    56.46413183607495,
    59.18501300164892,
    59.782737526101066,
    59.13849600369291,
    60.08966704513304,
    59.71713985496545,
    56.42374406421444,
    55.82445042937714,
    54.177246555788706,
    55.46986520359245,
    57.314140983459865,
    60.79274661853823,
    60.18668276901407,
    61.24697279966983,
    61.33711301130047,
    63.18510788895514,
    64.00797290902365,
    68.0772961224293,
    68.90848682990288,
    67.94641732442143,
    69.02978169186582,
    66.67453930891318,
    68.11220955878876,
    68.59895731503678,
    66.24674073266073,
    67.54619479005105,
    70.35528602057636,
    71.21674220049024,
    68.82357734815444,
    71.1487113007533,
    72.64249125805199,
    75.39600097457014,
    74.59295400614643,
    75.41442271539086,
    77.04883796098747,
    76.98710893569941,
    77.68945557283847,
    77.58856489791962,
    76.26399885073347,
    74.64365198419505,
    75.05647481243273,
    79.18243462287644,
    79.00671430698989,
    77.23073085484037,
    76.06833184018811,
    73.9812397658883,
    72.39577029836235,
    75.88373024747504,
    76.38396178905523,
    75.78911333784048,
    72.8716672739918,
    74.08844673154375,
    72.16024885416515,
    74.34967171675896,
    73.12366681193282,
    71.77411761514347,
    72.57071062421677,
    74.7581215813132,
    73.69921669266807,
    73.79003551455708,
    72.7773724765692,
    72.16005537886014,
    74.69698513850892,
    76.61064777311077,
    78.80775038639574,
    80.7708538314752,
    80.18778951054988,
    80.93871052342013,
    81.61828872563763,
    83.5415443351195,
    83.30992308029109,
    84.01882488184559,
    83.16545326958794,
    82.04767879412081,
    82.3505750987483,
    81.07722775322257,
    81.13498734704784,
    80.27887605648597,
    80.87777453028306,
    83.29835023922715,
    82.20945477365329,
    82.04545499480167,
    82.33109867163137,
    82.01840064509715,
    80.01548439102103,
    83.79627822604434,
    84.31366872058936,
    83.28749194264253,
    80.70592563850963,
    83.08604130416663,
    85.48309477791595,
    86.32354879247565,
    84.56578512761335,
    82.12356974311064,
    83.53465785683603,
    80.36873849278962,
    81.34221866470253,
    82.62355672959535,
    83.97083874882004,
    83.98666067756595,
    86.79460583767272,
    85.98143581557417,
    84.33524036267752,
    84.20829776765916,
    82.05589371315709,
    82.8497264963442,
    83.60624352503561,
    85.22220768595444,
    86.07053757535567,
    88.78969790076114,
    88.89180673286809,
    90.81585732930611,
    94.20650415023333,
    93.33821494153007,
    91.1424712833208,
    87.81946871755903,
    88.90166660900947,
    89.48529000100152,
    89.83701163303843,
    90.74221136877094,
    91.13622115823546,
    88.9481152911144,
    90.80556014640372,
    93.29487933409827,
    92.88165368420195,
    92.66725970233105,
    92.87583307028058,
    91.83411092164998,
    91.53575747528619,
    88.81690916063125,
    90.00117759112844,
    88.96175914292698,
    89.96601858081911,
    91.2614922807256,
    90.09869203699257,
    88.91129735342382,
    86.29991848939888,
    85.82030941521072,
    84.80223031921007,
    80.7178523526481,
    81.2575414270114,
    81.362123338686,
    80.15029204195888,
    84.65207730137504,
    86.50809557764504,
    90.09148773379493,
    92.14413079991338,
    93.84237120990312,
    93.85484329229416,
    93.81094485058826,
    91.51010746793145,
    88.74761600785808,
    86.86291802632788,
    87.25334283508428,
    86.80233831848389,
    86.96676864932553,
    90.06704158844393,
    90.83760737983893,
    92.40713899914793,
    92.12148490566712,
    87.67404711499483,
    88.77153543152522,
    91.50732458188511,
    91.85929937832023,
    90.79094221579135,
    89.95881001836845,
    90.78578004411328,
    87.7751575710548,
    84.41376864847432,
    85.53486356534222,
    86.14565056386927,
    86.47847412094141,
    83.93065191371247,
    85.1015778872205,
    86.66452744584055,
    85.31293175695845,
    84.08991152504484,
    79.96978324452036,
    81.77468422119213,
    81.17023264846685,
    80.88743180653397,
    81.89605226155055,
    81.54572213748848,
    80.47020233601872,
    84.02061220777082,
    84.7097167842411,
    87.47844127663868,
    88.03493798328745,
    89.68994814962109,
    88.2957925792105,
    88.73766785888998,
    86.8473212591861,
    87.92331846847998,
    84.85744553540809
  ],
  "actions": [],
  "observations": [
    1,
    1,
    1,
    2,
    2,
    2,
    1,
    2,
    2,
    2,
    2,
    2,
    2,
    2,
    2,
    1,
    2,
    2,
    2,
    2,
    2,
    2,
    2,
    2,
    2,
    2,
    2,
    2,
    2,
    2,
    2,
    2,
    2,
    2,
    2,
    2,
    2,
    2,
    2,
    2,
    2,
    2,
    2,
    2,
    2,
    2,
    2,
    2,
    2,
    2,
    2,
    2,
    2,
    2,
    2,
    2,
    2,
    2,
    2,
    2,
    2,
    2,
    2,
    2,
    2,
    2,
    2,
    2,
    2,
    2,
    2,
    2,
    2,
    2,
    2,
    2,
    2,
    2,
    2,
    2,
    2,
    2,
    2,
    2,
    2,
    2,
    2,
    2,
    2,
    2,
    2,
    2,
    2,
    2,
    2,
    2,
    2,
    2,
    2,
    2,
    2,
    2,
    2,
    2,
    2,
    2,
    2,
    2,
    2,
    2,
    2,
    2,
    2,
    2,
    2,
    2,
    2,
    2,
    2,
    2,
    2,
    2,
    2,
    2,
    2,
    2,
    2,
    2,
    2,
    2,
    2,
    2,
    2,
    2,
    2,
    2,
    2,
    2,
    2,
    2,
    2,
    2,
    2,
    2,
    2,
    2,
    2,
    2,
    2,
    2,
    2,
    2,
    2,
    2,
    2,
    2,
    2,
    2,
    2,
    2,
    2,
    2,
    2,
    2,
    2,
    2,
    2,
    2,
    2,
    2,
    2,
    2,
    2,
    2,
    2,
    2,
    2,
    2,
    2,
    2,
    2,
    2,
    2,
    2,
    2,
    2,
    2,
    2,
    2,
    2,
    2,
    2,
    2,
    2,
    2,
    2,
    2,
    2,
    2,
    2
  ],