{
  "timesteps": [
    0,
    1,
    2,
    3,
    4,
    5,
    6,
    7,
    8,
    9,
    10,
    11,
    12,
    13,
    14,
    15,
    16,
    17,
    18,
    19,
    20,
    21,
    22,
    23,
    24,
    25,
    26,
    27,
    28,
    29,
    30,
    31,
    32,
    33,
    34,
    35,
    36,
    37,
    38,
    39,
    40,
    41,
    42,
    43,
    44,
    45,
    46,
    47,
    48,
    49,
    50,
    51,
    52,
    53,
    54,
    55,
    56,
    57,
    58,
    59,
    60,
    61,
    62,
    63,
    64,
    65,
    66,
    67,
    68,
    69,
    70,
    71,
    72,
    73,
    74,
    75,
    76,
    77,
    78,
    79,
    80,
    81,
    82,
    83,
    84,
    85,
    86,
    87,
    88,
    89,
    90,
    91,
    92,
    93,
    94,
    95,
    96,
    97,
    98,
    99,
    100,
    101,
    102,
    103,
    104,
    105,
    106,
    107,
    108,
    109,
    110,
    111,
    112,
    113,
    114,
    115,
    116,
    117,
    118,
    119,
    120,
    121,
    122,
    123,
    124,
    125,
    126,
    127,
    128,
    129,
    130,
    131,
    132,
    133,
    134,
    135,
    136,
    137,
    138,
    139,
    140,
    141,
    142,
    143,
    144,
    145,
    146,
    147,
    148,
    149,
    150,
    151,
    152,
    153,
    154,
    155,
    156,
    157,
    158,
    159,
    160,
    161,
    162,
    163,
    164,
    165,
    166,
    167,
    168,
    169,
    170,
    171,
    172,
    173,
    174,
    175,
    176,
    177,
    178,
    179,
    180,
    181,
    182,
    183,
    184,
    185,
    186,
    187,
    188,
    189,
    190,
    191,
    192,
    193,
    194,
    195,
    196,
    197,
    198,
    199
  ],
  "states": [
    50.0,
    50.2391903507774,
    49.19035778687948,
    47.533305190095916,
    49.25050874941978,
    48.86073536220014,
    48.19220341114154,
    44.44426275688671,
    43.72557462108617,
    45.084299856941136,
    43.310775263312664,
    43.10316741432105,
    39.66483179823975,
    38.631309925832575,
    36.32848920165032,
    37.138875540543644,
    33.56705769169438,
    31.74708364674462,
    32.09099395587505,
    32.79288445923189,
    31.119751613027073,
    32.70964733036151,
    33.372551192203076,
    35.55146861796487,
    32.85561275625271,
    32.71347044316686,
    29.792319388107245,
    29.20698011650309,
    30.631835163446215,
    28.69447575406593,
    27.37287343733368,
    29.512992668670908,
    31.49238283335427,
    28.620282648594817,
    25.891317758176132,
    24.87476818896631,
    26.927510894089806,
    25.257201136442532,
    24.18995842939539,
    25.185875179518387,
    26.645086877830476,
    26.230096380832023,
    28.757116753932117,
    31.317984733932278,
    30.645069678889012,
    28.945684426369475,
    31.535792405699762,
    30.940753979712618,
    29.618576666010483,
    27.352745154532514,
    25.836002578102505,
    27.231634937709842,
    25.2896957770982,
    25.331544437984384,
    26.447037467409814,
    25.534828796090462,
    28.06828952475002,
    29.21237479944299,
    25.78174555073138,
    25.37809152881326,
    25.010165904901765,
    24.461762407782366,
    25.335463403784985,
    24.859708532607314,
    24.434293550608896,
    25.228468562772782,
    23.45861061649615,
    24.75439639790563,
    29.15026203723167,
    30.877262054886856,
    32.32109613794776,
    35.4553437103779,
    35.541997232821146,
    35.50667613608888,
    34.72523137308584,
    35.48995127753646,
    36.12598635410289,
    35.370061380440255,
    33.28958585685557,
    35.08998581611686,
    37.290917547006764,
    37.72387551559961,
    37.85488357047569,
    38.0619762945114,
    35.57859984199336,
    37.949993440495234,
    40.152369474128086,
    42.70491499879899,
    43.45272209818214,
    45.73460497002293,
    48.80333824104585,
    48.22809530070735,
    47.91363556591124,
    49.53394233114671,
    53.39663203061754,
    52.86716874948239,
    52.9343736850701,
    56.04883084984381,
    57.51752670103288,
    58.1981648355341,
    57.92780073020473,
    56.71544336379533,
    58.70678888562403,
    60.739413130292924,
    58.22489515334519,
    59.3474697871814,
    60.54835072482125,
    59.49572137722528,
    60.22344830624318,
    60.88330616354467,
    59.77365435585953,
    60.10321737266534,
    61.33878534376913,
    62.54634777101367,
    64.24541357915528,
    66.57606307634109,
    69.68054072705795,
    72.01111902842625,
    71.30664443226863,
    71.38478247037274,
    74.06052624530312,
    73.87586683993307,
    77.01293160196451,
    78.7695019376483,
    84.11662840285484,
    83.2119047849003,
    82.78336464529875,
    80.87875111882259,
    81.30739939278916,
    78.49214715268472,
    79.77774447995988,
    81.15803135861535,
    80.3355252623613,
    80.29214525793148,
    80.37642439524389,
    82.14149251424097,
    81.80958357669633,
    84.04989571480417,
    84.07084590787402,
    83.54494180306715,
    81.29544420341439,
    78.57625657341515,
    83.02400486748846,
    78.18386753095012,
    77.13493963962867,
    77.2812348078347,
    78.61935751866126,
    79.91131891575765,
    80.43597361204608,
    80.89188395060974,
    79.73795686798817,
    84.17187181496858,
    81.5451766673683,
    80.01928139573918,
    80.49920384949579,
    81.99904039095479,
    82.96090901531404,
    84.03475837416933,
    80.21671043054775,
    76.03722522520698,
    74.81444791815574,
    76.55927959172666,
    78.71800636525518,
    78.05523832038244,
    77.12373201311739,
    78.00017967871332,
    82.10868894818192,
    78.55366463822145,
    78.61331343466382,
    77.11846189438624,
    74.90701380405791,
    74.57820145117277,
    74.66070257018836,
    76.23517971309676,
    76.02700720698267,
    74.35885190693372,
    70.07718932352407,
    73.21808798178424,
    70.7919838447204,
    70.89480890438574,
    70.36243544279634,
    69.38982096077206,
    68.102103509053,
    65.76416095664828,
    63.897110999060416,
    64.60926655311388,
    66.31081011340521,
    67.47097353397253,
    66.65869956788117,
    64.87695301472979,
    62.09861965934636,
    62.59703257339826,
    58.880365404978875,
    60.914112664176656,
    58.89243835332775,
    60.09786329765242,
    59.021801828527806,
    58.9361011256713,
    57.7313458400564,
    57.917359879200404,
    62.26253398277883
  ],
  "actions": [],
  "observations": [
    1,
    1,
    1,
    1,
    1,
    1,
    1,
    0,
    0,
    1,
    0,
    0,
    0,
    0,
    0,
    0,
    0,
    0,
    0,
    0,
    0,
    0,
    0,
    0,
    0,
    0,
    0,
    0,
    0,
    0,
    0,
    0,
    0,
    0,
    0,
    0,
    0,
    0,
    0,
    0,
    0,
    0,
    0,
    0,
    0,
    0,
    0,
    0,
    0,
    0,
    0,
    0,
    0,
    0,
    0,
    0,
    0,
    0,
    0,
    0,
    0,
    0,
    0,
    0,
    0,
    0,
    0,
    0,
    0,
    0,
    0,
    0,
    0,
    0,
    0,
    0,
    0,
    0,
    0,
    0,
    0,
    0,
    0,
    0,
    0,
    0,
    0,
    0,
    0,
    1,
    1,
    1,
    1,
    1,
    1,
    1,
    1,
    2,
    2,
    2,
    2,
    2,
    2,
    2,
    2,
    2,
    2,
    2,
    2,
    2,
    2,
    2,
    2,
    2,
    2,
    2,
    2,
    2,
    2,
    2,
    2,
    2,
    2,
    2,
    2,
    2,
    2,
    2,
    2,
    2,
    2,
    2,
    2,
    2,
    2,
    2,
    2,
    2,
    2,
    2,
    2,
    2,
    2,
    2,
    2,
    2,
    2,
    2,
    2,
    2,
    2,
    2,
    2,
    2,
    2,
    2,
    2,
    2,
    2,
    2,
    2,
    2,
    2,
    2,
    2,
    2,
    2,
    2,
    2,
    2,
    2,
    2,
    2,
    2,
    2,
    2,
    2,
    2,
    2,
    2,
    2,
    2,
    2,
    2,
    2,
    2,
    2,
    2,
    2,
    2,
    2,
    2,
    2,
    2,
    2,
    2,
    2,
    2,
    2,
    2
  ],