{
  "timesteps": [
    0,
    1,
    2,
    3,
    4,
    5,
    6,
    7,
    8,
    9,
    10,
    11,
    12,
    13,
    14,
    15,
    16,
    17,
    18,
    19,
    20,
    21,
    22,
    23,
    24,
    25,
    26,
    27,
    28,
    29,
    30,
    31,
    32,
    33,
    34,
    35,
    36,
    37,
    38,
    39,
    40,
    41,
    42,
    43,
    44,
    45,
    46,
    47,
    48,
    49,
    50,
    51,
    52,
    53,
    54,
    55,
    56,
    57,
    58,
    59,
    60,
    61,
    62,
    63,
    64,
    65,
    66,
    67,
    68,
    69,
    70,
    71,
    72,
    73,
    74,
    75,
    76,
    77,
    78,
    79,
    80,
    81,
    82,
    83,
    84,
    85,
    86,
    87,
    88,
    89,
    90,
    91,
    92,
    93,
    94,
    95,
    96,
    97,
    98,
    99,
    100,
    101,
    102,
    103,
    104,
    105,
    106,
    107,
    108,
    109,
    110,
    111,
    112,
    113,
    114,
    115,
    116,
    117,
    118,
    119,
    120,
    121,
    122,
    123,
    124,
    125,
    126,
    127,
    128,
    129,
    130,
    131,
    132,
    133,
    134,
    135,
    136,
    137,
    138,
    139,
    140,
    141,
    142,
    143,
    144,
    145,
    146,
    147,
    148,
    149,
    150,
    151,
    152,
    153,
    154,
    155,
    156,
    157,
    158,
    159,
    160,
    161,
    162,
    163,
    164,
    165,
    166,
    167,
    168,
    169,
    170,
    171,
    172,
    173,
    174,
    175,
    176,
    177,
    178,
    179,
    180,
    181,
    182,
    183,
    184,
    185,
    186,
    187,
    188,
    189,
    190,
    191,
    192,
    193,
    194,
    195,
    196,
    197,
    198,
    199
  ],
  "states": [
    50.0,
    52.7610678708422,
    53.80745197651808,
    55.68507772884861,
    57.51053370724315,
    55.67774588069586,
    56.317052243435526,
    58.54332830733991,
    62.522348287062414,
    61.35796653754238,
    62.77439390090062,
    60.99216305854455,
    61.08188040473081,
    57.7002659962171,
    57.8844087804566,
    57.555415846002205,
    56.82236329901111,
    54.42992080700222,
    53.026833537306686,
    49.11266697071809,
    49.204751422078225,
    46.34789578481529,
    46.576628688438944,
    43.11416599033305,
    40.2371926165953,
    38.877212751543844,
    37.932760255884816,
    38.89749056881588,
    42.66877304387469,
    39.280475997619895,
    38.11132884593318,
    36.098541622858214,
    37.41271930914836,
    36.194600072625924,
    36.56551133375106,
    36.05363320346699,
    33.517204030021674,
    34.304695385965914,
    35.266053023982295,
    32.64834807947427,
    35.659421997314894,
    35.34263594876409,
    37.11683375827475,
    35.857016904169264,
    37.19444300621787,
    38.28657856429693,
    39.00468100233735,
    41.20813764870143,
    44.42849704551769,
    46.15911395912184,
    47.470345926911854,
    47.43596904035965,
    44.89684812022086,
    44.28702401635369,
    45.88347885377109,
    46.25341910095599,
    44.67181578087034,
    45.41516076226449,
    46.029707395650064,
    47.861248872374546,
    51.02130790861006,
    54.03373715400153,
    50.22806525080551,
    49.16506702693688,
    47.014780511034154,
    48.87389913242098,
    52.29808514835115,
    53.66958096225533,
    52.0533250661377,
    52.12834009253782,
    54.460120132141135,
    55.44557949585873,
    54.68505133266289,
    51.03307928962097,
    50.4518129824227,
    52.01774931010772,
    51.866076270378784,
    53.23110684272753,
    52.785818107574315,
    50.540842931207,
    48.956165029326996,
    45.01769762447693,
    44.537850753186454,
    43.950858640854435,
    43.07591491417813,
    43.918323049606805,
    45.233402101708926,
    44.211874598957266,
    43.351231291860095,
    41.50910018442549,
    39.23185796812523,
    38.27144792308221,
    35.92604806915046,
    35.85725713252344,
    35.54668861564864,
    33.238738138989916,
    30.622538643556357,
    27.837088246817906,
    29.0793561149479,
    28.37610640593129,
    29.401407838298688,
    28.93900721846144,
    29.623513193774052,
    27.68959248445981,
    27.854639822702822,
    29.89089461066796,
    29.452547525523258,
    28.683130221251616,
    27.848747712612433,
    30.949324448559487,
    30.838771590955666,
    32.51196241665925,
    31.34869477731436,
    31.61649707472026,
    31.948144570647397,
    30.453360291461763,
    32.13151292204402,
    33.65180673757326,
    33.648437499969546,
    36.839381561909775,
    37.984747498609195,
    38.4129222823636,
    38.49108901247533,
    35.085107290937714,
    33.870642433654595,
    35.986443391713244,
    37.31347657193601,
    36.74922163981136,
    36.673922647601316,
    35.05484482883488,
    34.04197889079432,
    27.8944814036691,
    26.705159779622278,
    27.283966477552383,
    27.229335477053972,
    27.984766193588204,
    25.780097886722896,
    27.16042869066193,
    26.05276321553734,
    25.56805072071249,
    24.41310108876721,
    24.686395212170638,
    28.20270002404539,
    26.842233062956517,
    30.55755949856765,
    30.348684607497972,
    30.585270550365614,
    33.037571098864234,
    34.7883375440953,
    36.5040389528058,
    34.30421109177994,
    33.01833652864272,
    31.86919315685725,
    31.639075412035773,
    31.863201859912174,
    31.228857204865363,
    32.15745190588158,
    30.353626841579647,
    30.545969042540968,
    33.65764189306094,
    34.7068797237603,
    33.85816046635984,
    34.84758384317009,
    33.2604974746915,
    31.82606329763692,
    31.223939120799432,
    27.6244131285534,
    28.066248419564158,
    28.265064347499887,
    29.359375394441702,
    31.99723680924421,
    33.83013984334238,
    36.393565915324125,
    35.134550523665894,
    34.310838323745095,
    35.72548151684759,
    30.795356488754795,
    27.9091137031627,
    27.29373483374133,
    28.352442008920836,
    29.297986216186114,
    29.6008338572014,
    28.624104448675507,
    27.74698527585247,
    27.653285656208205,
    28.61486368606836,
    28.490476751230023,
    27.4597024672726,
    25.553120181463928,
    25.618194445758917,
    24.708281403255047,
    24.048376796001364,
    21.991157203411326,
    22.194915456581807,
    22.590201384580872,
    19.213813590620816,
    17.284325626485604,
    13.66177093599093,
    13.355591837414776,
    14.683897168476632,
    15.637777751069288
  ],
  "actions": [],
  "observations": [
    1,
    1,
    1,
    2,
    2,
    2,
    2,
    2,
    2,
    2,
    2,
    2,
    2,
    2,
    2,
    2,
    2,
    1,
    1,
    1,
    1,
    1,
    1,
    0,
    0,
    0,
    0,
    0,
    0,
    0,
    0,
    0,
    0,
    0,
    0,
    0,
    0,
    0,
    0,
    0,
    0,
    0,
    0,
    0,
    0,
    0,
    0,
    0,
    0,
    1,
    1,
    1,
    0,
    0,
    1,
    1,
    0,
    1,
    1,
    1,
    1,
    1,
    1,
    1,
    1,
    1,
    1,
    1,
    1,
    1,
    1,
    2,
    1,
    1,
    1,
    1,
    1,
    1,
    1,
    1,
    1,
    1,
    0,
    0,
    0,
    0,
    1,
    0,
    0,
    0,
    0,
    0,
    0,
    0,
    0,
    0,
    0,
    0,
    0,
    0,
    0,
    0,
    0,
    0,
    0,
    0,
    0,
    0,
    0,
    0,
    0,
    0,
    0,
    0,
    0,
    0,
    0,
    0,
    0,
    0,
    0,
    0,
    0,
    0,
    0,
    0,
    0,
    0,
    0,
    0,
    0,
    0,
    0,
    0,
    0,
    0,
    0,
    0,
    0,
    0,
    0,
    0,
    0,
    0,
    0,
    0,
    0,
    0,
    0,
    0,
    0,
    0,
    0,
    0,
    0,
    0,
    0,
    0,
    0,
    0,
    0,
    0,
    0,
    0,
    0,
    0,
    0,
    0,
    0,
    0,
    0,
    0,
    0,
    0,
    0,
    0,
    0,
    0,
    0,
    0,
    0,
    0,
    0,
    0,
    0,
    0,
    0,
    0,
    0,
    0,
    0,
    0,
    0,
    0,
    0,
    0,
    0,
    0,
    0,
    0
  ],