{
  "timesteps": [
    0,
    1,
    2,
    3,
    4,
    5,
    6,
    7,
    8,
    9,
    10,
    11,
    12,
    13,
    14,
    15,
    16,
    17,
    18,
    19,
    20,
    21,
    22,
    23,
    24,
    25,
    26,
    27,
    28,
    29,
    30,
    31,
    32,
    33,
    34,
    35,
    36,
    37,
    38,
    39,
    40,
    41,
    42,
    43,
    44,
    45,
    46,
    47,
    48,
    49,
    50,
    51,
    52,
    53,
    54,
    55,
    56,
    57,
    58,
    59,
    60,
    61,
    62,
    63,
    64,
    65,
    66,
    67,
    68,
    69,
    70,
    71,
    72,
    73,
    74,
    75,
    76,
    77,
    78,
    79,
    80,
    81,
    82,
    83,
    84,
    85,
    86,
    87,
    88,
    89,
    90,
    91,
    92,
    93,
    94,
    95,
    96,
    97,
    98,
    99,
    100,
    101,
    102,
    103,
    104,
    105,
    106,
    107,
    108,
    109,
    110,
    111,
    112,
    113,
    114,
    115,
    116,
    117,
    118,
    119,
    120,
    121,
    122,
    123,
    124,
    125,
    126,
    127,
    128,
    129,
    130,
    131,
    132,
    133,
    134,
    135,
    136,
    137,
    138,
    139,
    140,
    141,
    142,
    143,
    144,
    145,
    146,
    147,
    148,
    149,
    150,
    151,
    152,
    153,
    154,
    155,
    156,
    157,
    158,
    159,
    160,
    161,
    162,
    163,
    164,
    165,
    166,
    167,
    168,
    169,
    170,
    171,
    172,
    173,
    174,
    175,
    176,
    177,
    178,
    179,
    180,
    181,
    182,
    183,
    184,
    185,
    186,
    187,
    188,
    189,
    190,
    191,
    192,
    193,
    194,
    195,
    196,
    197,
    198,
    199
  ],
  "states": [
    50.0,
    50.028510593482366,
    49.87727272925947,
    49.97410029244233,
    49.46398884130443,
    49.3773046540911,
    50.14735622844174,
    49.42691258914841,
    49.66521529210208,
    48.738169310510855,
    48.846443989166815,
    48.74678775985346,
    48.868353354937014,
    49.24212433076027,
    49.31954643119479,
    49.28577158269054,
    49.894979140757066,
    50.24748063520572,
    49.78984831598647,
    50.61064442917559,
    50.59263726770914,
    50.413464914297435,
    50.1247152069024,
    49.80769397495415,
    49.810338895020095,
    49.45107774338242,
    48.794291121737814,
    48.88536739329765,
    48.69245021409489,
    48.58769007091048,
    49.10818085402334,
    49.7241480275183,
    49.89655332539293,
    50.3273513385224,
    51.02827277258203,
    51.31434697065976,
    50.46265169841269,
    50.29861345927026,
    50.658376743665734,
    50.56866051886706,
    50.746543444580055,
    51.41282882534088,
    51.68519743633106,
    51.187716347454646,
    50.932664607674816,
    50.76945843035399,
    51.53166615686679,
    51.06039850819491,
    51.4633064156799,
    52.377842143566546,
    52.23332283053578,
    51.5581216152689,
    51.31440163681797,
    51.71726433222034,
    51.01514228947837,
    50.075056433657714,
    49.47981483921809,
    50.0875731543327,
    50.17145493573542,
    49.94750518599013,
    49.83671692817318,
    50.15700584422524,
    49.45382132096463,
    48.671549890710665,
    48.83850012020262,
    47.961767062875744,
    47.41941824234196,
    47.51322168183162,
    48.08891106786328,
    48.636285168115265,
    48.58344359495819,
    48.583253585392015,
    48.992970269777565,
    48.849918618485674,
    49.68890806068475,
    49.436872384656965,
    48.3223243916282,
    48.91644701714025,
    49.28266037333613,
    49.306601212853316,
    48.974750544012096,
    49.44073088349563,
    49.484437497619105,
    49.48141261707294,
    49.7300933395906,
    48.42185098838296,
    47.81666079128401,
    47.35571087141882,
    47.35694707248403,
    47.4273447443528,
    47.541492936652666,
    48.78144294575267,
    48.69807586013284,
    48.02554269414302,
    48.310556862725704,
    48.72203266673689,
    49.26051081779964,
    49.68305724014741,
    50.14237476431575,
    50.26550047077951,
    50.284916957276685,
    50.30731179738133,
    50.10946030035932,
    50.24523788401693,
    50.49337640856383,
    49.887511902366434,
    49.979856774756215,
    49.08071555745031,
    50.2575760820048,
    49.321355005399816,
    49.11883343080806,
    49.09051805022226,
    48.38074391666614,
    48.63325717972365,
    48.05432201549193,
    48.39673196645341,
    48.75415612048229,
    49.23949657122684,
    48.85704226423525,
    49.022006902266895,
    48.915768296861394,
    50.51690734489614,
    50.362848811394606,
    51.40952251123089,
    51.494395770665754,
    51.07145808614875,
    51.16207360409121,
    50.66328441965738,
    51.00813097382817,
    50.298361215497884,
    50.392203658086046,
    50.132641413961565,
    50.611305750374264,
    50.6749996117236,
    51.11566530891792,
    50.72064872542429,
    50.88471151186466,
    50.63478897402089,
    50.15365733678641,
    51.235828298841405,
    51.2077314717412,
    51.076731302156915,
    51.16429775120947,
    52.21119419870326,
    51.411500312333274,
    52.55620877323656,
    52.95184403460671,
    53.760256761924225,
    53.82062645628134,
    53.419139373679094,
    52.69766472245206,
    52.48645684033721,
    53.37148612671153,
    52.696589255451315,
    52.470943363868926,
    52.76384275953175,
    53.565004974575416,
    54.96624112275665,
    54.663425417751924,
    53.95773852089931,
    52.98095875517372,
    53.218041815463344,
    53.65031122903339,
    54.185580884059476,
    54.10913097851599,
    53.0546555259765,
    53.24892552891236,
    53.74711326710556,
    53.98491787126507,
    54.40331628218578,
    55.10405470518732,
    55.856487242151964,
    56.15801655609734,
    55.985612865362725,
    56.41067470797515,
    56.63076659906432,
    55.914154532639635,
    56.35287083988058,
    55.99738935989005,
    55.56970832295561,
    55.44946280440599,
    55.89144679856794,
    56.09531130132047,
    54.86034433328611,
    55.10722604785514,
    55.33502167228384,
    55.96475453299007,
    56.75049952728994,
    57.08828004343773,
    56.72635200280814,
    56.18132988738818,
    56.56675761747559,
    56.53122137309424,
    57.29881619133926,
    57.44198551893889,
    57.16155803531861,
    57.665564163227835,
    57.51868062412456,
    57.147263591051214,
    57.12341471700835,
    57.433528882482385
  ],
  "actions": [],
  "observations": [
    1,
    1,
    1,
    1,
    1,
    1,
    1,
    1,
    1,
    1,
    1,
    1,
    1,
    1,
    1,
    1,
    1,
    1,
    1,
    1,
    1,
    1,
    1,
    1,
    1,
    1,
    1,
    1,
    1,
    1,
    1,
    1,
    1,
    1,
    1,
    1,
    1,
    1,
    1,
    1,
    1,
    1,
    1,
    1,
    1,
    1,
    1,
    1,
    1,
    1,
    1,
    1,
    1,
    1,
    1,
    1,
    1,
    1,
    1,
    1,
    1,
    1,
    1,
    1,
    1,
    1,
    1,
    1,
    1,
    1,
    1,
    1,
    1,
    1,
    1,
    1,
    1,
    1,
    1,
    1,
    1,
    1,
    1,
    1,
    1,
    1,
    1,
    1,
    1,
    1,
    1,
    1,
    1,
    1,
    1,
    1,
    1,
    1,
    1,
    1,
    1,
    1,
    1,
    1,
    1,
    1,
    1,
    1,
    1,
    1,
    1,
    1,
    1,
    1,
    1,
    1,
    1,
    1,
    1,
    1,
    1,
    1,
    1,
    1,
    1,
    1,
    1,
    1,
    1,
    1,
    1,
    1,
    1,
    1,
    1,
    1,
    1,
    1,
    1,
    1,
    1,
    1,
    1,
    1,
    1,
    1,
    1,
    1,
    1,
    1,
    1,
    1,
    1,
    1,
    1,
    1,
    1,
    1,
    1,
    1,
    1,
    1,
    1,
    1,
    1,
    1,
    1,
    1,
    1,
    1,
    2,
    2,
    2,
    2,
    2,
    2,
    2,
    2,
    2,
    2,
    2,
    2,
    2,
    1,
    2,
    2,
    2,
    2,
    2,
    2,
    2,
    2,
    2,
    2,
    2,
    2,
    2,
    2,
    2,
    2
  ],