{
  "timesteps": [
    0,
    1,
    2,
    3,
    4,
    5,
    6,
    7,
    8,
    9,
    10,
    11,
    12,
    13,
    14,
    15,
    16,
    17,
    18,
    19,
    20,
    21,
    22,
    23,
    24,
    25,
    26,
    27,
    28,
    29,
    30,
    31,
    32,
    33,
    34,
    35,
    36,
    37,
    38,
    39,
    40,
    41,
    42,
    43,
    44,
    45,
    46,
    47,
    48,
    49,
    50,
    51,
    52,
    53,
    54,
    55,
    56,
    57,
    58,
    59,
    60,
    61,
    62,
    63,
    64,
    65,
    66,
    67,
    68,
    69,
    70,
    71,
    72,
    73,
    74,
    75,
    76,
    77,
    78,
    79,
    80,
    81,
    82,
    83,
    84,
    85,
    86,
    87,
    88,
    89,
    90,
    91,
    92,
    93,
    94,
    95,
    96,
    97,
    98,
    99,
    100,
    101,
    102,
    103,
    104,
    105,
    106,
    107,
    108,
    109,
    110,
    111,
    112,
    113,
    114,
    115,
    116,
    117,
    118,
    119,
    120,
    121,
    122,
    123,
    124,
    125,
    126,
    127,
    128,
    129,
    130,
    131,
    132,
    133,
    134,
    135,
    136,
    137,
    138,
    139,
    140,
    141,
    142,
    143,
    144,
    145,
    146,
    147,
    148,
    149,
    150,
    151,
    152,
    153,
    154,
    155,
    156,
    157,
    158,
    159,
    160,
    161,
    162,
    163,
    164,
    165,
    166,
    167,
    168,
    169,
    170,
    171,
    172,
    173,
    174,
    175,
    176,
    177,
    178,
    179,
    180,
    181,
    182,
    183,
    184,
    185,
    186,
    187,
    188,
    189,
    190,
    191,
    192,
    193,
    194,
    195,
    196,
    197,
    198,
    199
  ],
  "states": [
    50.0,
    50.02440537872922,
    50.053705302695995,
    49.85738778860603,
    49.785143130784306,
    49.83488731802519,
    49.8297938557721,
    49.791629170130896,
    49.7213124391252,
    49.64871907117601,
    49.584621847566694,
    49.52052232608354,
    49.47557596558589,
    49.46394970408862,
    49.39371555234674,
    49.369610182404706,
    49.28233678457242,
    49.34124933237064,
    49.21400231070078,
    49.29194697805254,
    49.33943062102807,
    49.430510708673495,
    49.233039959581674,
    49.255054912180576,
    49.124963567208525,
    49.23762580973283,
    49.497609062940846,
    49.363309695195234,
    49.34046229836735,
    49.326637666483315,
    49.37838183432836,
    49.61734904059476,
    49.87321074852487,
    49.90310953914131,
    50.036237285221745,
    50.13965807424735,
    50.1874847429987,
    50.09225340344825,
    50.02699902495043,
    50.02632097773259,
    50.23744601571918,
    50.203967454642815,
    50.16212501510583,
    50.15573903632919,
    50.2559868080146,
    50.10575262956392,
    49.95090767619726,
    50.02189546523715,
    49.94829521301995,
    49.77700524262436,
    49.85070899359999,
    49.79100506877673,
    49.950448285461405,
    50.1446428939641,
    50.303032326958345,
    50.39142938782854,
    50.45897702172619,
    50.46043059325696,
    50.62176792782083,
    50.63397312797575,
    50.79191164548824,
    50.86254613454896,
    50.95379601617782,
    50.8790070355936,
    50.94834061599775,
    50.948103380407176,
    50.975889378155266,
    51.012096819545256,
    51.079407446110686,
    50.85448960232449,
    50.895108800918365,
    50.79089101363632,
    50.733434607575234,
    50.606745877247796,
    50.542653233411734,
    50.45697060260045,
    50.35455163028361,
    50.30202786914947,
    50.19646220522791,
    50.271104141477295,
    50.29863800417167,
    50.42625198611834,
    50.549457449406724,
    50.485987628685514,
    50.53412429285867,
    50.502122417737326,
    50.63487996346272,
    50.746009592909026,
    50.698506075874455,
    50.678523850530134,
    50.775888874895756,
    50.73394418300864,
    50.60276118056245,
    50.800726589957364,
    50.783707322404574,
    50.76235113738701,
    50.79353460759256,
    50.92326746432765,
    51.05670012090909,
    51.05301756664968,
    51.055057077077535,
    51.15235342482866,
    51.18608517543153,
    51.30653004750542,
    51.439505410562084,
    51.44975139017919,
    51.369116239353254,
    51.567957221199826,
    51.43376114339023,
    51.542690196985134,
    51.54010789837428,
    51.335024359014206,
    51.157803538001595,
    51.11311721604324,
    51.29249522560907,
    51.45192520606306,
    51.395379183729496,
    51.38906146452162,
    51.43582915107554,
    51.529747425583075,
    51.74871848913095,
    51.76964858892756,
    51.71058322878009,
    51.753998119436176,
    51.80152177894497,
    51.75363711474275,
    51.73330998787619,
    51.85018744947422,
    52.01610494176557,
    51.87808766076486,
    51.906226052322076,
    51.916725101052904,
    51.86185684711685,
    51.82954049159507,
    51.71642233673918,
    51.78681616471958,
    51.77454615741319,
    51.87718790604704,
    51.93867766595794,
    51.94698282693962,
    51.93271294556592,
    51.89038157582355,
    51.783982417666515,
    51.598269064162274,
    51.476273505112495,
    51.44893502110149,
    51.4590090189174,
    51.42850302196101,
    51.38797032701586,
    51.32203675441276,
    51.21778340383379,
    51.07335123795311,
    51.02569390752651,
    50.94324035648791,
    50.893281814029855,
    50.82234446850856,
    50.809513155208286,
    50.89547889137656,
    50.953567994626226,
    50.852317659513936,
    50.85435563951154,
    50.92391939358383,
    50.81795411876792,
    50.97619130290511,
    51.00652949851122,
    50.887500464439455,
    50.907422778296684,
    51.00986059166875,
    51.08558731004409,
    50.997397152464984,
    51.0646680777993,
    51.11735178281037,
    51.05277494713125,
    51.11394205455974,
    51.04122363557291,
    51.13570280784272,
    51.24901062868302,
    51.24301317711219,
    51.256147214177744,
    51.188986713026864,
    51.37588128757488,
    51.510529586733036,
    51.511043335848306,
    51.501276135789844,
    51.43701568162304,
    51.37139182804587,
    51.656849923953104,
    51.668842620343526,
    51.580358288703515,
    51.52397385460467,
    51.62933398045582,
    51.66427188413646,
    51.467014677855346,
    51.57544529554842,
    51.662454937354624,
    51.56745731884635,
    51.56718541734465,
    51.77369285807127,
    51.76555082079212,
    51.63740688787152,
    51.69009989819465
  ],
  "actions": [],
  "observations": [
    1,
    1,
    1,
    1,
    1,
    1,
    1,
    1,
    1,
    1,
    1,
    1,
    1,
    1,
    1,
    1,
    1,
    1,
    1,
    1,
    1,
    1,
    1,
    1,
    1,
    1,
    1,
    1,
    1,
    1,
    1,
    1,
    1,
    1,
    1,
    1,
    1,
    1,
    1,
    1,
    1,
    1,
    1,
    1,
    1,
    1,
    1,
    1,
    1,
    1,
    1,
    1,
    1,
    1,
    1,
    1,
    1,
    1,
    1,
    1,
    1,
    1,
    1,
    1,
    1,
    1,
    1,
    1,
    1,
    1,
    1,
    1,
    1,
    1,
    1,
    1,
    1,
    1,
    1,
    1,
    1,
    1,
    1,
    1,
    1,
    1,
    1,
    1,
    1,
    1,
    1,
    1,
    1,
    1,
    1,
    1,
    1,
    1,
    1,
    1,
    1,
    1,
    1,
    1,
    1,
    1,
    1,
    1,
    1,
    1,
    1,
    1,
    1,
    1,
    1,
    1,
    1,
    1,
    1,
    1,
    1,
    1,
    1,
    1,
    1,
    1,
    1,
    1,
    1,
    1,
    1,
    1,
    1,
    1,
    1,
    1,
    1,
    1,
    1,
    1,
    1,
    1,
    1,
    1,
    1,
    1,
    1,
    1,
    1,
    1,
    1,
    1,
    1,
    1,
    1,
    1,
    1,
    1,
    1,
    1,
    1,
    1,
    1,
    1,
    1,
    1,
    1,
    1,
    1,
    1,
    1,
    1,
    1,
    1,
    1,
    1,
    1,
    1,
    1,
    1,
    1,
    1,
    1,
    1,
    1,
    1,
    1,
    1,
    1,
    1,
    1,
    1,
    1,
    1,
    1,
    1,
    1,
    1,
    1,
    1
  ],