{
  "timesteps": [
    0,
    1,
    2,
    3,
    4,
    5,
    6,
    7,
    8,
    9,
    10,
    11,
    12,
    13,
    14,
    15,
    16,
    17,
    18,
    19,
    20,
    21,
    22,
    23,
    24,
    25,
    26,
    27,
    28,
    29,
    30,
    31,
    32,
    33,
    34,
    35,
    36,
    37,
    38,
    39,
    40,
    41,
    42,
    43,
    44,
    45,
    46,
    47,
    48,
    49,
    50,
    51,
    52,
    53,
    54,
    55,
    56,
    57,
    58,
    59,
    60,
    61,
    62,
    63,
    64,
    65,
    66,
    67,
    68,
    69,
    70,
    71,
    72,
    73,
    74,
    75,
    76,
    77,
    78,
    79,
    80,
    81,
    82,
    83,
    84,
    85,
    86,
    87,
    88,
    89,
    90,
    91,
    92,
    93,
    94,
    95,
    96,
    97,
    98,
    99,
    100,
    101,
    102,
    103,
    104,
    105,
    106,
    107,
    108,
    109,
    110,
    111,
    112,
    113,
    114,
    115,
    116,
    117,
    118,
    119,
    120,
    121,
    122,
    123,
    124,
    125,
    126,
    127,
    128,
    129,
    130,
    131,
    132,
    133,
    134,
    135,
    136,
    137,
    138,
    139,
    140,
    141,
    142,
    143,
    144,
    145,
    146,
    147,
    148,
    149,
    150,
    151,
    152,
    153,
    154,
    155,
    156,
    157,
    158,
    159,
    160,
    161,
    162,
    163,
    164,
    165,
    166,
    167,
    168,
    169,
    170,
    171,
    172,
    173,
    174,
    175,
    176,
    177,
    178,
    179,
    180,
    181,
    182,
    183,
    184,
    185,
    186,
    187,
    188,
    189,
    190,
    191,
    192,
    193,
    194,
    195,
    196,
    197,
    198,
    199
  ],
  "states": [
    50.0,
    50.17902110126573,
    50.37723461009718,
    50.40548537453179,
    50.31909869044951,
    50.406220156505526,
    50.288233121520086,
    50.44460046614579,
    50.43264487557927,
    50.45379327957561,
    50.42648532848786,
    50.45252987903924,
    50.25057891464767,
    50.04550148662346,
    50.04058034930231,
    50.02880953322333,
    49.82520839693804,
    49.939070961561875,
    49.95830450587942,
    49.90586651653416,
    50.04494920479201,
    50.23358991067843,
    50.353320429239844,
    50.474541237267225,
    50.366570730897244,
    50.22114160140256,
    50.341448092481585,
    50.24291294354391,
    50.26951650365641,
    50.27480765844958,
    50.157333383675,
    50.17729749455496,
    50.248946454381674,
    50.29316634930785,
    50.05962687563924,
    50.21670233486159,
    50.05246537591967,
    50.00050285091693,
    50.013892957242305,
    49.91718888908146,
    49.98671041616442,
    50.08410606899768,
    49.93453577413235,
    50.030357391663024,
    49.87302425501438,
    49.82831737258923,
    49.82297913489407,
    49.975340283058785,
    49.95251942232926,
    49.82092854118157,
    49.79129217259603,
    49.87594686533589,
    49.9391266293524,
    49.937247767903706,
    49.98217924299817,
    50.0039477596211,
    49.97762773047265,
    49.91155707034538,
    50.01521792029078,
    50.08972600840598,
    50.11835125468634,
    50.21259175099924,
    50.19159461429529,
    50.218720821645064,
    50.27607307808381,
    50.20625883109547,
    50.1049202657131,
    49.98094548082765,
    49.98395884128335,
    50.04907711816635,
    50.17240119576293,
    50.04471553191043,
    49.98829860173861,
    50.11695926174291,
    50.08384208209601,
    49.91915399411323,
    49.85463900568883,
    49.87603529108482,
    49.87450090667801,
    49.90218256924452,
    49.941324131455815,
    50.02348874605037,
    49.91264426968466,
    49.881014986554625,
    49.99047519899014,
    50.11569753142344,
    50.23535943119218,
    50.0958759279657,
    50.178262644409976,
    50.22755839136695,
    50.08966280272194,
    50.10242374437142,
    50.09783694359402,
    50.145273963527195,
    50.237179579855734,
    50.260479742681724,
    50.31693623987425,
    50.2481647034841,
    49.96905487184384,
    49.989384651210486,
    49.83087354939194,
    49.830145230537596,
    49.7133119761409,
    49.61641650073197,
    49.66721479868057,
    49.725214615255275,
    49.55465512332097,
    49.43450981835774,
    49.47186414555942,
    49.44232879357264,
    49.53467839237607,
    49.519006059973066,
    49.34755183426598,
    49.39037000847737,
    49.429113506218854,
    49.448654054675636,
    49.48613139738541,
    49.531504345371815,
    49.53312493070992,
    49.55853927103665,
    49.51383410295921,
    49.42379236378512,
    49.35070460495449,
    49.434182921725494,
    49.464409777409415,
    49.60211468759831,
    49.43968073397445,
    49.466262779743644,
    49.53567676530961,
    49.42461057307034,
    49.21077620535153,
    49.08573357737071,
    49.204371047206486,
    49.25017348698321,
    49.35948962969566,
    49.36183785284128,
    49.27872519185662,
    49.306565542202456,
    49.30817941967528,
    49.1349213567262,
    49.24114387188995,
    49.24609144859042,
    49.230473016951045,
    49.38597895544468,
    49.44141354109442,
    49.46198163296925,
    49.590576642590754,
    49.54385533253272,
    49.39651612768005,
    49.40509341080911,
    49.40564269192027,
    49.333388632396385,
    49.33131148269705,
    49.275857721650794,
    49.38477400154102,
    49.47734147581277,
    49.65658214244899,
    49.42163203331685,
    49.34873660360978,
    49.41490803346437,
    49.338906152967574,
    49.17386340282632,
    49.18659457981207,
    49.26670358463807,
    49.25633164417956,
    49.17261838466706,
    49.28009652385306,
    49.49272853031455,
    49.35814573725296,
    49.419638663307474,
    49.49824957235997,
    49.42465772159325,
    49.519008924332134,
    49.47021810545768,
    49.4095726259709,
    49.29773269933633,
    49.27104632272949,
    49.221540437010695,
    49.10563206460122,
    49.173677758897135,
    48.94289247445658,
    48.8674741732903,
    48.7253356878341,
    48.76304314080589,
    48.68376443999823,
    48.703098117460875,
    48.74987985383545,
    48.75502963901001,
    48.80184559755703,
    48.56437718745456,
    48.500438043776825,
    48.42935709635089,
    48.50497665480176,
    48.443951536831975,
    48.332634097667,
    48.298045256413815,
    48.23789150986576,
    48.21814975873226,
    48.16238911035133,
    48.098381367784725,
    48.20162397034171
  ],
  "actions": [],
  "observations": [
    1,
    1,
    1,
    1,
    1,
    1,
    1,
    1,
    1,
    1,
    1,
    1,
    1,
    1,
    1,
    1,
    1,
    1,
    1,
    1,
    1,
    1,
    1,
    1,
    1,
    1,
    1,
    1,
    1,
    1,
    1,
    1,
    1,
    1,
    1,
    1,
    1,
    1,
    1,
    1,
    1,
    1,
    1,
    1,
    1,
    1,
    1,
    1,
    1,
    1,
    1,
    1,
    1,
    1,
    1,
    1,
    1,
    1,
    1,
    1,
    1,
    1,
    1,
    1,
    1,
    1,
    1,
    1,
    1,
    1,
    1,
    1,
    1,
    1,
    1,
    1,
    1,
    1,
    1,
    1,
    1,
    1,
    1,
    1,
    1,
    1,
    1,
    1,
    1,
    1,
    1,
    1,
    1,
    1,
    1,
    1,
    1,
    1,
    1,
    1,
    1,
    1,
    1,
    1,
    1,
    1,
    1,
    1,
    1,
    1,
    1,
    1,
    1,
    1,
    1,
    1,
    1,
    1,
    1,
    1,
    1,
    1,
    1,
    1,
    1,
    1,
    1,
    1,
    1,
    1,
    1,
    1,
    1,
    1,
    1,
    1,
    1,
    1,
    1,
    1,
    1,
    1,
    1,
    1,
    1,
    1,
    1,
    1,
    1,
    1,
    1,
    1,
    1,
    1,
    1,
    1,
    1,
    1,
    1,
    1,
    1,
    1,
    1,
    1,
    1,
    1,
    1,
    1,
    1,
    1,
    1,
    1,
    1,
    1,
    1,
    1,
    1,
    1,
    1,
    1,
    1,
    1,
    1,
    1,
    1,
    1,
    1,
    1,
    1,
    1,
    1,
    1,
    1,
    1,
    1,
    1,
    1,
    1,
    1,
    1
  ],