{
  "timesteps": [
    0,
    1,
    2,
    3,
    4,
    5,
    6,
    7,
    8,
    9,
    10,
    11,
    12,
    13,
    14,
    15,
    16,
    17,
    18,
    19,
    20,
    21,
    22,
    23,
    24,
    25,
    26,
    27,
    28,
    29,
    30,
    31,
    32,
    33,
    34,
    35,
    36,
    37,
    38,
    39,
    40,
    41,
    42,
    43,
    44,
    45,
    46,
    47,
    48,
    49,
    50,
    51,
    52,
    53,
    54,
    55,
    56,
    57,
    58,
    59,
    60,
    61,
    62,
    63,
    64,
    65,
    66,
    67,
    68,
    69,
    70,
    71,
    72,
    73,
    74,
    75,
    76,
    77,
    78,
    79,
    80,
    81,
    82,
    83,
    84,
    85,
    86,
    87,
    88,
    89,
    90,
    91,
    92,
    93,
    94,
    95,
    96,
    97,
    98,
    99,
    100,
    101,
    102,
    103,
    104,
    105,
    106,
    107,
    108,
    109,
    110,
    111,
    112,
    113,
    114,
    115,
    116,
    117,
    118,
    119,
    120,
    121,
    122,
    123,
    124,
    125,
    126,
    127,
    128,
    129,
    130,
    131,
    132,
    133,
    134,
    135,
    136,
    137,
    138,
    139,
    140,
    141,
    142,
    143,
    144,
    145,
    146,
    147,
    148,
    149,
    150,
    151,
    152,
    153,
    154,
    155,
    156,
    157,
    158,
    159,
    160,
    161,
    162,
    163,
    164,
    165,
    166,
    167,
    168,
    169,
    170,
    171,
    172,
    173,
    174,
    175,
    176,
    177,
    178,
    179,
    180,
    181,
    182,
    183,
    184,
    185,
    186,
    187,
    188,
    189,
    190,
    191,
    192,
    193,
    194,
    195,
    196,
    197,
    198,
    199
  ],
  "states": [
    50.0,
    50.09534359884004,
    50.007128957678454,
    49.96788344853046,
    50.00830280712039,
    49.95393087800612,
    50.18210452413295,
    50.06607375246882,
    50.10404849189957,
    50.09859817892335,
    49.97234597642235,
    49.96316620958646,
    50.19625376269119,
    50.394818635775444,
    50.58662687128385,
    50.43088647119359,
    50.40826527010234,
    50.504709863275735,
    50.44223020668132,
    50.625000153486155,
    50.67073778949914,
    50.57869063022434,
    50.632125797665005,
    50.50442702051412,
    50.46265498797264,
    50.566043152865454,
    50.725417235966816,
    50.74537300269745,
    50.73808416714836,
    50.6690377470009,
    50.63214296664714,
    50.68964043991508,
    50.660824889834345,
    50.65438607028388,
    50.63106346020654,
    50.60663640446985,
    50.67719999646102,
    50.5496720604563,
    50.60032833318911,
    50.65694201033114,
    50.83682438856706,
    50.98032158142979,
    51.010313754804265,
    51.10911754170035,
    51.067374173563344,
    51.03712320933278,
    50.994590617137945,
    51.10405574427302,
    51.08193536977772,
    51.04562271693249,
    51.1066812053834,
    51.137329298760925,
    51.26945664476071,
    51.04048967126439,
    51.0749522779743,
    51.17948161036078,
    51.2436050248114,
    51.11891880121451,
    50.96823878055538,
    50.91424786206076,
    50.68212696839782,
    50.74152098678357,
    50.93642731430064,
    50.89893760220972,
    50.93458738140946,
    50.967624301380866,
    50.914804076623454,
    50.84586001177492,
    50.866331689035576,
    50.8939754998215,
    50.91211911973037,
    51.10096044243793,
    51.127120866489754,
    51.02499706115516,
    50.827266242779025,
    50.950817174239845,
    51.040082117101214,
    51.00778762497069,
    50.98580131526882,
    51.04091184839889,
    51.046073641791004,
    50.98921573339938,
    51.01297637713025,
    51.00558055841173,
    51.144665113954275,
    51.27735023262327,
    51.14715166148328,
    51.11759721471421,
    51.07440134649643,
    51.170693729686114,
    51.27489559173171,
    51.33726514154648,
    51.391002888103024,
    51.47152579838747,
    51.4896086644004,
    51.574210899351556,
    51.569470943766035,
    51.52189606463117,
    51.41691560542628,
    51.509641391485495,
    51.63510698595047,
    51.55192708758731,
    51.72675971542566,
    51.62461961944684,
    51.619886959797135,
    51.59338776438767,
    51.688288322579304,
    51.7884588610593,
    51.62518223166845,
    51.6011867052411,
    51.619998505780494,
    51.70000340569588,
    51.73279437137504,
    51.595113267039714,
    51.64503517098886,
    51.74207436864088,
    51.71182998111834,
    51.49906114867979,
    51.47131087727033,
    51.373269654766034,
    51.513728566117834,
    51.53755256518956,
    51.49654624093885,
    51.47802370663945,
    51.53721945089318,
    51.46856231137288,
    51.39902525664399,
    51.39630936309401,
    51.51510831693575,
    51.528981556031916,
    51.42802820742019,
    51.360230353132444,
    51.19752680884155,
    51.24061572531484,
    51.157977279483084,
    51.21966973833726,
    51.130170155730944,
    51.111727662696566,
    51.12120264228002,
    51.12406345706245,
    51.16944299403502,
    51.17425123446054,
    51.20150854501466,
    51.3236039813157,
    51.26190117756947,
    51.23268141361263,
    51.3357066831858,
    51.33671337331145,
    51.31063436061762,
    51.35019907656007,
    51.40555997736906,
    51.459525142021036,
    51.5009973014117,
    51.601879162161204,
    51.62049949590039,
    51.80814211768357,
    51.73831926000898,
    51.76730568910021,
    51.676978041427766,
    51.778552917230364,
    51.76802961841751,
    51.714205552078226,
    51.66970404013536,
    51.66964536533929,
    51.88117584872273,
    52.032565106232354,
    51.97627521970605,
    52.175058472824865,
    52.080986185074764,
    52.08690566326119,
    52.00472667739767,
    51.90120088766612,
    51.71269740337665,
    51.76292773743784,
    51.71041827604294,
    51.70387156560012,
    51.71041273682072,
    51.56177875046677,
    51.65024114494959,
    51.611109658528775,
    51.569612465766134,
    51.745991431184756,
    51.703831482794214,
    51.76078106961103,
    51.93502194644264,
    52.01093106357317,
    51.988403242328985,
    52.064551338910654,
    52.19157961089103,
    52.313297023227626,
    52.44258437457198,
    52.482240693099904,
    52.579648435562696,
    52.55802655834827,
    52.60298506626046,
    52.57865305445623,
    52.533868077558026,
    52.67399426105279,
    52.653171161392926,
    52.68802972277062,
    52.66096734479464
  ],
  "actions": [],
  "observations": [
    1,
    1,
    1,
    1,
    1,
    1,
    1,
    1,
    1,
    1,
    1,
    1,
    1,
    1,
    1,
    1,
    1,
    1,
    1,
    1,
    1,
    1,
    1,
    1,
    1,
    1,
    1,
    1,
    1,
    1,
    1,
    1,
    1,
    1,
    1,
    1,
    1,
    1,
    1,
    1,
    1,
    1,
    1,
    1,
    1,
    1,
    1,
    1,
    1,
    1,
    1,
    1,
    1,
    1,
    1,
    1,
    1,
    1,
    1,
    1,
    1,
    1,
    1,
    1,
    1,
    1,
    1,
    1,
    1,
    1,
    1,
    1,
    1,
    1,
    1,
    1,
    1,
    1,
    1,
    1,
    1,
    1,
    1,
    1,
    1,
    1,
    1,
    1,
    1,
    1,
    1,
    1,
    1,
    1,
    1,
    1,
    1,
    1,
    1,
    1,
    1,
    1,
    1,
    1,
    1,
    1,
    1,
    1,
    1,
    1,
    1,
    1,
    1,
    1,
    1,
    1,
    1,
    1,
    1,
    1,
    1,
    1,
    1,
    1,
    1,
    1,
    1,
    1,
    1,
    1,
    1,
    1,
    1,
    1,
    1,
    1,
    1,
    1,
    1,
    1,
    1,
    1,
    1,
    1,
    1,
    1,
    1,
    1,
    1,
    1,
    1,
    1,
    1,
    1,
    1,
    1,
    1,
    1,
    1,
    1,
    1,
    1,
    1,
    1,
    1,
    1,
    1,
    1,
    1,
    1,
    1,
    1,
    1,
    1,
    1,
    1,
    1,
    1,
    1,
    1,
    1,
    1,
    1,
    1,
    1,
    1,
    1,
    1,
    1,
    1,
    1,
    1,
    1,
    1,
    1,
    1,
    1,
    1,
    1,
    1
  ],