{
  "timesteps": [
    0,
    1,
    2,
    3,
    4,
    5,
    6,
    7,
    8,
    9,
    10,
    11,
    12,
    13,
    14,
    15,
    16,
    17,
    18,
    19,
    20,
    21,
    22,
    23,
    24,
    25,
    26,
    27,
    28,
    29,
    30,
    31,
    32,
    33,
    34,
    35,
    36,
    37,
    38,
    39,
    40,
    41,
    42,
    43,
    44,
    45,
    46,
    47,
    48,
    49,
    50,
    51,
    52,
    53,
    54,
    55,
    56,
    57,
    58,
    59,
    60,
    61,
    62,
    63,
    64,
    65,
    66,
    67,
    68,
    69,
    70,
    71,
    72,
    73,
    74,
    75,
    76,
    77,
    78,
    79,
    80,
    81,
    82,
    83,
    84,
    85,
    86,
    87,
    88,
    89,
    90,
    91,
    92,
    93,
    94,
    95,
    96,
    97,
    98,
    99,
    100,
    101,
    102,
    103,
    104,
    105,
    106,
    107,
    108,
    109,
    110,
    111,
    112,
    113,
    114,
    115,
    116,
    117,
    118,
    119,
    120,
    121,
    122,
    123,
    124,
    125,
    126,
    127,
    128,
    129,
    130,
    131,
    132,
    133,
    134,
    135,
    136,
    137,
    138,
    139,
    140,
    141,
    142,
    143,
    144,
    145,
    146,
    147,
    148,
    149,
    150,
    151,
    152,
    153,
    154,
    155,
    156,
    157,
    158,
    159,
    160,
    161,
    162,
    163,
    164,
    165,
    166,
    167,
    168,
    169,
    170,
    171,
    172,
    173,
    174,
    175,
    176,
    177,
    178,
    179,
    180,
    181,
    182,
    183,
    184,
    185,
    186,
    187,
    188,
    189,
    190,
    191,
    192,
    193,
    194,
    195,
    196,
    197,
    198,
    199
  ],
  "states": [
    50.0,
    49.95328900056038,
    49.88231759001894,
    50.02912359450042,
    50.01155417930434,
    50.25036802735015,
    50.347664962761314,
    50.42179222493388,
    50.47299065622397,
    50.486987960350945,
    50.6126829872611,
    50.602066213641145,
    50.69958159569879,
    50.769413426300254,
    50.80070518376097,
    50.79895357523162,
    50.811831494037065,
    50.92749455729014,
    51.26150917495804,
    51.19307119878688,
    51.390010130160206,
    51.27178935668429,
    51.30975202308115,
    51.29734924568928,
    51.199239898213484,
    51.30017638368697,
    51.49737316469381,
    51.270660380937116,
    51.31215457595137,
    51.278078838714045,
    51.39677710179082,
    51.36738476087585,
    51.36925915027215,
    51.450913395720015,
    51.269644360381186,
    51.23125270113186,
    51.38068778808171,
    51.5338128813366,
    51.60868893538808,
    51.4678343417442,
    51.30711796095842,
    51.23367387796869,
    51.19390051884642,
    51.16908609281384,
    51.14977619414763,
    51.25336225694155,
    51.165065800786145,
    51.34296579146276,
    51.42480202214049,
    51.32966344313613,
    51.3172661149686,
    51.15508751801977,
    51.09069861282118,
    51.051830908884305,
    51.11163893288237,
    51.29552435539142,
    51.21815580661127,
    51.13185540018268,
    51.21526624093441,
    51.13616169754142,
    51.18783989469063,
    51.16824511079552,
    51.06400875326234,
    51.0387746089381,
    51.1959750459805,
    51.17957077859029,
    51.1905153515377,
    51.12983487043027,
    51.25405759727339,
    51.30339570060034,
    51.27461698482199,
    51.19879916608426,
    51.03314136512353,
    51.123252827940334,
    50.99203442414964,
    50.93218144686686,
    50.94994023093526,
    51.033334410411044,
    51.13090475066016,
    51.21299653624637,
    51.196934389060125,
    51.25883199073611,
    51.263246216116954,
    51.36266565813439,
    51.40089951907832,
    51.274406149540496,
    51.23237616210313,
    51.307385383301295,
    51.31345335157901,
    51.09645217301562,
    50.93988348083473,
    50.920910041961854,
    50.84342221428812,
    50.937874834062164,
    51.05673172422478,
    51.127448238398436,
    51.18762986324153,
    51.182199861540745,
    51.25004049255281,
    51.26845051556554,
    51.32034149847208,
    51.596774766621294,
    51.58724350872811,
    51.66057142977535,
    51.885143832073155,
    51.868215013554085,
    51.85615385197369,
    51.83905434209763,
    51.806964947272384,
    51.719067487583374,
    51.642134270786336,
    51.64004560013006,
    51.756280312591265,
    51.79737105211971,
    51.79826887010828,
    51.81776708119933,
    51.85440089261024,
    51.953832364866805,
    51.881421449182824,
    51.76998086119235,
    51.87057236046491,
    51.86569701207016,
    51.89364573151947,
    51.73604085854958,
    51.92748119271588,
    51.95233710775204,
    51.93382670751498,
    51.926921587131936,
    51.91795988366274,
    51.931038777855214,
    51.82207588547528,
    51.712159934300125,
    51.780230665280556,
    51.664407203599026,
    51.58839318525694,
    51.55244022140685,
    51.71165256243075,
    51.6883289133289,
    51.827180852266366,
    51.661495853999604,
    51.73476556217779,
    51.73367037829271,
    51.95807011561814,
    52.02381590282571,
    52.04203248088469,
    51.965767152657065,
    51.88125770149354,
    51.72592944200466,
    51.69679280635321,
    51.64893656193608,
    51.67962965312628,
    51.65088415277959,
    51.69632821306323,
    51.585788708279935,
    51.70004179408424,
    51.71763407355622,
    51.82365341019829,
    51.94535623350084,
    51.901534277779305,
    51.84451088567653,
    51.82923549198035,
    51.879289763316855,
    51.669839986931365,
    51.640802822005085,
    51.73008749451453,
    51.78910473877163,
    51.8829214644762,
    51.910973676601444,
    51.87784783503752,
    51.87133150330048,
    51.8683473504111,
    51.96047270403041,
    51.90863475381301,
    51.81198078366458,
    51.98845225432825,
    52.11846068589649,
    52.10340901409726,
    52.21445522207729,
    52.260101566284604,
    52.33928233525923,
    52.35108157839731,
    52.4086195334418,
    52.546548523536536,
    52.6721089195646,
    52.475409915621725,
    52.531502065565626,
    52.50287970993507,
    52.635270222160266,
    52.50117693409812,
    52.34614049495829,
    52.249350225990035,
    52.06485009796665,
    52.111400215294104,
    52.11764639973946,
    52.092223555654456,
    51.8642390691201,
    52.006582473259506,
    51.94634732509884,
    52.05354700996692,
    52.18875589876853,
    52.223202030883485
  ],
  "actions": [],
  "observations": [
    1,
    1,
    1,
    1,
    1,
    1,
    1,
    1,
    1,
    1,
    1,
    1,
    1,
    1,
    1,
    1,
    1,
    1,
    1,
    1,
    1,
    1,
    1,
    1,
    1,
    1,
    1,
    1,
    1,
    1,
    1,
    1,
    1,
    1,
    1,
    1,
    1,
    1,
    1,
    1,
    1,
    1,
    1,
    1,
    1,
    1,
    1,
    1,
    1,
    1,
    1,
    1,
    1,
    1,
    1,
    1,
    1,
    1,
    1,
    1,
    1,
    1,
    1,
    1,
    1,
    1,
    1,
    1,
    1,
    1,
    1,
    1,
    1,
    1,
    1,
    1,
    1,
    1,
    1,
    1,
    1,
    1,
    1,
    1,
    1,
    1,
    1,
    1,
    1,
    1,
    1,
    1,
    1,
    1,
    1,
    1,
    1,
    1,
    1,
    1,
    1,
    1,
    1,
    1,
    1,
    1,
    1,
    1,
    1,
    1,
    1,
    1,
    1,
    1,
    1,
    1,
    1,
    1,
    1,
    1,
    1,
    1,
    1,
    1,
    1,
    1,
    1,
    1,
    1,
    1,
    1,
    1,
    1,
    1,
    1,
    1,
    1,
    1,
    1,
    1,
    1,
    1,
    1,
    1,
    1,
    1,
    1,
    1,
    1,
    1,
    1,
    1,
    1,
    1,
    1,
    1,
    1,
    1,
    1,
    1,
    1,
    1,
    1,
    1,
    1,
    1,
    1,
    1,
    1,
    1,
    1,
    1,
    1,
    1,
    1,
    1,
    1,
    1,
    1,
    1,
    1,
    1,
    1,
    1,
    1,
    1,
    1,
    1,
    1,
    1,
    1,
    1,
    1,
    1,
    1,
    1,
    1,
    1,
    1,
    1
  ],