{
  "timesteps": [
    0,
    1,
    2,
    3,
    4,
    5,
    6,
    7,
    8,
    9,
    10,
    11,
    12,
    13,
    14,
    15,
    16,
    17,
    18,
    19,
    20,
    21,
    22,
    23,
    24,
    25,
    26,
    27,
    28,
    29,
    30,
    31,
    32,
    33,
    34,
    35,
    36,
    37,
    38,
    39,
    40,
    41,
    42,
    43,
    44,
    45,
    46,
    47,
    48,
    49,
    50,
    51,
    52,
    53,
    54,
    55,
    56,
    57,
    58,
    59,
    60,
    61,
    62,
    63,
    64,
    65,
    66,
    67,
    68,
    69,
    70,
    71,
    72,
    73,
    74,
    75,
    76,
    77,
    78,
    79,
    80,
    81,
    82,
    83,
    84,
    85,
    86,
    87,
    88,
    89,
    90,
    91,
    92,
    93,
    94,
    95,
    96,
    97,
    98,
    99,
    100,
    101,
    102,
    103,
    104,
    105,
    106,
    107,
    108,
    109,
    110,
    111,
    112,
    113,
    114,
    115,
    116,
    117,
    118,
    119,
    120,
    121,
    122,
    123,
    124,
    125,
    126,
    127,
    128,
    129,
    130,
    131,
    132,
    133,
    134,
    135,
    136,
    137,
    138,
    139,
    140,
    141,
    142,
    143,
    144,
    145,
    146,
    147,
    148,
    149,
    150,
    151,
    152,
    153,
    154,
    155,
    156,
    157,
    158,
    159,
    160,
    161,
    162,
    163,
    164,
    165,
    166,
    167,
    168,
    169,
    170,
    171,
    172,
    173,
    174,
    175,
    176,
    177,
    178,
    179,
    180,
    181,
    182,
    183,
    184,
    185,
    186,
    187,
    188,
    189,
    190,
    191,
    192,
    193,
    194,
    195,
    196,
    197,
    198,
    199
  ],
  "states": [
    50.0,
    50.30465573895257,
    49.527791680216154,
    48.17952479102237,
    48.393161243495484,
    48.33039310164817,
    48.11393989615255,
    48.39111981261746,
    47.52950234345821,
    48.82187218110815,
    49.01315799164229,
    50.35180474876974,
    52.010388030256074,
    50.9696440425303,
    51.60881458277404,
    50.32015429630089,
    50.53767002508063,
    51.62405849226008,
    51.29331092061679,
    50.147268304210684,
    49.08033374271321,
    51.3570889699567,
    51.95616313615693,
    50.81075900883357,
    50.83961932999508,
    51.44849592482848,
    52.58045226722462,
    50.57000132193437,
    49.95146885148503,
    51.49675277891004,
    51.94488486413036,
    51.88456344889073,
    52.313764814527914,
    52.32641763214081,
    52.871531057152666,
    52.618900885482326,
    52.578869420836185,
    52.283594819024316,
    51.30490091253513,
    51.48599219803838,
    50.450644744011456,
    50.436043452732825,
    50.42662032925627,
    50.654384106169836,
    51.09445626683148,
    50.05183908799091,
    50.51892919130047,
    51.47925460789469,
    52.36826776104452,
    52.87488957725189,
    53.45063038598224,
    53.6932494013038,
    53.6148304287689,
    53.95859270729613,
    53.022148706856775,
    53.30832770658907,
    53.35305627907316,
    53.14540990137636,
    53.01336252902697,
    52.513739730446474,
    52.52238842526462,
    52.01623252653262,
    51.99187097756894,
    52.011462263380935,
    52.78994943962324,
    53.47033985065167,
    53.99908359436061,
    54.13163079553676,
    54.572248352451155,
    54.42639947111533,
    54.567726616955994,
    55.159605145357254,
    54.72752667929569,
    55.076196505654885,
    55.401084141096916,
    54.59904387536194,
    57.6336092453683,
    58.01225928585319,
    57.156640308018076,
    57.84493251658396,
    58.16338695419068,
    58.241988357206445,
    57.863126854750725,
    58.677043956934625,
    58.81104042458603,
    59.958558983155335,
    58.65644693168376,
    59.66749432874907,
    60.03290854113662,
    60.25413906458199,
    59.252255587733984,
    58.821648118877384,
    58.895171877791746,
    58.609339700610754,
    57.86803569687814,
    58.728298407988106,
    59.12992411251444,
    59.75357946809918,
    59.290248397347646,
    60.08408455971153,
    59.965898998205844,
    59.13053394988828,
    59.265462560664304,
    60.16408669478208,
    59.74091580154936,
    60.92819805505247,
    61.06630511403637,
    61.678887164593924,
    62.031944109745766,
    60.61836596583295,
    59.94024049986335,
    58.74948432889796,
    58.82204594721495,
    58.28646442481058,
    59.65959164631408,
    60.46525523994635,
    60.10964997160039,
    59.27360751126465,
    59.4314570282007,
    59.161735688225576,
    59.72583753050416,
    60.108048543052405,
    59.38635727732509,
    58.01347970385709,
    57.62124276952738,
    57.633755467121205,
    57.45937755029306,
    57.442333428000836,
    58.07149991287811,
    57.87889442688783,
    57.554912372633126,
    57.1657627145367,
    56.69991443312157,
    57.117437680704434,
    56.85830118088132,
    57.35816116824612,
    57.419819498475576,
    56.53213731423363,
    57.0226919636106,
    58.476081598901544,
    59.72621912639368,
    60.84644893748713,
    61.3793611221603,
    61.41762445919668,
    62.09529097838621,
    62.957830190301266,
    63.384779365612694,
    63.49574678594889,
    63.34790944399375,
    63.71461213664678,
    62.782305609709375,
    61.984610970831774,
    62.3363303481218,
    61.94716417906042,
    62.60536725247059,
    62.02229311028434,
    61.59959529014617,
    61.673932337034216,
    60.149634811339006,
    59.90318578327026,
    59.75830028374568,
    59.440468789391254,
    59.900137993598825,
    59.56770945402342,
    59.65555521520821,
    60.43167591690931,
    61.406050385806346,
    62.12107780380821,
    61.710723177504526,
    61.97186741792155,
    62.21112835771151,
    61.205455334028294,
    60.02939667832493,
    61.48398803376288,
    61.0411674520242,
    61.58005166658413,
    61.74728532727136,
    62.70063670291363,
    62.940180309374924,
    62.9191122105735,
    62.8340478790847,
    63.16740610233693,
    63.41210371026321,
    63.17704643734679,
    63.82384552291499,
    65.06487302401052,
    65.50452128038361,
    65.3623297643008,
    65.29637874506254,
    66.0384300197332,
    65.69857534894044,
    65.76956216985563,
    64.95663526567961,
    64.09865792118347,
    64.23965323868443,
    64.17356995168103,
    63.073737544076444,
    63.726965803407595,
    63.607356112152694,
    62.68140838086863,
    62.84068403465615
  ],
  "actions": [],
  "observations": [
    1,
    1,
    1,
    1,
    1,
    1,
    1,
    1,
    1,
    1,
    1,
    1,
    1,
    1,
    1,
    1,
    1,
    1,
    1,
    1,
    1,
    1,
    1,
    1,
    1,
    1,
    1,
    1,
    1,
    1,
    1,
    1,
    1,
    1,
    1,
    1,
    1,
    1,
    1,
    1,
    1,
    1,
    1,
    1,
    1,
    1,
    1,
    1,
    1,
    1,
    1,
    1,
    1,
    1,
    1,
    1,
    1,
    1,
    1,
    1,
    1,
    1,
    1,
    1,
    1,
    1,
    1,
    1,
    1,
    1,
    1,
    2,
    1,
    2,
    2,
    1,
    2,
    2,
    2,
    2,
    2,
    2,
    2,
    2,
    2,
    2,
    2,
    2,
    2,
    2,
    2,
    2,
    2,
    2,
    2,
    2,
    2,
    2,
    2,
    2,
    2,
    2,
    2,
    2,
    2,
    2,
    2,
    2,
    2,
    2,
    2,
    2,
    2,
    2,
    2,
    2,
    2,
    2,
    2,
    2,
    2,
    2,
    2,
    2,
    2,
    2,
    2,
    2,
    2,
    2,
    2,
    2,
    2,
    2,
    2,
    2,
    2,
    2,
    2,
    2,
    2,
    2,
    2,
    2,
    2,
    2,
    2,
    2,
    2,
    2,
    2,
    2,
    2,
    2,
    2,
    2,
    2,
    2,
    2,
    2,
    2,
    2,
    2,
    2,
    2,
    2,
    2,
    2,
    2,
    2,
    2,
    2,
    2,
    2,
    2,
    2,
    2,
    2,
    2,
    2,
    2,
    2,
    2,
    2,
    2,
    2,
    2,
    2,
    2,
    2,
    2,
    2,
    2,
    2,
    2,
    2,
    2,
    2,
    2,
    2
  ],