{
  "timesteps": [
    0,
    1,
    2,
    3,
    4,
    5,
    6,
    7,
    8,
    9,
    10,
    11,
    12,
    13,
    14,
    15,
    16,
    17,
    18,
    19,
    20,
    21,
    22,
    23,
    24,
    25,
    26,
    27,
    28,
    29,
    30,
    31,
    32,
    33,
    34,
    35,
    36,
    37,
    38,
    39,
    40,
    41,
    42,
    43,
    44,
    45,
    46,
    47,
    48,
    49,
    50,
    51,
    52,
    53,
    54,
    55,
    56,
    57,
    58,
    59,
    60,
    61,
    62,
    63,
    64,
    65,
    66,
    67,
    68,
    69,
    70,
    71,
    72,
    73,
    74,
    75,
    76,
    77,
    78,
    79,
    80,
    81,
    82,
    83,
    84,
    85,
    86,
    87,
    88,
    89,
    90,
    91,
    92,
    93,
    94,
    95,
    96,
    97,
    98,
    99,
    100,
    101,
    102,
    103,
    104,
    105,
    106,
    107,
    108,
    109,
    110,
    111,
    112,
    113,
    114,
    115,
    116,
    117,
    118,
    119,
    120,
    121,
    122,
    123,
    124,
    125,
    126,
    127,
    128,
    129,
    130,
    131,
    132,
    133,
    134,
    135,
    136,
    137,
    138,
    139,
    140,
    141,
    142,
    143,
    144,
    145,
    146,
    147,
    148,
    149,
    150,
    151,
    152,
    153,
    154,
    155,
    156,
    157,
    158,
    159,
    160,
    161,
    162,
    163,
    164,
    165,
    166,
    167,
    168,
    169,
    170,
    171,
    172,
    173,
    174,
    175,
    176,
    177,
    178,
    179,
    180,
    181,
    182,
    183,
    184,
    185,
    186,
    187,
    188,
    189,
    190,
    191,
    192,
    193,
    194,
    195,
    196,
    197,
    198,
    199
  ],
  "states": [
    50.0,
    49.79458005760685,
    50.28556343240458,
    50.17210397017228,
    49.81839918954862,
    50.15171830530173,
    50.02464033343557,
    50.226551744372536,
    50.305997375352824,
    50.18654989904109,
    49.96538633456075,
    50.331206208692066,
    49.80462397037058,
    50.58509195618656,
    50.4941276967521,
    50.947345152586536,
    50.83630411350206,
    51.15771116323885,
    50.796073972279075,
    50.97404087208666,
    51.19433719212267,
    51.300791539424395,
    51.00836473278658,
    50.63269263844794,
    50.951627994122326,
    50.68628833714519,
    50.46365215992795,
    50.7777610326369,
    50.71950380617553,
    50.63220325666848,
    51.146322460912955,
    50.839118213817954,
    50.81093684671093,
    51.34398480591901,
    51.15500378512953,
    51.347059231643044,
    51.59146405292017,
    51.65910142269597,
    51.53077110629847,
    51.775495761341624,
    51.76973474793447,
    51.445142495637874,
    51.27580191877502,
    51.89325240073026,
    51.828451294374055,
    52.16964707158387,
    51.66731162954149,
    51.5323795069382,
    52.04846356072481,
    51.93352646826514,
    51.787553654868724,
    52.27735745725322,
    52.339459394764454,
    52.410288286511104,
    51.99071123501939,
    52.051064409392026,
    52.295049139107896,
    51.62954680090596,
    51.57574524983931,
    51.93762264565429,
    52.28569339226652,
    52.507818345441834,
    52.0124038709977,
    51.6422477613531,
    51.29832579054207,
    51.405095310406985,
    51.344520346207894,
    51.9302297694239,
    52.0613923720815,
    51.7361476701881,
    51.70204669907217,
    51.49835641002813,
    51.83461533104409,
    51.824942905737956,
    52.02184791385279,
    51.46018916241643,
    51.32215173988578,
    51.36045357969296,
    51.720982813285815,
    52.06044643483738,
    51.85329967803169,
    51.96248027069458,
    52.176082692686045,
    51.841746962576394,
    51.8266686352386,
    51.97354800974144,
    52.023504055179316,
    51.63183467590977,
    51.36363940776257,
    51.1506453590307,
    51.087930816495145,
    51.426931902796106,
    50.71265887064259,
    50.657165473928494,
    50.51234266736578,
    50.754760005858785,
    50.54377901246574,
    50.16852631871765,
    50.020357206225654,
    49.629522384563835,
    48.89586284504112,
    48.95088267715615,
    48.92324182305986,
    48.84368161569452,
    48.64780128507893,
    48.883989762826744,
    49.405347044578384,
    48.86730344569179,
    48.89207026742168,
    47.77997786020386,
    47.355123940756236,
    47.109031503057224,
    47.046820516186756,
    47.028993558675914,
    47.08836172796645,
    46.922459372310826,
    46.51307240991769,
    46.43176527190178,
    46.694245376942604,
    46.63176639511388,
    47.36836485616855,
    47.05145634058546,
    46.471751464381214,
    46.72320454482088,
    47.04181749403476,
    47.45487012059841,
    48.01212609877169,
    47.81958533228651,
    47.51028851021005,
    47.89480017731185,
    48.129086257937736,
    48.40538198319108,
    48.220522395025206,
    48.36421986524846,
    48.57108914685406,
    48.273814130404766,
    48.08658015430188,
    47.98078990435759,
    47.96186033707198,
    47.81266777899693,
    48.265633763218204,
    48.82619905308743,
    48.62151893756557,
    49.05053052181411,
    49.06330982984942,
    49.264293150816115,
    49.18047111688274,
    49.21790737918419,
    49.375983278086444,
    49.061616294863235,
    48.98045576305969,
    48.72980314431812,
    48.78210426213958,
    48.95212102896511,
    48.91909631161755,
    49.4460153190157,
    49.34824836126937,
    49.51202658062929,
    49.677645930393744,
    49.697645547773874,
    49.432844268485205,
    49.8104548825177,
    49.89331059868199,
    49.76290006059477,
    50.40456238461822,
    50.33594107357578,
    50.36157252470955,
    50.067170701649715,
    50.28943487243393,
    50.28124141240582,
    50.199667519854316,
    49.96303471851192,
    50.217706572173526,
    50.30890121086434,
    50.51932706839888,
    50.267856729620064,
    50.18592884481447,
    50.27460958780168,
    50.59123181835672,
    50.157105283714024,
    50.63855684210196,
    50.45359245826576,
    50.34446064972295,
    50.5975559182132,
    50.709619862606836,
    50.935377629406325,
    50.66168051774448,
    50.02344563540488,
    50.49408597797333,
    50.33530448969742,
    50.008270564849575,
    50.01951146795299,
    49.89463126253556,
    49.90416671601383,
    50.01631652707917,
    50.25297884929939,
    50.2653995006029,
    50.05930912275948,
    50.32357023736319,
    50.04666479028896,
    50.30971304960648
  ],
  "actions": [],
  "observations": [
    1,
    1,
    1,
    1,
    1,
    1,
    1,
    1,
    1,
    1,
    1,
    1,
    1,
    1,
    1,
    1,
    1,
    1,
    1,
    1,
    1,
    1,
    1,
    1,
    1,
    1,
    1,
    1,
    1,
    1,
    1,
    1,
    1,
    1,
    1,
    1,
    1,
    1,
    1,
    1,
    1,
    1,
    1,
    1,
    1,
    1,
    1,
    1,
    1,
    1,
    1,
    1,
    1,
    1,
    1,
    1,
    1,
    1,
    1,
    1,
    1,
    1,
    1,
    1,
    1,
    1,
    1,
    1,
    1,
    1,
    1,
    1,
    1,
    1,
    1,
    1,
    1,
    1,
    1,
    1,
    1,
    1,
    1,
    1,
    1,
    1,
    1,
    1,
    1,
    1,
    1,
    1,
    1,
    1,
    1,
    1,
    1,
    1,
    1,
    1,
    1,
    1,
    1,
    1,
    1,
    1,
    1,
    1,
    1,
    1,
    1,
    1,
    1,
    1,
    1,
    1,
    1,
    1,
    1,
    1,
    1,
    1,
    1,
    1,
    1,
    1,
    1,
    1,
    1,
    1,
    1,
    1,
    1,
    1,
    1,
    1,
    1,
    1,
    1,
    1,
    1,
    1,
    1,
    1,
    1,
    1,
    1,
    1,
    1,
    1,
    1,
    1,
    1,
    1,
    1,
    1,
    1,
    1,
    1,
    1,
    1,
    1,
    1,
    1,
    1,
    1,
    1,
    1,
    1,
    1,
    1,
    1,
    1,
    1,
    1,
    1,
    1,
    1,
    1,
    1,
    1,
    1,
    1,
    1,
    1,
    1,
    1,
    1,
    1,
    1,
    1,
    1,
    1,
    1,
    1,
    1,
    1,
    1,
    1,
    1
  ],