{
  "timesteps": [
    0,
    1,
    2,
    3,
    4,
    5,
    6,
    7,
    8,
    9,
    10,
    11,
    12,
    13,
    14,
    15,
    16,
    17,
    18,
    19,
    20,
    21,
    22,
    23,
    24,
    25,
    26,
    27,
    28,
    29,
    30,
    31,
    32,
    33,
    34,
    35,
    36,
    37,
    38,
    39,
    40,
    41,
    42,
    43,
    44,
    45,
    46,
    47,
    48,
    49,
    50,
    51,
    52,
    53,
    54,
    55,
    56,
    57,
    58,
    59,
    60,
    61,
    62,
    63,
    64,
    65,
    66,
    67,
    68,
    69,
    70,
    71,
    72,
    73,
    74,
    75,
    76,
    77,
    78,
    79,
    80,
    81,
    82,
    83,
    84,
    85,
    86,
    87,
    88,
    89,
    90,
    91,
    92,
    93,
    94,
    95,
    96,
    97,
    98,
    99,
    100,
    101,
    102,
    103,
    104,
    105,
    106,
    107,
    108,
    109,
    110,
    111,
    112,
    113,
    114,
    115,
    116,
    117,
    118,
    119,
    120,
    121,
    122,
    123,
    124,
    125,
    126,
    127,
    128,
    129,
    130,
    131,
    132,
    133,
    134,
    135,
    136,
    137,
    138,
    139,
    140,
    141,
    142,
    143,
    144,
    145,
    146,
    147,
    148,
    149,
    150,
    151,
    152,
    153,
    154,
    155,
    156,
    157,
    158,
    159,
    160,
    161,
    162,
    163,
    164,
    165,
    166,
    167,
    168,
    169,
    170,
    171,
    172,
    173,
    174,
    175,
    176,
    177,
    178,
    179,
    180,
    181,
    182,
    183,
    184,
    185,
    186,
    187,
    188,
    189,
    190,
    191,
    192,
    193,
    194,
    195,
    196,
    197,
    198,
    199
  ],
  "states": [
    50.0,
    49.7972787558087,
    51.05573533778782,
    49.27019179836509,
    48.02926016550991,
    47.27703499567363,
    47.86143099087774,
    49.00452905568941,
    51.08681282071854,
    50.84908087291736,
    50.95295717570814,
    50.96558173325237,
    50.22841937198396,
    51.265427412067886,
    50.78856954178882,
    50.53305633459096,
    50.31324252212566,
    49.85159552919386,
    51.55745726853517,
    51.477511439425136,
    50.64927477624531,
    52.11376230491415,
    53.8674761086145,
    53.74370450691927,
    54.68196538159702,
    53.627340228216454,
    54.28853040629572,
    54.51202505271469,
    55.51965187734997,
    54.51643770413306,
    53.61377574390572,
    54.26614354911756,
    55.73396296261567,
    52.75741613341693,
    53.914887134443816,
    53.9751573190603,
    52.38552107063938,
    54.062293878282325,
    55.76489788314143,
    55.46404030564586,
    55.26669059146697,
    54.92934198164279,
    54.22316816739678,
    53.30537529501736,
    53.90426360139402,
    51.37677675587497,
    50.737831980634546,
    52.191880839242586,
    52.37123202939227,
    52.52215190420386,
    51.59927090188961,
    51.6228758830773,
    51.97450455180217,
    52.13269438814983,
    52.294478525307895,
    50.634230141664375,
    50.13556877329574,
    50.5011012933775,
    50.98021193640141,
    53.5413596872062,
    54.15914741579129,
    52.86998360889078,
    52.996127159830664,
    53.17187991598291,
    52.886479909829966,
    52.53563593352041,
    52.97248206164148,
    52.929540831227214,
    52.983773005477225,
    54.04806428539598,
    54.599408050392626,
    54.55990580141203,
    55.934217305750174,
    54.52414257360903,
    56.52815274049673,
    57.766148055481366,
    58.70566488575381,
    60.57860130220666,
    60.05323989011384,
    60.475593222517645,
    61.834895177994895,
    62.72115135450646,
    61.913944715756536,
    60.765144539824696,
    61.73187886984813,
    60.79847697120937,
    58.47263367344908,
    57.001726197103125,
    58.486469767774274,
    58.273677747765895,
    59.18790302990263,
    57.69631792704952,
    56.60569005866261,
    56.506974410045665,
    57.15225911690085,
    56.98579748092094,
    54.82241670241438,
    53.43540090546519,
    53.74347378469916,
    54.76001409912978,
    55.18365652520941,
    54.046938217588256,
    55.198068363910494,
    54.919469139639766,
    55.26918151947003,
    54.727623227084436,
    55.545292718793725,
    55.273405591216715,
    55.04455031666541,
    54.3151926727258,
    54.084976671727105,
    53.759342817782404,
    55.997463644562536,
    56.39937659009199,
    57.53376705590963,
    58.15480633267589,
    57.80751803731959,
    59.65019457628729,
    59.484955688635175,
    58.316712171221134,
    59.180284342484356,
    58.693793576551684,
    59.57242932259561,
    58.840829526776176,
    59.09424087860829,
    59.14636118684828,
    58.8717443447664,
    60.45231839153475,
    59.776845201330886,
    59.95119860822975,
    59.496264199348836,
    59.329729580269735,
    60.064010539566375,
    60.148036309592115,
    60.739721071926645,
    60.62346371124247,
    60.770416866661904,
    61.38204169496572,
    61.20629924299084,
    61.023822772326476,
    59.32755503857381,
    59.87355640929876,
    59.344415234875676,
    60.47808076099753,
    60.47566782809645,
    59.981384275168026,
    60.82828403911151,
    60.39375357872672,
    60.54204360638536,
    59.45253717028251,
    57.842653871694544,
    56.479436184767366,
    55.83361957248626,
    55.956473534275325,
    54.659235067809746,
    54.2664267442322,
    53.333605330506984,
    52.01500642677031,
    52.066519630897254,
    54.347214692244286,
    55.290492238115675,
    55.18471343699758,
    55.633219759911086,
    54.04266675603805,
    54.42574130731612,
    55.693135663698946,
    55.21529529763257,
    56.05922615136858,
    56.29764464647868,
    56.28132003594274,
    57.264606046621616,
    57.55303009186803,
    58.17259134274538,
    58.38641679074001,
    59.603767003075326,
    59.68470941644774,
    61.12560689795878,
    60.63581389205017,
    60.401061925018645,
    60.80358844367394,
    59.523676041327136,
    60.8495637361178,
    61.993681725563604,
    60.80410847068397,
    61.27020637707618,
    62.11426110163137,
    61.33404300740054,
    61.37191631240337,
    61.42042413055422,
    61.607640842456505,
    61.315537323104074,
    61.35704604765007,
    61.398681954544394,
    60.52991430270738,
    62.474288054608444,
    63.73658262620758,
    62.46124854048793,
    62.215918589202694,
    61.19887265686574,
    61.62068967658114,
    61.01271955429942
  ],
  "actions": [],
  "observations": [
    1,
    1,
    1,
    1,
    1,
    1,
    1,
    1,
    1,
    1,
    1,
    1,
    1,
    1,
    1,
    1,
    1,
    1,
    1,
    1,
    1,
    1,
    1,
    1,
    1,
    1,
    1,
    1,
    2,
    1,
    1,
    1,
    2,
    1,
    1,
    1,
    1,
    1,
    2,
    2,
    2,
    1,
    1,
    1,
    1,
    1,
    1,
    1,
    1,
    1,
    1,
    1,
    1,
    1,
    1,
    1,
    1,
    1,
    1,
    1,
    1,
    1,
    1,
    1,
    1,
    1,
    1,
    1,
    1,
    1,
    1,
    1,
    2,
    1,
    2,
    2,
    2,
    2,
    2,
    2,
    2,
    2,
    2,
    2,
    2,
    2,
    2,
    2,
    2,
    2,
    2,
    2,
    2,
    2,
    2,
    2,
    1,
    1,
    1,
    1,
    2,
    1,
    2,
    1,
    2,
    1,
    2,
    2,
    2,
    1,
    1,
    1,
    2,
    2,
    2,
    2,
    2,
    2,
    2,
    2,
    2,
    2,
    2,
    2,
    2,
    2,
    2,
    2,
    2,
    2,
    2,
    2,
    2,
    2,
    2,
    2,
    2,
    2,
    2,
    2,
    2,
    2,
    2,
    2,
    2,
    2,
    2,
    2,
    2,
    2,
    2,
    2,
    2,
    2,
    1,
    1,
    1,
    1,
    1,
    1,
    2,
    2,
    2,
    1,
    1,
    2,
    2,
    2,
    2,
    2,
    2,
    2,
    2,
    2,
    2,
    2,
    2,
    2,
    2,
    2,
    2,
    2,
    2,
    2,
    2,
    2,
    2,
    2,
    2,
    2,
    2,
    2,
    2,
    2,
    2,
    2,
    2,
    2,
    2,
    2
  ],