{
  "timesteps": [
    0,
    1,
    2,
    3,
    4,
    5,
    6,
    7,
    8,
    9,
    10,
    11,
    12,
    13,
    14,
    15,
    16,
    17,
    18,
    19,
    20,
    21,
    22,
    23,
    24,
    25,
    26,
    27,
    28,
    29,
    30,
    31,
    32,
    33,
    34,
    35,
    36,
    37,
    38,
    39,
    40,
    41,
    42,
    43,
    44,
    45,
    46,
    47,
    48,
    49,
    50,
    51,
    52,
    53,
    54,
    55,
    56,
    57,
    58,
    59,
    60,
    61,
    62,
    63,
    64,
    65,
    66,
    67,
    68,
    69,
    70,
    71,
    72,
    73,
    74,
    75,
    76,
    77,
    78,
    79,
    80,
    81,
    82,
    83,
    84,
    85,
    86,
    87,
    88,
    89,
    90,
    91,
    92,
    93,
    94,
    95,
    96,
    97,
    98,
    99,
    100,
    101,
    102,
    103,
    104,
    105,
    106,
    107,
    108,
    109,
    110,
    111,
    112,
    113,
    114,
    115,
    116,
    117,
    118,
    119,
    120,
    121,
    122,
    123,
    124,
    125,
    126,
    127,
    128,
    129,
    130,
    131,
    132,
    133,
    134,
    135,
    136,
    137,
    138,
    139,
    140,
    141,
    142,
    143,
    144,
    145,
    146,
    147,
    148,
    149,
    150,
    151,
    152,
    153,
    154,
    155,
    156,
    157,
    158,
    159,
    160,
    161,
    162,
    163,
    164,
    165,
    166,
    167,
    168,
    169,
    170,
    171,
    172,
    173,
    174,
    175,
    176,
    177,
    178,
    179,
    180,
    181,
    182,
    183,
    184,
    185,
    186,
    187,
    188,
    189,
    190,
    191,
    192,
    193,
    194,
    195,
    196,
    197,
    198,
    199
  ],
  "states": [
    50.0,
    50.99000364878853,
    51.2810298273337,
    51.41822416421902,
    51.094350162070555,
    51.88583528096037,
    51.72317561109271,
    50.49726324747211,
    49.94479571178438,
    50.290363061165266,
    50.42584286973933,
    51.913112491322615,
    52.5144044479259,
    51.23939047908785,
    51.73917849799371,
    51.48827305827321,
    51.25070526694958,
    52.505000636853744,
    53.655858236784084,
    54.02536941353944,
    53.579243199880906,
    52.94263063849129,
    53.45867467691314,
    54.90006610934975,
    56.00003787398675,
    54.86388747337527,
    55.63947857009714,
    55.36454157559995,
    53.858288969273886,
    54.15198579708788,
    54.029892428342464,
    54.04869783782767,
    52.98465191716462,
    53.417276337834174,
    52.109819546168836,
    52.65312339957484,
    52.375006198829496,
    52.384157039910406,
    53.43712531627857,
    52.28455004336783,
    54.32770023204735,
    54.74935967899612,
    55.411871432054646,
    57.2711585319075,
    57.244816160604145,
    57.25958248382559,
    56.0197839389415,
    53.16387896889857,
    53.68141352331745,
    54.594933006537445,
    53.07672858698663,
    54.66075767525458,
    54.93508356908527,
    55.98134923633551,
    55.02422588801486,
    53.51389542910562,
    52.542334889042515,
    51.767328579521624,
    50.92745118949166,
    52.17420177918929,
    51.87401315659655,
    52.35418947861598,
    53.40905368345531,
    52.92274240408535,
    53.186723576141944,
    51.946216468485254,
    52.14993992639413,
    52.63070334792533,
    52.646909485348665,
    52.89109862077349,
    53.93018206669495,
    53.68481383952657,
    52.10088510394363,
    54.36881086357735,
    53.23568663951343,
    54.183416001594274,
    53.021503670935004,
    53.11101597054007,
    52.56715831034533,
    53.247669330107975,
    53.13151391433172,
    52.230680539628125,
    50.223471331498374,
    50.85080046963733,
    50.00903722188722,
    51.687339787407076,
    52.28026788854822,
    53.238732680166116,
    53.03510973428098,
    53.06201027318697,
    52.991891226868546,
    52.45322952173675,
    52.64357613187979,
    53.16493580657373,
    52.70232597180176,
    53.49987005145115,
    53.42333129282892,
    52.48247345367855,
    52.520714673899406,
    52.52619282739739,
    51.180024414855446,
    51.654714079598826,
    50.52922523902907,
    49.95631783913121,
    49.92606704292035,
    47.10932726769321,
    48.042006869047825,
    50.65026665127152,
    50.40241198664972,
    50.53667167119631,
    49.58726543000537,
    50.0794738934916,
    47.63017659333388,
    46.33123900192647,
    45.315266668572455,
    44.11134372166238,
    43.441988646019404,
    42.62155187750017,
    43.70302351247665,
    42.7907128402066,
    43.61406046414155,
    43.98082434755893,
    43.780185070088926,
    43.315848918769554,
    43.03401472438231,
    42.84838007145615,
    44.399580216580226,
    44.567937978538524,
    44.657822480995165,
    43.969116584584505,
    45.895175519615336,
    45.29955824191974,
    46.67190363112318,
    45.89817756035859,
    47.3500639053533,
    48.09064842272424,
    48.63947344522265,
    49.57468160086351,
    49.94050983000506,
    50.567131896578644,
    49.894647257691474,
    49.2970130907099,
    48.60322059802719,
    48.78213787597047,
    49.071784947439106,
    48.43051174790083,
    48.28557443983766,
    48.92334520408478,
    49.018735363544366,
    50.116485045659864,
    49.721424719964205,
    49.055800867362386,
    48.54774936625533,
    49.05664724020839,
    49.576009663456226,
    49.92385190886581,
    47.34524998044354,
    48.33099252949274,
    48.18545512253492,
    46.85626319598197,
    46.459629871645326,
    45.144350863620666,
    44.00308765172788,
    43.17449153101843,
    42.508449424162436,
    41.521434748162875,
    41.947021578734656,
    40.24309330603878,
    38.747583123025294,
    38.61219114288389,
    38.40144556776206,
    37.68098352590758,
    38.544816196066066,
    37.45085313379554,
    37.98612395496841,
    39.89786189634985,
    39.94202739670166,
    38.75921224098913,
    37.270157648498206,
    36.58050709977351,
    36.26222967582713,
    37.87644344772138,
    38.01501972528945,
    36.436514612275204,
    36.14643686462119,
    37.25586100737592,
    38.49157190490479,
    39.754964677884324,
    40.639837326308545,
    39.49483394115953,
    40.33011237966903,
    40.05945728873916,
    41.893229014164774,
    41.13208943878775,
    42.42502882820396,
    43.356212613324494,
    42.82225879939845,
    43.10713828878787,
    43.83626075041036,
    43.97730694401719,
    42.080309657049064
  ],
  "actions": [],
  "observations": [
    1,
    1,
    1,
    1,
    1,
    1,
    1,
    1,
    1,
    1,
    1,
    1,
    1,
    1,
    1,
    1,
    1,
    1,
    1,
    1,
    1,
    1,
    1,
    1,
    2,
    1,
    2,
    2,
    1,
    1,
    1,
    1,
    1,
    1,
    1,
    1,
    1,
    1,
    1,
    1,
    1,
    1,
    2,
    2,
    2,
    2,
    2,
    1,
    1,
    1,
    1,
    1,
    1,
    2,
    2,
    1,
    1,
    1,
    1,
    1,
    1,
    1,
    1,
    1,
    1,
    1,
    1,
    1,
    1,
    1,
    1,
    1,
    1,
    1,
    1,
    1,
    1,
    1,
    1,
    1,
    1,
    1,
    1,
    1,
    1,
    1,
    1,
    1,
    1,
    1,
    1,
    1,
    1,
    1,
    1,
    1,
    1,
    1,
    1,
    1,
    1,
    1,
    1,
    1,
    1,
    1,
    1,
    1,
    1,
    1,
    1,
    1,
    1,
    1,
    1,
    0,
    0,
    0,
    0,
    0,
    0,
    0,
    0,
    0,
    0,
    0,
    0,
    0,
    0,
    0,
    1,
    1,
    1,
    1,
    1,
    1,
    1,
    1,
    1,
    1,
    1,
    1,
    1,
    1,
    1,
    1,
    1,
    1,
    1,
    1,
    1,
    1,
    1,
    1,
    1,
    1,
    1,
    1,
    1,
    1,
    1,
    1,
    0,
    0,
    0,
    0,
    0,
    0,
    0,
    0,
    0,
    0,
    0,
    0,
    0,
    0,
    0,
    0,
    0,
    0,
    0,
    0,
    0,
    0,
    0,
    0,
    0,
    0,
    0,
    0,
    0,
    0,
    0,
    0,
    0,
    0,
    0,
    0,
    0,
    0
  ],