{
  "timesteps": [
    0,
    1,
    2,
    3,
    4,
    5,
    6,
    7,
    8,
    9,
    10,
    11,
    12,
    13,
    14,
    15,
    16,
    17,
    18,
    19,
    20,
    21,
    22,
    23,
    24,
    25,
    26,
    27,
    28,
    29,
    30,
    31,
    32,
    33,
    34,
    35,
    36,
    37,
    38,
    39,
    40,
    41,
    42,
    43,
    44,
    45,
    46,
    47,
    48,
    49,
    50,
    51,
    52,
    53,
    54,
    55,
    56,
    57,
    58,
    59,
    60,
    61,
    62,
    63,
    64,
    65,
    66,
    67,
    68,
    69,
    70,
    71,
    72,
    73,
    74,
    75,
    76,
    77,
    78,
    79,
    80,
    81,
    82,
    83,
    84,
    85,
    86,
    87,
    88,
    89,
    90,
    91,
    92,
    93,
    94,
    95,
    96,
    97,
    98,
    99,
    100,
    101,
    102,
    103,
    104,
    105,
    106,
    107,
    108,
    109,
    110,
    111,
    112,
    113,
    114,
    115,
    116,
    117,
    118,
    119,
    120,
    121,
    122,
    123,
    124,
    125,
    126,
    127,
    128,
    129,
    130,
    131,
    132,
    133,
    134,
    135,
    136,
    137,
    138,
    139,
    140,
    141,
    142,
    143,
    144,
    145,
    146,
    147,
    148,
    149,
    150,
    151,
    152,
    153,
    154,
    155,
    156,
    157,
    158,
    159,
    160,
    161,
    162,
    163,
    164,
    165,
    166,
    167,
    168,
    169,
    170,
    171,
    172,
    173,
    174,
    175,
    176,
    177,
    178,
    179,
    180,
    181,
    182,
    183,
    184,
    185,
    186,
    187,
    188,
    189,
    190,
    191,
    192,
    193,
    194,
    195,
    196,
    197,
    198,
    199
  ],
  "states": [
    50.0,
    50.27242003537494,
    53.306403392005876,
    52.7910539640242,
    52.87934861523603,
    51.226913375023564,
    49.27894746609927,
    49.15463047251818,
    49.599665131723825,
    51.87025836289603,
    53.55945507480588,
    54.10748671727115,
    55.0452924244298,
    54.062180938927206,
    52.59992162490717,
    50.21071715932674,
    50.56907987968671,
    50.01762142095968,
    52.513276737203526,
    52.04144126857817,
    52.241969628028826,
    51.12247219648935,
    53.45723241639644,
    55.934136175940026,
    56.81596961933385,
    53.75144895328432,
    54.430139812683485,
    56.544131439863364,
    53.018804513949206,
    54.28718015594074,
    57.25945050428778,
    53.59662345836379,
    52.819459630964346,
    58.35382557008013,
    59.65554808384808,
    58.13172792324308,
    57.68391166674546,
    57.04976585824445,
    53.203109995145184,
    57.456715083789916,
    55.90164945873316,
    58.002972168230094,
    58.211899419779236,
    58.693754481138136,
    57.28572856009409,
    55.92411860120215,
    59.27522435065188,
    60.65909542525257,
    59.89128494507899,
    56.868758071747656,
    52.38122874794573,
    51.98926283273445,
    50.45123506165194,
    48.670246483798536,
    46.64902947158035,
    45.36415375863275,
    46.0078927523686,
    44.710658972630114,
    47.49730053535715,
    43.893551698100275,
    46.998764913465436,
    45.57888784725355,
    45.06944096981783,
    43.5914581960623,
    43.373702227036546,
    43.584750695932115,
    42.963505258954335,
    43.77625968392875,
    40.70975708533965,
    39.04180220998058,
    31.771205015467494,
    32.663730080831584,
    31.869064855770045,
    33.484648664071486,
    32.991508553270904,
    32.20216461698401,
    31.798181593760024,
    33.21387504694869,
    35.47543602258126,
    33.07751991828863,
    35.75034054357273,
    36.53310234353611,
    35.72844489286837,
    33.31312099836407,
    29.59808312799777,
    34.078932334917894,
    36.61364754515392,
    37.69064337434673,
    39.285727824479366,
    38.63289309695834,
    36.71618609772363,
    38.61535344452527,
    39.00486698767912,
    36.37593066078606,
    33.21149568830587,
    32.6618133139027,
    31.09900230574533,
    31.91524755437566,
    32.430676558633245,
    31.080799748460414,
    31.288893480981155,
    30.23352125582753,
    29.7580119434829,
    31.779071623399176,
    31.899897826551083,
    32.90988956374809,
    36.244274020430325,
    35.93266788400772,
    35.49496750171584,
    35.31593178196871,
    38.50241836694765,
    39.407922519087876,
    37.166266682883624,
    38.04152140767334,
    40.329089257009485,
    41.51002255314856,
    39.985170713656785,
    36.75683062366884,
    34.25667781032838,
    35.5312338817981,
    32.371586716931844,
    35.899386806649545,
    31.7412093145073,
    32.25244067935484,
    31.69837811350427,
    32.590625968083955,
    34.829240748132214,
    35.53220322684749,
    35.66347211496282,
    38.52093043875872,
    38.418350789428644,
    34.379434159241235,
    34.686782810150504,
    34.995640919292825,
    35.44946406441112,
    38.4856027184662,
    37.85761046660245,
    38.95840576970404,
    34.64185052349772,
    29.995955184734164,
    28.82732325560143,
    30.78500986031289,
    29.4054767655988,
    27.810500403424502,
    25.520669327688296,
    27.913803400335933,
    29.40682181356645,
    31.622873000346765,
    32.673055932320004,
    30.763938024027034,
    28.42732435265364,
    26.286537955251905,
    27.129501244222112,
    27.975480928406014,
    25.92085036453903,
    26.083687850585953,
    24.990586258311584,
    27.800508197955406,
    30.140107146393202,
    27.493689918435937,
    27.224238892943884,
    29.38268440256562,
    27.943729891794373,
    27.153536947194304,
    28.066870419849984,
    28.93635213479479,
    27.125891036549195,
    27.7809997658962,
    27.933352951923762,
    29.58205935643788,
    32.8597110809497,
    31.7765536710873,
    27.28421235188245,
    23.585216325310576,
    23.244188503303587,
    25.1551166831187,
    24.284064879282283,
    22.06392810931054,
    25.28433737598221,
    25.009662361278227,
    23.687722867402993,
    20.85269803389701,
    21.103492710952807,
    23.12591230534809,
    24.31670014949564,
    24.647286048548537,
    24.899498301285274,
    23.47304686783741,
    22.78863514005161,
    23.206390636208276,
    26.947381033091602,
    26.753157320515758,
    30.64132254333563,
    30.96558868540242,
    30.801831387286608,
    27.18868858606756,
    26.48312677576022,
    26.4136246803116,
    29.337196684926212,
    31.96925235079427,
    30.85511758979931
  ],
  "actions": [],
  "observations": [
    1,
    1,
    1,
    1,
    1,
    1,
    1,
    1,
    1,
    1,
    1,
    1,
    2,
    1,
    1,
    1,
    1,
    1,
    1,
    1,
    1,
    1,
    1,
    2,
    2,
    1,
    1,
    2,
    1,
    1,
    2,
    1,
    1,
    2,
    2,
    2,
    2,
    2,
    1,
    2,
    2,
    2,
    2,
    2,
    2,
    2,
    2,
    2,
    2,
    2,
    1,
    1,
    1,
    1,
    1,
    1,
    1,
    0,
    1,
    0,
    1,
    1,
    1,
    0,
    0,
    0,
    0,
    0,
    0,
    0,
    0,
    0,
    0,
    0,
    0,
    0,
    0,
    0,
    0,
    0,
    0,
    0,
    0,
    0,
    0,
    0,
    0,
    0,
    0,
    0,
    0,
    0,
    0,
    0,
    0,
    0,
    0,
    0,
    0,
    0,
    0,
    0,
    0,
    0,
    0,
    0,
    0,
    0,
    0,
    0,
    0,
    0,
    0,
    0,
    0,
    0,
    0,
    0,
    0,
    0,
    0,
    0,
    0,
    0,
    0,
    0,
    0,
    0,
    0,
    0,
    0,
    0,
    0,
    0,
    0,
    0,
    0,
    0,
    0,
    0,
    0,
    0,
    0,
    0,
    0,
    0,
    0,
    0,
    0,
    0,
    0,
    0,
    0,
    0,
    0,
    0,
    0,
    0,
    0,
    0,
    0,
    0,
    0,
    0,
    0,
    0,
    0,
    0,
    0,
    0,
    0,
    0,
    0,
    0,
    0,
    0,
    0,
    0,
    0,
    0,
    0,
    0,
    0,
    0,
    0,
    0,
    0,
    0,
    0,
    0,
    0,
    0,
    0,
    0,
    0,
    0,
    0,
    0,
    0,
    0
  ],