{
  "timesteps": [
    0,
    1,
    2,
    3,
    4,
    5,
    6,
    7,
    8,
    9,
    10,
    11,
    12,
    13,
    14,
    15,
    16,
    17,
    18,
    19,
    20,
    21,
    22,
    23,
    24,
    25,
    26,
    27,
    28,
    29,
    30,
    31,
    32,
    33,
    34,
    35,
    36,
    37,
    38,
    39,
    40,
    41,
    42,
    43,
    44,
    45,
    46,
    47,
    48,
    49,
    50,
    51,
    52,
    53,
    54,
    55,
    56,
    57,
    58,
    59,
    60,
    61,
    62,
    63,
    64,
    65,
    66,
    67,
    68,
    69,
    70,
    71,
    72,
    73,
    74,
    75,
    76,
    77,
    78,
    79,
    80,
    81,
    82,
    83,
    84,
    85,
    86,
    87,
    88,
    89,
    90,
    91,
    92,
    93,
    94,
    95,
    96,
    97,
    98,
    99,
    100,
    101,
    102,
    103,
    104,
    105,
    106,
    107,
    108,
    109,
    110,
    111,
    112,
    113,
    114,
    115,
    116,
    117,
    118,
    119,
    120,
    121,
    122,
    123,
    124,
    125,
    126,
    127,
    128,
    129,
    130,
    131,
    132,
    133,
    134,
    135,
    136,
    137,
    138,
    139,
    140,
    141,
    142,
    143,
    144,
    145,
    146,
    147,
    148,
    149,
    150,
    151,
    152,
    153,
    154,
    155,
    156,
    157,
    158,
    159,
    160,
    161,
    162,
    163,
    164,
    165,
    166,
    167,
    168,
    169,
    170,
    171,
    172,
    173,
    174,
    175,
    176,
    177,
    178,
    179,
    180,
    181,
    182,
    183,
    184,
    185,
    186,
    187,
    188,
    189,
    190,
    191,
    192,
    193,
    194,
    195,
    196,
    197,
    198,
    199
  ],
  "states": [
    50.0,
    50.521936901353236,
    53.58874680341246,
    52.74278661028482,
    52.278932519094774,
    50.00846251969448,
    49.5961027407086,
    47.949211036829766,
    48.07218784592791,
    46.83639895890931,
    44.21353643571116,
    43.61667926355725,
    41.8135078561397,
    43.06689588849064,
    45.25797028908572,
    45.54599011961654,
    43.624677492563634,
    45.44599995031055,
    46.00698223089639,
    50.02096118342007,
    50.70201619910625,
    51.845729968907115,
    51.28645079471591,
    52.43669203362943,
    55.080572622270715,
    55.118260736035516,
    52.28192535865649,
    49.16376216014498,
    47.81263165336304,
    46.28778216005344,
    44.2507050941378,
    46.637064795245195,
    46.357361233889726,
    50.64494730960551,
    49.62191771630653,
    46.867310385841364,
    49.40382781321841,
    51.38987786393739,
    53.34070358035504,
    52.59694334224529,
    49.87377362745712,
    50.66999787884692,
    47.75810591254168,
    48.70175790395141,
    50.458310865299794,
    50.65036912820213,
    49.263094211197014,
    51.718376875044015,
    48.87304269540573,
    47.62828365730955,
    51.80521153770814,
    50.88305393141933,
    50.06712731344391,
    45.87259455017191,
    46.76533822143218,
    49.01221379432448,
    52.8904158952178,
    55.85383932365461,
    56.16794562729852,
    57.47418487089193,
    55.83441248821802,
    54.776002488730796,
    54.22230843687329,
    55.15287122012477,
    56.89433564873008,
    56.38130612126939,
    58.18341557994626,
    57.855578090693946,
    58.93169918310173,
    55.85450927803449,
    56.32711114927782,
    56.555939493428355,
    55.97123124702414,
    57.68671496008206,
    58.634970545039614,
    57.535692243017785,
    57.22512461001703,
    59.2377169104815,
    59.74782442088173,
    61.54199842295186,
    63.556978405590186,
    63.676503610230114,
    63.89247503920958,
    63.92778975818276,
    62.479690975015295,
    61.579220529413675,
    62.376504975671914,
    64.04620672868352,
    64.94629820353794,
    64.26867819015067,
    60.692515364540114,
    60.1146314282265,
    57.75866330245222,
    59.63418813975318,
    56.09336494350366,
    55.687926645485675,
    56.313603678260634,
    56.45570939837807,
    58.91721048887915,
    60.27631233431534,
    60.29616046990987,
    59.088748743909925,
    57.3229036487479,
    56.55390747347661,
    55.69284075538469,
    56.376502929535945,
    54.44582705911939,
    54.72190723214165,
    52.7284156681613,
    52.852313671814244,
    53.90572559462234,
    51.344142892699004,
    52.750434624718956,
    54.49660922236841,
    53.35210291579747,
    54.35649972436267,
    55.49045359198036,
    53.95291528260423,
    57.36949890668004,
    53.675883946964966,
    53.81696266157351,
    51.39940509959437,
    47.55228802914468,
    47.17476471182572,
    50.13186937911806,
    49.420760327766864,
    53.674160459416335,
    57.112420278004976,
    59.44710755251571,
    55.67462441770179,
    57.150600323419916,
    59.23945704355276,
    60.86206808129461,
    60.6659678196725,
    59.57205509581479,
    62.7339976527915,
    64.2841987529273,
    66.09899567789897,
    66.54804931989153,
    66.14349732687238,
    67.03362182989429,
    69.62277955691687,
    68.12492621432416,
    68.36824648553322,
    67.78559034588639,
    65.08695678324631,
    64.50795335450998,
    64.08026444683416,
    65.17587804700781,
    63.30210371311113,
    63.19981200395303,
    62.440674464513435,
    61.392326074683155,
    60.145589592700475,
    60.12474304103575,
    60.79417877851204,
    63.05995888793874,
    63.05102935938092,
    59.613518519743565,
    62.04742682603393,
    61.46960468349091,
    63.54108532570432,
    59.976436090727375,
    57.63492900337624,
    55.62224494067305,
    53.467655284416665,
    53.102530531678255,
    51.145575366346826,
    51.45248333148259,
    53.22013482385252,
    54.727965479864324,
    52.38991288846298,
    50.318524086252935,
    48.79165616459852,
    44.92501295134098,
    47.23460858755188,
    51.2851941975189,
    51.84691493914098,
    48.244285117255025,
    47.336855801797455,
    46.88166228459358,
    46.82171707673156,
    44.42679177329884,
    44.22165600044854,
    40.60798643678944,
    39.9740788305212,
    38.3205095485641,
    39.229122114709384,
    38.45577676052266,
    40.7699563790307,
    43.541854353097285,
    41.1941445741142,
    42.47247102752228,
    40.42382719643441,
    38.856107261670985,
    41.651825811471674,
    39.1018433039585,
    40.35142805614979,
    36.76993663532254,
    36.21661169170978,
    36.61025632931819
  ],
  "actions": [],
  "observations": [
    1,
    1,
    1,
    1,
    1,
    1,
    1,
    1,
    1,
    1,
    0,
    0,
    0,
    0,
    1,
    1,
    0,
    1,
    1,
    1,
    1,
    1,
    1,
    1,
    2,
    2,
    1,
    1,
    1,
    1,
    0,
    1,
    1,
    1,
    1,
    1,
    1,
    1,
    1,
    1,
    1,
    1,
    1,
    1,
    1,
    1,
    1,
    1,
    1,
    1,
    1,
    1,
    1,
    1,
    1,
    1,
    1,
    2,
    2,
    2,
    2,
    1,
    1,
    2,
    2,
    2,
    2,
    2,
    2,
    2,
    2,
    2,
    2,
    2,
    2,
    2,
    2,
    2,
    2,
    2,
    2,
    2,
    2,
    2,
    2,
    2,
    2,
    2,
    2,
    2,
    2,
    2,
    2,
    2,
    2,
    2,
    2,
    2,
    2,
    2,
    2,
    2,
    2,
    2,
    2,
    2,
    1,
    1,
    1,
    1,
    1,
    1,
    1,
    1,
    1,
    1,
    2,
    1,
    2,
    1,
    1,
    1,
    1,
    1,
    1,
    1,
    1,
    2,
    2,
    2,
    2,
    2,
    2,
    2,
    2,
    2,
    2,
    2,
    2,
    2,
    2,
    2,
    2,
    2,
    2,
    2,
    2,
    2,
    2,
    2,
    2,
    2,
    2,
    2,
    2,
    2,
    2,
    2,
    2,
    2,
    2,
    2,
    2,
    2,
    2,
    1,
    1,
    1,
    1,
    1,
    1,
    1,
    1,
    1,
    0,
    1,
    1,
    1,
    1,
    1,
    1,
    1,
    0,
    0,
    0,
    0,
    0,
    0,
    0,
    0,
    0,
    0,
    0,
    0,
    0,
    0,
    0,
    0,
    0,
    0
  ],