{
  "timesteps": [
    0,
    1,
    2,
    3,
    4,
    5,
    6,
    7,
    8,
    9,
    10,
    11,
    12,
    13,
    14,
    15,
    16,
    17,
    18,
    19,
    20,
    21,
    22,
    23,
    24,
    25,
    26,
    27,
    28,
    29,
    30,
    31,
    32,
    33,
    34,
    35,
    36,
    37,
    38,
    39,
    40,
    41,
    42,
    43,
    44,
    45,
    46,
    47,
    48,
    49,
    50,
    51,
    52,
    53,
    54,
    55,
    56,
    57,
    58,
    59,
    60,
    61,
    62,
    63,
    64,
    65,
    66,
    67,
    68,
    69,
    70,
    71,
    72,
    73,
    74,
    75,
    76,
    77,
    78,
    79,
    80,
    81,
    82,
    83,
    84,
    85,
    86,
    87,
    88,
    89,
    90,
    91,
    92,
    93,
    94,
    95,
    96,
    97,
    98,
    99,
    100,
    101,
    102,
    103,
    104,
    105,
    106,
    107,
    108,
    109,
    110,
    111,
    112,
    113,
    114,
    115,
    116,
    117,
    118,
    119,
    120,
    121,
    122,
    123,
    124,
    125,
    126,
    127,
    128,
    129,
    130,
    131,
    132,
    133,
    134,
    135,
    136,
    137,
    138,
    139,
    140,
    141,
    142,
    143,
    144,
    145,
    146,
    147,
    148,
    149,
    150,
    151,
    152,
    153,
    154,
    155,
    156,
    157,
    158,
    159,
    160,
    161,
    162,
    163,
    164,
    165,
    166,
    167,
    168,
    169,
    170,
    171,
    172,
    173,
    174,
    175,
    176,
    177,
    178,
    179,
    180,
    181,
    182,
    183,
    184,
    185,
    186,
    187,
    188,
    189,
    190,
    191,
    192,
    193,
    194,
    195,
    196,
    197,
    198,
    199
  ],
  "states": [
    50.0,
    50.05030403496348,
    50.03694219357911,
    50.16419579923285,
    50.20091370712213,
    50.1487207502469,
    49.94575624392132,
    49.90426871508512,
    49.90121898184489,
    50.013086519995696,
    49.99691084631467,
    50.03859037150681,
    50.007384715492925,
    50.014110329143875,
    50.03807881785703,
    49.98592824121878,
    49.883399696698994,
    49.744918567923925,
    49.63556375288153,
    49.43118690198622,
    49.357624754802444,
    49.25510094791022,
    49.22498330399389,
    49.42399558384698,
    49.598808314748304,
    49.57321417229263,
    49.432044645933104,
    49.68321069381333,
    49.76960813609222,
    49.73704601193039,
    49.671410163377736,
    49.70906952799864,
    49.73800566020396,
    49.750123405101775,
    49.67205523376634,
    49.70025908612103,
    49.44201554812884,
    49.46923877423,
    49.45070296978233,
    49.534735597345815,
    49.66650416225843,
    49.778571182748394,
    49.840418038466545,
    49.624526855367,
    49.6779560666604,
    49.68153574226676,
    49.67631823319756,
    49.6304845410944,
    49.68021412665463,
    49.713719406796606,
    49.723124651684074,
    49.61533095028248,
    49.46468864922501,
    49.49114750666857,
    49.46252292417628,
    49.51264723767766,
    49.42671984966949,
    49.440512356012825,
    49.622054893758815,
    49.76437347135575,
    50.00109871317736,
    50.121465946258596,
    50.15165757400612,
    50.23701688475786,
    50.30567834640183,
    50.45101650116311,
    50.39092845001487,
    50.26088489441041,
    50.06262449683532,
    50.07103923249784,
    49.9479429456231,
    49.75704049064356,
    49.83912227184976,
    49.82960498523106,
    49.54066028803061,
    49.47565749147567,
    49.389092540906,
    49.3440995562499,
    49.360731276149565,
    49.23789781808468,
    49.17273231916525,
    49.25306503632185,
    49.23702555833869,
    49.3334983423258,
    49.2299961045884,
    49.11929955895269,
    49.19889543543633,
    49.26654727421674,
    49.22383954964506,
    49.30133971872847,
    49.282835711801965,
    49.27504326515692,
    49.06452469428122,
    48.982862545301174,
    48.869403252119355,
    48.840954165504314,
    48.80597450310084,
    48.849627826966234,
    48.75100748961245,
    48.67259272904989,
    48.66310752917991,
    48.54382514254526,
    48.59036436273009,
    48.597869392389846,
    48.59495794732482,
    48.548468777244366,
    48.52267827826093,
    48.395755578256846,
    48.52961284046693,
    48.5970098320899,
    48.51468829924703,
    48.71407947115063,
    48.65437772718333,
    48.60458882278419,
    48.54048337444126,
    48.427788685118564,
    48.35543340415496,
    48.23477304006594,
    48.15542642175688,
    48.26917297443598,
    48.33633815812712,
    48.28174136168089,
    48.167571745800515,
    48.0797327794232,
    48.19120090492907,
    48.0250279690284,
    47.95751838077045,
    48.0074750322244,
    48.12496456741458,
    48.40192140129878,
    48.53208332711189,
    48.623182048315066,
    48.75890988885698,
    48.606309658334204,
    48.77692821759793,
    48.68598398734842,
    48.6755080629799,
    48.62603397236265,
    48.6804314022788,
    48.58159894064745,
    48.58680249257616,
    48.52981194012606,
    48.40580013864965,
    48.27419228933941,
    48.21920746068104,
    48.09828779987968,
    48.10386161037541,
    48.09501673341678,
    48.07701714397286,
    48.10167543354589,
    48.29122863887594,
    48.315190326546315,
    48.36288137695086,
    48.48496966906058,
    48.60342022441736,
    48.65029445036963,
    48.65437676471281,
    48.76338382070133,
    48.71166981093608,
    48.599733294755644,
    48.69911767525138,
    48.6566515131712,
    48.72477086799964,
    48.791507056789655,
    48.89580684627771,
    49.00800394829054,
    48.98266393654213,
    48.917936936352895,
    48.863530435584984,
    48.87673229432793,
    48.83508719114539,
    49.09908583392663,
    49.01589772008359,
    49.12282437539313,
    49.19389255216295,
    49.13415479060454,
    49.274392335351564,
    49.24943605220674,
    49.282567098469265,
    49.12031995763308,
    48.96879329186748,
    48.788146067548304,
    48.61955398731858,
    48.64280104227899,
    48.543752821455804,
    48.552738264427546,
    48.48160328173043,
    48.554142557061446,
    48.79389356185317,
    48.8812314599954,
    48.881908955292005,
    48.84729094492592,
    49.00041679323813,
    49.076115806403294,
    48.989395881191484,
    49.02706951825614,
    49.09144930002297,
    49.19396823915628,
    49.16842838705965,
    49.30182476415729,
    49.24381160617682
  ],
  "actions": [],
  "observations": [
    1,
    1,
    1,
    1,
    1,
    1,
    1,
    1,
    1,
    1,
    1,
    1,
    1,
    1,
    1,
    1,
    1,
    1,
    1,
    1,
    1,
    1,
    1,
    1,
    1,
    1,
    1,
    1,
    1,
    1,
    1,
    1,
    1,
    1,
    1,
    1,
    1,
    1,
    1,
    1,
    1,
    1,
    1,
    1,
    1,
    1,
    1,
    1,
    1,
    1,
    1,
    1,
    1,
    1,
    1,
    1,
    1,
    1,
    1,
    1,
    1,
    1,
    1,
    1,
    1,
    1,
    1,
    1,
    1,
    1,
    1,
    1,
    1,
    1,
    1,
    1,
    1,
    1,
    1,
    1,
    1,
    1,
    1,
    1,
    1,
    1,
    1,
    1,
    1,
    1,
    1,
    1,
    1,
    1,
    1,
    1,
    1,
    1,
    1,
    1,
    1,
    1,
    1,
    1,
    1,
    1,
    1,
    1,
    1,
    1,
    1,
    1,
    1,
    1,
    1,
    1,
    1,
    1,
    1,
    1,
    1,
    1,
    1,
    1,
    1,
    1,
    1,
    1,
    1,
    1,
    1,
    1,
    1,
    1,
    1,
    1,
    1,
    1,
    1,
    1,
    1,
    1,
    1,
    1,
    1,
    1,
    1,
    1,
    1,
    1,
    1,
    1,
    1,
    1,
    1,
    1,
    1,
    1,
    1,
    1,
    1,
    1,
    1,
    1,
    1,
    1,
    1,
    1,
    1,
    1,
    1,
    1,
    1,
    1,
    1,
    1,
    1,
    1,
    1,
    1,
    1,
    1,
    1,
    1,
    1,
    1,
    1,
    1,
    1,
    1,
    1,
    1,
    1,
    1,
    1,
    1,
    1,
    1,
    1,
    1
  ],