{
  "timesteps": [
    0,
    1,
    2,
    3,
    4,
    5,
    6,
    7,
    8,
    9,
    10,
    11,
    12,
    13,
    14,
    15,
    16,
    17,
    18,
    19,
    20,
    21,
    22,
    23,
    24,
    25,
    26,
    27,
    28,
    29,
    30,
    31,
    32,
    33,
    34,
    35,
    36,
    37,
    38,
    39,
    40,
    41,
    42,
    43,
    44,
    45,
    46,
    47,
    48,
    49,
    50,
    51,
    52,
    53,
    54,
    55,
    56,
    57,
    58,
    59,
    60,
    61,
    62,
    63,
    64,
    65,
    66,
    67,
    68,
    69,
    70,
    71,
    72,
    73,
    74,
    75,
    76,
    77,
    78,
    79,
    80,
    81,
    82,
    83,
    84,
    85,
    86,
    87,
    88,
    89,
    90,
    91,
    92,
    93,
    94,
    95,
    96,
    97,
    98,
    99,
    100,
    101,
    102,
    103,
    104,
    105,
    106,
    107,
    108,
    109,
    110,
    111,
    112,
    113,
    114,
    115,
    116,
    117,
    118,
    119,
    120,
    121,
    122,
    123,
    124,
    125,
    126,
    127,
    128,
    129,
    130,
    131,
    132,
    133,
    134,
    135,
    136,
    137,
    138,
    139,
    140,
    141,
    142,
    143,
    144,
    145,
    146,
    147,
    148,
    149,
    150,
    151,
    152,
    153,
    154,
    155,
    156,
    157,
    158,
    159,
    160,
    161,
    162,
    163,
    164,
    165,
    166,
    167,
    168,
    169,
    170,
    171,
    172,
    173,
    174,
    175,
    176,
    177,
    178,
    179,
    180,
    181,
    182,
    183,
    184,
    185,
    186,
    187,
    188,
    189,
    190,
    191,
    192,
    193,
    194,
    195,
    196,
    197,
    198,
    199
  ],
  "states": [
    50.0,
    49.821841900722475,
    49.70796862547137,
    49.892447779311496,
    49.83752493437303,
    49.84385410068728,
    49.74632946578685,
    49.87387428822659,
    49.761936181597974,
    49.70140506133642,
    49.8054724552083,
    49.6566370713476,
    49.77725304529746,
    49.983019236745555,
    50.03428412311441,
    50.06416808900651,
    49.99497451829738,
    50.03345291709164,
    49.9794525981941,
    50.039870331307526,
    50.061965678963745,
    49.96134715345698,
    50.1521981955866,
    50.19080032215348,
    50.10242594434129,
    50.00372338173811,
    50.08006595142148,
    50.080931864556206,
    50.065512098215336,
    49.91352063541419,
    49.94814026002045,
    50.031196508098525,
    50.025916322616986,
    50.07735177601964,
    50.15656704577579,
    50.07103046454009,
    50.03968859477344,
    50.04128677338144,
    50.025646147110855,
    49.98211394009431,
    49.987677036678406,
    49.95207907990809,
    50.0383579945777,
    50.248131259061424,
    50.343916006756636,
    50.337732782387484,
    50.296220773551646,
    50.50068578295524,
    50.443622122163845,
    50.32060304863372,
    50.3628857645173,
    50.44594786730071,
    50.48925066943377,
    50.63294420858724,
    50.386774674072406,
    50.43923222565979,
    50.329734705912,
    50.43105103227046,
    50.53432251934189,
    50.390954326577216,
    50.40860629696023,
    50.543912754740255,
    50.60576509786657,
    50.66655547967595,
    50.691375642209074,
    50.83136676017726,
    50.89478847705751,
    50.88144733752299,
    50.84548127633735,
    50.97850278719892,
    51.12346919714671,
    51.07500749187077,
    51.09782043431067,
    51.23876890444908,
    51.22266955862796,
    51.37877330786983,
    51.58478883582278,
    51.71434528185124,
    51.56480010381936,
    51.52389252061176,
    51.49208034210201,
    51.450648605675326,
    51.4312051447374,
    51.35004851277306,
    51.283234720526146,
    51.31505554419768,
    51.32143922508377,
    51.38446838114793,
    51.363916106927576,
    51.38649946985786,
    51.324525651175854,
    51.35408946348494,
    51.35338217133302,
    51.45886358917381,
    51.493671604948794,
    51.502503499796575,
    51.3922386687928,
    51.33323433142487,
    51.41991226292302,
    51.55708075617435,
    51.56765657308826,
    51.440094895030064,
    51.57778157217594,
    51.69427482119317,
    51.58922898697338,
    51.508557016573235,
    51.642425618597926,
    51.60892391267113,
    51.67426509985897,
    51.6191760284311,
    51.56544877950809,
    51.634666963552675,
    51.576232329576925,
    51.49937963447091,
    51.561283905077,
    51.560287152973906,
    51.570714393726725,
    51.63913246688008,
    51.61160181871926,
    51.68622208285085,
    51.95697166099662,
    51.80870013448727,
    51.910373963634534,
    51.836815770975115,
    51.8943857965272,
    51.925937565006215,
    52.070790275684494,
    52.24438246490299,
    52.28335948513547,
    52.165608504032896,
    52.30812676724265,
    52.29667325152817,
    52.31479709126074,
    52.251878291888815,
    52.23269386946453,
    52.1410519267919,
    52.06798465894442,
    52.135824680944786,
    52.12778733913865,
    52.26433453250434,
    52.284877536870816,
    52.35373720976554,
    52.41112727285488,
    52.30770769413153,
    52.25981246218184,
    52.222396279460476,
    52.29429901341895,
    52.210929413803825,
    52.337599621142786,
    52.2895267807787,
    52.0868380664513,
    52.10697142026336,
    52.08264129106487,
    51.940631166801246,
    51.974855482692604,
    51.766529505777186,
    51.74162231996741,
    51.669821913430305,
    51.57471584926991,
    51.400408468764105,
    51.624314072656254,
    51.476431234294274,
    51.356107165711364,
    51.336114503583154,
    51.54832692398462,
    51.45224748378748,
    51.56370909251136,
    51.32578468546478,
    51.32862080371469,
    51.363484267620734,
    51.360442251546424,
    51.21867734392219,
    51.36998366735416,
    51.31083197765066,
    51.50988136025156,
    51.563208147687796,
    51.58198488158616,
    51.476019098614714,
    51.62718529646378,
    51.565329020910085,
    51.67385952520941,
    51.78146633599558,
    51.701456171412914,
    51.661512216356044,
    51.67223844343693,
    51.707964972586566,
    51.69954233820328,
    51.68471349552798,
    51.737996545026185,
    51.68661767726061,
    51.660077489914315,
    51.82698691869482,
    51.91267223969376,
    51.991993118629594,
    51.869592371185604,
    52.020162293236915,
    52.05401251352007,
    52.10941110386448,
    52.06545639543233,
    52.198924816449555,
    52.04539149844552
  ],
  "actions": [],
  "observations": [
    1,
    1,
    1,
    1,
    1,
    1,
    1,
    1,
    1,
    1,
    1,
    1,
    1,
    1,
    1,
    1,
    1,
    1,
    1,
    1,
    1,
    1,
    1,
    1,
    1,
    1,
    1,
    1,
    1,
    1,
    1,
    1,
    1,
    1,
    1,
    1,
    1,
    1,
    1,
    1,
    1,
    1,
    1,
    1,
    1,
    1,
    1,
    1,
    1,
    1,
    1,
    1,
    1,
    1,
    1,
    1,
    1,
    1,
    1,
    1,
    1,
    1,
    1,
    1,
    1,
    1,
    1,
    1,
    1,
    1,
    1,
    1,
    1,
    1,
    1,
    1,
    1,
    1,
    1,
    1,
    1,
    1,
    1,
    1,
    1,
    1,
    1,
    1,
    1,
    1,
    1,
    1,
    1,
    1,
    1,
    1,
    1,
    1,
    1,
    1,
    1,
    1,
    1,
    1,
    1,
    1,
    1,
    1,
    1,
    1,
    1,
    1,
    1,
    1,
    1,
    1,
    1,
    1,
    1,
    1,
    1,
    1,
    1,
    1,
    1,
    1,
    1,
    1,
    1,
    1,
    1,
    1,
    1,
    1,
    1,
    1,
    1,
    1,
    1,
    1,
    1,
    1,
    1,
    1,
    1,
    1,
    1,
    1,
    1,
    1,
    1,
    1,
    1,
    1,
    1,
    1,
    1,
    1,
    1,
    1,
    1,
    1,
    1,
    1,
    1,
    1,
    1,
    1,
    1,
    1,
    1,
    1,
    1,
    1,
    1,
    1,
    1,
    1,
    1,
    1,
    1,
    1,
    1,
    1,
    1,
    1,
    1,
    1,
    1,
    1,
    1,
    1,
    1,
    1,
    1,
    1,
    1,
    1,
    1,
    1
  ],