{
  "timesteps": [
    0,
    1,
    2,
    3,
    4,
    5,
    6,
    7,
    8,
    9,
    10,
    11,
    12,
    13,
    14,
    15,
    16,
    17,
    18,
    19,
    20,
    21,
    22,
    23,
    24,
    25,
    26,
    27,
    28,
    29,
    30,
    31,
    32,
    33,
    34,
    35,
    36,
    37,
    38,
    39,
    40,
    41,
    42,
    43,
    44,
    45,
    46,
    47,
    48,
    49,
    50,
    51,
    52,
    53,
    54,
    55,
    56,
    57,
    58,
    59,
    60,
    61,
    62,
    63,
    64,
    65,
    66,
    67,
    68,
    69,
    70,
    71,
    72,
    73,
    74,
    75,
    76,
    77,
    78,
    79,
    80,
    81,
    82,
    83,
    84,
    85,
    86,
    87,
    88,
    89,
    90,
    91,
    92,
    93,
    94,
    95,
    96,
    97,
    98,
    99,
    100,
    101,
    102,
    103,
    104,
    105,
    106,
    107,
    108,
    109,
    110,
    111,
    112,
    113,
    114,
    115,
    116,
    117,
    118,
    119,
    120,
    121,
    122,
    123,
    124,
    125,
    126,
    127,
    128,
    129,
    130,
    131,
    132,
    133,
    134,
    135,
    136,
    137,
    138,
    139,
    140,
    141,
    142,
    143,
    144,
    145,
    146,
    147,
    148,
    149,
    150,
    151,
    152,
    153,
    154,
    155,
    156,
    157,
    158,
    159,
    160,
    161,
    162,
    163,
    164,
    165,
    166,
    167,
    168,
    169,
    170,
    171,
    172,
    173,
    174,
    175,
    176,
    177,
    178,
    179,
    180,
    181,
    182,
    183,
    184,
    185,
    186,
    187,
    188,
    189,
    190,
    191,
    192,
    193,
    194,
    195,
    196,
    197,
    198,
    199
  ],
  "states": [
    50.0,
    48.37921239785185,
    47.057036988008534,
    48.09719104245328,
    47.40761202038752,
    47.47134682801194,
    46.869868174438444,
    47.48874203498893,
    52.503296998574356,
    52.813855670369655,
    51.05723719562073,
    48.48685002513525,
    45.50394999640811,
    46.554785285324925,
    49.35525933564409,
    48.58248727503146,
    50.205473337195656,
    50.648602478166275,
    51.8964548632221,
    52.11235384416464,
    53.319905407887894,
    55.10980373151641,
    56.955575167399395,
    56.25396590136918,
    58.31708146966483,
    60.53748170017624,
    61.90309455174329,
    62.585485222607495,
    65.3254247637857,
    62.576374065473516,
    59.8110879053407,
    59.69037146745001,
    61.39784972134654,
    62.80114515926319,
    63.19834365289883,
    63.44188339884431,
    63.477534104913516,
    65.80562970974705,
    67.06218659705603,
    67.81730072304157,
    69.08616600777594,
    70.54168480267255,
    67.01584999620948,
    69.20106189618176,
    69.16434414876014,
    71.98411166702499,
    72.81447127017705,
    72.58477430046766,
    71.60602051971395,
    70.9735043280996,
    71.53743676805185,
    67.60230852948727,
    65.72888112565454,
    66.05603743739148,
    65.4703609915318,
    64.35628491993936,
    65.62387702665235,
    63.60946374123191,
    64.19529986068532,
    64.18185893284145,
    65.29658745260016,
    67.89545776384092,
    64.59374585016202,
    64.45323701391177,
    64.25161850215189,
    62.0592051647801,
    64.16331786841904,
    60.99311638861436,
    61.596539020307084,
    61.2599335104743,
    63.11289428261799,
    64.56321019601572,
    65.40194545236864,
    64.40570958872519,
    65.16502852102386,
    66.05527324951008,
    65.43114582132372,
    64.09480380875623,
    62.92070907356778,
    63.97743626512409,
    61.20040551029371,
    60.244354280619234,
    58.71083425027737,
    61.72441369713848,
    60.89057459351974,
    59.95257714000073,
    58.79822819667955,
    58.858829992774645,
    58.84671794233892,
    60.073601369207914,
    61.53348543039435,
    62.72601984732292,
    64.2406815233412,
    64.1163464218109,
    63.59994878984239,
    62.664518539108734,
    66.40593885746645,
    66.59367665283864,
    69.16724665118699,
    68.52418373800978,
    67.34986712381112,
    68.64818590604365,
    65.43297521581863,
    63.72449558349794,
    65.22161648745525,
    61.72977038700934,
    61.384202693670325,
    65.34585844580202,
    66.26520594526349,
    68.85577478598195,
    68.88553102354595,
    66.90175656047693,
    66.83065575987906,
    61.82745397949839,
    61.31761000439507,
    59.70823640587996,
    61.841104569853165,
    58.317047307255535,
    56.47040354573553,
    54.213294703190755,
    46.64457548774054,
    46.94519035069696,
    45.22823080213691,
    47.65184858100317,
    48.20711277210036,
    50.24093314154529,
    48.40833688572436,
    46.97693716643889,
    46.27030042789065,
    47.78616908101899,
    48.34246938441321,
    52.05356417259588,
    48.810114123302704,
    46.414912721347136,
    48.80384582587676,
    53.66045224977447,
    52.84148659388081,
    55.41386319594672,
    58.6955998999231,
    59.23973950572404,
    54.09585200827885,
    55.34877258971655,
    55.29322314018441,
    57.09667093016586,
    57.02146464632275,
    57.42420646758583,
    58.75039489799349,
    57.057179955491954,
    58.34505600148179,
    57.01861222162239,
    58.40352716989943,
    58.14629150694393,
    58.85321258359038,
    60.30744090240547,
    57.97454030056023,
    56.30859077526707,
    54.39538599163758,
    56.94304270010606,
    56.94399704588485,
    62.157375447291116,
    59.30344944031147,
    62.434109647940865,
    64.9134172405038,
    66.23281846174574,
    65.14696447800881,
    62.693211896593326,
    61.49780695359025,
    61.761105945046275,
    59.85175344568431,
    57.6487110881421,
    56.61634512330421,
    54.47051647754638,
    57.993123028423696,
    62.73930808361275,
    63.119701535087685,
    68.00529168868087,
    63.932427185682336,
    67.12483559871124,
    64.03541475022615,
    64.51669337440731,
    67.11184949221949,
    66.14736756726415,
    66.11396437842974,
    70.4795933402704,
    72.62987653764665,
    70.72446835093864,
    68.50476766291776,
    66.49711192405076,
    65.15983305133518,
    66.1536812071215,
    63.09893302316427,
    65.61602004363654,
    71.18669000780531,
    66.90530459838318,
    65.28234974363994,
    65.24534513286395,
    64.64364060129508,
    64.56637949691319,
    62.20216919145063,
    64.32479009392128,
    63.154153841041975
  ],
  "actions": [],
  "observations": [
    1,
    1,
    1,
    1,
    1,
    1,
    1,
    1,
    1,
    1,
    1,
    1,
    1,
    1,
    1,
    1,
    1,
    1,
    1,
    1,
    1,
    2,
    2,
    2,
    2,
    2,
    2,
    2,
    2,
    2,
    2,
    2,
    2,
    2,
    2,
    2,
    2,
    2,
    2,
    2,
    2,
    2,
    2,
    2,
    2,
    2,
    2,
    2,
    2,
    2,
    2,
    2,
    2,
    2,
    2,
    2,
    2,
    2,
    2,
    2,
    2,
    2,
    2,
    2,
    2,
    2,
    2,
    2,
    2,
    2,
    2,
    2,
    2,
    2,
    2,
    2,
    2,
    2,
    2,
    2,
    2,
    2,
    2,
    2,
    2,
    2,
    2,
    2,
    2,
    2,
    2,
    2,
    2,
    2,
    2,
    2,
    2,
    2,
    2,
    2,
    2,
    2,
    2,
    2,
    2,
    2,
    2,
    2,
    2,
    2,
    2,
    2,
    2,
    2,
    2,
    2,
    2,
    2,
    2,
    1,
    1,
    1,
    1,
    1,
    1,
    1,
    1,
    1,
    1,
    1,
    1,
    1,
    1,
    1,
    1,
    1,
    1,
    2,
    2,
    2,
    1,
    2,
    2,
    2,
    2,
    2,
    2,
    2,
    2,
    2,
    2,
    2,
    2,
    2,
    2,
    2,
    1,
    2,
    2,
    2,
    2,
    2,
    2,
    2,
    2,
    2,
    2,
    2,
    2,
    2,
    2,
    1,
    2,
    2,
    2,
    2,
    2,
    2,
    2,
    2,
    2,
    2,
    2,
    2,
    2,
    2,
    2,
    2,
    2,
    2,
    2,
    2,
    2,
    2,
    2,
    2,
    2,
    2,
    2,
    2
  ],