{
  "timesteps": [
    0,
    1,
    2,
    3,
    4,
    5,
    6,
    7,
    8,
    9,
    10,
    11,
    12,
    13,
    14,
    15,
    16,
    17,
    18,
    19,
    20,
    21,
    22,
    23,
    24,
    25,
    26,
    27,
    28,
    29,
    30,
    31,
    32,
    33,
    34,
    35,
    36,
    37,
    38,
    39,
    40,
    41,
    42,
    43,
    44,
    45,
    46,
    47,
    48,
    49,
    50,
    51,
    52,
    53,
    54,
    55,
    56,
    57,
    58,
    59,
    60,
    61,
    62,
    63,
    64,
    65,
    66,
    67,
    68,
    69,
    70,
    71,
    72,
    73,
    74,
    75,
    76,
    77,
    78,
    79,
    80,
    81,
    82,
    83,
    84,
    85,
    86,
    87,
    88,
    89,
    90,
    91,
    92,
    93,
    94,
    95,
    96,
    97,
    98,
    99,
    100,
    101,
    102,
    103,
    104,
    105,
    106,
    107,
    108,
    109,
    110,
    111,
    112,
    113,
    114,
    115,
    116,
    117,
    118,
    119,
    120,
    121,
    122,
    123,
    124,
    125,
    126,
    127,
    128,
    129,
    130,
    131,
    132,
    133,
    134,
    135,
    136,
    137,
    138,
    139,
    140,
    141,
    142,
    143,
    144,
    145,
    146,
    147,
    148,
    149,
    150,
    151,
    152,
    153,
    154,
    155,
    156,
    157,
    158,
    159,
    160,
    161,
    162,
    163,
    164,
    165,
    166,
    167,
    168,
    169,
    170,
    171,
    172,
    173,
    174,
    175,
    176,
    177,
    178,
    179,
    180,
    181,
    182,
    183,
    184,
    185,
    186,
    187,
    188,
    189,
    190,
    191,
    192,
    193,
    194,
    195,
    196,
    197,
    198,
    199
  ],
  "states": [
    50.0,
    51.48991228369888,
    54.06401082011205,
    56.11839697645537,
    58.66782747880728,
    58.919750229565686,
    57.2647521113068,
    55.98743661815362,
    58.57543291639174,
    54.77436385909024,
    54.91526265529346,
    50.20869638709783,
    47.84139742336108,
    47.85239687803626,
    45.81218062501027,
    42.63291088612814,
    42.57922872369817,
    38.599534611276304,
    36.11851964287556,
    36.96599134595183,
    37.533234633283826,
    35.146905443335996,
    33.85300749036304,
    35.249645199038454,
    36.28127053972926,
    36.80163320425865,
    38.822820765212555,
    38.26121645423309,
    38.79366786669351,
    39.93446549153322,
    42.33961758644945,
    40.76081436941469,
    42.39642750896888,
    44.03491103146949,
    42.762601211600675,
    44.46465134144082,
    44.84617751953364,
    42.85219054743081,
    40.10588890868322,
    39.62198941171487,
    42.21204033574744,
    39.28296156896311,
    39.774816743380484,
    37.34572431034526,
    37.33895763628507,
    36.58174157360849,
    32.843374328784996,
    33.34519561628101,
    34.04820493921979,
    39.37352973683046,
    41.859462171227975,
    40.92710641186847,
    41.46302736544844,
    40.591749935586684,
    40.92842032584203,
    40.53137484502411,
    37.716065477212574,
    39.85448837185244,
    36.12168958568665,
    40.68681056613293,
    38.87068575927944,
    35.65954767660306,
    34.68567372000873,
    35.28270730591414,
    35.082329200987694,
    34.11778994178517,
    32.790660704381445,
    33.092495805331964,
    36.868973695752636,
    38.830197073218464,
    38.48958363196278,
    37.98777266729853,
    37.12606803211615,
    36.794817701271654,
    34.26340999748629,
    33.92936198709758,
    31.3143616990223,
    29.568508430836854,
    32.5855430636339,
    34.216589896715064,
    34.69955754570558,
    36.35283446561681,
    36.141371069234246,
    34.58500697161984,
    33.72800674668596,
    33.397872481085635,
    34.48415781269388,
    34.05982683237566,
    33.84740059957455,
    30.53163791173162,
    30.17850007574006,
    29.81730307229283,
    31.36542333302341,
    31.271059814943428,
    32.149730077487014,
    31.565795624001876,
    30.035875815278914,
    28.641956793236716,
    24.734112713296238,
    24.651962952171026,
    24.957935467105987,
    26.433817832037096,
    30.705244762972296,
    32.100485149368026,
    33.42291729891776,
    32.59530056749226,
    31.65740697449263,
    30.298560857143016,
    29.36629311093855,
    27.85228071807225,
    29.92244617832385,
    29.53021043240279,
    29.25597218632235,
    31.581528365724207,
    29.366392088458422,
    27.83837874089145,
    28.22506918598559,
    31.832713435121775,
    30.145288593817817,
    31.869455766144867,
    30.45878135918957,
    33.61596485134291,
    35.425916799387885,
    31.913605694567448,
    33.084646596987525,
    34.26638726175811,
    36.65387558525388,
    43.06929426542156,
    39.69420358285339,
    40.08785156863434,
    40.928961515430984,
    42.84597631107477,
    41.46883343426269,
    41.10989362896006,
    34.961287884055096,
    36.32402020452438,
    35.163979689705364,
    37.38178042405661,
    37.90371390567518,
    39.24972599083647,
    37.76875738571952,
    36.45369497101225,
    31.12595462999976,
    33.10834180005495,
    35.49155917984838,
    34.883636884446354,
    30.604967205905876,
    29.916926076506787,
    25.516456713415955,
    22.681678232992358,
    25.562094659867046,
    26.50739901365336,
    27.4033647602665,
    24.103426927352892,
    21.2190386895685,
    22.61146782716448,
    23.25301022019809,
    22.909010562496217,
    20.838178120850852,
    20.065014462518818,
    20.477355956268834,
    17.901661020973922,
    17.124183635073276,
    12.948125394476598,
    15.57817370593414,
    14.06622129904199,
    13.315860391251864,
    11.202864916587254,
    10.318108074673171,
    11.32841330020028,
    9.138813788580904,
    8.756002902235807,
    5.7656276284131245,
    8.322028599707004,
    6.293617510349015,
    5.5362934949098035,
    5.584696769120118,
    8.261589577291884,
    7.607723143108926,
    6.5386328597954835,
    6.35956810512055,
    4.936512611521838,
    1.3520278370920855,
    0.0,
    0.0,
    0.0,
    0.0,
    2.0517896446287867,
    1.6686857257104761,
    2.5178402487833766,
    0.0,
    2.4007383106675007,
    2.4398075000662955,
    6.657587895872254,
    5.0536853324884925,
    2.6785421447286692,
    2.83804142448008,
    2.7149436579603217,
    4.734329068184287,
    6.094549062134402,
    8.782937526782394
  ],
  "actions": [],
  "observations": [
    1,
    1,
    1,
    2,
    2,
    2,
    2,
    2,
    2,
    1,
    1,
    1,
    1,
    1,
    1,
    0,
    0,
    0,
    0,
    0,
    0,
    0,
    0,
    0,
    0,
    0,
    0,
    0,
    0,
    0,
    0,
    0,
    0,
    0,
    0,
    0,
    0,
    0,
    0,
    0,
    0,
    0,
    0,
    0,
    0,
    0,
    0,
    0,
    0,
    0,
    0,
    0,
    0,
    0,
    0,
    0,
    0,
    0,
    0,
    0,
    0,
    0,
    0,
    0,
    0,
    0,
    0,
    0,
    0,
    0,
    0,
    0,
    0,
    0,
    0,
    0,
    0,
    0,
    0,
    0,
    0,
    0,
    0,
    0,
    0,
    0,
    0,
    0,
    0,
    0,
    0,
    0,
    0,
    0,
    0,
    0,
    0,
    0,
    0,
    0,
    0,
    0,
    0,
    0,
    0,
    0,
    0,
    0,
    0,
    0,
    0,
    0,
    0,
    0,
    0,
    0,
    0,
    0,
    0,
    0,
    0,
    0,
    0,
    0,
    0,
    0,
    0,
    0,
    0,
    0,
    0,
    0,
    0,
    0,
    0,
    0,
    0,
    0,
    0,
    0,
    0,
    0,
    0,
    0,
    0,
    0,
    0,
    0,
    0,
    0,
    0,
    0,
    0,
    0,
    0,
    0,
    0,
    0,
    0,
    0,
    0,
    0,
    0,
    0,
    0,
    0,
    0,
    0,
    0,
    0,
    0,
    0,
    0,
    0,
    0,
    0,
    0,
    0,
    0,
    0,
    0,
    0,
    0,
    0,
    0,
    0,
    0,
    0,
    0,
    0,
    0,
    0,
    0,
    0,
    0,
    0,
    0,
    0,
    0,
    0
  ],