{
  "timesteps": [
    0,
    1,
    2,
    3,
    4,
    5,
    6,
    7,
    8,
    9,
    10,
    11,
    12,
    13,
    14,
    15,
    16,
    17,
    18,
    19,
    20,
    21,
    22,
    23,
    24,
    25,
    26,
    27,
    28,
    29,
    30,
    31,
    32,
    33,
    34,
    35,
    36,
    37,
    38,
    39,
    40,
    41,
    42,
    43,
    44,
    45,
    46,
    47,
    48,
    49,
    50,
    51,
    52,
    53,
    54,
    55,
    56,
    57,
    58,
    59,
    60,
    61,
    62,
    63,
    64,
    65,
    66,
    67,
    68,
    69,
    70,
    71,
    72,
    73,
    74,
    75,
    76,
    77,
    78,
    79,
    80,
    81,
    82,
    83,
    84,
    85,
    86,
    87,
    88,
    89,
    90,
    91,
    92,
    93,
    94,
    95,
    96,
    97,
    98,
    99,
    100,
    101,
    102,
    103,
    104,
    105,
    106,
    107,
    108,
    109,
    110,
    111,
    112,
    113,
    114,
    115,
    116,
    117,
    118,
    119,
    120,
    121,
    122,
    123,
    124,
    125,
    126,
    127,
    128,
    129,
    130,
    131,
    132,
    133,
    134,
    135,
    136,
    137,
    138,
    139,
    140,
    141,
    142,
    143,
    144,
    145,
    146,
    147,
    148,
    149,
    150,
    151,
    152,
    153,
    154,
    155,
    156,
    157,
    158,
    159,
    160,
    161,
    162,
    163,
    164,
    165,
    166,
    167,
    168,
    169,
    170,
    171,
    172,
    173,
    174,
    175,
    176,
    177,
    178,
    179,
    180,
    181,
    182,
    183,
    184,
    185,
    186,
    187,
    188,
    189,
    190,
    191,
    192,
    193,
    194,
    195,
    196,
    197,
    198,
    199
  ],
  "states": [
    50.0,
    50.45637341186845,
    51.23343342989435,
    51.0338138252094,
    50.82603642007168,
    51.05638247065304,
    52.80662614432035,
    51.67646817986915,
    50.303712268973804,
    50.102905469427526,
    48.49823312998248,
    47.86152590206553,
    48.16318850751867,
    45.96561641782745,
    45.51733343526441,
    47.08734353857882,
    46.07355738714211,
    45.18592079433795,
    47.136027922467136,
    47.10719587034248,
    49.25395144286513,
    51.2841621492262,
    51.25385787150932,
    49.7546076665908,
    48.92897799638354,
    49.70253691624913,
    51.104726985362554,
    52.14724382578832,
    52.24892979975911,
    52.602009949495454,
    52.43672105255543,
    52.92173696271504,
    52.051927466053755,
    52.9193261741143,
    53.302824915173446,
    53.10924701597707,
    53.04610883730381,
    53.25617093686005,
    53.678702723224596,
    51.98806042655382,
    53.37084540477873,
    54.08397124512653,
    54.57463332160843,
    56.14144368145131,
    56.31746683841122,
    54.19501581734808,
    54.29625618039432,
    54.98240252056319,
    54.67149562436857,
    56.09657945222505,
    55.26227296374303,
    57.54195430024247,
    56.557761678730536,
    57.512017402961135,
    56.420230397964446,
    56.01676186940796,
    54.37630071476411,
    53.34390892657422,
    52.98745937359983,
    50.12548222096999,
    50.85123200952666,
    49.457009974072335,
    49.98231652016285,
    49.25141505857759,
    49.28149335274893,
    50.22545679914097,
    51.23163117451001,
    52.138258254512,
    51.98166402188718,
    54.78695704528609,
    54.79160546901906,
    55.82785274632925,
    56.45129323243934,
    56.27587705276574,
    58.883027368034476,
    58.44587911309253,
    58.84376840500271,
    58.27132584956917,
    58.80658278201236,
    58.2136698819282,
    57.80094913045388,
    58.15200499246928,
    59.928942228155506,
    59.04881721093203,
    56.169126012150834,
    55.46040612379651,
    56.65718176439249,
    54.740489008026884,
    54.628430998589806,
    54.88363439029696,
    54.36065015934961,
    52.568889040732756,
    52.21509392370998,
    53.92721824651297,
    55.23381662817252,
    56.66055138875319,
    56.01976935915953,
    56.43694422860353,
    58.02986560549521,
    58.24713917408571,
    56.582724505506995,
    58.68673433223003,
    58.93816617887982,
    59.54279168704167,
    59.216080808157045,
    58.99539948920214,
    59.410055634909824,
    60.22445192196278,
    60.6076460716111,
    62.586914490993166,
    64.67717399112162,
    65.0422664825391,
    67.58654768721314,
    69.34120648901347,
    70.15257018180242,
    70.5376891929659,
    69.51064140719656,
    70.80235208735488,
    69.7970237942705,
    70.73480148313949,
    70.49242501082405,
    70.99682854040472,
    71.06438029899591,
    70.18910905452063,
    71.69382421802844,
    70.31432722378645,
    69.83829926639271,
    67.90241307211981,
    67.58118790220222,
    68.93573551909644,
    67.32220669370065,
    65.82789639708739,
    66.9478134253639,
    67.29798556776794,
    65.72153549282157,
    63.27555683594595,
    61.14160468155114,
    61.1794868846633,
    60.810347036065835,
    61.986099292033074,
    61.14730973207815,
    60.10131881169015,
    59.65298793145389,
    59.40798286380182,
    60.30203216891935,
    58.880189435206525,
    59.74523250320342,
    59.72901782982274,
    59.798947195015,
    61.030999643708135,
    61.461160688452026,
    63.41110681490671,
    63.55413111378252,
    63.57166505517278,
    65.19920727457122,
    63.10399724183008,
    61.892650444172794,
    61.37935229927368,
    61.24227977648775,
    63.36030233800653,
    66.03214330803897,
    66.09813333508987,
    63.88857695406437,
    64.8217429359185,
    66.13391142562543,
    65.28395318609986,
    66.36044729498256,
    65.86136395106826,
    65.26456355245185,
    63.24287198545008,
    62.71394860870473,
    62.61310825927957,
    63.08594172745756,
    62.78339007147881,
    62.61433941433226,
    63.198923254052715,
    61.49877133913564,
    62.284081818732034,
    62.01317547739038,
    61.955464114283615,
    61.371847685943145,
    60.97184980789931,
    60.355094932535934,
    60.98456356298,
    62.239033204904274,
    61.616496143452665,
    62.7144216067346,
    63.656824826775384,
    64.89507395094923,
    65.5600238294942,
    67.98958193528074,
    67.20105180025845,
    66.65190106163371,
    66.8706456357895,
    66.99715937893598,
    69.08278201842606,
    68.34231271324143,
    68.28139005395226,
    68.16626611795549,
    67.77474578280881,
    66.94728519627097
  ],
  "actions": [],
  "observations": [
    1,
    1,
    1,
    1,
    1,
    1,
    1,
    1,
    1,
    1,
    1,
    1,
    1,
    1,
    1,
    1,
    1,
    1,
    1,
    1,
    1,
    1,
    1,
    1,
    1,
    1,
    1,
    1,
    1,
    1,
    1,
    1,
    1,
    1,
    1,
    1,
    1,
    1,
    1,
    1,
    1,
    1,
    1,
    2,
    2,
    1,
    1,
    1,
    1,
    2,
    2,
    2,
    2,
    2,
    2,
    2,
    1,
    1,
    1,
    1,
    1,
    1,
    1,
    1,
    1,
    1,
    1,
    1,
    1,
    1,
    1,
    2,
    2,
    2,
    2,
    2,
    2,
    2,
    2,
    2,
    2,
    2,
    2,
    2,
    2,
    2,
    2,
    1,
    1,
    1,
    1,
    1,
    1,
    1,
    2,
    2,
    2,
    2,
    2,
    2,
    2,
    2,
    2,
    2,
    2,
    2,
    2,
    2,
    2,
    2,
    2,
    2,
    2,
    2,
    2,
    2,
    2,
    2,
    2,
    2,
    2,
    2,
    2,
    2,
    2,
    2,
    2,
    2,
    2,
    2,
    2,
    2,
    2,
    2,
    2,
    2,
    2,
    2,
    2,
    2,
    2,
    2,
    2,
    2,
    2,
    2,
    2,
    2,
    2,
    2,
    2,
    2,
    2,
    2,
    2,
    2,
    2,
    2,
    2,
    2,
    2,
    2,
    2,
    2,
    2,
    2,
    2,
    2,
    2,
    2,
    2,
    2,
    2,
    2,
    2,
    2,
    2,
    2,
    2,
    2,
    2,
    2,
    2,
    2,
    2,
    2,
    2,
    2,
    2,
    2,
    2,
    2,
    2,
    2,
    2,
    2,
    2,
    2,
    2,
    2
  ],