{
  "timesteps": [
    0,
    1,
    2,
    3,
    4,
    5,
    6,
    7,
    8,
    9,
    10,
    11,
    12,
    13,
    14,
    15,
    16,
    17,
    18,
    19,
    20,
    21,
    22,
    23,
    24,
    25,
    26,
    27,
    28,
    29,
    30,
    31,
    32,
    33,
    34,
    35,
    36,
    37,
    38,
    39,
    40,
    41,
    42,
    43,
    44,
    45,
    46,
    47,
    48,
    49,
    50,
    51,
    52,
    53,
    54,
    55,
    56,
    57,
    58,
    59,
    60,
    61,
    62,
    63,
    64,
    65,
    66,
    67,
    68,
    69,
    70,
    71,
    72,
    73,
    74,
    75,
    76,
    77,
    78,
    79,
    80,
    81,
    82,
    83,
    84,
    85,
    86,
    87,
    88,
    89,
    90,
    91,
    92,
    93,
    94,
    95,
    96,
    97,
    98,
    99,
    100,
    101,
    102,
    103,
    104,
    105,
    106,
    107,
    108,
    109,
    110,
    111,
    112,
    113,
    114,
    115,
    116,
    117,
    118,
    119,
    120,
    121,
    122,
    123,
    124,
    125,
    126,
    127,
    128,
    129,
    130,
    131,
    132,
    133,
    134,
    135,
    136,
    137,
    138,
    139,
    140,
    141,
    142,
    143,
    144,
    145,
    146,
    147,
    148,
    149,
    150,
    151,
    152,
    153,
    154,
    155,
    156,
    157,
    158,
    159,
    160,
    161,
    162,
    163,
    164,
    165,
    166,
    167,
    168,
    169,
    170,
    171,
    172,
    173,
    174,
    175,
    176,
    177,
    178,
    179,
    180,
    181,
    182,
    183,
    184,
    185,
    186,
    187,
    188,
    189,
    190,
    191,
    192,
    193,
    194,
    195,
    196,
    197,
    198,
    199
  ],
  "states": [
    50.0,
    49.71130149969882,
    48.9041517057656,
    49.55109233851717,
    49.784241383163724,
    50.749802892786704,
    50.41103019765961,
    51.473963632712405,
    51.389102980334705,
    49.81303558790311,
    48.51433210756106,
    47.6875144926278,
    45.7682085057219,
    44.83240091742829,
    44.47182834417165,
    46.40952406760485,
    47.01464343468242,
    46.41968636487355,
    47.63121002169065,
    44.881710460463104,
    44.86631341245987,
    46.86998411496302,
    46.17600353619577,
    45.44724362729969,
    45.89079051937071,
    45.49364403269565,
    43.96942673450156,
    44.826684660903865,
    44.26374142660249,
    43.43155538008716,
    44.89384567900193,
    43.28246237140035,
    41.76251544367413,
    41.812489706039905,
    41.84032887343375,
    40.14400444164245,
    40.07126304073719,
    37.69361508618634,
    38.223050832966976,
    37.83995709531133,
    36.7842249463862,
    35.04258613681254,
    35.78081137174493,
    36.30703243907911,
    35.28950468490578,
    35.95831725410653,
    36.45628049021704,
    35.712802111329275,
    37.9712372673374,
    37.20810541071967,
    36.54116233849746,
    37.19474479350573,
    35.128431881771434,
    34.77454442958006,
    33.89165489370855,
    34.918918812329686,
    33.75823812266751,
    33.635893821345654,
    34.503320438976964,
    35.953239605387665,
    37.79942523164889,
    39.003570687887084,
    38.9241689709683,
    39.817442135824244,
    40.26185554239834,
    41.08745727706531,
    42.407764513452484,
    43.1362290069215,
    43.796664706155155,
    42.847391308749046,
    43.41534423427183,
    45.06258905774741,
    44.78594405113516,
    44.838636644131775,
    45.086372750946595,
    43.802626686458325,
    44.22482507042158,
    43.36582931875168,
    42.16952582468611,
    40.202916513546086,
    39.93209732616325,
    40.357880304141084,
    39.39922924346817,
    38.27372188334904,
    38.7177884819585,
    38.612282567708036,
    37.87395472808865,
    35.65290041815608,
    34.59139132708299,
    34.31563654434661,
    35.64003794463781,
    34.89726494492191,
    35.625033178782424,
    35.67927525321158,
    35.42725214645702,
    36.37358740928703,
    34.68611920879222,
    33.581290181410196,
    32.77595545740069,
    31.943048666764167,
    33.60755170013645,
    34.14365752172819,
    32.52347423465774,
    30.67883876716463,
    31.381900698980527,
    31.825377103810983,
    34.2461541576426,
    32.803893319952394,
    33.44240549315594,
    33.00996667961283,
    34.01485070883177,
    33.68668454808331,
    33.70189211126459,
    33.861820588776396,
    35.673133417049385,
    35.45750089674025,
    35.49350811359341,
    33.966335162474905,
    35.79528603608349,
    33.672302869011695,
    34.05626227388001,
    35.821170755674764,
    36.87348343164287,
    36.84934976049149,
    32.187101121934774,
    34.80467656000316,
    36.41381511725726,
    31.987639771595482,
    30.209572510588284,
    29.966383136350657,
    29.81533062573645,
    30.36911978370534,
    31.776670966930702,
    30.427303313509725,
    32.02403456048552,
    34.241642921522136,
    34.04301695104172,
    31.78110165299985,
    32.00105572601434,
    31.94979962888943,
    32.42288032017626,
    32.66842813171456,
    32.61893287290195,
    34.421593365512194,
    33.95738719814789,
    32.686405472212115,
    33.80041751243959,
    35.551472814090275,
    34.18115901224524,
    35.63480681965008,
    35.233006764584516,
    35.51430377320573,
    35.87571673668778,
    35.285710362151086,
    35.62391880285579,
    36.6230047434444,
    33.781318711447156,
    34.57925123953134,
    32.668503941098,
    30.36449861344409,
    28.351508691411457,
    28.319553344854953,
    30.38321156792378,
    35.290222648298496,
    35.88061205879262,
    36.342740820839914,
    36.78953170634135,
    39.55666860124356,
    38.928760408862104,
    39.97733317361823,
    39.02346821905153,
    40.10670634938219,
    40.58207601322778,
    41.076679975244275,
    40.76795016042991,
    39.796903822009845,
    38.69248282707708,
    39.35569609033904,
    38.64860789724404,
    38.16173130412965,
    37.41834095134367,
    35.69052051983721,
    35.731593150332095,
    36.18827383086658,
    36.46587481396069,
    36.02996479303686,
    34.963019160046144,
    36.65058382465258,
    36.89674428915994,
    36.441403880900445,
    35.3219838004802,
    34.130040629683556,
    34.94400939719677,
    35.739595441088866,
    37.364450402146154,
    37.532999875643895,
    37.50157557895459,
    38.415348686675834,
    38.73379810184998,
    39.11895510366665,
    39.47478275994098
  ],
  "actions": [],
  "observations": [
    1,
    1,
    1,
    1,
    1,
    1,
    1,
    1,
    1,
    1,
    1,
    1,
    1,
    0,
    0,
    1,
    1,
    1,
    1,
    0,
    0,
    1,
    1,
    1,
    1,
    1,
    0,
    0,
    0,
    0,
    0,
    0,
    0,
    0,
    0,
    0,
    0,
    0,
    0,
    0,
    0,
    0,
    0,
    0,
    0,
    0,
    0,
    0,
    0,
    0,
    0,
    0,
    0,
    0,
    0,
    0,
    0,
    0,
    0,
    0,
    0,
    0,
    0,
    0,
    0,
    0,
    0,
    0,
    0,
    0,
    0,
    1,
    0,
    0,
    1,
    0,
    0,
    0,
    0,
    0,
    0,
    0,
    0,
    0,
    0,
    0,
    0,
    0,
    0,
    0,
    0,
    0,
    0,
    0,
    0,
    0,
    0,
    0,
    0,
    0,
    0,
    0,
    0,
    0,
    0,
    0,
    0,
    0,
    0,
    0,
    0,
    0,
    0,
    0,
    0,
    0,
    0,
    0,
    0,
    0,
    0,
    0,
    0,
    0,
    0,
    0,
    0,
    0,
    0,
    0,
    0,
    0,
    0,
    0,
    0,
    0,
    0,
    0,
    0,
    0,
    0,
    0,
    0,
    0,
    0,
    0,
    0,
    0,
    0,
    0,
    0,
    0,
    0,
    0,
    0,
    0,
    0,
    0,
    0,
    0,
    0,
    0,
    0,
    0,
    0,
    0,
    0,
    0,
    0,
    0,
    0,
    0,
    0,
    0,
    0,
    0,
    0,
    0,
    0,
    0,
    0,
    0,
    0,
    0,
    0,
    0,
    0,
    0,
    0,
    0,
    0,
    0,
    0,
    0,
    0,
    0,
    0,
    0,
    0,
    0
  ],