{
  "timesteps": [
    0,
    1,
    2,
    3,
    4,
    5,
    6,
    7,
    8,
    9,
    10,
    11,
    12,
    13,
    14,
    15,
    16,
    17,
    18,
    19,
    20,
    21,
    22,
    23,
    24,
    25,
    26,
    27,
    28,
    29,
    30,
    31,
    32,
    33,
    34,
    35,
    36,
    37,
    38,
    39,
    40,
    41,
    42,
    43,
    44,
    45,
    46,
    47,
    48,
    49,
    50,
    51,
    52,
    53,
    54,
    55,
    56,
    57,
    58,
    59,
    60,
    61,
    62,
    63,
    64,
    65,
    66,
    67,
    68,
    69,
    70,
    71,
    72,
    73,
    74,
    75,
    76,
    77,
    78,
    79,
    80,
    81,
    82,
    83,
    84,
    85,
    86,
    87,
    88,
    89,
    90,
    91,
    92,
    93,
    94,
    95,
    96,
    97,
    98,
    99,
    100,
    101,
    102,
    103,
    104,
    105,
    106,
    107,
    108,
    109,
    110,
    111,
    112,
    113,
    114,
    115,
    116,
    117,
    118,
    119,
    120,
    121,
    122,
    123,
    124,
    125,
    126,
    127,
    128,
    129,
    130,
    131,
    132,
    133,
    134,
    135,
    136,
    137,
    138,
    139,
    140,
    141,
    142,
    143,
    144,
    145,
    146,
    147,
    148,
    149,
    150,
    151,
    152,
    153,
    154,
    155,
    156,
    157,
    158,
    159,
    160,
    161,
    162,
    163,
    164,
    165,
    166,
    167,
    168,
    169,
    170,
    171,
    172,
    173,
    174,
    175,
    176,
    177,
    178,
    179,
    180,
    181,
    182,
    183,
    184,
    185,
    186,
    187,
    188,
    189,
    190,
    191,
    192,
    193,
    194,
    195,
    196,
    197,
    198,
    199
  ],
  "states": [
    50.0,
    50.31360665161219,
    51.05734316301607,
    50.30525059490543,
    51.76608452304521,
    52.07677722568095,
    51.84975035524779,
    50.879825292836976,
    51.96573888781532,
    52.93046111813059,
    52.141947172124134,
    51.95297481894066,
    53.187083948145315,
    53.282545572307455,
    53.80243962752728,
    54.16861463608433,
    53.93028861683558,
    53.061322828434896,
    53.35889560052051,
    52.84219102432148,
    50.99698836580095,
    51.76875924148859,
    51.99701085612514,
    53.07202986457782,
    52.2972859154224,
    54.30330593587296,
    53.27706055346491,
    54.36619917997679,
    54.637981615728755,
    55.99280251768089,
    58.03073514472416,
    57.91632245993589,
    59.97192016072583,
    57.79272904980526,
    58.209689515115286,
    57.56580132031299,
    59.07226649760063,
    59.39154545897304,
    58.530793795673226,
    59.46627558255575,
    59.76377430537011,
    60.04812342760588,
    61.308911871453176,
    60.93302202450037,
    60.749907129843415,
    60.112833027794686,
    59.682938937460754,
    59.57077438402291,
    60.72392657892412,
    61.59704793316945,
    60.11457377872125,
    57.39397017429214,
    57.87698008438073,
    57.02440027335756,
    55.9867616094492,
    55.10566699972966,
    55.608482814695556,
    56.807353542693804,
    57.32660558090405,
    56.86519388759883,
    56.037033248450044,
    55.802621986899915,
    54.964596359864075,
    54.43624593037825,
    53.676253155974244,
    53.354357679972054,
    53.60790890093171,
    55.061441661043894,
    53.164331490872364,
    53.03962814474425,
    52.17821112521249,
    51.143978882641505,
    51.48645572421891,
    50.27269458821735,
    49.61564559185306,
    50.70978982531402,
    51.039702957341945,
    50.21720414492813,
    50.20474908170434,
    49.97710263957603,
    48.916600473768554,
    48.18715852148763,
    51.039205715707375,
    49.85604521963453,
    50.14005949652945,
    47.42281654098643,
    46.18770915284173,
    45.059282684513406,
    45.516996612255625,
    45.373313918136844,
    46.623923875705195,
    46.762181923725485,
    46.01205131876336,
    45.239590206413645,
    45.65966905258332,
    45.313122850572654,
    45.579804657107196,
    44.42939801508952,
    45.01349986872324,
    44.632875544499015,
    44.32494054740551,
    44.4695253612459,
    45.16572583585737,
    44.523601470548975,
    45.116635437008604,
    45.089631979580645,
    44.530923902454504,
    44.46965046405834,
    43.189053933975224,
    44.08970453607158,
    44.55855272176187,
    43.12230637522784,
    44.71572574067775,
    45.28467392549447,
    45.40562956252744,
    45.96597761096227,
    46.81732948815127,
    48.431777523249494,
    48.43021403039358,
    48.838914111594214,
    47.995722111996855,
    47.718680849255016,
    46.4600477957394,
    47.43637596450403,
    48.51045429648907,
    48.285576870473825,
    48.243370714594846,
    48.65778245377824,
    50.06499149224196,
    51.64408155140788,
    49.76010397195485,
    48.32187670016649,
    46.895569406124935,
    45.51650888184327,
    45.70986754659792,
    46.897480853428966,
    46.91343165045655,
    46.15416044868161,
    46.190243829456584,
    44.89416124647127,
    43.800917200312924,
    40.335960647235254,
    41.19283326280523,
    40.50295005831343,
    41.073034383304645,
    39.91373984795994,
    39.234909633544234,
    37.68829130904612,
    37.91275662717137,
    37.62032531152356,
    37.04306192447282,
    37.029199905176306,
    36.66207516641062,
    37.582495964510336,
    36.17362924313052,
    36.70376559516459,
    35.77911877885103,
    36.575392868379424,
    37.162988512287235,
    35.15016613401077,
    34.78768104743863,
    33.444517760497725,
    33.32207901771737,
    34.08446590368474,
    34.306517590312346,
    33.13670584400655,
    35.379886906745966,
    34.07005556912993,
    34.09187654500259,
    33.8556309502115,
    34.61435815928834,
    33.21667680552859,
    32.27285947074311,
    31.44985078965534,
    29.60436134324871,
    29.529272540621488,
    30.793267266147627,
    32.034188483464995,
    30.146166263168688,
    30.422689497599656,
    31.647649359755363,
    32.053040612869246,
    31.806676444379747,
    32.18495746800418,
    30.96735424385811,
    28.88821784727725,
    29.480592991238325,
    29.313629734451588,
    29.801331442761956,
    30.418356023646275,
    27.92566668175919,
    28.685102262922648,
    29.446676407129484,
    30.47673581495765,
    30.091484093425084,
    30.195506507584454,
    28.67827039958623,
    28.947662887002654,
    29.10712451228051,
    29.771318336153193,
    30.06133460061792
  ],
  "actions": [],
  "observations": [
    1,
    1,
    1,
    1,
    1,
    1,
    1,
    1,
    1,
    1,
    1,
    1,
    1,
    1,
    1,
    1,
    1,
    1,
    1,
    1,
    1,
    1,
    1,
    1,
    1,
    1,
    1,
    1,
    1,
    2,
    2,
    2,
    2,
    2,
    2,
    2,
    2,
    2,
    2,
    2,
    2,
    2,
    2,
    2,
    2,
    2,
    2,
    2,
    2,
    2,
    2,
    2,
    2,
    2,
    2,
    2,
    2,
    2,
    2,
    2,
    2,
    2,
    1,
    1,
    1,
    1,
    1,
    2,
    1,
    1,
    1,
    1,
    1,
    1,
    1,
    1,
    1,
    1,
    1,
    1,
    1,
    1,
    1,
    1,
    1,
    1,
    1,
    1,
    1,
    1,
    1,
    1,
    1,
    1,
    1,
    1,
    1,
    0,
    1,
    0,
    0,
    0,
    1,
    0,
    1,
    1,
    0,
    0,
    0,
    0,
    0,
    0,
    0,
    1,
    1,
    1,
    1,
    1,
    1,
    1,
    1,
    1,
    1,
    1,
    1,
    1,
    1,
    1,
    1,
    1,
    1,
    1,
    1,
    1,
    1,
    1,
    1,
    1,
    1,
    0,
    0,
    0,
    0,
    0,
    0,
    0,
    0,
    0,
    0,
    0,
    0,
    0,
    0,
    0,
    0,
    0,
    0,
    0,
    0,
    0,
    0,
    0,
    0,
    0,
    0,
    0,
    0,
    0,
    0,
    0,
    0,
    0,
    0,
    0,
    0,
    0,
    0,
    0,
    0,
    0,
    0,
    0,
    0,
    0,
    0,
    0,
    0,
    0,
    0,
    0,
    0,
    0,
    0,
    0,
    0,
    0,
    0,
    0,
    0,
    0
  ],