{
  "timesteps": [
    0,
    1,
    2,
    3,
    4,
    5,
    6,
    7,
    8,
    9,
    10,
    11,
    12,
    13,
    14,
    15,
    16,
    17,
    18,
    19,
    20,
    21,
    22,
    23,
    24,
    25,
    26,
    27,
    28,
    29,
    30,
    31,
    32,
    33,
    34,
    35,
    36,
    37,
    38,
    39,
    40,
    41,
    42,
    43,
    44,
    45,
    46,
    47,
    48,
    49,
    50,
    51,
    52,
    53,
    54,
    55,
    56,
    57,
    58,
    59,
    60,
    61,
    62,
    63,
    64,
    65,
    66,
    67,
    68,
    69,
    70,
    71,
    72,
    73,
    74,
    75,
    76,
    77,
    78,
    79,
    80,
    81,
    82,
    83,
    84,
    85,
    86,
    87,
    88,
    89,
    90,
    91,
    92,
    93,
    94,
    95,
    96,
    97,
    98,
    99,
    100,
    101,
    102,
    103,
    104,
    105,
    106,
    107,
    108,
    109,
    110,
    111,
    112,
    113,
    114,
    115,
    116,
    117,
    118,
    119,
    120,
    121,
    122,
    123,
    124,
    125,
    126,
    127,
    128,
    129,
    130,
    131,
    132,
    133,
    134,
    135,
    136,
    137,
    138,
    139,
    140,
    141,
    142,
    143,
    144,
    145,
    146,
    147,
    148,
    149,
    150,
    151,
    152,
    153,
    154,
    155,
    156,
    157,
    158,
    159,
    160,
    161,
    162,
    163,
    164,
    165,
    166,
    167,
    168,
    169,
    170,
    171,
    172,
    173,
    174,
    175,
    176,
    177,
    178,
    179,
    180,
    181,
    182,
    183,
    184,
    185,
    186,
    187,
    188,
    189,
    190,
    191,
    192,
    193,
    194,
    195,
    196,
    197,
    198,
    199
  ],
  "states": [
    50.0,
    51.2607404952137,
    51.56257699145376,
    50.34224789423818,
    51.673629174907035,
    50.501558756182305,
    49.93047036785036,
    47.8084488606453,
    45.15645713927868,
    45.450420178611516,
    46.284147964756336,
    45.78437596212414,
    44.63168736055885,
    43.176297297044215,
    43.30335722576823,
    44.54161655447459,
    46.73790512312322,
    46.205509156068764,
    47.089279718781924,
    47.0556741676255,
    46.15645197993933,
    46.26382026815003,
    45.26474449864011,
    44.316327229714766,
    45.35267260326525,
    44.8182928990557,
    43.90774053465419,
    44.14094366357317,
    43.5725636737851,
    42.574685916306194,
    43.2405642698457,
    44.30794498916876,
    43.747143814792835,
    43.41245385884034,
    45.85178582900217,
    46.49972470567523,
    47.66892997021037,
    47.080998502216296,
    46.954198281649646,
    46.81655958099853,
    48.57385610191135,
    48.33757081125422,
    50.803039502424795,
    51.30017540321591,
    52.11161772197782,
    52.10333720397032,
    52.01344200974627,
    52.091010168677,
    52.41320046242466,
    53.16590718438687,
    52.62777572735602,
    52.971293756989986,
    54.32536415306948,
    53.56271405170641,
    52.74007595508306,
    53.19292612025969,
    53.554756089265155,
    54.97582340710811,
    53.50527659565241,
    53.53133604221934,
    55.22496799427408,
    54.93284650843936,
    56.11447706350446,
    55.39116005729429,
    55.74486093183861,
    55.07683501184768,
    56.031909944881725,
    56.90492045678266,
    55.33970937406714,
    54.91604413744733,
    53.7181823071194,
    54.4906279556033,
    54.91048603773598,
    55.54844429417415,
    55.41103559236906,
    53.59827816165174,
    53.708166699201044,
    52.01207345027366,
    51.9754133127106,
    51.969427918241664,
    50.57540936647134,
    49.78130538598523,
    47.74630526358112,
    47.93800275976145,
    47.43278691245901,
    47.93179332025282,
    47.36702908420452,
    48.15935232987555,
    48.32393207786102,
    50.264344528345354,
    50.837420871497876,
    50.41890096023991,
    52.4917217721448,
    52.3628753435456,
    51.91114140837253,
    51.46312059495642,
    52.18595485837806,
    52.554378092242764,
    52.43931063825941,
    51.85001196012019,
    51.46677951973975,
    51.607727955088706,
    52.59494139098598,
    52.16370392742237,
    51.81531912435732,
    52.11779921091305,
    53.175723138426946,
    53.96670899910837,
    54.637547218573985,
    54.32137113694304,
    53.11186189800461,
    52.16946330184286,
    53.2564782044507,
    54.37438858033428,
    54.55742898757491,
    53.223354022646646,
    53.347322741580875,
    52.856005141852556,
    52.72393092270187,
    53.75500438053622,
    55.574476634509665,
    56.35037945667456,
    55.40372902300003,
    55.109187379817016,
    55.53710005626081,
    56.81050950864771,
    57.232074083221974,
    56.05865295450734,
    55.36111968023007,
    55.378489217692064,
    54.95005594080988,
    54.150924035664495,
    54.95459969635505,
    54.62662196129526,
    54.87216971078027,
    53.776669888289305,
    53.103227091675535,
    53.717694976773174,
    52.6756639888929,
    51.814549620828515,
    51.40602847570019,
    50.883742364074564,
    50.7678818346119,
    50.046809413027184,
    49.6790419097405,
    50.11544578382618,
    50.002970448885115,
    50.74485345155345,
    50.30320302074387,
    50.52773124721918,
    52.1442694972642,
    50.073249294899334,
    50.00719417540203,
    50.03921200664409,
    50.523132845402856,
    50.07438230257915,
    48.36055397685639,
    46.26459587161633,
    45.95037320303572,
    44.64366884326487,
    43.08161952872017,
    43.551275981804736,
    45.16618534596472,
    44.353488186733856,
    45.67980903503932,
    46.726850365410705,
    44.198301442996424,
    45.157097046757414,
    46.68237635327652,
    45.98916506722653,
    45.50739884287383,
    45.32648709595791,
    45.14682674018054,
    44.06309138170469,
    44.90943440582747,
    45.54765774876955,
    43.34770367180558,
    41.75814918057301,
    42.06720029776163,
    42.612129638445644,
    41.96549527672297,
    41.1574803146516,
    40.828814678075524,
    38.94571192232727,
    38.30812740937919,
    39.52902417308793,
    38.35835440383706,
    39.08290269096252,
    39.19663334112346,
    38.73717248812294,
    38.246181603407365,
    37.812621930558734,
    37.93797046646503,
    38.6013999255724,
    38.44663273332118,
    38.50409823983774,
    39.44066033747701,
    38.477225421198774,
    39.26637376150561,
    38.932309672851055,
    38.33164064547255
  ],
  "actions": [],
  "observations": [
    1,
    1,
    1,
    1,
    1,
    1,
    1,
    1,
    1,
    1,
    1,
    1,
    0,
    0,
    0,
    0,
    1,
    1,
    1,
    1,
    1,
    1,
    1,
    0,
    1,
    0,
    0,
    0,
    0,
    0,
    0,
    0,
    0,
    0,
    1,
    1,
    1,
    1,
    1,
    1,
    1,
    1,
    1,
    1,
    1,
    1,
    1,
    1,
    1,
    1,
    1,
    1,
    1,
    1,
    1,
    1,
    1,
    1,
    1,
    1,
    2,
    1,
    2,
    2,
    2,
    2,
    2,
    2,
    2,
    1,
    1,
    1,
    1,
    2,
    2,
    1,
    1,
    1,
    1,
    1,
    1,
    1,
    1,
    1,
    1,
    1,
    1,
    1,
    1,
    1,
    1,
    1,
    1,
    1,
    1,
    1,
    1,
    1,
    1,
    1,
    1,
    1,
    1,
    1,
    1,
    1,
    1,
    1,
    1,
    1,
    1,
    1,
    1,
    1,
    1,
    1,
    1,
    1,
    1,
    1,
    2,
    2,
    2,
    2,
    2,
    2,
    2,
    2,
    2,
    2,
    1,
    1,
    1,
    1,
    1,
    1,
    1,
    1,
    1,
    1,
    1,
    1,
    1,
    1,
    1,
    1,
    1,
    1,
    1,
    1,
    1,
    1,
    1,
    1,
    1,
    1,
    1,
    1,
    1,
    0,
    0,
    0,
    1,
    0,
    1,
    1,
    0,
    1,
    1,
    1,
    1,
    1,
    1,
    0,
    0,
    1,
    0,
    0,
    0,
    0,
    0,
    0,
    0,
    0,
    0,
    0,
    0,
    0,
    0,
    0,
    0,
    0,
    0,
    0,
    0,
    0,
    0,
    0,
    0,
    0
  ],