{
  "timesteps": [
    0,
    1,
    2,
    3,
    4,
    5,
    6,
    7,
    8,
    9,
    10,
    11,
    12,
    13,
    14,
    15,
    16,
    17,
    18,
    19,
    20,
    21,
    22,
    23,
    24,
    25,
    26,
    27,
    28,
    29,
    30,
    31,
    32,
    33,
    34,
    35,
    36,
    37,
    38,
    39,
    40,
    41,
    42,
    43,
    44,
    45,
    46,
    47,
    48,
    49,
    50,
    51,
    52,
    53,
    54,
    55,
    56,
    57,
    58,
    59,
    60,
    61,
    62,
    63,
    64,
    65,
    66,
    67,
    68,
    69,
    70,
    71,
    72,
    73,
    74,
    75,
    76,
    77,
    78,
    79,
    80,
    81,
    82,
    83,
    84,
    85,
    86,
    87,
    88,
    89,
    90,
    91,
    92,
    93,
    94,
    95,
    96,
    97,
    98,
    99,
    100,
    101,
    102,
    103,
    104,
    105,
    106,
    107,
    108,
    109,
    110,
    111,
    112,
    113,
    114,
    115,
    116,
    117,
    118,
    119,
    120,
    121,
    122,
    123,
    124,
    125,
    126,
    127,
    128,
    129,
    130,
    131,
    132,
    133,
    134,
    135,
    136,
    137,
    138,
    139,
    140,
    141,
    142,
    143,
    144,
    145,
    146,
    147,
    148,
    149,
    150,
    151,
    152,
    153,
    154,
    155,
    156,
    157,
    158,
    159,
    160,
    161,
    162,
    163,
    164,
    165,
    166,
    167,
    168,
    169,
    170,
    171,
    172,
    173,
    174,
    175,
    176,
    177,
    178,
    179,
    180,
    181,
    182,
    183,
    184,
    185,
    186,
    187,
    188,
    189,
    190,
    191,
    192,
    193,
    194,
    195,
    196,
    197,
    198,
    199
  ],
  "states": [
    50.0,
    50.22898160276784,
    50.23903007160661,
    49.39624286858991,
    49.48294899987193,
    49.469708555296435,
    49.3891244685783,
    49.150137175651814,
    48.74767266554915,
    48.96240543373072,
    49.017029765227264,
    49.05846235052096,
    49.090142693864536,
    49.23343751692187,
    49.22190959254358,
    49.22553748540661,
    49.05473051836272,
    48.882716541877016,
    49.07595510212467,
    49.1029638723917,
    49.31449864338533,
    49.29582629300805,
    49.195755585845056,
    49.43266373761227,
    49.45011854386856,
    48.93450015654085,
    48.88354576511809,
    48.69129292158888,
    48.727741589747126,
    49.26323690323892,
    49.74623094846093,
    49.85795106173905,
    49.8477330960842,
    49.960620666114565,
    50.2940941618652,
    49.850889114803785,
    49.63332958695293,
    50.08388686882209,
    50.087636969478304,
    50.15209046382911,
    49.93968520653326,
    49.788884618031155,
    49.75775350727028,
    50.10495965990842,
    50.073350727999255,
    50.12697988107142,
    49.84688779279086,
    50.05615752174895,
    50.22525980738744,
    50.12590404428387,
    50.479023925246224,
    50.449309492953844,
    50.65190583616287,
    50.43577168500115,
    49.96380163693852,
    50.1219898333367,
    50.15296810395925,
    50.187608788394485,
    50.83300012535274,
    51.01658718231037,
    51.01475042575661,
    50.767337939857995,
    50.48407001713777,
    50.47731466116375,
    50.31296128718447,
    50.525676731522346,
    50.7429229813018,
    50.8648179391194,
    50.82997947684662,
    50.25549079122621,
    50.284933003348655,
    50.27538770359737,
    50.6377733184711,
    50.704049176548516,
    50.49556598044406,
    50.27398300661163,
    49.924175623818215,
    49.583277062754156,
    49.33390898488382,
    49.12690639427966,
    49.56853922265924,
    49.33944676590594,
    49.68445811237892,
    50.08187481896475,
    49.524278116079074,
    49.13067134432313,
    49.347559418526835,
    49.34688985949509,
    49.692679772208706,
    50.01685426086216,
    49.63900897002147,
    49.589085104844024,
    49.79918258037279,
    49.240930378672815,
    49.44154389611438,
    49.34121157197351,
    49.442556784427616,
    49.804163447614464,
    49.710064215416025,
    49.961730638652966,
    49.743116088209554,
    49.42774449570842,
    49.27193682205272,
    49.049924045296514,
    48.84279550604132,
    49.39894023106338,
    49.49680968295107,
    49.22563771660202,
    48.94977478999145,
    48.506375771952136,
    48.669310872187616,
    49.16814550332456,
    48.881250514444126,
    49.88375446313704,
    49.397486516134265,
    49.64644456831585,
    49.66321269481433,
    49.71736709907873,
    49.619400778560944,
    49.45900790504367,
    49.807738749960855,
    49.47716522408719,
    49.46258430886783,
    49.177059555077676,
    49.00347238411148,
    48.958179638394775,
    49.02423154148456,
    49.02508582166423,
    49.15132634028443,
    49.582948011731446,
    49.8099144525994,
    49.49301683151933,
    49.63031916510852,
    49.80787925468883,
    50.01523564614879,
    49.934646372823266,
    49.95232878370539,
    49.96261359077494,
    49.36845544967634,
    49.43515547249959,
    49.41649486518561,
    49.711440502637245,
    49.806586256797154,
    49.80373184275672,
    49.457360603043064,
    49.941978851948946,
    49.87891871611033,
    49.73534178409091,
    49.65175451533636,
    49.47148945979097,
    49.41175262798282,
    49.21628016828786,
    49.00707012287556,
    48.69897870070155,
    48.912588012273716,
    48.90237192852233,
    48.95041495693215,
    49.58534605295967,
    49.29976561847001,
    49.12107052120154,
    48.71737816236916,
    48.72073298928532,
    48.396517341431675,
    48.57680086717351,
    48.911811629829295,
    49.04146921178732,
    49.22223201504561,
    49.61052854991704,
    49.34585865597309,
    49.7413491874748,
    49.23118467389489,
    49.62624762830853,
    49.15936610755824,
    48.503971695848044,
    48.40928848885425,
    48.25403897392888,
    48.487195629504086,
    48.54237968198516,
    49.10413581958072,
    48.88609630561404,
    48.96324352672095,
    49.122094134699566,
    48.65502238142206,
    48.89106610198996,
    48.88482509929946,
    48.715253665498004,
    48.37940309520963,
    47.697035180158615,
    47.83785465366596,
    47.69521793294806,
    47.964522684281135,
    48.07008019379086,
    47.76645413382444,
    48.07296282159343,
    48.32119229386513,
    48.067075316867715,
    48.49434332292363,
    48.51811977308379,
    48.45660313466819,
    48.31020830848183,
    48.596283253523005
  ],
  "actions": [],
  "observations": [
    1,
    1,
    1,
    1,
    1,
    1,
    1,
    1,
    1,
    1,
    1,
    1,
    1,
    1,
    1,
    1,
    1,
    1,
    1,
    1,
    1,
    1,
    1,
    1,
    1,
    1,
    1,
    1,
    1,
    1,
    1,
    1,
    1,
    1,
    1,
    1,
    1,
    1,
    1,
    1,
    1,
    1,
    1,
    1,
    1,
    1,
    1,
    1,
    1,
    1,
    1,
    1,
    1,
    1,
    1,
    1,
    1,
    1,
    1,
    1,
    1,
    1,
    1,
    1,
    1,
    1,
    1,
    1,
    1,
    1,
    1,
    1,
    1,
    1,
    1,
    1,
    1,
    1,
    1,
    1,
    1,
    1,
    1,
    1,
    1,
    1,
    1,
    1,
    1,
    1,
    1,
    1,
    1,
    1,
    1,
    1,
    1,
    1,
    1,
    1,
    1,
    1,
    1,
    1,
    1,
    1,
    1,
    1,
    1,
    1,
    1,
    1,
    1,
    1,
    1,
    1,
    1,
    1,
    1,
    1,
    1,
    1,
    1,
    1,
    1,
    1,
    1,
    1,
    1,
    1,
    1,
    1,
    1,
    1,
    1,
    1,
    1,
    1,
    1,
    1,
    1,
    1,
    1,
    1,
    1,
    1,
    1,
    1,
    1,
    1,
    1,
    1,
    1,
    1,
    1,
    1,
    1,
    1,
    1,
    1,
    1,
    1,
    1,
    1,
    1,
    1,
    1,
    1,
    1,
    1,
    1,
    1,
    1,
    1,
    1,
    1,
    1,
    1,
    1,
    1,
    1,
    1,
    1,
    1,
    1,
    1,
    1,
    1,
    1,
    1,
    1,
    1,
    1,
    1,
    1,
    1,
    1,
    1,
    1,
    1
  ],