{
  "timesteps": [
    0,
    1,
    2,
    3,
    4,
    5,
    6,
    7,
    8,
    9,
    10,
    11,
    12,
    13,
    14,
    15,
    16,
    17,
    18,
    19,
    20,
    21,
    22,
    23,
    24,
    25,
    26,
    27,
    28,
    29,
    30,
    31,
    32,
    33,
    34,
    35,
    36,
    37,
    38,
    39,
    40,
    41,
    42,
    43,
    44,
    45,
    46,
    47,
    48,
    49,
    50,
    51,
    52,
    53,
    54,
    55,
    56,
    57,
    58,
    59,
    60,
    61,
    62,
    63,
    64,
    65,
    66,
    67,
    68,
    69,
    70,
    71,
    72,
    73,
    74,
    75,
    76,
    77,
    78,
    79,
    80,
    81,
    82,
    83,
    84,
    85,
    86,
    87,
    88,
    89,
    90,
    91,
    92,
    93,
    94,
    95,
    96,
    97,
    98,
    99,
    100,
    101,
    102,
    103,
    104,
    105,
    106,
    107,
    108,
    109,
    110,
    111,
    112,
    113,
    114,
    115,
    116,
    117,
    118,
    119,
    120,
    121,
    122,
    123,
    124,
    125,
    126,
    127,
    128,
    129,
    130,
    131,
    132,
    133,
    134,
    135,
    136,
    137,
    138,
    139,
    140,
    141,
    142,
    143,
    144,
    145,
    146,
    147,
    148,
    149,
    150,
    151,
    152,
    153,
    154,
    155,
    156,
    157,
    158,
    159,
    160,
    161,
    162,
    163,
    164,
    165,
    166,
    167,
    168,
    169,
    170,
    171,
    172,
    173,
    174,
    175,
    176,
    177,
    178,
    179,
    180,
    181,
    182,
    183,
    184,
    185,
    186,
    187,
    188,
    189,
    190,
    191,
    192,
    193,
    194,
    195,
    196,
    197,
    198,
    199
  ],
  "states": [
    50.0,
    51.27305937094705,
    51.25747293747542,
    50.594943959997835,
    51.05508606092308,
    50.84543985305107,
    51.423246853444425,
    50.99809003049609,
    51.19167183204601,
    51.533786553452046,
    50.658056408753765,
    50.91890609224383,
    49.99914407448091,
    51.584736171638426,
    51.938724148538874,
    52.10629484761793,
    51.26458764057594,
    50.9273883909863,
    49.79365670393346,
    50.2703999499033,
    51.158597340427754,
    51.27280802240389,
    51.92578845280921,
    52.68082664846857,
    52.292459827001366,
    52.2534678099554,
    50.53621079675668,
    49.96079379786352,
    49.95969793503628,
    49.728774257107716,
    49.65355329166218,
    48.95013631025614,
    47.99305638286782,
    47.14457655833084,
    46.18265127004386,
    45.19257537634502,
    44.86288136558488,
    45.17318325260672,
    45.23747694588458,
    44.86464175375537,
    45.534759464326825,
    47.26246779193753,
    48.251933769442864,
    47.659215613646275,
    48.54675977974295,
    46.9027643212774,
    47.3301299041318,
    47.3217895642931,
    47.862528365075136,
    48.03042119616739,
    47.61452383793361,
    48.116942605809996,
    48.47242182492426,
    49.160060891771785,
    48.321530823119524,
    48.653713632843214,
    47.139984822233515,
    48.09555318694142,
    48.06009533960646,
    49.45902916397958,
    48.25653637389353,
    47.02620970846657,
    47.326059498506105,
    46.696993262382776,
    46.843384285478805,
    46.352794316295466,
    45.87696019196711,
    45.47068683577811,
    45.640937772199784,
    44.87822884611616,
    43.02001050130966,
    41.94602704729896,
    41.452279829938036,
    41.36027394855079,
    42.009665716653906,
    42.14969671225278,
    42.37838007201067,
    43.47730924589319,
    43.038841437203686,
    42.52292647344757,
    42.64366981135478,
    42.556271395098825,
    41.49517588017069,
    40.22864399751613,
    39.98756930765189,
    40.15696291606164,
    39.75462765825032,
    39.6810699138315,
    40.27944429334743,
    40.555980235714145,
    39.69329590733657,
    39.85014765056934,
    38.498030091318064,
    38.24397464912104,
    38.19030530155231,
    37.57301460900897,
    37.56314814756981,
    38.08602392184574,
    38.557692691365446,
    38.83702552952979,
    39.57732157303042,
    40.3533618380797,
    40.12865873696497,
    41.04653991522641,
    41.121309628388396,
    41.41341305021737,
    41.12467271847033,
    41.126563037359205,
    41.122602422077435,
    40.46324568442539,
    41.532779530466634,
    41.44180460558977,
    41.607651767087745,
    41.24189334122397,
    40.603866112193316,
    40.29599393815892,
    41.544214895792805,
    41.77885684852514,
    42.1153586847106,
    42.34319401398497,
    42.382363957982086,
    41.5618552084086,
    40.68959346904181,
    42.2003141624964,
    43.467264482981435,
    42.99745152064736,
    43.53629100714859,
    43.813604964853454,
    44.376678748565624,
    44.755465090227126,
    45.07576792442569,
    45.888307815743616,
    46.4000418834717,
    46.19927510731526,
    45.785388924191466,
    45.49781597639631,
    45.529159389551744,
    45.497986088649355,
    45.39624554806386,
    44.01624519574997,
    45.483457867842944,
    43.94320731299568,
    43.77512085836888,
    44.738788516203286,
    43.60920002633783,
    42.410032525708736,
    42.95707900417107,
    42.51424257276253,
    42.77516875054846,
    41.1792206561074,
    41.84647157461521,
    41.58567245501295,
    42.57117438303551,
    42.16806886285285,
    41.91437569893011,
    42.10676762633363,
    41.80444400921556,
    42.76978480731093,
    42.685441231677665,
    42.41706691904539,
    41.515323143111075,
    42.51185881703666,
    44.735287461063116,
    46.192505430242385,
    45.91157949863994,
    46.36225394270153,
    47.06300956849745,
    46.789337500858366,
    47.34070801528983,
    46.316769653841966,
    46.68648231405611,
    45.52734255716568,
    46.194009736189145,
    46.703464607453604,
    46.698912976313,
    46.39931741123829,
    45.32929154943177,
    45.62116998201477,
    46.54591769812544,
    46.442868269604574,
    46.8501467213346,
    48.01396937433254,
    47.14791766012235,
    47.62644011621372,
    47.81869488219743,
    47.336790669361186,
    46.59707736082717,
    47.5408998812847,
    46.795096554120605,
    46.27389376190507,
    46.59144372687213,
    45.98867425891744,
    45.85262295389777,
    46.4244451812525,
    47.19382904673612,
    46.24316983152199,
    46.62525119103428,
    46.02117317547579,
    47.44382054925492,
    46.706856578731845,
    47.43628491615543
  ],
  "actions": [],
  "observations": [
    1,
    1,
    1,
    1,
    1,
    1,
    1,
    1,
    1,
    1,
    1,
    1,
    1,
    1,
    1,
    1,
    1,
    1,
    1,
    1,
    1,
    1,
    1,
    1,
    1,
    1,
    1,
    1,
    1,
    1,
    1,
    1,
    1,
    1,
    1,
    1,
    0,
    1,
    1,
    0,
    1,
    1,
    1,
    1,
    1,
    1,
    1,
    1,
    1,
    1,
    1,
    1,
    1,
    1,
    1,
    1,
    1,
    1,
    1,
    1,
    1,
    1,
    1,
    1,
    1,
    1,
    1,
    1,
    1,
    0,
    0,
    0,
    0,
    0,
    0,
    0,
    0,
    0,
    0,
    0,
    0,
    0,
    0,
    0,
    0,
    0,
    0,
    0,
    0,
    0,
    0,
    0,
    0,
    0,
    0,
    0,
    0,
    0,
    0,
    0,
    0,
    0,
    0,
    0,
    0,
    0,
    0,
    0,
    0,
    0,
    0,
    0,
    0,
    0,
    0,
    0,
    0,
    0,
    0,
    0,
    0,
    0,
    0,
    0,
    0,
    0,
    0,
    0,
    0,
    0,
    1,
    1,
    1,
    1,
    1,
    1,
    1,
    1,
    1,
    0,
    1,
    0,
    0,
    0,
    0,
    0,
    0,
    0,
    0,
    0,
    0,
    0,
    0,
    0,
    0,
    0,
    0,
    0,
    0,
    0,
    0,
    0,
    0,
    1,
    1,
    1,
    1,
    1,
    1,
    1,
    1,
    1,
    1,
    1,
    1,
    1,
    1,
    1,
    1,
    1,
    1,
    1,
    1,
    1,
    1,
    1,
    1,
    1,
    1,
    1,
    1,
    1,
    1,
    1,
    1,
    1,
    1,
    1,
    1,
    1
  ],