{
  "timesteps": [
    0,
    1,
    2,
    3,
    4,
    5,
    6,
    7,
    8,
    9,
    10,
    11,
    12,
    13,
    14,
    15,
    16,
    17,
    18,
    19,
    20,
    21,
    22,
    23,
    24,
    25,
    26,
    27,
    28,
    29,
    30,
    31,
    32,
    33,
    34,
    35,
    36,
    37,
    38,
    39,
    40,
    41,
    42,
    43,
    44,
    45,
    46,
    47,
    48,
    49,
    50,
    51,
    52,
    53,
    54,
    55,
    56,
    57,
    58,
    59,
    60,
    61,
    62,
    63,
    64,
    65,
    66,
    67,
    68,
    69,
    70,
    71,
    72,
    73,
    74,
    75,
    76,
    77,
    78,
    79,
    80,
    81,
    82,
    83,
    84,
    85,
    86,
    87,
    88,
    89,
    90,
    91,
    92,
    93,
    94,
    95,
    96,
    97,
    98,
    99,
    100,
    101,
    102,
    103,
    104,
    105,
    106,
    107,
    108,
    109,
    110,
    111,
    112,
    113,
    114,
    115,
    116,
    117,
    118,
    119,
    120,
    121,
    122,
    123,
    124,
    125,
    126,
    127,
    128,
    129,
    130,
    131,
    132,
    133,
    134,
    135,
    136,
    137,
    138,
    139,
    140,
    141,
    142,
    143,
    144,
    145,
    146,
    147,
    148,
    149,
    150,
    151,
    152,
    153,
    154,
    155,
    156,
    157,
    158,
    159,
    160,
    161,
    162,
    163,
    164,
    165,
    166,
    167,
    168,
    169,
    170,
    171,
    172,
    173,
    174,
    175,
    176,
    177,
    178,
    179,
    180,
    181,
    182,
    183,
    184,
    185,
    186,
    187,
    188,
    189,
    190,
    191,
    192,
    193,
    194,
    195,
    196,
    197,
    198,
    199
  ],
  "states": [
    50.0,
    50.11124049236749,
    51.442547530772046,
    51.140689990413804,
    51.39938477776272,
    51.737925399546114,
    50.99427535120728,
    51.06134451719059,
    52.3682551240531,
    52.128316774232495,
    52.37499952465836,
    52.256674456790826,
    52.3256328902834,
    53.765117781445895,
    52.2642583607949,
    53.086536016239016,
    52.663761347622504,
    52.67128193261707,
    53.17180107555629,
    54.41996543580628,
    53.96684424258935,
    53.22604272036342,
    53.48697482479499,
    54.231551399514586,
    54.02548775803759,
    54.38265445458541,
    54.88849280316593,
    54.90994336625655,
    55.03584562062933,
    53.40291629030552,
    54.22093169564807,
    54.28197690507678,
    54.728686028432335,
    54.81916461848412,
    54.302121532897004,
    54.381201603033695,
    53.918458661669405,
    54.72750037737921,
    56.23902794397828,
    56.32749956063529,
    55.0570221768978,
    53.511915407947896,
    54.05238050690719,
    53.77414394226827,
    53.788372431816484,
    53.18716954461537,
    53.62991647848936,
    53.29877055008342,
    52.16636517395322,
    52.9646790832424,
    53.7169128602736,
    54.193472497418234,
    53.715125249463306,
    53.65169713850449,
    53.64290108498748,
    53.711463386079714,
    53.675757790752236,
    53.843182809915284,
    53.11141069684445,
    52.47745231077397,
    52.3632148275015,
    51.77227185725205,
    52.375114561252616,
    51.92032370914966,
    52.09672197975533,
    52.29324346841059,
    52.7354131308009,
    52.69984722650297,
    52.87034741095471,
    52.786135939529885,
    51.55258140504271,
    51.57420288067968,
    51.06389131067055,
    51.28720441286227,
    51.6017975121045,
    53.37654441981225,
    52.36447989052628,
    52.57554700931619,
    53.86509068565024,
    54.25703521197661,
    54.1308164223556,
    53.92957574836217,
    54.611061931891534,
    55.455423884918524,
    54.32914035576385,
    54.11341309461047,
    54.753318234880865,
    54.69820205308629,
    54.61472862975828,
    53.99982359850678,
    53.996973343914895,
    55.33630364564261,
    55.35708231517164,
    54.61827814483577,
    53.17606481579017,
    53.48017033697194,
    52.17658667440817,
    51.42280506667122,
    52.02846708964622,
    52.39654284646979,
    53.024484046543996,
    52.40801241559368,
    52.991244396849055,
    52.990779474489166,
    54.42486078680899,
    54.48858301863066,
    53.385446347383485,
    53.62773700933872,
    53.73192965613052,
    53.02757146417943,
    53.0488111581655,
    52.593246745596254,
    53.49152526855069,
    53.494004765961954,
    54.48020798981015,
    53.7113019543046,
    53.44324545754483,
    52.54954132058,
    52.09700908224544,
    52.41396974932114,
    52.0770858912092,
    51.762933443109866,
    52.050855457386184,
    51.37177605070628,
    50.75690916295133,
    50.60300514281224,
    50.259073977611074,
    49.83710643326159,
    50.25177868733892,
    49.95768187423007,
    50.662708103645166,
    50.565880491316506,
    50.615776575485654,
    50.84885324561292,
    51.674102327731774,
    51.529125251100936,
    51.40047281184628,
    52.949361352341995,
    52.71968793491863,
    52.14780903956696,
    51.41970049818,
    52.61793273780971,
    52.212945261011214,
    51.804874599200154,
    51.648943805914065,
    51.70226548403717,
    52.05026579346215,
    52.69087583534122,
    52.6923490940567,
    53.5570389071646,
    51.82901739016396,
    51.19280555349163,
    51.23010278211557,
    51.1439463785207,
    50.62308005314969,
    50.446151617375754,
    50.21904810872341,
    49.495257172415265,
    47.5215693493746,
    48.255951633038734,
    48.71943678900078,
    48.35497753920467,
    48.59155705620853,
    49.196951846393326,
    48.75824904776023,
    48.490522226919786,
    49.08282619155545,
    49.93971645721283,
    50.17080839334511,
    50.50829701399817,
    50.88888160900449,
    49.77233386304424,
    50.32104414529014,
    49.44381168352109,
    49.43176683335702,
    49.21559093552513,
    48.477943657587495,
    49.234143169608934,
    48.62664726992825,
    48.9399414034196,
    48.94123606988924,
    48.36876178866196,
    48.49297919140691,
    48.06833560620743,
    47.17514842126645,
    46.17965856092891,
    46.61315613480309,
    47.700543336023294,
    47.8552670989237,
    48.16713875882329,
    48.56457535978096,
    47.3638418923394,
    47.81012678905217,
    47.532486552762116,
    47.744461765794945,
    46.7758151716041,
    46.67127051204804,
    47.97220078428532,
    47.81231993303383,
    47.73879062845155,
    47.70372515840805
  ],
  "actions": [],
  "observations": [
    1,
    1,
    1,
    1,
    1,
    1,
    1,
    1,
    1,
    1,
    1,
    1,
    1,
    1,
    1,
    1,
    1,
    1,
    1,
    1,
    1,
    1,
    1,
    1,
    1,
    1,
    1,
    1,
    2,
    1,
    1,
    1,
    1,
    1,
    1,
    1,
    1,
    1,
    2,
    2,
    2,
    1,
    1,
    1,
    1,
    1,
    1,
    1,
    1,
    1,
    1,
    1,
    1,
    1,
    1,
    1,
    1,
    1,
    1,
    1,
    1,
    1,
    1,
    1,
    1,
    1,
    1,
    1,
    1,
    1,
    1,
    1,
    1,
    1,
    1,
    1,
    1,
    1,
    1,
    1,
    1,
    1,
    1,
    2,
    1,
    1,
    1,
    1,
    1,
    1,
    1,
    2,
    2,
    1,
    1,
    1,
    1,
    1,
    1,
    1,
    1,
    1,
    1,
    1,
    1,
    1,
    1,
    1,
    1,
    1,
    1,
    1,
    1,
    1,
    1,
    1,
    1,
    1,
    1,
    1,
    1,
    1,
    1,
    1,
    1,
    1,
    1,
    1,
    1,
    1,
    1,
    1,
    1,
    1,
    1,
    1,
    1,
    1,
    1,
    1,
    1,
    1,
    1,
    1,
    1,
    1,
    1,
    1,
    1,
    1,
    1,
    1,
    1,
    1,
    1,
    1,
    1,
    1,
    1,
    1,
    1,
    1,
    1,
    1,
    1,
    1,
    1,
    1,
    1,
    1,
    1,
    1,
    1,
    1,
    1,
    1,
    1,
    1,
    1,
    1,
    1,
    1,
    1,
    1,
    1,
    1,
    1,
    1,
    1,
    1,
    1,
    1,
    1,
    1,
    1,
    1,
    1,
    1,
    1,
    1
  ],