{
  "timesteps": [
    0,
    1,
    2,
    3,
    4,
    5,
    6,
    7,
    8,
    9,
    10,
    11,
    12,
    13,
    14,
    15,
    16,
    17,
    18,
    19,
    20,
    21,
    22,
    23,
    24,
    25,
    26,
    27,
    28,
    29,
    30,
    31,
    32,
    33,
    34,
    35,
    36,
    37,
    38,
    39,
    40,
    41,
    42,
    43,
    44,
    45,
    46,
    47,
    48,
    49,
    50,
    51,
    52,
    53,
    54,
    55,
    56,
    57,
    58,
    59,
    60,
    61,
    62,
    63,
    64,
    65,
    66,
    67,
    68,
    69,
    70,
    71,
    72,
    73,
    74,
    75,
    76,
    77,
    78,
    79,
    80,
    81,
    82,
    83,
    84,
    85,
    86,
    87,
    88,
    89,
    90,
    91,
    92,
    93,
    94,
    95,
    96,
    97,
    98,
    99,
    100,
    101,
    102,
    103,
    104,
    105,
    106,
    107,
    108,
    109,
    110,
    111,
    112,
    113,
    114,
    115,
    116,
    117,
    118,
    119,
    120,
    121,
    122,
    123,
    124,
    125,
    126,
    127,
    128,
    129,
    130,
    131,
    132,
    133,
    134,
    135,
    136,
    137,
    138,
    139,
    140,
    141,
    142,
    143,
    144,
    145,
    146,
    147,
    148,
    149,
    150,
    151,
    152,
    153,
    154,
    155,
    156,
    157,
    158,
    159,
    160,
    161,
    162,
    163,
    164,
    165,
    166,
    167,
    168,
    169,
    170,
    171,
    172,
    173,
    174,
    175,
    176,
    177,
    178,
    179,
    180,
    181,
    182,
    183,
    184,
    185,
    186,
    187,
    188,
    189,
    190,
    191,
    192,
    193,
    194,
    195,
    196,
    197,
    198,
    199
  ],
  "states": [
    50.0,
    49.19993218391184,
    49.69698880375929,
    52.263408444030674,
    52.938859316805804,
    53.92509302103451,
    53.63518489063162,
    54.14589532536161,
    53.993498057194195,
    54.52643925372063,
    55.43323213013534,
    55.94612502127018,
    56.99520947631653,
    58.48561392846273,
    58.93586671143581,
    58.5503393481015,
    58.749238266493784,
    60.44937203724477,
    59.69330338510215,
    60.18285220879895,
    60.92241772078332,
    59.453872712433494,
    60.17586960422831,
    60.350555972890604,
    61.18937025252641,
    61.71306642433463,
    61.41062182947525,
    61.67504161198438,
    60.92774657844631,
    60.15628331886128,
    61.69178806025924,
    61.33370472179608,
    62.07603720099039,
    62.19574536880729,
    61.91761342984352,
    61.43013469010692,
    62.696729784648454,
    62.705286871968674,
    62.342636675006084,
    62.060061061916734,
    62.71556621196702,
    62.829122916155136,
    63.67549173414173,
    63.917247391069104,
    64.16895430137006,
    65.2877467817699,
    65.9829050584723,
    65.10432373587152,
    64.34867985391382,
    64.42624653379382,
    65.10947700397499,
    64.17262113420963,
    64.32489773834025,
    63.80215809024179,
    64.62782886420908,
    65.61306986283472,
    66.21883406120817,
    67.47568282272842,
    67.6446909858855,
    66.79682438132696,
    65.77687635947778,
    64.3943297745911,
    64.19384642533191,
    64.98381558651711,
    64.20069876216081,
    64.61920120881199,
    64.71494276335677,
    63.92507995143997,
    64.97743304018746,
    64.79128979748724,
    64.52717909159999,
    64.84343785183796,
    64.23036264129202,
    64.62133902005829,
    66.107138398732,
    65.05138634354238,
    65.61383858660234,
    64.97433099794141,
    65.75598204881948,
    66.917849644837,
    66.68084491302405,
    66.48605431732705,
    66.69843791793431,
    67.08312785414269,
    66.4314055492523,
    66.86383711718861,
    66.95941182055198,
    66.81976588169975,
    65.8667946551117,
    65.06420633325371,
    65.24874878314786,
    65.09831361668114,
    64.90995416439259,
    64.07353863898852,
    65.05574578966561,
    65.905708499956,
    65.95682185839591,
    66.56505584856487,
    67.13607123746714,
    67.32679621645379,
    68.26062711966786,
    67.89310617147453,
    66.6317873965233,
    67.41159271753965,
    67.33504666311585,
    68.73836876840487,
    67.49516267364832,
    68.77930613483902,
    68.50457244213668,
    68.62477735768441,
    69.83573003329066,
    69.0364246012583,
    68.70996003274549,
    68.15758213725562,
    67.58045022948994,
    67.18885134372245,
    66.2375385665926,
    65.0607371501956,
    65.56126421457184,
    64.48442568417812,
    64.40168797117954,
    65.08285526336383,
    65.95595902772965,
    65.71512934571341,
    66.38913677336481,
    67.166815412121,
    66.76956976737728,
    66.55837238063181,
    66.57016327417729,
    67.3014626143861,
    66.95730763249827,
    67.0448962338828,
    66.88074381324307,
    66.78821469128464,
    68.02288164029207,
    67.14151577310413,
    67.1048663148849,
    66.69502091258722,
    66.18857828751008,
    66.12778684379039,
    65.81063153984913,
    66.15365320892258,
    66.4641969099203,
    66.47085030916435,
    65.55813514893345,
    65.30122551477213,
    65.5340514401303,
    65.33275083526665,
    65.78072255731509,
    66.32079524731411,
    66.42260052344554,
    66.68897604766427,
    66.4779133478232,
    66.40844435853843,
    65.3511027963194,
    64.59146623143236,
    64.15422813245323,
    64.77219903543775,
    64.65844248214994,
    63.94496213811493,
    64.06023526193874,
    63.46388604165235,
    63.47594653827915,
    63.751579649583405,
    64.32805073441112,
    64.58535736784566,
    65.2710926707344,
    64.88682061020953,
    65.63072074931078,
    66.17096195990818,
    67.46351152538261,
    67.74155058179758,
    67.41290962722081,
    67.46921472229825,
    68.34736009672541,
    68.08451789426526,
    68.26590779152045,
    66.91462691926682,
    66.99380310886039,
    67.02243780557357,
    67.74463875919936,
    66.5081451930645,
    66.48705850005477,
    66.82950358556943,
    67.93865789895567,
    67.43747839740688,
    67.19551950931967,
    67.55329735422269,
    65.99076919405556,
    63.94148794860587,
    64.41657719859236,
    63.97591659902088,
    63.63836865507716,
    64.09232325827502,
    64.54542969906399,
    64.290163176995,
    63.526490733986755,
    64.09803705751045,
    63.788014839952,
    63.50684680676946,
    63.2670940367767
  ],
  "actions": [],
  "observations": [
    1,
    1,
    1,
    1,
    1,
    1,
    1,
    1,
    1,
    1,
    2,
    2,
    2,
    2,
    2,
    2,
    2,
    2,
    2,
    2,
    2,
    2,
    2,
    2,
    2,
    2,
    2,
    2,
    2,
    2,
    2,
    2,
    2,
    2,
    2,
    2,
    2,
    2,
    2,
    2,
    2,
    2,
    2,
    2,
    2,
    2,
    2,
    2,
    2,
    2,
    2,
    2,
    2,
    2,
    2,
    2,
    2,
    2,
    2,
    2,
    2,
    2,
    2,
    2,
    2,
    2,
    2,
    2,
    2,
    2,
    2,
    2,
    2,
    2,
    2,
    2,
    2,
    2,
    2,
    2,
    2,
    2,
    2,
    2,
    2,
    2,
    2,
    2,
    2,
    2,
    2,
    2,
    2,
    2,
    2,
    2,
    2,
    2,
    2,
    2,
    2,
    2,
    2,
    2,
    2,
    2,
    2,
    2,
    2,
    2,
    2,
    2,
    2,
    2,
    2,
    2,
    2,
    2,
    2,
    2,
    2,
    2,
    2,
    2,
    2,
    2,
    2,
    2,
    2,
    2,
    2,
    2,
    2,
    2,
    2,
    2,
    2,
    2,
    2,
    2,
    2,
    2,
    2,
    2,
    2,
    2,
    2,
    2,
    2,
    2,
    2,
    2,
    2,
    2,
    2,
    2,
    2,
    2,
    2,
    2,
    2,
    2,
    2,
    2,
    2,
    2,
    2,
    2,
    2,
    2,
    2,
    2,
    2,
    2,
    2,
    2,
    2,
    2,
    2,
    2,
    2,
    2,
    2,
    2,
    2,
    2,
    2,
    2,
    2,
    2,
    2,
    2,
    2,
    2,
    2,
    2,
    2,
    2,
    2,
    2
  ],