{
  "timesteps": [
    0,
    1,
    2,
    3,
    4,
    5,
    6,
    7,
    8,
    9,
    10,
    11,
    12,
    13,
    14,
    15,
    16,
    17,
    18,
    19,
    20,
    21,
    22,
    23,
    24,
    25,
    26,
    27,
    28,
    29,
    30,
    31,
    32,
    33,
    34,
    35,
    36,
    37,
    38,
    39,
    40,
    41,
    42,
    43,
    44,
    45,
    46,
    47,
    48,
    49,
    50,
    51,
    52,
    53,
    54,
    55,
    56,
    57,
    58,
    59,
    60,
    61,
    62,
    63,
    64,
    65,
    66,
    67,
    68,
    69,
    70,
    71,
    72,
    73,
    74,
    75,
    76,
    77,
    78,
    79,
    80,
    81,
    82,
    83,
    84,
    85,
    86,
    87,
    88,
    89,
    90,
    91,
    92,
    93,
    94,
    95,
    96,
    97,
    98,
    99,
    100,
    101,
    102,
    103,
    104,
    105,
    106,
    107,
    108,
    109,
    110,
    111,
    112,
    113,
    114,
    115,
    116,
    117,
    118,
    119,
    120,
    121,
    122,
    123,
    124,
    125,
    126,
    127,
    128,
    129,
    130,
    131,
    132,
    133,
    134,
    135,
    136,
    137,
    138,
    139,
    140,
    141,
    142,
    143,
    144,
    145,
    146,
    147,
    148,
    149,
    150,
    151,
    152,
    153,
    154,
    155,
    156,
    157,
    158,
    159,
    160,
    161,
    162,
    163,
    164,
    165,
    166,
    167,
    168,
    169,
    170,
    171,
    172,
    173,
    174,
    175,
    176,
    177,
    178,
    179,
    180,
    181,
    182,
    183,
    184,
    185,
    186,
    187,
    188,
    189,
    190,
    191,
    192,
    193,
    194,
    195,
    196,
    197,
    198,
    199
  ],
  "states": [
    50.0,
    50.51256284939778,
    49.87904837503078,
    49.358317295631664,
    49.270400775926326,
    49.489053299526205,
    49.21510758324522,
    48.95367303330025,
    48.90690626337384,
    47.912413754975994,
    47.76535829078627,
    46.75365759436417,
    45.98837936108634,
    46.39817553326525,
    46.7173589357362,
    46.225786851269056,
    45.934668050378065,
    44.66109788609549,
    44.467989834181985,
    44.346767867595794,
    44.133567741923216,
    43.87323094981404,
    43.71401564685813,
    43.74236092283769,
    43.24409731995824,
    42.42069990722907,
    41.598352811787976,
    40.60302036975872,
    40.913823982739956,
    41.10609506317482,
    40.60701380610022,
    39.9001764849214,
    40.33251048608379,
    39.40976071108006,
    40.3323996805233,
    39.71369593868148,
    39.36874894632583,
    38.817331625709826,
    39.02656744097984,
    39.328603685937125,
    38.384309335257456,
    38.53512774826928,
    39.49681783457018,
    38.726769454044955,
    38.90629843954443,
    38.94787423877794,
    39.36008248176225,
    38.38794231746817,
    37.310004511153686,
    36.79932954322028,
    36.447221106454975,
    35.916403139505285,
    36.398573524288246,
    36.29286408914045,
    36.35307145125622,
    37.20948211163695,
    38.49602657234597,
    38.95161627652494,
    39.365623022646254,
    39.583940760217004,
    39.46547355575193,
    38.430142205035665,
    38.34635121145595,
    37.780175855679666,
    37.13615173223444,
    36.88195824650389,
    37.6607835468811,
    36.11912601736792,
    36.658196144182824,
    36.930121822824916,
    36.85839852919681,
    36.765380357208066,
    36.223347933617916,
    35.706132484576784,
    35.27134583494371,
    36.15072162286603,
    34.78758461984909,
    34.078415353664745,
    33.0386685361507,
    32.940347756482886,
    31.83976484240037,
    31.740950819284866,
    31.384621029212532,
    31.57425068468319,
    31.732881957858712,
    32.19834295468797,
    31.926758020161422,
    31.04576410032229,
    32.03063298147747,
    31.432987330050782,
    31.312370648260774,
    32.36763906096509,
    31.860151639586007,
    32.24922388565929,
    32.24588662848088,
    32.52533738403972,
    33.31009812958134,
    34.38345471156532,
    34.48609499838817,
    35.84735204893319,
    35.50539681630905,
    36.40384811923851,
    36.72112563503037,
    36.807774537252286,
    36.090787349502094,
    36.30999286086594,
    35.818930475779275,
    36.47447115806542,
    36.469137898782535,
    36.76968369067301,
    35.78826091801411,
    34.88920395183872,
    34.55123034210421,
    35.571091049090406,
    35.652927173298416,
    36.077001438048214,
    36.92090555724357,
    36.48510414035224,
    35.14896713249754,
    34.91384027669496,
    35.512408095982025,
    36.72332079423623,
    38.64309130013166,
    38.68179916234568,
    38.18384651908135,
    38.18469361555253,
    38.86885172617122,
    38.29609766862977,
    38.590334994500864,
    39.148147753008416,
    38.691695048876426,
    37.77778846429244,
    39.226653679587045,
    39.52217108884741,
    39.73326251223788,
    40.15107391736943,
    39.93369495243878,
    40.047549200386314,
    41.216527601181454,
    41.135607033101216,
    41.30519789459867,
    41.99591461510186,
    40.78965704947551,
    41.74138109405019,
    42.4649761522678,
    42.27637582942142,
    43.03517898344292,
    43.60770547707486,
    43.91449019914383,
    44.09956556276479,
    43.78279863890097,
    43.616225114671195,
    42.880440320205366,
    43.0846993102081,
    43.05757300703792,
    42.60027451445525,
    44.419042601535445,
    44.35479460085408,
    45.043746440253244,
    44.79458899846599,
    46.01760103521584,
    45.81172711580361,
    44.94422435160387,
    44.79596659022443,
    46.028753285824536,
    46.0380206753447,
    46.0409004611041,
    45.29420982121799,
    44.600225507776734,
    43.38639749134892,
    43.2853405229013,
    42.07986017145226,
    40.76238266594282,
    40.929115678200276,
    40.16099072599988,
    40.65863438404976,
    41.16219209363771,
    40.5086702522117,
    41.141777776640986,
    41.80321114083801,
    42.487416407760506,
    44.21169817327013,
    44.05402703305002,
    43.50710642150153,
    43.2747429704531,
    42.67544938422449,
    43.26569094368566,
    44.18057881946986,
    43.5054733406822,
    42.71134927412194,
    43.44944697057946,
    43.55496617135215,
    43.155152773782774,
    43.559903947551426,
    42.33923838503201,
    41.64226955807312,
    42.80680716541324,
    42.67104817189105,
    41.873151612303495,
    41.22310680509209,
    39.253525466087744
  ],
  "actions": [],
  "observations": [
    1,
    1,
    1,
    1,
    1,
    1,
    1,
    1,
    1,
    1,
    1,
    1,
    1,
    1,
    1,
    1,
    1,
    0,
    0,
    0,
    0,
    0,
    0,
    0,
    0,
    0,
    0,
    0,
    0,
    0,
    0,
    0,
    0,
    0,
    0,
    0,
    0,
    0,
    0,
    0,
    0,
    0,
    0,
    0,
    0,
    0,
    0,
    0,
    0,
    0,
    0,
    0,
    0,
    0,
    0,
    0,
    0,
    0,
    0,
    0,
    0,
    0,
    0,
    0,
    0,
    0,
    0,
    0,
    0,
    0,
    0,
    0,
    0,
    0,
    0,
    0,
    0,
    0,
    0,
    0,
    0,
    0,
    0,
    0,
    0,
    0,
    0,
    0,
    0,
    0,
    0,
    0,
    0,
    0,
    0,
    0,
    0,
    0,
    0,
    0,
    0,
    0,
    0,
    0,
    0,
    0,
    0,
    0,
    0,
    0,
    0,
    0,
    0,
    0,
    0,
    0,
    0,
    0,
    0,
    0,
    0,
    0,
    0,
    0,
    0,
    0,
    0,
    0,
    0,
    0,
    0,
    0,
    0,
    0,
    0,
    0,
    0,
    0,
    0,
    0,
    0,
    0,
    0,
    0,
    0,
    0,
    0,
    0,
    0,
    0,
    0,
    0,
    0,
    0,
    0,
    0,
    0,
    0,
    1,
    0,
    1,
    1,
    0,
    0,
    1,
    1,
    1,
    1,
    0,
    0,
    0,
    0,
    0,
    0,
    0,
    0,
    0,
    0,
    0,
    0,
    0,
    0,
    0,
    0,
    0,
    0,
    0,
    0,
    0,
    0,
    0,
    0,
    0,
    0,
    0,
    0,
    0,
    0,
    0,
    0
  ],