{
  "timesteps": [
    0,
    1,
    2,
    3,
    4,
    5,
    6,
    7,
    8,
    9,
    10,
    11,
    12,
    13,
    14,
    15,
    16,
    17,
    18,
    19,
    20,
    21,
    22,
    23,
    24,
    25,
    26,
    27,
    28,
    29,
    30,
    31,
    32,
    33,
    34,
    35,
    36,
    37,
    38,
    39,
    40,
    41,
    42,
    43,
    44,
    45,
    46,
    47,
    48,
    49,
    50,
    51,
    52,
    53,
    54,
    55,
    56,
    57,
    58,
    59,
    60,
    61,
    62,
    63,
    64,
    65,
    66,
    67,
    68,
    69,
    70,
    71,
    72,
    73,
    74,
    75,
    76,
    77,
    78,
    79,
    80,
    81,
    82,
    83,
    84,
    85,
    86,
    87,
    88,
    89,
    90,
    91,
    92,
    93,
    94,
    95,
    96,
    97,
    98,
    99,
    100,
    101,
    102,
    103,
    104,
    105,
    106,
    107,
    108,
    109,
    110,
    111,
    112,
    113,
    114,
    115,
    116,
    117,
    118,
    119,
    120,
    121,
    122,
    123,
    124,
    125,
    126,
    127,
    128,
    129,
    130,
    131,
    132,
    133,
    134,
    135,
    136,
    137,
    138,
    139,
    140,
    141,
    142,
    143,
    144,
    145,
    146,
    147,
    148,
    149,
    150,
    151,
    152,
    153,
    154,
    155,
    156,
    157,
    158,
    159,
    160,
    161,
    162,
    163,
    164,
    165,
    166,
    167,
    168,
    169,
    170,
    171,
    172,
    173,
    174,
    175,
    176,
    177,
    178,
    179,
    180,
    181,
    182,
    183,
    184,
    185,
    186,
    187,
    188,
    189,
    190,
    191,
    192,
    193,
    194,
    195,
    196,
    197,
    198,
    199
  ],
  "states": [
    50.0,
    50.4054770793229,
    50.08814160044932,
    49.772676026312936,
    48.34517201116871,
    47.78826128405574,
    47.437635969522645,
    47.25084760829781,
    46.29766924564964,
    46.506688483437365,
    45.80746041926325,
    45.15003300292038,
    44.55372651053341,
    44.27765165790222,
    42.76138037860944,
    43.295932060689594,
    42.60910161853741,
    41.166024317880634,
    41.264567752372876,
    41.726937949987295,
    40.74705601677668,
    41.152983362650936,
    41.98078786665324,
    42.95302402120312,
    44.1564905575511,
    43.536360510633465,
    43.24543786676436,
    43.00785493395386,
    42.28370641006177,
    40.74918008444504,
    39.51893655766999,
    38.73306463567736,
    38.45264041036,
    39.192901332281224,
    39.92312246511285,
    39.470850809724915,
    39.79997420917164,
    39.79918545662271,
    41.31260089797381,
    41.06188498249837,
    41.645104733718256,
    41.17179099048369,
    40.981259553176606,
    39.85599741760495,
    40.519426696301174,
    40.1061117730003,
    39.66524026582889,
    39.659255796544436,
    40.31360918534154,
    41.65015733239796,
    41.96766319417946,
    42.43497751795435,
    41.7383628619556,
    41.32401002436134,
    41.95406107594082,
    42.979684758814756,
    44.05112156353263,
    43.80379102035784,
    42.68951221468983,
    43.16030582885114,
    43.251481083713095,
    42.61332006545657,
    41.701193025062324,
    42.193053108058976,
    41.142011728547395,
    40.88720126643373,
    41.84117724318087,
    41.43733641131587,
    41.69063139845098,
    42.218983004474424,
    42.43840328380283,
    43.78754069680963,
    43.601265252031105,
    43.859643508964375,
    44.93495934588725,
    46.13679296652027,
    47.32017992825919,
    48.28030591121507,
    47.5371128758789,
    46.76649986632859,
    48.01038455051198,
    47.97337177947976,
    47.85554233036837,
    48.02024331248849,
    47.675319737567264,
    48.762501002192906,
    48.01816435023575,
    47.78202640084198,
    47.94883669263212,
    47.333082537676624,
    47.809155200989665,
    48.86576316930823,
    49.340159186993695,
    48.707847817587805,
    48.77414335086689,
    49.00400439405501,
    48.922721249667596,
    49.82381329136542,
    48.69432909067272,
    48.190973507393366,
    47.99333258623421,
    48.34477181399208,
    47.95522604008798,
    47.460543779028164,
    48.01412616899102,
    47.811781166029576,
    47.29297237832558,
    47.543549578950895,
    48.871225394834305,
    48.65876226472683,
    48.54630064732623,
    47.75680527866355,
    47.920368622091615,
    47.52286502621215,
    47.39273342870802,
    46.372664019121736,
    46.18772261619726,
    46.760352213842715,
    46.433682174859406,
    45.243043568258926,
    44.898204730449216,
    45.61177865238543,
    43.96294972242691,
    44.26045541948625,
    45.80585482626469,
    45.729513583871366,
    45.17699862273544,
    45.68091490325254,
    45.338611418417514,
    46.31856862717575,
    46.96132595726055,
    47.24262167196782,
    47.79736536110695,
    48.13233095983023,
    48.25590013833301,
    47.679902229120195,
    48.91553548764987,
    48.34811709068757,
    47.52825285457197,
    47.818318513916715,
    47.96447104588605,
    47.26592693455817,
    49.10377229112982,
    49.601079633359184,
    51.10546942371293,
    51.313385172851305,
    50.66603287260276,
    50.31472320833553,
    48.20968177912252,
    47.579266036556724,
    47.72087550083659,
    46.78864511010247,
    46.26616321588435,
    46.61940019896663,
    47.1831032803785,
    46.889374488502774,
    46.56215924659295,
    45.154250094552204,
    45.92780655264395,
    45.64265022992878,
    45.418818614743444,
    47.05918895368131,
    47.52076857421796,
    46.384639863691184,
    46.31723686100914,
    46.52540596123328,
    46.61060510284532,
    46.89087456922916,
    47.989809090076385,
    48.59631803785466,
    48.95077181402579,
    50.0963313118308,
    49.19427079417516,
    48.625962651085466,
    50.930135925075504,
    50.62235316296158,
    51.10345543985105,
    51.00199139003846,
    50.03720331643474,
    50.70946455600744,
    50.85287866497111,
    51.16391737391228,
    50.709036429196686,
    51.057037942884506,
    50.64944618881512,
    49.39714574053483,
    50.08119998618082,
    49.73540779304306,
    50.20850785335684,
    50.87829760642893,
    50.43397190415872,
    49.92550301059465,
    50.7832074176625,
    50.91321503190608,
    50.74672170781297,
    52.07214293574992,
    52.734722365170875,
    53.45610203672384,
    54.347639154544055,
    54.34065061562014,
    54.1480765520692
  ],
  "actions": [],
  "observations": [
    1,
    1,
    1,
    1,
    1,
    1,
    1,
    1,
    1,
    1,
    1,
    1,
    0,
    0,
    0,
    0,
    0,
    0,
    0,
    0,
    0,
    0,
    0,
    0,
    0,
    0,
    0,
    0,
    0,
    0,
    0,
    0,
    0,
    0,
    0,
    0,
    0,
    0,
    0,
    0,
    0,
    0,
    0,
    0,
    0,
    0,
    0,
    0,
    0,
    0,
    0,
    0,
    0,
    0,
    0,
    0,
    0,
    0,
    0,
    0,
    0,
    0,
    0,
    0,
    0,
    0,
    0,
    0,
    0,
    0,
    0,
    0,
    0,
    0,
    0,
    1,
    1,
    1,
    1,
    1,
    1,
    1,
    1,
    1,
    1,
    1,
    1,
    1,
    1,
    1,
    1,
    1,
    1,
    1,
    1,
    1,
    1,
    1,
    1,
    1,
    1,
    1,
    1,
    1,
    1,
    1,
    1,
    1,
    1,
    1,
    1,
    1,
    1,
    1,
    1,
    1,
    1,
    1,
    1,
    1,
    0,
    1,
    0,
    0,
    1,
    1,
    1,
    1,
    1,
    1,
    1,
    1,
    1,
    1,
    1,
    1,
    1,
    1,
    1,
    1,
    1,
    1,
    1,
    1,
    1,
    1,
    1,
    1,
    1,
    1,
    1,
    1,
    1,
    1,
    1,
    1,
    1,
    1,
    1,
    1,
    1,
    1,
    1,
    1,
    1,
    1,
    1,
    1,
    1,
    1,
    1,
    1,
    1,
    1,
    1,
    1,
    1,
    1,
    1,
    1,
    1,
    1,
    1,
    1,
    1,
    1,
    1,
    1,
    1,
    1,
    1,
    1,
    1,
    1,
    1,
    1,
    1,
    1,
    1,
    1
  ],