{
  "timesteps": [
    0,
    1,
    2,
    3,
    4,
    5,
    6,
    7,
    8,
    9,
    10,
    11,
    12,
    13,
    14,
    15,
    16,
    17,
    18,
    19,
    20,
    21,
    22,
    23,
    24,
    25,
    26,
    27,
    28,
    29,
    30,
    31,
    32,
    33,
    34,
    35,
    36,
    37,
    38,
    39,
    40,
    41,
    42,
    43,
    44,
    45,
    46,
    47,
    48,
    49,
    50,
    51,
    52,
    53,
    54,
    55,
    56,
    57,
    58,
    59,
    60,
    61,
    62,
    63,
    64,
    65,
    66,
    67,
    68,
    69,
    70,
    71,
    72,
    73,
    74,
    75,
    76,
    77,
    78,
    79,
    80,
    81,
    82,
    83,
    84,
    85,
    86,
    87,
    88,
    89,
    90,
    91,
    92,
    93,
    94,
    95,
    96,
    97,
    98,
    99,
    100,
    101,
    102,
    103,
    104,
    105,
    106,
    107,
    108,
    109,
    110,
    111,
    112,
    113,
    114,
    115,
    116,
    117,
    118,
    119,
    120,
    121,
    122,
    123,
    124,
    125,
    126,
    127,
    128,
    129,
    130,
    131,
    132,
    133,
    134,
    135,
    136,
    137,
    138,
    139,
    140,
    141,
    142,
    143,
    144,
    145,
    146,
    147,
    148,
    149,
    150,
    151,
    152,
    153,
    154,
    155,
    156,
    157,
    158,
    159,
    160,
    161,
    162,
    163,
    164,
    165,
    166,
    167,
    168,
    169,
    170,
    171,
    172,
    173,
    174,
    175,
    176,
    177,
    178,
    179,
    180,
    181,
    182,
    183,
    184,
    185,
    186,
    187,
    188,
    189,
    190,
    191,
    192,
    193,
    194,
    195,
    196,
    197,
    198,
    199
  ],
  "states": [
    50.0,
    49.5152754586959,
    49.95596321641851,
    48.58855094453941,
    47.70888619761357,
    47.33274019326506,
    49.0056583430357,
    47.38852297461292,
    49.88931046799537,
    47.880658950895075,
    51.05053025769648,
    50.30956808289409,
    47.45413127670213,
    48.004028129407395,
    49.40903020227516,
    49.9960212884665,
    51.66669213852143,
    53.10517111351744,
    53.509354402256534,
    53.8881858168365,
    54.81026363416156,
    52.529507716436285,
    51.01311817066564,
    51.53226920437032,
    50.42945567732483,
    47.66986469505867,
    47.14437972922462,
    46.65167391389698,
    45.10621914514815,
    43.02235208809209,
    43.68996083314372,
    44.03515902088656,
    44.44420731616086,
    40.542160918480384,
    41.95820417492778,
    42.37581990004187,
    41.93539297398703,
    41.17405653585206,
    41.485501806616625,
    39.62277312693708,
    39.34233127122893,
    40.14477827750961,
    41.11998202776143,
    42.98614758893014,
    44.38705211222362,
    45.30403374760153,
    44.260023412533734,
    45.052614266134256,
    45.89471493075084,
    46.1393490967349,
    46.12913447886608,
    45.3570465937788,
    45.333380110058705,
    48.68727173802835,
    46.61137066656497,
    47.61365296674339,
    48.75260755601413,
    47.35246881530316,
    46.36498696640874,
    45.26383233834606,
    45.71454928454881,
    45.19823171062484,
    46.97209803403698,
    45.70240547081975,
    45.05607985811166,
    45.28219888524028,
    44.26575377722346,
    44.34182226062679,
    42.865229586892646,
    41.58861034635469,
    38.89108532537506,
    38.929684199923294,
    41.24406680871887,
    40.96629115084307,
    41.64875612585799,
    40.748543035183665,
    41.31056435455586,
    42.3779419891194,
    41.37256411958503,
    41.467142490163674,
    44.00096961115384,
    41.46458936770481,
    43.00927435745174,
    44.049173201220036,
    43.57127878877813,
    44.60005813494016,
    46.979413056253414,
    47.73298688724586,
    46.00276203876014,
    45.26123840926579,
    44.437012905754486,
    48.10564368386309,
    52.074429058925844,
    50.26637656649592,
    53.28958084281936,
    53.12197406659966,
    52.479385152694654,
    51.62563958101861,
    51.124752438723526,
    53.679284733309515,
    52.27117863117371,
    53.23837333663507,
    51.37991626124632,
    52.81751986945305,
    52.3241031058406,
    54.11768543687895,
    52.644469980195446,
    53.12027594765328,
    51.9075550489629,
    49.90810660363837,
    50.68529997960868,
    48.97500538063296,
    51.28400959674929,
    51.83744943567654,
    51.747804238388234,
    53.305482705631746,
    51.17465962703117,
    51.60149733968857,
    53.196407576774625,
    55.40328978118057,
    55.17265853445875,
    56.72627217299991,
    55.304257760530575,
    54.665023064514365,
    56.16095953610948,
    57.60104092844886,
    57.83173805599203,
    58.74095401665331,
    60.68314134284919,
    61.91992071910469,
    65.44437973189082,
    64.45471967426128,
    62.595176987354094,
    61.33245151178323,
    59.986654086005515,
    59.02959466893848,
    61.634975240404025,
    60.305342693728164,
    60.79508403225616,
    60.78857861063213,
    60.38289537765385,
    60.13830475463693,
    60.62040800044518,
    59.689297584313685,
    57.589178699914235,
    59.98452479457737,
    60.13933488851355,
    60.694346331959196,
    61.63027366164409,
    58.22383134336031,
    58.67905818809527,
    60.330531852352884,
    60.19946582837246,
    58.690308502892044,
    57.39622928619585,
    56.281205064789674,
    56.465697511118634,
    55.581660527055035,
    55.49395559602749,
    55.22824450167613,
    55.7123447670383,
    54.27232187692306,
    53.557508638749724,
    55.986090820542366,
    57.02427188230332,
    54.644767123708235,
    51.787797240252985,
    50.206144478291485,
    48.92909389074739,
    46.31916582932138,
    45.578726354855185,
    48.02227416054274,
    45.987434415549764,
    45.78548806180419,
    44.400228279930396,
    45.54892971023155,
    46.55589944818775,
    46.9450583268426,
    49.586852405187614,
    50.66737883706921,
    48.65174153503141,
    46.912871873103136,
    48.38405771700424,
    48.97647906150668,
    49.78236675705856,
    50.10298980518249,
    50.373598305826846,
    50.313532209965366,
    51.88782096697419,
    53.35588454861869,
    52.737244497705,
    52.507958417855576,
    51.51247034990404,
    49.921367787242346,
    50.23907624722873,
    49.825372934275855,
    52.562062647129046,
    53.03480267893129,
    52.957331399133835,
    53.04422923928045,
    51.317899629147576
  ],
  "actions": [],
  "observations": [
    1,
    1,
    1,
    1,
    1,
    1,
    1,
    1,
    1,
    1,
    1,
    1,
    1,
    1,
    1,
    1,
    1,
    1,
    1,
    1,
    1,
    1,
    1,
    1,
    1,
    1,
    1,
    1,
    1,
    0,
    0,
    0,
    0,
    0,
    0,
    0,
    0,
    0,
    0,
    0,
    0,
    0,
    0,
    0,
    0,
    1,
    0,
    1,
    1,
    1,
    1,
    1,
    1,
    1,
    1,
    1,
    1,
    1,
    1,
    1,
    1,
    1,
    1,
    1,
    1,
    1,
    0,
    0,
    0,
    0,
    0,
    0,
    0,
    0,
    0,
    0,
    0,
    0,
    0,
    0,
    0,
    0,
    0,
    0,
    0,
    0,
    1,
    1,
    1,
    1,
    0,
    1,
    1,
    1,
    1,
    1,
    1,
    1,
    1,
    1,
    1,
    1,
    1,
    1,
    1,
    1,
    1,
    1,
    1,
    1,
    1,
    1,
    1,
    1,
    1,
    1,
    1,
    1,
    1,
    2,
    2,
    2,
    2,
    1,
    2,
    2,
    2,
    2,
    2,
    2,
    2,
    2,
    2,
    2,
    2,
    2,
    2,
    2,
    2,
    2,
    2,
    2,
    2,
    2,
    2,
    2,
    2,
    2,
    2,
    2,
    2,
    2,
    2,
    2,
    2,
    2,
    2,
    2,
    2,
    2,
    2,
    1,
    1,
    2,
    2,
    1,
    1,
    1,
    1,
    1,
    1,
    1,
    1,
    1,
    0,
    1,
    1,
    1,
    1,
    1,
    1,
    1,
    1,
    1,
    1,
    1,
    1,
    1,
    1,
    1,
    1,
    1,
    1,
    1,
    1,
    1,
    1,
    1,
    1,
    1
  ],