{
  "timesteps": [
    0,
    1,
    2,
    3,
    4,
    5,
    6,
    7,
    8,
    9,
    10,
    11,
    12,
    13,
    14,
    15,
    16,
    17,
    18,
    19,
    20,
    21,
    22,
    23,
    24,
    25,
    26,
    27,
    28,
    29,
    30,
    31,
    32,
    33,
    34,
    35,
    36,
    37,
    38,
    39,
    40,
    41,
    42,
    43,
    44,
    45,
    46,
    47,
    48,
    49,
    50,
    51,
    52,
    53,
    54,
    55,
    56,
    57,
    58,
    59,
    60,
    61,
    62,
    63,
    64,
    65,
    66,
    67,
    68,
    69,
    70,
    71,
    72,
    73,
    74,
    75,
    76,
    77,
    78,
    79,
    80,
    81,
    82,
    83,
    84,
    85,
    86,
    87,
    88,
    89,
    90,
    91,
    92,
    93,
    94,
    95,
    96,
    97,
    98,
    99,
    100,
    101,
    102,
    103,
    104,
    105,
    106,
    107,
    108,
    109,
    110,
    111,
    112,
    113,
    114,
    115,
    116,
    117,
    118,
    119,
    120,
    121,
    122,
    123,
    124,
    125,
    126,
    127,
    128,
    129,
    130,
    131,
    132,
    133,
    134,
    135,
    136,
    137,
    138,
    139,
    140,
    141,
    142,
    143,
    144,
    145,
    146,
    147,
    148,
    149,
    150,
    151,
    152,
    153,
    154,
    155,
    156,
    157,
    158,
    159,
    160,
    161,
    162,
    163,
    164,
    165,
    166,
    167,
    168,
    169,
    170,
    171,
    172,
    173,
    174,
    175,
    176,
    177,
    178,
    179,
    180,
    181,
    182,
    183,
    184,
    185,
    186,
    187,
    188,
    189,
    190,
    191,
    192,
    193,
    194,
    195,
    196,
    197,
    198,
    199
  ],
  "states": [
    50.0,
    50.131415501586226,
    49.33470850392873,
    48.55386505097132,
    49.189880785229555,
    49.4477947111712,
    48.46278944085372,
    46.959527944105986,
    47.388445510672256,
    47.76857598813159,
    47.722710714893275,
    46.629246871890516,
    47.606199998155525,
    48.14795600742322,
    48.67290031819289,
    49.33305480688378,
    49.14753425924196,
    46.58103537026861,
    47.389292936716316,
    48.59034329189961,
    49.449399191874335,
    49.24354811972227,
    51.65259167532443,
    50.83329236089659,
    51.04586361783622,
    51.38113700546845,
    52.44078408471105,
    53.33941482364823,
    52.38589861396479,
    53.561260877366394,
    54.94567700886657,
    57.08471749743194,
    55.514520103231774,
    52.49011388996698,
    52.7556616562873,
    53.245371680709155,
    51.56084244776532,
    50.35703341271684,
    50.49455172015941,
    50.701992725496986,
    52.028296193349775,
    52.59701662512656,
    50.83536547197468,
    51.258035435368704,
    51.76686362706829,
    52.41706764192872,
    52.053398586814154,
    53.988085051145816,
    55.07481649922741,
    55.22573266958261,
    54.29631769900237,
    54.638206242264275,
    55.056644717279035,
    55.37686292190217,
    54.66204436655489,
    54.049682560848865,
    55.65863250525068,
    56.40776413782217,
    55.56092659237959,
    56.03447953728504,
    58.73493871948514,
    57.7627873783507,
    59.493960026104,
    59.82155242027291,
    59.7594559319998,
    60.64803625876578,
    61.34357345891486,
    58.85059528292825,
    58.23558479039207,
    56.183430310450916,
    55.90202697284622,
    54.785683305324966,
    56.23124238989328,
    55.92911394472436,
    56.256471133087636,
    57.62496329946125,
    55.0285075217883,
    54.606012804153174,
    54.64952224442203,
    53.74663528809027,
    52.23948311073241,
    54.28268139205841,
    53.28411998661598,
    52.391741888558975,
    50.08522105884368,
    49.96037511879386,
    48.61303883068088,
    49.20742075026599,
    50.121588236536994,
    49.80065524189354,
    53.044298277812466,
    53.06626038570349,
    53.64392690638402,
    53.95464593475512,
    53.91939178909059,
    53.59425941080488,
    53.04484175301725,
    52.11742967727693,
    53.406447117785504,
    57.3155174177224,
    57.91722990635939,
    59.51377336932732,
    59.656734154647864,
    60.259767623826384,
    60.8855097366414,
    58.85447268458522,
    57.89696358713906,
    59.50612417272622,
    59.420740355061014,
    57.99940129333193,
    58.37615300217205,
    58.033137514280476,
    58.20823348347529,
    58.126738967727725,
    57.85045226299789,
    59.22413877148716,
    58.792948161768216,
    58.02570255680502,
    56.00097990609043,
    54.26436684248563,
    53.1015137085742,
    54.81088335503047,
    54.99818547622755,
    55.08671991743051,
    54.64500217990833,
    55.01015607304762,
    53.041420070299154,
    53.58460499786809,
    54.47348975979984,
    53.61122073568199,
    53.34093690775752,
    55.301515108234405,
    55.51739840011669,
    55.631849890792516,
    55.352503405861206,
    55.24341355957053,
    55.61292568821541,
    54.50568228347986,
    53.99358491841876,
    53.209912936131516,
    53.70296772169073,
    53.149719765629,
    53.30025797337434,
    54.316753751428315,
    54.35218147099186,
    56.48137051554756,
    56.85185466355219,
    55.980434264613265,
    57.15238358816217,
    58.598176877123585,
    58.98897986632319,
    58.25972898667176,
    58.46274125419098,
    56.9279158394348,
    56.07042938751577,
    54.65825110402554,
    56.20572781748185,
    58.98808436878876,
    60.200168941685675,
    60.25206271821437,
    60.43543410951415,
    59.91080526952023,
    62.746303575773666,
    63.02900570415489,
    64.55196988085247,
    65.45046295257,
    65.50016140089068,
    65.45948498031719,
    65.61448008808381,
    65.87093285679195,
    64.56674412804388,
    63.71737388848081,
    63.472395035275554,
    61.92824628865282,
    61.142686424530176,
    62.461635525381034,
    62.43036767239588,
    61.444179058679914,
    62.94258224589834,
    64.75326443330965,
    64.47073060644368,
    63.33634835979599,
    63.23052274165449,
    62.59102630076441,
    61.13689251338396,
    60.80885169393508,
    59.36231351819886,
    59.20130507239782,
    60.28229162682073,
    59.38544568845621,
    57.642936770037146,
    56.77902009100749,
    55.08843692235572,
    56.956030037668306,
    58.79323534958551,
    59.117629101850696,
    59.78682568763722,
    60.32655177467743,
    59.56145038615821,
    59.39823328139634,
    61.38003367582914
  ],
  "actions": [],
  "observations": [
    1,
    1,
    1,
    1,
    1,
    1,
    1,
    1,
    1,
    1,
    1,
    1,
    1,
    1,
    1,
    1,
    1,
    1,
    1,
    1,
    1,
    1,
    1,
    1,
    1,
    1,
    1,
    1,
    1,
    1,
    1,
    2,
    2,
    1,
    1,
    1,
    1,
    1,
    1,
    1,
    1,
    1,
    1,
    1,
    1,
    1,
    1,
    1,
    2,
    2,
    1,
    1,
    2,
    2,
    1,
    1,
    2,
    2,
    2,
    2,
    2,
    2,
    2,
    2,
    2,
    2,
    2,
    2,
    2,
    2,
    2,
    1,
    2,
    2,
    2,
    2,
    2,
    1,
    1,
    1,
    1,
    1,
    1,
    1,
    1,
    1,
    1,
    1,
    1,
    1,
    1,
    1,
    1,
    1,
    1,
    1,
    1,
    1,
    1,
    2,
    2,
    2,
    2,
    2,
    2,
    2,
    2,
    2,
    2,
    2,
    2,
    2,
    2,
    2,
    2,
    2,
    2,
    2,
    2,
    1,
    1,
    1,
    1,
    2,
    1,
    2,
    1,
    1,
    1,
    1,
    1,
    2,
    2,
    2,
    2,
    2,
    2,
    1,
    1,
    1,
    1,
    1,
    1,
    1,
    1,
    2,
    2,
    2,
    2,
    2,
    2,
    2,
    2,
    2,
    2,
    1,
    2,
    2,
    2,
    2,
    2,
    2,
    2,
    2,
    2,
    2,
    2,
    2,
    2,
    2,
    2,
    2,
    2,
    2,
    2,
    2,
    2,
    2,
    2,
    2,
    2,
    2,
    2,
    2,
    2,
    2,
    2,
    2,
    2,
    2,
    2,
    2,
    2,
    2,
    2,
    2,
    2,
    2,
    2,
    2
  ],