{
  "timesteps": [
    0,
    1,
    2,
    3,
    4,
    5,
    6,
    7,
    8,
    9,
    10,
    11,
    12,
    13,
    14,
    15,
    16,
    17,
    18,
    19,
    20,
    21,
    22,
    23,
    24,
    25,
    26,
    27,
    28,
    29,
    30,
    31,
    32,
    33,
    34,
    35,
    36,
    37,
    38,
    39,
    40,
    41,
    42,
    43,
    44,
    45,
    46,
    47,
    48,
    49,
    50,
    51,
    52,
    53,
    54,
    55,
    56,
    57,
    58,
    59,
    60,
    61,
    62,
    63,
    64,
    65,
    66,
    67,
    68,
    69,
    70,
    71,
    72,
    73,
    74,
    75,
    76,
    77,
    78,
    79,
    80,
    81,
    82,
    83,
    84,
    85,
    86,
    87,
    88,
    89,
    90,
    91,
    92,
    93,
    94,
    95,
    96,
    97,
    98,
    99,
    100,
    101,
    102,
    103,
    104,
    105,
    106,
    107,
    108,
    109,
    110,
    111,
    112,
    113,
    114,
    115,
    116,
    117,
    118,
    119,
    120,
    121,
    122,
    123,
    124,
    125,
    126,
    127,
    128,
    129,
    130,
    131,
    132,
    133,
    134,
    135,
    136,
    137,
    138,
    139,
    140,
    141,
    142,
    143,
    144,
    145,
    146,
    147,
    148,
    149,
    150,
    151,
    152,
    153,
    154,
    155,
    156,
    157,
    158,
    159,
    160,
    161,
    162,
    163,
    164,
    165,
    166,
    167,
    168,
    169,
    170,
    171,
    172,
    173,
    174,
    175,
    176,
    177,
    178,
    179,
    180,
    181,
    182,
    183,
    184,
    185,
    186,
    187,
    188,
    189,
    190,
    191,
    192,
    193,
    194,
    195,
    196,
    197,
    198,
    199
  ],
  "states": [
    50.0,
    49.22896432082275,
    48.856767754328146,
    50.68042194208695,
    51.64794980490654,
    54.394442544046086,
    54.63987826607531,
    53.64803343854636,
    53.35549517239727,
    54.07373460243813,
    52.506420194709314,
    51.53250381816684,
    52.248293375853834,
    53.11291329842048,
    51.65554071453053,
    50.91872314117144,
    50.12311923430927,
    51.85473745908153,
    51.58847440683898,
    50.758613495781894,
    50.53598122850651,
    50.62233579645907,
    50.68049609367131,
    49.089651405455015,
    48.86719036682211,
    50.86429395311166,
    52.20456627620477,
    53.0435276620126,
    54.12735852904793,
    53.33162077643462,
    52.7633526132882,
    51.029168815648966,
    53.57760140884789,
    51.98406717245438,
    51.168633662512626,
    51.15959278750186,
    50.405173251697235,
    48.98523302802013,
    50.15377438642946,
    49.92515727762418,
    51.15991458838433,
    51.98936696346645,
    51.315705712082156,
    52.31843286031765,
    51.48376990415687,
    52.72987978787598,
    52.33148948129215,
    51.68254122750142,
    52.878245571139125,
    53.89622422187989,
    54.97291565653898,
    52.56418076039687,
    51.666556822397226,
    49.70456299974546,
    49.16685014881993,
    48.9585507419984,
    49.0572772734203,
    49.00271898641898,
    48.40317077522144,
    48.465400506680666,
    47.04682281078315,
    47.489349667864516,
    50.41331723854224,
    50.23138038221304,
    49.7782946845899,
    49.96525720170275,
    51.25122875221633,
    48.8285342563464,
    49.484035016596806,
    50.29979141584796,
    49.55366529161686,
    50.74070112634458,
    54.12935717900262,
    51.34240718399086,
    49.08364096496696,
    48.41770894095145,
    48.17799130878464,
    46.515471271995374,
    47.324328028300926,
    45.561467336570004,
    46.97791325906553,
    47.43795718569504,
    48.677495189627095,
    49.23936229087074,
    48.961030457768274,
    48.189688060876065,
    46.93648581604853,
    49.13181993309968,
    49.99090503393457,
    49.06240613550907,
    48.41335478762281,
    48.135003819714214,
    48.87961140367384,
    46.584761152044315,
    49.18784983785685,
    52.49212281442411,
    52.80190193834107,
    53.13465026701977,
    53.861464594175104,
    53.9307680700528,
    51.600532598521255,
    51.63052728268195,
    52.78997794053528,
    52.54656379339601,
    51.380898130609545,
    50.51571019727933,
    50.85960130430065,
    51.151992437090044,
    51.17246257206563,
    51.42370990288405,
    52.56450227472703,
    51.62112051059247,
    50.91103384820006,
    51.41908615665778,
    50.059266750853034,
    49.286458375461926,
    50.00920570587553,
    50.11337064743709,
    50.962464955066054,
    48.39060374998862,
    46.11317994803495,
    46.61663888026566,
    47.12869446437712,
    47.10110557072306,
    45.545627748591286,
    47.741260784588455,
    47.92896384185611,
    48.26689991952034,
    47.56376418366435,
    48.236022153300496,
    47.137008449879424,
    47.11532443215323,
    46.15098429810347,
    45.58836153979347,
    44.965791203224875,
    45.08852809351848,
    45.688766828138704,
    45.84229445863022,
    46.02467258288215,
    45.45047028382627,
    46.28114682551898,
    48.133883585187746,
    48.01946867012451,
    47.75495646891174,
    47.79226929019271,
    49.77698993929173,
    50.150622485049354,
    50.91373879192049,
    50.66300165078226,
    50.72149832363978,
    50.025891892013874,
    50.62174542799909,
    51.61221598843637,
    54.47536948408107,
    55.915719546473866,
    56.7654811486219,
    52.907306245283536,
    53.77824501280358,
    54.06759545614238,
    53.337156054337925,
    52.98987471898342,
    54.169220832731476,
    53.343107974063344,
    54.58411367942784,
    52.924273401767515,
    53.243066989308716,
    54.208362728280335,
    55.210333889348895,
    54.532188326887734,
    54.79229436019273,
    54.086383754393836,
    53.18529886089983,
    51.94461563833898,
    52.65826288633995,
    54.01415590297572,
    53.70204568830663,
    50.97005080664288,
    50.42911755334951,
    51.35041256595293,
    51.53304403690983,
    51.11761489989969,
    53.093168338105905,
    55.22919311118663,
    56.99281430996982,
    57.0364271272054,
    57.975162202606896,
    56.43859701821159,
    57.717051013181354,
    56.616216177488084,
    55.846149249713235,
    52.86916119555098,
    52.84294982568767,
    53.706261545834366,
    54.30638527842749,
    52.79904632766084,
    52.37139800129124,
    51.46214674961675,
    52.88293161463447,
    50.87516368968913,
    50.72547773220414,
    51.19702018026784
  ],
  "actions": [],
  "observations": [
    1,
    1,
    1,
    1,
    1,
    1,
    1,
    1,
    1,
    1,
    1,
    1,
    1,
    1,
    1,
    1,
    1,
    1,
    1,
    1,
    1,
    1,
    1,
    1,
    1,
    1,
    1,
    1,
    1,
    1,
    1,
    1,
    1,
    1,
    1,
    1,
    1,
    1,
    1,
    1,
    1,
    1,
    1,
    1,
    1,
    1,
    1,
    1,
    1,
    1,
    1,
    1,
    1,
    1,
    1,
    1,
    1,
    1,
    1,
    1,
    1,
    1,
    1,
    1,
    1,
    1,
    1,
    1,
    1,
    1,
    1,
    1,
    1,
    1,
    1,
    1,
    1,
    1,
    1,
    1,
    1,
    1,
    1,
    1,
    1,
    1,
    1,
    1,
    1,
    1,
    1,
    1,
    1,
    1,
    1,
    1,
    1,
    1,
    1,
    1,
    1,
    1,
    1,
    1,
    1,
    1,
    1,
    1,
    1,
    1,
    1,
    1,
    1,
    1,
    1,
    1,
    1,
    1,
    1,
    1,
    1,
    1,
    1,
    1,
    1,
    1,
    1,
    1,
    1,
    1,
    1,
    1,
    1,
    1,
    0,
    1,
    1,
    1,
    1,
    1,
    1,
    1,
    1,
    1,
    1,
    1,
    1,
    1,
    1,
    1,
    1,
    1,
    1,
    1,
    2,
    2,
    1,
    1,
    1,
    1,
    1,
    1,
    1,
    1,
    1,
    1,
    1,
    2,
    1,
    1,
    1,
    1,
    1,
    1,
    1,
    1,
    1,
    1,
    1,
    1,
    1,
    1,
    2,
    2,
    2,
    2,
    2,
    2,
    2,
    2,
    1,
    1,
    1,
    1,
    1,
    1,
    1,
    1,
    1,
    1
  ],