{
  "timesteps": [
    0,
    1,
    2,
    3,
    4,
    5,
    6,
    7,
    8,
    9,
    10,
    11,
    12,
    13,
    14,
    15,
    16,
    17,
    18,
    19,
    20,
    21,
    22,
    23,
    24,
    25,
    26,
    27,
    28,
    29,
    30,
    31,
    32,
    33,
    34,
    35,
    36,
    37,
    38,
    39,
    40,
    41,
    42,
    43,
    44,
    45,
    46,
    47,
    48,
    49,
    50,
    51,
    52,
    53,
    54,
    55,
    56,
    57,
    58,
    59,
    60,
    61,
    62,
    63,
    64,
    65,
    66,
    67,
    68,
    69,
    70,
    71,
    72,
    73,
    74,
    75,
    76,
    77,
    78,
    79,
    80,
    81,
    82,
    83,
    84,
    85,
    86,
    87,
    88,
    89,
    90,
    91,
    92,
    93,
    94,
    95,
    96,
    97,
    98,
    99,
    100,
    101,
    102,
    103,
    104,
    105,
    106,
    107,
    108,
    109,
    110,
    111,
    112,
    113,
    114,
    115,
    116,
    117,
    118,
    119,
    120,
    121,
    122,
    123,
    124,
    125,
    126,
    127,
    128,
    129,
    130,
    131,
    132,
    133,
    134,
    135,
    136,
    137,
    138,
    139,
    140,
    141,
    142,
    143,
    144,
    145,
    146,
    147,
    148,
    149,
    150,
    151,
    152,
    153,
    154,
    155,
    156,
    157,
    158,
    159,
    160,
    161,
    162,
    163,
    164,
    165,
    166,
    167,
    168,
    169,
    170,
    171,
    172,
    173,
    174,
    175,
    176,
    177,
    178,
    179,
    180,
    181,
    182,
    183,
    184,
    185,
    186,
    187,
    188,
    189,
    190,
    191,
    192,
    193,
    194,
    195,
    196,
    197,
    198,
    199
  ],
  "states": [
    50.0,
    50.16531709900907,
    50.89194377250764,
    51.773987264433686,
    51.27407308665935,
    51.78129450001183,
    51.37128339604398,
    51.14751697497215,
    51.07256866553648,
    50.278430002953726,
    50.95817560116195,
    50.854103072313926,
    51.08837930560054,
    50.75894986895273,
    51.0185588499436,
    50.70057868113699,
    51.44887882359756,
    51.3824454961402,
    50.90894715352012,
    50.260514945677684,
    49.74993855119615,
    49.826992181378834,
    49.514914815930226,
    50.09407265930593,
    50.22545206928246,
    50.03778108871612,
    51.23936303639107,
    51.27629320689673,
    51.41558554541394,
    51.843452381773204,
    51.146268875379576,
    50.63945490480844,
    50.49613853909724,
    49.67692445183512,
    50.529888300715825,
    50.51842472693513,
    49.572323391284186,
    50.191744758314684,
    50.62094763448953,
    50.31953389862104,
    49.69443390756438,
    50.7344436418343,
    50.858620665244445,
    50.81314711176041,
    50.70306409961097,
    50.4207679282061,
    50.39615683185526,
    50.35615507865389,
    50.80939185054993,
    49.92944843904041,
    50.125483865886274,
    49.927796376446445,
    50.514757811519274,
    50.898500452129504,
    50.45631217085448,
    50.087538233527,
    49.3285217021086,
    49.00448787680715,
    49.62445914360454,
    49.65059181980833,
    49.55235330386652,
    49.270742917677225,
    48.78427317975987,
    48.54338838003068,
    49.19881768458201,
    50.1663005850778,
    49.2765606059814,
    49.39665440358573,
    49.65777568814534,
    50.46777761723756,
    50.21697393567888,
    50.722787196193586,
    51.438246273874206,
    51.44239726952871,
    51.88309372306007,
    51.57961157412461,
    51.414121379596,
    50.92884116788249,
    50.950693492062676,
    51.272589827445536,
    51.77072753994421,
    51.01423369776352,
    51.30489886932235,
    51.662645485804724,
    51.15207746611119,
    51.05311423932853,
    51.180594004894424,
    51.052958956342266,
    50.59362853230164,
    49.689083805192155,
    49.53187429946543,
    49.53907545408284,
    49.863626308230515,
    50.40829200780233,
    51.45368159382568,
    50.51199324717969,
    50.072885624386664,
    50.33247661423347,
    50.50842567494007,
    51.02883082925901,
    50.25577452235136,
    49.860084934642266,
    50.194219463801055,
    48.53169637979774,
    49.3963151346922,
    50.038826495509944,
    50.22518190549528,
    49.27818481904032,
    48.44069733086589,
    47.64925378324829,
    47.79155669363817,
    47.718426902634,
    47.554555008394985,
    47.76672613445893,
    47.039248958410134,
    46.901827364555025,
    47.39289876395311,
    46.6573766933871,
    47.11722930153368,
    47.94631800392982,
    48.025344082879684,
    47.99627740097399,
    47.70596957947249,
    47.167241368258914,
    47.57264210828168,
    47.78152336515384,
    48.44266023553344,
    48.27035898407514,
    48.61542013614537,
    48.757358509706776,
    48.873021806338336,
    49.4018820403615,
    49.59303951299099,
    49.766412851957256,
    49.92086265628887,
    49.77789387248879,
    49.35761035095046,
    48.27663830447286,
    49.777147271263274,
    50.141581317702325,
    50.13999248707697,
    49.315187417036185,
    49.38443665732123,
    50.35263582197931,
    50.245563556597816,
    49.72454221242326,
    49.8128002404016,
    50.58211953239342,
    50.4083286830261,
    50.12907331506536,
    50.24536515447341,
    50.79026536143878,
    51.406838162587,
    52.31009090648375,
    53.1976856085956,
    52.70916336707422,
    52.95546096816357,
    53.61761729265099,
    54.11904768581372,
    54.21761607243873,
    54.524062073922366,
    54.78628777063279,
    54.469492396457056,
    55.111493048773326,
    54.707805158245854,
    54.22855436779663,
    54.007731222662365,
    54.26344394397795,
    53.18418795582001,
    52.93249730080307,
    53.23790910650294,
    53.3613637065712,
    53.361530134298214,
    53.356972620703026,
    53.42395806125698,
    54.14011736693654,
    53.25543619295267,
    53.523649889245526,
    53.80643269809229,
    54.13523295829726,
    54.50516500311288,
    54.20061582666137,
    53.23895000015997,
    53.26274972305366,
    53.51132096034143,
    53.65111074603064,
    53.566716572512995,
    53.80274101875355,
    53.798137135654045,
    54.00840460353274,
    54.35615037963167,
    53.5111328614232,
    53.61296201725571,
    53.777008004743536,
    53.3914646606968,
    54.46538683977543,
    54.19837906155275,
    54.07981225428661,
    53.254028303665,
    53.607427413811074,
    53.85881889600287
  ],
  "actions": [],
  "observations": [
    1,
    1,
    1,
    1,
    1,
    1,
    1,
    1,
    1,
    1,
    1,
    1,
    1,
    1,
    1,
    1,
    1,
    1,
    1,
    1,
    1,
    1,
    1,
    1,
    1,
    1,
    1,
    1,
    1,
    1,
    1,
    1,
    1,
    1,
    1,
    1,
    1,
    1,
    1,
    1,
    1,
    1,
    1,
    1,
    1,
    1,
    1,
    1,
    1,
    1,
    1,
    1,
    1,
    1,
    1,
    1,
    1,
    1,
    1,
    1,
    1,
    1,
    1,
    1,
    1,
    1,
    1,
    1,
    1,
    1,
    1,
    1,
    1,
    1,
    1,
    1,
    1,
    1,
    1,
    1,
    1,
    1,
    1,
    1,
    1,
    1,
    1,
    1,
    1,
    1,
    1,
    1,
    1,
    1,
    1,
    1,
    1,
    1,
    1,
    1,
    1,
    1,
    1,
    1,
    1,
    1,
    1,
    1,
    1,
    1,
    1,
    1,
    1,
    1,
    1,
    1,
    1,
    1,
    1,
    1,
    1,
    1,
    1,
    1,
    1,
    1,
    1,
    1,
    1,
    1,
    1,
    1,
    1,
    1,
    1,
    1,
    1,
    1,
    1,
    1,
    1,
    1,
    1,
    1,
    1,
    1,
    1,
    1,
    1,
    1,
    1,
    1,
    1,
    1,
    1,
    1,
    1,
    1,
    1,
    1,
    1,
    1,
    1,
    2,
    1,
    1,
    1,
    1,
    1,
    1,
    1,
    1,
    1,
    1,
    1,
    1,
    1,
    1,
    1,
    1,
    1,
    1,
    1,
    1,
    1,
    1,
    1,
    1,
    1,
    1,
    1,
    1,
    1,
    1,
    1,
    1,
    1,
    1,
    1,
    1
  ],