{
  "timesteps": [
    0,
    1,
    2,
    3,
    4,
    5,
    6,
    7,
    8,
    9,
    10,
    11,
    12,
    13,
    14,
    15,
    16,
    17,
    18,
    19,
    20,
    21,
    22,
    23,
    24,
    25,
    26,
    27,
    28,
    29,
    30,
    31,
    32,
    33,
    34,
    35,
    36,
    37,
    38,
    39,
    40,
    41,
    42,
    43,
    44,
    45,
    46,
    47,
    48,
    49,
    50,
    51,
    52,
    53,
    54,
    55,
    56,
    57,
    58,
    59,
    60,
    61,
    62,
    63,
    64,
    65,
    66,
    67,
    68,
    69,
    70,
    71,
    72,
    73,
    74,
    75,
    76,
    77,
    78,
    79,
    80,
    81,
    82,
    83,
    84,
    85,
    86,
    87,
    88,
    89,
    90,
    91,
    92,
    93,
    94,
    95,
    96,
    97,
    98,
    99,
    100,
    101,
    102,
    103,
    104,
    105,
    106,
    107,
    108,
    109,
    110,
    111,
    112,
    113,
    114,
    115,
    116,
    117,
    118,
    119,
    120,
    121,
    122,
    123,
    124,
    125,
    126,
    127,
    128,
    129,
    130,
    131,
    132,
    133,
    134,
    135,
    136,
    137,
    138,
    139,
    140,
    141,
    142,
    143,
    144,
    145,
    146,
    147,
    148,
    149,
    150,
    151,
    152,
    153,
    154,
    155,
    156,
    157,
    158,
    159,
    160,
    161,
    162,
    163,
    164,
    165,
    166,
    167,
    168,
    169,
    170,
    171,
    172,
    173,
    174,
    175,
    176,
    177,
    178,
    179,
    180,
    181,
    182,
    183,
    184,
    185,
    186,
    187,
    188,
    189,
    190,
    191,
    192,
    193,
    194,
    195,
    196,
    197,
    198,
    199
  ],
  "states": [
    50.0,
    53.24193724433852,
    54.85070451366554,
    57.28318914531063,
    54.86921841767072,
    54.84732292973527,
    53.68365775614686,
    54.78879570510426,
    52.74219339556806,
    49.313627995086065,
    48.08995536224297,
    49.57188836642153,
    48.17537374785162,
    48.7727492861664,
    49.938673878982556,
    50.27421207467729,
    49.80906575558978,
    52.8513130864705,
    48.44702565271615,
    48.22946513615513,
    45.53888665507871,
    44.02411006309063,
    42.861207859213316,
    45.8031807380364,
    48.14922707529047,
    48.378446291593725,
    49.00051651011167,
    50.83491877948154,
    52.41534169429196,
    52.657100214181575,
    53.004542470647806,
    50.84851140181589,
    49.21731350132288,
    47.155685599627,
    45.25401461735737,
    42.462597254972,
    38.795008777561556,
    38.509081276856996,
    37.02179599025451,
    36.59574082147633,
    36.4498621582114,
    36.189121797070996,
    35.5529032822349,
    36.6204418186315,
    36.47851203429218,
    32.15656023943166,
    30.306977780759077,
    29.596725252164195,
    28.710727067936524,
    30.244351717963795,
    28.832640726358235,
    27.762281068065345,
    30.439726414315423,
    29.826970442286324,
    31.659036175035258,
    31.128876215626494,
    32.59864891874482,
    32.22117882973863,
    35.62718556142772,
    40.088495713688346,
    39.67898429704974,
    41.480900582136364,
    41.9206314784153,
    41.799165045770465,
    41.92555206957637,
    45.17208370160453,
    43.439459396084,
    45.714256133533254,
    46.36716723335511,
    44.478750567147635,
    45.433858903924495,
    43.51493982477304,
    42.744906489108615,
    45.268553563040705,
    44.062289746340866,
    43.95098261787984,
    42.28711422654913,
    42.67451091312782,
    42.72687910945105,
    44.3914628075678,
    43.61500850176065,
    45.789337650968676,
    43.304658839311564,
    43.1764144433022,
    45.71576987200445,
    45.234535522363615,
    44.88592880569012,
    43.073511691529156,
    40.390289931179936,
    42.81759160759045,
    41.26795976726812,
    41.823722238977815,
    45.60973984503799,
    46.27987439592095,
    46.64562010101598,
    48.54796449697389,
    46.51853754385289,
    47.39048421411037,
    48.974868481334624,
    48.18972010103695,
    47.598139822791566,
    47.0682738726036,
    46.40249026324502,
    47.4716801524413,
    51.17552443043551,
    56.64158122005669,
    56.747467770651056,
    56.39589505530369,
    58.242428370008746,
    59.349760854591764,
    60.7743521118707,
    59.369824805175305,
    59.38284503986852,
    58.64260053489907,
    59.362588418458124,
    59.71369715773458,
    62.07668203139759,
    61.97016911678861,
    61.20380178539892,
    63.57399641099014,
    65.6310757918761,
    66.56295188545998,
    69.37412173033461,
    67.49475148941296,
    65.80034328092884,
    66.95533296586274,
    72.62626904485668,
    70.8679643670787,
    72.52913292652691,
    70.83429470661575,
    67.72123964293998,
    65.51244835465438,
    65.23821005966195,
    64.4770213421313,
    65.67966552649906,
    69.78603349316909,
    68.16490262593679,
    65.70501023539303,
    67.29050019727879,
    67.88843276111976,
    67.25692222694465,
    63.006092408675,
    60.56437102288573,
    58.17841310862182,
    61.37932555850629,
    63.55052009898954,
    62.822407062166036,
    63.334829242022494,
    63.18400944015679,
    67.56031193237776,
    66.78160870763155,
    65.01646440363652,
    68.0535784912173,
    66.63103829561359,
    66.61203644224253,
    67.27207632894404,
    69.01145782642436,
    67.29635986230605,
    66.3793925576983,
    66.37888623695709,
    68.65744823680777,
    69.33167103626299,
    72.8932632031031,
    75.08216870665547,
    79.35171265526569,
    81.20821439457379,
    81.12711291426825,
    83.35919439694203,
    85.2311914263706,
    83.53445437029536,
    83.61523298606777,
    85.3526146175331,
    86.37740830359088,
    84.7568566539817,
    83.17870642031872,
    83.33968069320451,
    82.64272044822636,
    83.3576302085394,
    84.4157689922062,
    83.53535957681046,
    81.68232790593099,
    77.76651688213636,
    77.62534333767022,
    77.81321943603803,
    77.852366242388,
    77.31020960453634,
    77.9973544518591,
    76.22146470108574,
    79.46513447485611,
    80.36900890369337,
    78.52477552717639,
    77.73512665195139,
    76.55137851121883,
    74.88569605731738,
    75.86325608809196,
    76.43771474184996,
    79.11025356448513,
    80.70659344310599,
    83.84369420188406,
    85.88188486169871,
    86.35732048996937
  ],
  "actions": [],
  "observations": [
    1,
    1,
    1,
    2,
    1,
    1,
    1,
    1,
    1,
    1,
    1,
    1,
    1,
    1,
    1,
    1,
    1,
    1,
    1,
    1,
    1,
    0,
    0,
    1,
    1,
    1,
    1,
    1,
    1,
    1,
    1,
    1,
    1,
    1,
    1,
    0,
    0,
    0,
    0,
    0,
    0,
    0,
    0,
    0,
    0,
    0,
    0,
    0,
    0,
    0,
    0,
    0,
    0,
    0,
    0,
    0,
    0,
    0,
    0,
    0,
    0,
    0,
    0,
    0,
    0,
    1,
    0,
    1,
    1,
    0,
    1,
    0,
    0,
    1,
    0,
    0,
    0,
    0,
    0,
    0,
    0,
    1,
    0,
    0,
    1,
    1,
    0,
    0,
    0,
    0,
    0,
    0,
    1,
    1,
    1,
    1,
    1,
    1,
    1,
    1,
    1,
    1,
    1,
    1,
    1,
    2,
    2,
    2,
    2,
    2,
    2,
    2,
    2,
    2,
    2,
    2,
    2,
    2,
    2,
    2,
    2,
    2,
    2,
    2,
    2,
    2,
    2,
    2,
    2,
    2,
    2,
    2,
    2,
    2,
    2,
    2,
    2,
    2,
    2,
    2,
    2,
    2,
    2,
    2,
    2,
    2,
    2,
    2,
    2,
    2,
    2,
    2,
    2,
    2,
    2,
    2,
    2,
    2,
    2,
    2,
    2,
    2,
    2,
    2,
    2,
    2,
    2,
    2,
    2,
    2,
    2,
    2,
    2,
    2,
    2,
    2,
    2,
    2,
    2,
    2,
    2,
    2,
    2,
    2,
    2,
    2,
    2,
    2,
    2,
    2,
    2,
    2,
    2,
    2,
    2,
    2,
    2,
    2,
    2,
    2
  ],