{
  "timesteps": [
    0,
    1,
    2,
    3,
    4,
    5,
    6,
    7,
    8,
    9,
    10,
    11,
    12,
    13,
    14,
    15,
    16,
    17,
    18,
    19,
    20,
    21,
    22,
    23,
    24,
    25,
    26,
    27,
    28,
    29,
    30,
    31,
    32,
    33,
    34,
    35,
    36,
    37,
    38,
    39,
    40,
    41,
    42,
    43,
    44,
    45,
    46,
    47,
    48,
    49,
    50,
    51,
    52,
    53,
    54,
    55,
    56,
    57,
    58,
    59,
    60,
    61,
    62,
    63,
    64,
    65,
    66,
    67,
    68,
    69,
    70,
    71,
    72,
    73,
    74,
    75,
    76,
    77,
    78,
    79,
    80,
    81,
    82,
    83,
    84,
    85,
    86,
    87,
    88,
    89,
    90,
    91,
    92,
    93,
    94,
    95,
    96,
    97,
    98,
    99,
    100,
    101,
    102,
    103,
    104,
    105,
    106,
    107,
    108,
    109,
    110,
    111,
    112,
    113,
    114,
    115,
    116,
    117,
    118,
    119,
    120,
    121,
    122,
    123,
    124,
    125,
    126,
    127,
    128,
    129,
    130,
    131,
    132,
    133,
    134,
    135,
    136,
    137,
    138,
    139,
    140,
    141,
    142,
    143,
    144,
    145,
    146,
    147,
    148,
    149,
    150,
    151,
    152,
    153,
    154,
    155,
    156,
    157,
    158,
    159,
    160,
    161,
    162,
    163,
    164,
    165,
    166,
    167,
    168,
    169,
    170,
    171,
    172,
    173,
    174,
    175,
    176,
    177,
    178,
    179,
    180,
    181,
    182,
    183,
    184,
    185,
    186,
    187,
    188,
    189,
    190,
    191,
    192,
    193,
    194,
    195,
    196,
    197,
    198,
    199
  ],
  "states": [
    50.0,
    49.14982061537344,
    48.13943844144776,
    47.66273402757111,
    47.10263563029916,
    47.01220419272549,
    46.38472310998443,
    46.29407542957677,
    46.37202643890524,
    46.37361582417496,
    46.63606706833046,
    46.84580476125828,
    46.81071964304374,
    46.85745890721011,
    46.544140090200635,
    46.27365319912931,
    46.54512057186355,
    46.724279659990245,
    47.21602209473989,
    47.673768676167185,
    48.23206595798288,
    49.0517780234341,
    47.99397120837874,
    48.64190722940922,
    49.327360402923155,
    49.87696728705127,
    49.27459593855281,
    49.328520483896455,
    49.456522694119634,
    48.786739651374795,
    48.86880539172531,
    49.533909080784746,
    50.75492016807463,
    50.94079651058784,
    51.2960352606432,
    51.6262146312215,
    52.96504098430984,
    53.51407529006952,
    54.39244814478433,
    54.36737077831551,
    54.83773778624085,
    55.00045191065807,
    55.32610146374277,
    55.59933981541055,
    55.529203394695045,
    56.60814707326624,
    56.17600232080901,
    56.276088905898824,
    56.361615760029665,
    55.52925225048404,
    56.44928183183152,
    56.4504110527885,
    55.4869272665253,
    55.34209918768424,
    55.115736491535785,
    54.91834472822761,
    55.04335950823536,
    55.3591414431932,
    55.145638606784324,
    55.04728857587545,
    54.93090811041509,
    54.72114486240064,
    54.132702448944244,
    53.92167270489742,
    54.380691631662316,
    54.311061986919704,
    53.851677481544684,
    54.28391049330675,
    55.06408793777359,
    55.65414621753219,
    55.580358891422904,
    55.2158397182788,
    54.85702346410078,
    54.09036959241004,
    53.294902513875385,
    53.13079938976633,
    53.020208683330544,
    53.30089717379574,
    53.31455255889926,
    53.62275932123012,
    53.40145680137442,
    52.44651270183073,
    52.3696353869261,
    51.29043982516365,
    50.66045384166075,
    50.185107942077416,
    51.21988884741198,
    51.21885966718253,
    51.202795263107596,
    51.67299451868934,
    51.566932950531736,
    50.97671168776682,
    52.070966794641954,
    51.731296057481885,
    51.05941145596696,
    51.41747305409768,
    51.36351808310799,
    51.77021191832326,
    51.934983740097685,
    52.28694821043292,
    51.46218626397287,
    51.597613976495154,
    52.8453749344743,
    52.60844189739329,
    53.13813387850135,
    54.090173223299445,
    54.23903102654249,
    54.9084408289538,
    54.793421499920505,
    54.69344716923925,
    54.9202495848455,
    55.3151993840039,
    54.344022651843396,
    54.54500482958263,
    54.12470035421367,
    54.34507754783702,
    54.45561008412764,
    54.693728744470825,
    54.874284057006285,
    54.43462826847062,
    53.045077777752965,
    52.94309517614966,
    52.30354218864999,
    52.0917122364604,
    51.75564745713152,
    51.19613892352182,
    50.36106317657127,
    50.470809226592074,
    51.37411800470362,
    51.396693093241325,
    50.848076080109585,
    51.369109389701464,
    52.26411867931063,
    53.11652827828184,
    53.961207251143236,
    54.53458658995749,
    54.0523757784774,
    54.691600584575795,
    54.92095727155951,
    55.60167806429793,
    55.50348560648655,
    55.62857056935285,
    55.5473098292884,
    54.85236111511174,
    54.57968185625728,
    55.222855693087645,
    55.334832078778504,
    54.914794488479885,
    55.197486545039574,
    54.9742394263554,
    54.73732405046025,
    54.5570255123061,
    53.83579249500971,
    54.551037428112195,
    53.76110883506927,
    53.52610515458553,
    52.831671190259776,
    52.9747827291059,
    51.972842240750694,
    51.86647722278287,
    52.71678042413827,
    53.51109393644044,
    53.404406316017074,
    53.03455903737812,
    52.63049456418212,
    52.45868372596441,
    52.342193626264105,
    53.06030553321199,
    52.33272948744011,
    52.4707118783819,
    52.852281732570304,
    53.28917748862914,
    53.13301159739672,
    52.73467694647116,
    53.07371409762531,
    52.68964326910993,
    52.313791537254296,
    51.28225474593906,
    51.45824390275329,
    51.88270210776659,
    51.958836044798815,
    52.225339022041645,
    51.92510821593682,
    52.78434959006096,
    52.30132384306735,
    51.482369914659614,
    51.351025429578655,
    51.84226616448878,
    52.53812621712932,
    52.60026277773341,
    52.41241541476851,
    52.33767868831953,
    53.14799811642193,
    53.375466538883295,
    52.661369752003836,
    52.22758262863753,
    52.767706513383786,
    52.21517002359565,
    52.03137189670254,
    52.46204470652023,
    52.75894939985373
  ],
  "actions": [],
  "observations": [
    1,
    1,
    1,
    1,
    1,
    1,
    1,
    1,
    1,
    1,
    1,
    1,
    1,
    1,
    1,
    1,
    1,
    1,
    1,
    1,
    1,
    1,
    1,
    1,
    1,
    1,
    1,
    1,
    1,
    1,
    1,
    1,
    1,
    1,
    1,
    1,
    1,
    1,
    1,
    1,
    1,
    2,
    2,
    2,
    2,
    2,
    2,
    2,
    2,
    2,
    2,
    2,
    2,
    2,
    2,
    1,
    2,
    2,
    2,
    2,
    1,
    1,
    1,
    1,
    1,
    1,
    1,
    1,
    2,
    2,
    2,
    2,
    1,
    1,
    1,
    1,
    1,
    1,
    1,
    1,
    1,
    1,
    1,
    1,
    1,
    1,
    1,
    1,
    1,
    1,
    1,
    1,
    1,
    1,
    1,
    1,
    1,
    1,
    1,
    1,
    1,
    1,
    1,
    1,
    1,
    1,
    1,
    1,
    1,
    1,
    1,
    2,
    1,
    1,
    1,
    1,
    1,
    1,
    1,
    1,
    1,
    1,
    1,
    1,
    1,
    1,
    1,
    1,
    1,
    1,
    1,
    1,
    1,
    1,
    1,
    1,
    1,
    1,
    1,
    2,
    2,
    2,
    2,
    1,
    1,
    2,
    2,
    1,
    2,
    1,
    1,
    1,
    1,
    1,
    1,
    1,
    1,
    1,
    1,
    1,
    1,
    1,
    1,
    1,
    1,
    1,
    1,
    1,
    1,
    1,
    1,
    1,
    1,
    1,
    1,
    1,
    1,
    1,
    1,
    1,
    1,
    1,
    1,
    1,
    1,
    1,
    1,
    1,
    1,
    1,
    1,
    1,
    1,
    1,
    1,
    1,
    1,
    1,
    1,
    1
  ],