{
  "timesteps": [
    0,
    1,
    2,
    3,
    4,
    5,
    6,
    7,
    8,
    9,
    10,
    11,
    12,
    13,
    14,
    15,
    16,
    17,
    18,
    19,
    20,
    21,
    22,
    23,
    24,
    25,
    26,
    27,
    28,
    29,
    30,
    31,
    32,
    33,
    34,
    35,
    36,
    37,
    38,
    39,
    40,
    41,
    42,
    43,
    44,
    45,
    46,
    47,
    48,
    49,
    50,
    51,
    52,
    53,
    54,
    55,
    56,
    57,
    58,
    59,
    60,
    61,
    62,
    63,
    64,
    65,
    66,
    67,
    68,
    69,
    70,
    71,
    72,
    73,
    74,
    75,
    76,
    77,
    78,
    79,
    80,
    81,
    82,
    83,
    84,
    85,
    86,
    87,
    88,
    89,
    90,
    91,
    92,
    93,
    94,
    95,
    96,
    97,
    98,
    99,
    100,
    101,
    102,
    103,
    104,
    105,
    106,
    107,
    108,
    109,
    110,
    111,
    112,
    113,
    114,
    115,
    116,
    117,
    118,
    119,
    120,
    121,
    122,
    123,
    124,
    125,
    126,
    127,
    128,
    129,
    130,
    131,
    132,
    133,
    134,
    135,
    136,
    137,
    138,
    139,
    140,
    141,
    142,
    143,
    144,
    145,
    146,
    147,
    148,
    149,
    150,
    151,
    152,
    153,
    154,
    155,
    156,
    157,
    158,
    159,
    160,
    161,
    162,
    163,
    164,
    165,
    166,
    167,
    168,
    169,
    170,
    171,
    172,
    173,
    174,
    175,
    176,
    177,
    178,
    179,
    180,
    181,
    182,
    183,
    184,
    185,
    186,
    187,
    188,
    189,
    190,
    191,
    192,
    193,
    194,
    195,
    196,
    197,
    198,
    199
  ],
  "states": [
    50.0,
    49.03811509810638,
    48.71836844686752,
    47.511963559562275,
    46.78885688492419,
    47.224496668670305,
    48.22586192416712,
    46.33238188466089,
    44.88059166828579,
    43.90734950635353,
    42.44792779775377,
    42.78421044370964,
    43.47092036793439,
    42.870168003085965,
    45.89402237364301,
    46.68771001190554,
    48.96263144136652,
    46.35215038283954,
    46.48252753840945,
    48.758910370157025,
    49.746157352086264,
    47.43350157704998,
    46.49263652383332,
    47.25104063579309,
    47.085710649996635,
    48.21807422023253,
    48.26274744155257,
    51.97847057061057,
    50.0599037767838,
    51.53926727249274,
    50.78948254029771,
    50.700777045143184,
    47.77183880282974,
    46.23935619796961,
    46.90764503384446,
    46.06190002261483,
    46.431621109116804,
    47.449533467755934,
    44.731656592277375,
    43.749007568796976,
    44.25362425794642,
    46.02590806205726,
    44.73522905968626,
    44.03164249540373,
    45.28726304727036,
    41.837147622785636,
    44.35452647584496,
    43.470577707651195,
    43.44763904188374,
    43.662186447145054,
    40.814343490743994,
    42.69123886721682,
    42.89571500053925,
    43.70098650017356,
    44.757748458563654,
    42.56433303726708,
    43.377086882012996,
    45.7899585070538,
    43.87253481397628,
    46.00211354127756,
    47.147215085697695,
    46.655419446951484,
    45.608880893554506,
    43.93059941375152,
    46.33837671513787,
    47.74789981872565,
    46.66941000686953,
    46.84202970543127,
    42.712661400016565,
    42.6663065943692,
    45.47488221632867,
    46.712030118778685,
    45.66617500508192,
    44.376664532733024,
    46.24047531055662,
    48.66379154274614,
    46.09290234818271,
    44.30847667340189,
    43.32965286363846,
    44.038222208546976,
    44.99237680665821,
    45.000003404068835,
    47.81080343240817,
    51.3916710362519,
    52.852034802048095,
    50.782910593330385,
    52.320924024264855,
    52.016491159819125,
    50.18693058244979,
    50.16282882354208,
    50.26954768052576,
    48.90728288870909,
    49.63761162405654,
    49.75598348686074,
    49.73567731617843,
    49.729998995304015,
    46.362753305885,
    47.15984578609986,
    45.68270257610304,
    45.78887408555809,
    45.66493110640009,
    46.87554105922727,
    45.57415280755559,
    47.13299134183649,
    48.99541190135619,
    47.889444024632965,
    49.55246510198091,
    51.77181269705595,
    52.09244861142252,
    51.57518023637927,
    52.5470805247432,
    50.593848371193296,
    53.29927138667988,
    53.496958987838326,
    54.1375938383257,
    50.41049279139446,
    48.39293864966034,
    48.54643740437996,
    49.23021287742485,
    49.55374148945147,
    47.098248298924574,
    45.45640808856286,
    42.77117684620614,
    42.84346232487888,
    42.338946164036344,
    43.138504147836606,
    43.13554332889036,
    43.272533793425026,
    41.26025852511222,
    43.84088846044853,
    41.358586671480154,
    41.14464687842514,
    38.359444446019594,
    39.78895209645264,
    39.28512209963399,
    35.42452947826136,
    33.79430209736258,
    31.245589233334247,
    33.26510401985739,
    30.109541457455013,
    29.469839436752196,
    30.34381024163761,
    27.257448712924855,
    27.420176663879673,
    28.01564061701687,
    28.133424335952377,
    29.793227653680216,
    30.073401972649215,
    28.703221330991678,
    26.877984070461526,
    24.94757917699094,
    26.52085070629014,
    27.79455975387745,
    27.9980636994192,
    25.07880269261413,
    25.33316406052338,
    26.98372885575288,
    23.830637934650824,
    25.44631594942944,
    22.205023991340813,
    23.98800130325997,
    25.50512299626682,
    28.83913336766952,
    29.08009849359929,
    29.719600224704102,
    30.008089311109984,
    27.776319089786064,
    26.798639484908616,
    27.808920402191774,
    27.060120038650187,
    26.547548286917735,
    26.548170954575607,
    26.275690679750994,
    26.247904622660393,
    27.54303979982298,
    28.05345051652371,
    28.783591656786914,
    29.824377765717713,
    28.45656503421722,
    28.797128281117025,
    29.837052484244406,
    30.289389961390654,
    31.229816259917932,
    29.099793682545503,
    30.70947311873817,
    30.3218872717595,
    30.099133569277118,
    29.60391136324446,
    29.615123719760767,
    26.45697026344878,
    25.94318998952418,
    25.534011310816936,
    27.889834238402074,
    27.009183421898562,
    28.323765485150144,
    27.177062124869096,
    26.47314945662903,
    25.99385516168315,
    24.594472123404117,
    23.028471966255378,
    23.44148164466434
  ],
  "actions": [],
  "observations": [
    1,
    1,
    1,
    1,
    1,
    1,
    1,
    1,
    0,
    0,
    0,
    0,
    0,
    0,
    1,
    1,
    1,
    1,
    1,
    1,
    1,
    1,
    1,
    1,
    1,
    1,
    1,
    1,
    1,
    1,
    1,
    1,
    1,
    1,
    1,
    1,
    1,
    1,
    0,
    0,
    0,
    1,
    0,
    0,
    1,
    0,
    0,
    0,
    0,
    0,
    0,
    0,
    0,
    0,
    0,
    0,
    0,
    1,
    0,
    1,
    1,
    1,
    1,
    0,
    1,
    1,
    1,
    1,
    0,
    0,
    1,
    1,
    1,
    0,
    1,
    1,
    1,
    0,
    0,
    0,
    0,
    1,
    1,
    1,
    1,
    1,
    1,
    1,
    1,
    1,
    1,
    1,
    1,
    1,
    1,
    1,
    1,
    1,
    1,
    1,
    1,
    1,
    1,
    1,
    1,
    1,
    1,
    1,
    1,
    1,
    1,
    1,
    1,
    1,
    1,
    1,
    1,
    1,
    1,
    1,
    1,
    1,
    0,
    0,
    0,
    0,
    0,
    0,
    0,
    0,
    0,
    0,
    0,
    0,
    0,
    0,
    0,
    0,
    0,
    0,
    0,
    0,
    0,
    0,
    0,
    0,
    0,
    0,
    0,
    0,
    0,
    0,
    0,
    0,
    0,
    0,
    0,
    0,
    0,
    0,
    0,
    0,
    0,
    0,
    0,
    0,
    0,
    0,
    0,
    0,
    0,
    0,
    0,
    0,
    0,
    0,
    0,
    0,
    0,
    0,
    0,
    0,
    0,
    0,
    0,
    0,
    0,
    0,
    0,
    0,
    0,
    0,
    0,
    0,
    0,
    0,
    0,
    0,
    0,
    0
  ],