{
  "timesteps": [
    0,
    1,
    2,
    3,
    4,
    5,
    6,
    7,
    8,
    9,
    10,
    11,
    12,
    13,
    14,
    15,
    16,
    17,
    18,
    19,
    20,
    21,
    22,
    23,
    24,
    25,
    26,
    27,
    28,
    29,
    30,
    31,
    32,
    33,
    34,
    35,
    36,
    37,
    38,
    39,
    40,
    41,
    42,
    43,
    44,
    45,
    46,
    47,
    48,
    49,
    50,
    51,
    52,
    53,
    54,
    55,
    56,
    57,
    58,
    59,
    60,
    61,
    62,
    63,
    64,
    65,
    66,
    67,
    68,
    69,
    70,
    71,
    72,
    73,
    74,
    75,
    76,
    77,
    78,
    79,
    80,
    81,
    82,
    83,
    84,
    85,
    86,
    87,
    88,
    89,
    90,
    91,
    92,
    93,
    94,
    95,
    96,
    97,
    98,
    99,
    100,
    101,
    102,
    103,
    104,
    105,
    106,
    107,
    108,
    109,
    110,
    111,
    112,
    113,
    114,
    115,
    116,
    117,
    118,
    119,
    120,
    121,
    122,
    123,
    124,
    125,
    126,
    127,
    128,
    129,
    130,
    131,
    132,
    133,
    134,
    135,
    136,
    137,
    138,
    139,
    140,
    141,
    142,
    143,
    144,
    145,
    146,
    147,
    148,
    149,
    150,
    151,
    152,
    153,
    154,
    155,
    156,
    157,
    158,
    159,
    160,
    161,
    162,
    163,
    164,
    165,
    166,
    167,
    168,
    169,
    170,
    171,
    172,
    173,
    174,
    175,
    176,
    177,
    178,
    179,
    180,
    181,
    182,
    183,
    184,
    185,
    186,
    187,
    188,
    189,
    190,
    191,
    192,
    193,
    194,
    195,
    196,
    197,
    198,
    199
  ],
  "states": [
    50.0,
    51.567339601401024,
    51.1663206648211,
    50.01654733329608,
    48.41110986450597,
    48.839660818717995,
    48.34128877451548,
    47.79766345706249,
    47.412302979774985,
    46.48101461634487,
    46.601893170869445,
    45.45388628371542,
    45.973145982408255,
    46.59304859283472,
    46.29178873394593,
    46.61744856212451,
    47.69938089455906,
    47.86070909929064,
    47.38632309566459,
    46.454677893611546,
    47.24859063346507,
    48.642636646335475,
    48.21779623772504,
    47.4575600717264,
    48.08085767775596,
    47.55233267097226,
    48.19887060721142,
    48.280965236148965,
    48.606573429398104,
    48.14590292491567,
    49.698778982049795,
    48.99354385676084,
    48.51791521246603,
    49.632495850279106,
    50.29891018443304,
    50.034595961397336,
    50.96244612454916,
    49.51367457571846,
    49.07587943861709,
    49.4062962180658,
    50.51305652171514,
    50.86688725876525,
    49.894623916606434,
    48.820997624957755,
    48.837557024527364,
    49.16269870595286,
    49.245357821235004,
    49.25356569309617,
    48.721119479135204,
    48.449902319407705,
    48.92830653581564,
    48.64327057122402,
    48.68122258997938,
    48.003625815404746,
    47.98484543656067,
    47.555737657240506,
    46.883262693292096,
    46.456282300804304,
    46.62480238303873,
    46.13290486548821,
    47.32098607999721,
    46.9625515267205,
    46.539424522029506,
    46.1562747493484,
    47.80860074982461,
    47.42258060274155,
    47.38893380574901,
    46.765858207226664,
    47.96391642594757,
    49.43765301789392,
    48.94450630440931,
    49.66791872546378,
    49.62052002281903,
    48.447588424655265,
    46.46754356785762,
    46.813501738331674,
    46.26567746543515,
    44.793544001978965,
    44.799798534315265,
    44.14615960770212,
    45.22296942901446,
    45.39775352500855,
    44.494421630713084,
    44.26376525430367,
    44.026244092373254,
    43.98879837790193,
    44.35068392399753,
    44.61522643724583,
    43.69957439493022,
    44.184454218416825,
    44.73484132035019,
    44.1920470053712,
    43.86674054989765,
    44.46458049796277,
    44.28621811334751,
    44.05165413195558,
    43.77108026313524,
    42.63920186091977,
    42.505950786088064,
    41.39491528478993,
    40.02976744377251,
    39.757749122160654,
    40.192017265865694,
    39.58989295753069,
    39.784101421742875,
    39.266592583984746,
    39.90125340113781,
    38.5050682796554,
    37.742573139523785,
    38.047272213212246,
    37.96615896874548,
    39.11308670285149,
    40.26301010340772,
    41.77662085510682,
    42.08896530368711,
    42.23519986587797,
    40.98519812602517,
    41.162205258910745,
    41.09936093987025,
    41.05113006119528,
    41.157642726530575,
    40.56369547553011,
    40.15272862655614,
    39.21838854973491,
    38.7819393593493,
    39.3637988780217,
    39.844279822660035,
    39.64327359102422,
    39.43066953016141,
    39.61007427646596,
    38.685401807097065,
    37.74817427341518,
    36.850985157564665,
    37.18610271876179,
    36.1649876173252,
    37.02545973937771,
    37.998575844421765,
    37.12397222922323,
    37.69768796384987,
    37.79524166332817,
    36.15518231219098,
    36.24954550474652,
    35.56113191216736,
    35.50028531942512,
    36.52986349309924,
    36.946473528617986,
    36.403241206659246,
    36.44523272277858,
    36.41458255231109,
    36.17621914148545,
    36.1646807686903,
    36.72831133571416,
    37.07571557995091,
    36.24114371228608,
    37.94259145710235,
    39.021163874099265,
    40.04370812531593,
    39.982506018145266,
    39.96396360363435,
    39.84201057065306,
    40.37655552401913,
    40.4551460510648,
    40.96916164379311,
    41.128692741322745,
    42.18811160287414,
    42.90136706082641,
    42.35899676449597,
    42.78047469860712,
    42.39318008964697,
    41.953827181361405,
    42.18436969412341,
    41.39554848638284,
    41.51168910614832,
    41.51507774827268,
    41.829303153673905,
    43.115812367588035,
    42.64635217678724,
    42.14982094060282,
    42.69138960595087,
    42.07619610339319,
    41.63115241357966,
    42.46480450782137,
    42.29545782206454,
    41.97984913599284,
    42.094264392346716,
    42.83345985217318,
    41.15732132828172,
    39.715431728300246,
    39.61509654996681,
    39.17501634883995,
    39.880175968328295,
    39.45886093336333,
    40.074081451078875,
    39.94834396306028,
    39.97492434805705,
    39.81084223198607,
    39.39107455201932,
    38.92848792167689,
    38.50188327076537,
    37.898702433038544,
    39.69581284834953
  ],
  "actions": [],
  "observations": [
    1,
    1,
    1,
    1,
    1,
    1,
    1,
    1,
    1,
    1,
    1,
    1,
    1,
    1,
    1,
    1,
    1,
    1,
    1,
    1,
    1,
    1,
    1,
    1,
    1,
    1,
    1,
    1,
    1,
    1,
    1,
    1,
    1,
    1,
    1,
    1,
    1,
    1,
    1,
    1,
    1,
    1,
    1,
    1,
    1,
    1,
    1,
    1,
    1,
    1,
    1,
    1,
    1,
    1,
    1,
    1,
    1,
    1,
    1,
    1,
    1,
    1,
    1,
    1,
    1,
    1,
    1,
    1,
    1,
    1,
    1,
    1,
    1,
    1,
    1,
    1,
    1,
    0,
    0,
    0,
    1,
    1,
    0,
    0,
    0,
    0,
    0,
    0,
    0,
    0,
    0,
    0,
    0,
    0,
    0,
    0,
    0,
    0,
    0,
    0,
    0,
    0,
    0,
    0,
    0,
    0,
    0,
    0,
    0,
    0,
    0,
    0,
    0,
    0,
    0,
    0,
    0,
    0,
    0,
    0,
    0,
    0,
    0,
    0,
    0,
    0,
    0,
    0,
    0,
    0,
    0,
    0,
    0,
    0,
    0,
    0,
    0,
    0,
    0,
    0,
    0,
    0,
    0,
    0,
    0,
    0,
    0,
    0,
    0,
    0,
    0,
    0,
    0,
    0,
    0,
    0,
    0,
    0,
    0,
    0,
    0,
    0,
    0,
    0,
    0,
    0,
    0,
    0,
    0,
    0,
    0,
    0,
    0,
    0,
    0,
    0,
    0,
    0,
    0,
    0,
    0,
    0,
    0,
    0,
    0,
    0,
    0,
    0,
    0,
    0,
    0,
    0,
    0,
    0,
    0,
    0,
    0,
    0,
    0,
    0
  ],