{
  "timesteps": [
    0,
    1,
    2,
    3,
    4,
    5,
    6,
    7,
    8,
    9,
    10,
    11,
    12,
    13,
    14,
    15,
    16,
    17,
    18,
    19,
    20,
    21,
    22,
    23,
    24,
    25,
    26,
    27,
    28,
    29,
    30,
    31,
    32,
    33,
    34,
    35,
    36,
    37,
    38,
    39,
    40,
    41,
    42,
    43,
    44,
    45,
    46,
    47,
    48,
    49,
    50,
    51,
    52,
    53,
    54,
    55,
    56,
    57,
    58,
    59,
    60,
    61,
    62,
    63,
    64,
    65,
    66,
    67,
    68,
    69,
    70,
    71,
    72,
    73,
    74,
    75,
    76,
    77,
    78,
    79,
    80,
    81,
    82,
    83,
    84,
    85,
    86,
    87,
    88,
    89,
    90,
    91,
    92,
    93,
    94,
    95,
    96,
    97,
    98,
    99,
    100,
    101,
    102,
    103,
    104,
    105,
    106,
    107,
    108,
    109,
    110,
    111,
    112,
    113,
    114,
    115,
    116,
    117,
    118,
    119,
    120,
    121,
    122,
    123,
    124,
    125,
    126,
    127,
    128,
    129,
    130,
    131,
    132,
    133,
    134,
    135,
    136,
    137,
    138,
    139,
    140,
    141,
    142,
    143,
    144,
    145,
    146,
    147,
    148,
    149,
    150,
    151,
    152,
    153,
    154,
    155,
    156,
    157,
    158,
    159,
    160,
    161,
    162,
    163,
    164,
    165,
    166,
    167,
    168,
    169,
    170,
    171,
    172,
    173,
    174,
    175,
    176,
    177,
    178,
    179,
    180,
    181,
    182,
    183,
    184,
    185,
    186,
    187,
    188,
    189,
    190,
    191,
    192,
    193,
    194,
    195,
    196,
    197,
    198,
    199
  ],
  "states": [
    50.0,
    49.40837261887128,
    50.259266571247,
    49.79730645678182,
    50.730437320608274,
    50.571248797579614,
    52.184240654342496,
    53.18977871900032,
    52.70113300613434,
    52.91513911163762,
    53.16314927051702,
    52.68599081064823,
    52.40579009615416,
    52.14206605662164,
    51.94593198344652,
    51.69581667751466,
    51.268021044848716,
    52.04921128691515,
    52.88681631328092,
    53.08361572133578,
    53.81856488739939,
    54.91395840115136,
    55.83959885292475,
    55.80903042508264,
    56.23315995467216,
    55.75795790301282,
    56.38127564211285,
    56.10643630767296,
    57.55803896875859,
    58.58724498747271,
    59.20590993572128,
    58.09170608759589,
    57.611196757011626,
    55.499271040289784,
    55.506481286548805,
    55.6471780574007,
    56.01660166118505,
    54.82578884766452,
    54.69947181750191,
    55.294778771462504,
    55.42757419065787,
    54.670787665746275,
    55.204592085971086,
    55.77196836096955,
    55.64047653528801,
    56.98987384374301,
    57.25965434178666,
    58.309236019997996,
    58.87499416952082,
    59.83809133764207,
    59.82721776824764,
    59.44367248260845,
    59.51679805222319,
    58.317339250107786,
    58.384157590707886,
    59.46150740973348,
    59.15548231737279,
    58.29039767777293,
    57.77417706650199,
    59.10143912661166,
    58.10150752584112,
    57.83834781877473,
    57.551406058618284,
    58.79305048087192,
    58.93114715714269,
    57.68010296443781,
    56.97653220677833,
    57.0391075386695,
    55.84616012373612,
    55.298137309810166,
    55.28439296100495,
    55.51813549717292,
    54.70118102545841,
    55.76034036458527,
    56.14042131158794,
    56.38837991357773,
    56.514508333879576,
    57.48216472901465,
    57.144773886251585,
    57.62432884022191,
    58.80083140847017,
    58.46854364948278,
    58.48937992943232,
    57.19034255168175,
    57.68005768551597,
    56.73991213797291,
    56.48630465321147,
    56.09357458360089,
    54.05359017417342,
    54.6252774065588,
    54.713552952334865,
    55.76932673146816,
    56.088364434132664,
    56.067750856894676,
    55.272424479291715,
    54.95626313992423,
    56.02390065092191,
    56.48095998468967,
    55.55792561996764,
    56.794069266365646,
    56.29230718080037,
    57.03596090543012,
    55.70300077765839,
    54.079543388904234,
    54.051816913362984,
    53.58495522215962,
    54.49455904685507,
    55.36185623127623,
    54.1694591963113,
    54.792164713072914,
    55.47014157619843,
    55.44196916653767,
    55.08317994450554,
    54.78178739341253,
    53.98069735086227,
    53.954699992285924,
    54.26448074062057,
    54.797300428437,
    55.738445124742924,
    57.95356637072244,
    58.866431401492136,
    59.220709854412604,
    58.2119214167296,
    57.958392866638896,
    58.63365780112069,
    57.99727383087733,
    58.29368758373403,
    57.818959872422965,
    58.52730113049331,
    58.336713388424265,
    57.90844486920277,
    58.207801515860304,
    56.57108360664363,
    56.20928147520417,
    55.53976485328303,
    55.28323414063876,
    55.61831644785138,
    54.59240546965317,
    53.88059122826501,
    54.27004152007644,
    53.98959444287847,
    53.78404974610676,
    54.15485618475844,
    53.34874027396071,
    53.7318553772626,
    53.9640667634251,
    54.15476529912534,
    53.43524962639652,
    52.806266478317546,
    53.198308986177054,
    51.51174911364435,
    51.66650925654971,
    51.357103839266586,
    52.09121567731684,
    52.16043539763735,
    52.204762026575004,
    51.36830469161947,
    50.81518827481346,
    50.010462506917825,
    48.08788244535665,
    47.67174190286021,
    49.43882908978051,
    49.14507871318651,
    49.56442953325237,
    48.733556737713606,
    47.93352518728876,
    48.68594339335403,
    48.70945408432657,
    50.01392472401123,
    48.28689346058361,
    48.67127748185462,
    48.87827143434858,
    48.6087701181475,
    48.13472034436853,
    48.04483239515643,
    46.867510390689354,
    45.13832062361381,
    46.200007985946314,
    46.288051838454976,
    46.81618524495389,
    46.38104324957724,
    46.06873472338856,
    46.219865687549394,
    45.73741189336402,
    47.026462133003925,
    47.48459273121941,
    47.529366940308336,
    46.98655211436519,
    46.34419179059513,
    46.57575536950418,
    46.59870733738576,
    45.60669276551085,
    44.03417175167322,
    43.634382996555814,
    43.35149730132882,
    43.43656810604995,
    42.39127870890367,
    42.0989696354667,
    42.6622659458691,
    43.344400526207984,
    42.637224883314865
  ],
  "actions": [],
  "observations": [
    1,
    1,
    1,
    1,
    1,
    1,
    1,
    1,
    1,
    1,
    1,
    1,
    1,
    1,
    1,
    1,
    1,
    1,
    1,
    1,
    1,
    1,
    2,
    2,
    2,
    2,
    2,
    2,
    2,
    2,
    2,
    2,
    2,
    2,
    2,
    2,
    2,
    1,
    1,
    2,
    2,
    1,
    2,
    2,
    2,
    2,
    2,
    2,
    2,
    2,
    2,
    2,
    2,
    2,
    2,
    2,
    2,
    2,
    2,
    2,
    2,
    2,
    2,
    2,
    2,
    2,
    2,
    2,
    2,
    2,
    2,
    2,
    1,
    2,
    2,
    2,
    2,
    2,
    2,
    2,
    2,
    2,
    2,
    2,
    2,
    2,
    2,
    2,
    1,
    1,
    1,
    2,
    2,
    2,
    2,
    1,
    2,
    2,
    2,
    2,
    2,
    2,
    2,
    1,
    1,
    1,
    1,
    2,
    1,
    1,
    2,
    2,
    2,
    1,
    1,
    1,
    1,
    1,
    2,
    2,
    2,
    2,
    2,
    2,
    2,
    2,
    2,
    2,
    2,
    2,
    2,
    2,
    2,
    2,
    2,
    2,
    2,
    1,
    1,
    1,
    1,
    1,
    1,
    1,
    1,
    1,
    1,
    1,
    1,
    1,
    1,
    1,
    1,
    1,
    1,
    1,
    1,
    1,
    1,
    1,
    1,
    1,
    1,
    1,
    1,
    1,
    1,
    1,
    1,
    1,
    1,
    1,
    1,
    1,
    1,
    1,
    1,
    1,
    1,
    1,
    1,
    1,
    1,
    1,
    1,
    1,
    1,
    1,
    1,
    1,
    1,
    1,
    0,
    0,
    0,
    0,
    0,
    0,
    0,
    0
  ],