{
  "timesteps": [
    0,
    1,
    2,
    3,
    4,
    5,
    6,
    7,
    8,
    9,
    10,
    11,
    12,
    13,
    14,
    15,
    16,
    17,
    18,
    19,
    20,
    21,
    22,
    23,
    24,
    25,
    26,
    27,
    28,
    29,
    30,
    31,
    32,
    33,
    34,
    35,
    36,
    37,
    38,
    39,
    40,
    41,
    42,
    43,
    44,
    45,
    46,
    47,
    48,
    49,
    50,
    51,
    52,
    53,
    54,
    55,
    56,
    57,
    58,
    59,
    60,
    61,
    62,
    63,
    64,
    65,
    66,
    67,
    68,
    69,
    70,
    71,
    72,
    73,
    74,
    75,
    76,
    77,
    78,
    79,
    80,
    81,
    82,
    83,
    84,
    85,
    86,
    87,
    88,
    89,
    90,
    91,
    92,
    93,
    94,
    95,
    96,
    97,
    98,
    99,
    100,
    101,
    102,
    103,
    104,
    105,
    106,
    107,
    108,
    109,
    110,
    111,
    112,
    113,
    114,
    115,
    116,
    117,
    118,
    119,
    120,
    121,
    122,
    123,
    124,
    125,
    126,
    127,
    128,
    129,
    130,
    131,
    132,
    133,
    134,
    135,
    136,
    137,
    138,
    139,
    140,
    141,
    142,
    143,
    144,
    145,
    146,
    147,
    148,
    149,
    150,
    151,
    152,
    153,
    154,
    155,
    156,
    157,
    158,
    159,
    160,
    161,
    162,
    163,
    164,
    165,
    166,
    167,
    168,
    169,
    170,
    171,
    172,
    173,
    174,
    175,
    176,
    177,
    178,
    179,
    180,
    181,
    182,
    183,
    184,
    185,
    186,
    187,
    188,
    189,
    190,
    191,
    192,
    193,
    194,
    195,
    196,
    197,
    198,
    199
  ],
  "states": [
    50.0,
    47.110747233160886,
    49.128692015280734,
    49.100461515910595,
    49.57285647913371,
    50.07483799773418,
    50.90600843208952,
    50.45399254495592,
    49.7516970659008,
    48.74346951686273,
    48.54833518573155,
    47.836565326345095,
    46.879075403893594,
    47.86114705659178,
    48.76577778848835,
    48.422708406412355,
    47.49589305401907,
    47.805244299574014,
    48.20489738655914,
    50.11174088001338,
    49.919232237148016,
    50.63112612385159,
    50.69168494815416,
    50.15510414405354,
    50.500996757758195,
    52.07965780901657,
    52.1852537727539,
    50.63471140397677,
    52.28314451803217,
    51.62418189312877,
    52.643484715607734,
    54.44575899254088,
    54.501805156393814,
    53.497603361088224,
    53.19226335026411,
    51.483340747001414,
    54.4565317055742,
    55.68732253349443,
    56.533801796890806,
    56.41998198272496,
    58.2310035237225,
    57.97801233234829,
    59.3961010338515,
    58.47083365603748,
    60.104906757554005,
    60.547558065869914,
    59.079603403198576,
    61.536938128294835,
    59.87524907437874,
    61.57996824228029,
    62.562873383171556,
    62.857339421818544,
    62.57551726968978,
    61.50905131357376,
    63.12226547717965,
    61.745777939408015,
    61.37051631675288,
    60.49268478161825,
    60.83917893398583,
    61.74410922268497,
    63.00536450455995,
    60.73746860743071,
    60.65680313848114,
    60.6281525134527,
    60.91532256832096,
    60.93863773631697,
    61.29946594902287,
    61.06039492839115,
    64.06048004864962,
    64.71772267289298,
    63.525420192662025,
    61.63838362550437,
    63.44754035539651,
    64.03420241544747,
    62.59694048174557,
    64.98596958511014,
    65.59343346565893,
    65.79456841837107,
    66.20080893341427,
    66.53393337106762,
    64.70321555031092,
    64.96188935931086,
    65.61072050545096,
    65.59059711105988,
    66.85402860015789,
    63.67076517259829,
    65.01825679441744,
    62.35129316162913,
    60.73011674442593,
    59.632986080318034,
    61.46831293508642,
    63.503222910267056,
    62.10224745384767,
    60.136757527438405,
    58.60700365695628,
    58.63608668049724,
    59.342420882909906,
    56.85593907079727,
    55.285635132945075,
    52.16429479377158,
    49.795938735082686,
    50.478429589917,
    52.14468069201565,
    50.641515367011095,
    51.36275542620821,
    51.71197474433012,
    50.03935552476143,
    49.45488009804526,
    47.906164163196785,
    47.57630754425676,
    48.12572757068666,
    46.41641936741266,
    46.40793064250212,
    44.75615920945926,
    45.66893630703515,
    46.087003095894104,
    45.147206844418555,
    46.3134220103758,
    45.55085152028952,
    44.68469316296279,
    46.804390091434136,
    44.88944057908778,
    45.129234040290484,
    44.57491836853489,
    44.03289310145011,
    45.66325825006903,
    45.80661883316831,
    46.76708895908093,
    46.271301337945296,
    48.40780959141986,
    48.661831866598696,
    49.80063366828535,
    48.780417233663556,
    50.27274924563816,
    50.33399306304699,
    50.6958917005997,
    48.244002648995945,
    47.9950188374852,
    46.87097101528585,
    47.46874017025539,
    49.09303259974597,
    46.26687526265579,
    47.20227077327901,
    46.843004947633354,
    44.70320765327671,
    41.97916748232459,
    41.42803233308973,
    43.16212269069753,
    41.990164725503696,
    43.78621017682729,
    44.51821291288239,
    45.58308543892761,
    46.81300114426445,
    45.739153800813625,
    47.41732749495577,
    46.129524840520844,
    45.047392921836405,
    43.314335675311845,
    43.541763672715554,
    44.22024454612542,
    46.70777979726936,
    45.5889008105371,
    44.604244515360755,
    44.334363545208944,
    44.4567782526852,
    46.097418963892274,
    46.270170727926995,
    45.53002914248861,
    45.66765151523004,
    46.55536018742813,
    47.17258031814634,
    49.31808894790595,
    51.13072561732406,
    50.740615705908176,
    50.7316297612117,
    48.36627798351189,
    48.02420258292482,
    48.87085932686837,
    50.04887462906597,
    47.76030433487314,
    47.02264904301252,
    46.30602402966604,
    45.44114835657781,
    45.38723452485222,
    45.37673533479347,
    47.06167052743101,
    47.391075481715646,
    45.66839433606325,
    44.51806055168576,
    42.965861108725456,
    42.82490516664979,
    42.33636697836065,
    42.06515151978327,
    43.05826139431062,
    39.78138558180072,
    39.47048917434152,
    38.76788661881593,
    40.244290774976704,
    39.746780655643526,
    40.83632393618516,
    41.110437777637976
  ],
  "actions": [],
  "observations": [
    1,
    1,
    1,
    1,
    1,
    1,
    1,
    1,
    1,
    1,
    1,
    1,
    1,
    1,
    1,
    1,
    1,
    1,
    1,
    1,
    1,
    1,
    1,
    1,
    1,
    1,
    1,
    1,
    1,
    1,
    1,
    1,
    1,
    1,
    1,
    1,
    1,
    2,
    2,
    2,
    2,
    2,
    2,
    2,
    2,
    2,
    2,
    2,
    2,
    2,
    2,
    2,
    2,
    2,
    2,
    2,
    2,
    2,
    2,
    2,
    2,
    2,
    2,
    2,
    2,
    2,
    2,
    2,
    2,
    2,
    2,
    2,
    2,
    2,
    2,
    2,
    2,
    2,
    2,
    2,
    2,
    2,
    2,
    2,
    2,
    2,
    2,
    2,
    2,
    2,
    2,
    2,
    2,
    2,
    2,
    2,
    2,
    2,
    2,
    1,
    1,
    1,
    1,
    1,
    1,
    1,
    1,
    1,
    1,
    1,
    1,
    1,
    1,
    0,
    1,
    1,
    1,
    1,
    1,
    0,
    1,
    0,
    1,
    0,
    0,
    1,
    1,
    1,
    1,
    1,
    1,
    1,
    1,
    1,
    1,
    1,
    1,
    1,
    1,
    1,
    1,
    1,
    1,
    1,
    0,
    0,
    0,
    0,
    0,
    0,
    0,
    1,
    1,
    1,
    1,
    1,
    1,
    0,
    0,
    0,
    1,
    1,
    0,
    0,
    0,
    1,
    1,
    1,
    1,
    1,
    1,
    1,
    1,
    1,
    1,
    1,
    1,
    1,
    1,
    1,
    1,
    1,
    1,
    1,
    1,
    1,
    1,
    1,
    0,
    0,
    0,
    0,
    0,
    0,
    0,
    0,
    0,
    0,
    0,
    0
  ],