{
  "timesteps": [
    0,
    1,
    2,
    3,
    4,
    5,
    6,
    7,
    8,
    9,
    10,
    11,
    12,
    13,
    14,
    15,
    16,
    17,
    18,
    19,
    20,
    21,
    22,
    23,
    24,
    25,
    26,
    27,
    28,
    29,
    30,
    31,
    32,
    33,
    34,
    35,
    36,
    37,
    38,
    39,
    40,
    41,
    42,
    43,
    44,
    45,
    46,
    47,
    48,
    49,
    50,
    51,
    52,
    53,
    54,
    55,
    56,
    57,
    58,
    59,
    60,
    61,
    62,
    63,
    64,
    65,
    66,
    67,
    68,
    69,
    70,
    71,
    72,
    73,
    74,
    75,
    76,
    77,
    78,
    79,
    80,
    81,
    82,
    83,
    84,
    85,
    86,
    87,
    88,
    89,
    90,
    91,
    92,
    93,
    94,
    95,
    96,
    97,
    98,
    99,
    100,
    101,
    102,
    103,
    104,
    105,
    106,
    107,
    108,
    109,
    110,
    111,
    112,
    113,
    114,
    115,
    116,
    117,
    118,
    119,
    120,
    121,
    122,
    123,
    124,
    125,
    126,
    127,
    128,
    129,
    130,
    131,
    132,
    133,
    134,
    135,
    136,
    137,
    138,
    139,
    140,
    141,
    142,
    143,
    144,
    145,
    146,
    147,
    148,
    149,
    150,
    151,
    152,
    153,
    154,
    155,
    156,
    157,
    158,
    159,
    160,
    161,
    162,
    163,
    164,
    165,
    166,
    167,
    168,
    169,
    170,
    171,
    172,
    173,
    174,
    175,
    176,
    177,
    178,
    179,
    180,
    181,
    182,
    183,
    184,
    185,
    186,
    187,
    188,
    189,
    190,
    191,
    192,
    193,
    194,
    195,
    196,
    197,
    198,
    199
  ],
  "states": [
    50.0,
    51.67467661400833,
    54.23619887110659,
    52.569931834209875,
    52.091311341212005,
    53.59444698705759,
    54.37333901160406,
    55.87305117117687,
    53.71131846844286,
    51.19411353168245,
    53.221455321100436,
    54.00560691840009,
    53.90577017752808,
    52.104644312044826,
    53.399384444462136,
    54.58357948367818,
    56.55253013802862,
    51.94944539104924,
    52.323678859123355,
    48.07870468949366,
    46.71763953016721,
    43.40823438517936,
    42.914758531621004,
    44.42713103629178,
    47.94673458439368,
    46.629835102563064,
    44.28502338351453,
    41.45317673740833,
    42.509166251037804,
    43.86592627534473,
    44.0965886273563,
    39.93357500208629,
    39.23601201392067,
    39.296241226456495,
    36.21228939242753,
    32.801232548027386,
    35.66174491309245,
    34.50836684430229,
    34.20394759743645,
    33.619953544839824,
    36.11101051457479,
    32.59749594199316,
    33.9139612791858,
    31.73042216243012,
    35.375287433847944,
    39.96089566039696,
    38.01961333289276,
    40.211004776568906,
    38.073075742093884,
    41.44563909247525,
    41.96263066022842,
    44.81170074033177,
    45.44916903130042,
    42.4961790029584,
    42.5661718106452,
    44.40432799818051,
    44.26513212780422,
    46.15797925004992,
    46.9350195152101,
    48.5122636558878,
    48.70938748804402,
    51.88255397111483,
    52.14663494449826,
    51.38666543637522,
    50.89616845082159,
    52.79956606584077,
    54.10974169264324,
    53.09808144401852,
    52.99869875960854,
    55.15296489957221,
    54.19972100277223,
    52.576657509778556,
    51.28995250291787,
    51.12409318544994,
    50.59436379789756,
    48.86750227408364,
    46.836991194429274,
    48.264370952183484,
    48.852160549466994,
    45.96164384992424,
    45.47314179157457,
    46.83860646173473,
    45.330454035910726,
    45.39404278967507,
    48.3626787308187,
    49.773561850605546,
    51.02168981130243,
    53.59744842193779,
    49.83817300309727,
    50.30944283907354,
    51.32969712952668,
    46.6960598471423,
    49.008875375625244,
    51.313810023800976,
    49.56479305181218,
    47.17920301800334,
    46.1030572922824,
    47.509384286689766,
    45.46895205505499,
    45.89332865773255,
    47.94405862521498,
    48.95552116527518,
    47.978746186397906,
    47.126979157306806,
    44.77764944772586,
    42.66873489193313,
    41.8744378949138,
    42.23279684317266,
    40.0896894104481,
    42.45232920320142,
    43.18671681118209,
    40.65463833739168,
    41.3719039932004,
    43.96502251775715,
    42.74176000195087,
    43.37246221114948,
    43.97463564831002,
    43.931905329133436,
    44.65481393193936,
    46.96999702298131,
    49.03003365379071,
    47.460284234928665,
    47.35549488022232,
    46.54058281672155,
    45.7859485821239,
    44.71830834781714,
    44.600630881251554,
    43.62529730083337,
    44.511743927133,
    48.003958424108916,
    49.670632836283495,
    47.49062333635529,
    46.67513619892667,
    46.653450635905855,
    44.48687380022647,
    41.620954066876266,
    39.26662128068903,
    41.457001581486395,
    39.74222262895805,
    43.70802614600492,
    43.928889779167804,
    44.22655502437231,
    47.045161515575586,
    52.53825282850523,
    53.42726785040059,
    53.57526848436826,
    54.25866120794468,
    56.07797428650054,
    55.20817602919588,
    51.94776514396814,
    51.10582602097467,
    52.32177652809792,
    58.9275383218204,
    56.65339736973635,
    56.02075011836076,
    56.58788580335856,
    57.52552463361553,
    56.96481313900714,
    59.48698846912279,
    57.766485435089486,
    60.38829444730925,
    59.26808097113472,
    58.0397397965917,
    59.23500030231079,
    55.18367857813042,
    54.02054102032371,
    53.25625216113768,
    51.685308171676,
    52.70135735840648,
    52.09599442460839,
    48.851096455891906,
    49.595512767308904,
    48.691466342320616,
    49.33536644903444,
    49.45598900559068,
    48.042042960263416,
    46.95438919612808,
    45.32351000642549,
    41.93205910536649,
    39.75266374092688,
    40.362254970080016,
    38.474660090463466,
    40.96513319525081,
    41.93775945501724,
    43.428587802280276,
    42.39305357242864,
    44.668022893456715,
    39.905317425204636,
    38.885258696451196,
    40.18029477536549,
    40.49944255207123,
    42.6777545081645,
    44.695331827685514,
    46.311136998647584,
    46.39525422197647,
    49.41850188654709,
    51.03917088877159,
    49.733266864925525,
    48.07090059925455,
    45.62834873463802,
    45.91513519118355
  ],
  "actions": [],
  "observations": [
    1,
    1,
    1,
    1,
    1,
    1,
    1,
    2,
    1,
    1,
    1,
    1,
    1,
    1,
    1,
    1,
    2,
    1,
    1,
    1,
    1,
    0,
    0,
    0,
    1,
    1,
    0,
    0,
    0,
    0,
    0,
    0,
    0,
    0,
    0,
    0,
    0,
    0,
    0,
    0,
    0,
    0,
    0,
    0,
    0,
    0,
    0,
    0,
    0,
    0,
    0,
    0,
    1,
    0,
    0,
    0,
    0,
    1,
    1,
    1,
    1,
    1,
    1,
    1,
    1,
    1,
    1,
    1,
    1,
    2,
    1,
    1,
    1,
    1,
    1,
    1,
    1,
    1,
    1,
    1,
    1,
    1,
    1,
    1,
    1,
    1,
    1,
    1,
    1,
    1,
    1,
    1,
    1,
    1,
    1,
    1,
    1,
    1,
    1,
    1,
    1,
    1,
    1,
    1,
    0,
    0,
    0,
    0,
    0,
    0,
    0,
    0,
    0,
    0,
    0,
    0,
    0,
    0,
    0,
    1,
    1,
    1,
    1,
    1,
    1,
    0,
    0,
    0,
    0,
    1,
    1,
    1,
    1,
    1,
    0,
    0,
    0,
    0,
    0,
    0,
    0,
    0,
    1,
    1,
    1,
    1,
    1,
    2,
    2,
    1,
    1,
    1,
    2,
    2,
    2,
    2,
    2,
    2,
    2,
    2,
    2,
    2,
    2,
    2,
    2,
    1,
    1,
    1,
    1,
    1,
    1,
    1,
    1,
    1,
    1,
    1,
    1,
    1,
    0,
    0,
    0,
    0,
    0,
    0,
    0,
    0,
    0,
    0,
    0,
    0,
    0,
    0,
    0,
    1,
    1,
    1,
    1,
    1,
    1,
    1
  ],