{
  "timesteps": [
    0,
    1,
    2,
    3,
    4,
    5,
    6,
    7,
    8,
    9,
    10,
    11,
    12,
    13,
    14,
    15,
    16,
    17,
    18,
    19,
    20,
    21,
    22,
    23,
    24,
    25,
    26,
    27,
    28,
    29,
    30,
    31,
    32,
    33,
    34,
    35,
    36,
    37,
    38,
    39,
    40,
    41,
    42,
    43,
    44,
    45,
    46,
    47,
    48,
    49,
    50,
    51,
    52,
    53,
    54,
    55,
    56,
    57,
    58,
    59,
    60,
    61,
    62,
    63,
    64,
    65,
    66,
    67,
    68,
    69,
    70,
    71,
    72,
    73,
    74,
    75,
    76,
    77,
    78,
    79,
    80,
    81,
    82,
    83,
    84,
    85,
    86,
    87,
    88,
    89,
    90,
    91,
    92,
    93,
    94,
    95,
    96,
    97,
    98,
    99,
    100,
    101,
    102,
    103,
    104,
    105,
    106,
    107,
    108,
    109,
    110,
    111,
    112,
    113,
    114,
    115,
    116,
    117,
    118,
    119,
    120,
    121,
    122,
    123,
    124,
    125,
    126,
    127,
    128,
    129,
    130,
    131,
    132,
    133,
    134,
    135,
    136,
    137,
    138,
    139,
    140,
    141,
    142,
    143,
    144,
    145,
    146,
    147,
    148,
    149,
    150,
    151,
    152,
    153,
    154,
    155,
    156,
    157,
    158,
    159,
    160,
    161,
    162,
    163,
    164,
    165,
    166,
    167,
    168,
    169,
    170,
    171,
    172,
    173,
    174,
    175,
    176,
    177,
    178,
    179,
    180,
    181,
    182,
    183,
    184,
    185,
    186,
    187,
    188,
    189,
    190,
    191,
    192,
    193,
    194,
    195,
    196,
    197,
    198,
    199
  ],
  "states": [
    50.0,
    49.2562870075087,
    50.5888677985543,
    50.827349927106674,
    50.174177143068114,
    49.77849363602014,
    50.12121432441331,
    51.12340967506376,
    50.42608027470828,
    54.02040200961211,
    52.63088827685762,
    50.6434334826048,
    54.16741806309276,
    55.745713264945266,
    59.83434376713819,
    59.949954542238295,
    58.973765288887584,
    58.87637724706853,
    62.02288392449488,
    64.31658174386067,
    64.84031903179786,
    66.19699923723674,
    65.9200308661955,
    65.29068038517623,
    66.24933011972027,
    65.17524594981273,
    67.44092003076977,
    67.74912916217886,
    67.88141537106583,
    68.12920810634954,
    67.63067849817084,
    70.69828955449174,
    70.29441561252068,
    73.19059830688357,
    72.93752270576788,
    72.88958131856654,
    71.76986203800986,
    70.5338773902065,
    69.43562981941976,
    72.37774545065794,
    71.84505192791556,
    72.91234199025551,
    70.65610678844938,
    65.79413057439969,
    66.71830863392276,
    67.58529782962022,
    66.76321752563837,
    67.01721459266805,
    66.46129184331214,
    63.265245287132714,
    63.48057536063808,
    65.7396602847323,
    65.80346773097794,
    66.13063937702209,
    66.51190958503959,
    65.45684469504126,
    63.05566845032289,
    62.72250773894062,
    61.50984235019455,
    60.22647493245781,
    61.46500251759665,
    62.18335886166025,
    64.61023118259372,
    62.43335568705662,
    62.967201309478114,
    62.12232834989289,
    59.63263286420626,
    58.829240313910894,
    57.43746948477971,
    56.54876614473272,
    55.469845251139695,
    59.43340642584874,
    60.85225036117519,
    61.13497678783779,
    61.75162433680312,
    60.10907511976657,
    56.456708922328595,
    55.10532231527467,
    55.57109285540714,
    56.68703931287273,
    55.465664320452845,
    52.06088046049707,
    56.21775165179089,
    56.79155174619446,
    55.929622859629724,
    55.58846641235856,
    55.09109898400659,
    57.21464211687495,
    56.67799126882725,
    56.68710412061339,
    58.82401977579292,
    56.1955144755938,
    56.1051078567321,
    58.64686385801755,
    55.12322412656307,
    53.14435692879497,
    51.828527463727276,
    52.40828690029408,
    51.957549763921996,
    54.0007211929375,
    54.17877054954246,
    52.94865583673837,
    53.72318282207615,
    55.674454653050375,
    55.7706541195953,
    53.64216975101119,
    54.80024089614811,
    57.47956481393288,
    58.18961475341221,
    58.13983452842049,
    58.218284902625626,
    54.461805147995136,
    55.179221097731826,
    57.64679916378674,
    60.2457150287622,
    60.79254522580999,
    60.94190272266982,
    61.55331601004474,
    59.85429591109004,
    60.41970090244911,
    59.82151916871614,
    57.88252003023403,
    57.31826923687595,
    57.20343216848722,
    56.91137076574261,
    54.61375586665181,
    54.34673269319954,
    54.85745556163373,
    55.83433971039431,
    55.693727714614184,
    57.33580682326747,
    56.80799843834547,
    57.987107592672345,
    55.43967801466114,
    55.53544833778368,
    56.53554291157215,
    54.56837735024035,
    54.606956899460144,
    53.537587928683145,
    49.14824806418321,
    50.25792375177775,
    52.44155491838294,
    55.89884354263041,
    54.277354738263284,
    53.88473373167679,
    52.80246088624899,
    57.712746804721476,
    58.35867272423141,
    58.932925021091336,
    59.51883882450386,
    58.48563715407775,
    57.05450403361852,
    58.816492470445084,
    60.961880584693,
    58.50866620994176,
    59.91809825266298,
    59.12440479424321,
    58.94891786236435,
    55.67471982568926,
    54.57692027340976,
    54.24986196153772,
    51.823900632220855,
    51.99444037187864,
    52.18115381908202,
    49.30273018138605,
    48.15720145504246,
    48.43648835570724,
    50.69194064422763,
    54.19534070388173,
    54.08379283222883,
    55.3921812115617,
    58.413259769015596,
    54.705143772672216,
    55.763877670846114,
    54.43387602245518,
    55.180375940917415,
    52.42860837019032,
    49.498205024350945,
    49.774513252534305,
    51.618591878088374,
    50.82574620791585,
    47.854505591093876,
    43.18773985735881,
    42.686132485188786,
    44.94607109208056,
    45.080459807141295,
    45.930803426800445,
    46.530411705903404,
    46.58051869238823,
    45.47427928938809,
    47.1110758298587,
    49.30825027470347,
    50.9579987790645,
    49.40010486653903,
    48.21608970869393,
    48.20808104470917,
    48.29741221791326,
    51.59570503523008,
    53.653554645101465,
    53.08590044003495,
    51.795225833790425
  ],
  "actions": [],
  "observations": [
    1,
    1,
    1,
    1,
    1,
    1,
    1,
    1,
    1,
    1,
    1,
    1,
    1,
    2,
    2,
    2,
    2,
    2,
    2,
    2,
    2,
    2,
    2,
    2,
    2,
    2,
    2,
    2,
    2,
    2,
    2,
    2,
    2,
    2,
    2,
    2,
    2,
    2,
    2,
    2,
    2,
    2,
    2,
    2,
    2,
    2,
    2,
    2,
    2,
    2,
    2,
    2,
    2,
    2,
    2,
    2,
    2,
    2,
    2,
    2,
    2,
    2,
    2,
    2,
    2,
    2,
    2,
    2,
    2,
    2,
    2,
    2,
    2,
    2,
    2,
    2,
    2,
    2,
    2,
    2,
    2,
    1,
    2,
    2,
    2,
    2,
    2,
    2,
    2,
    2,
    2,
    2,
    2,
    2,
    2,
    1,
    1,
    1,
    1,
    1,
    1,
    1,
    1,
    2,
    2,
    1,
    1,
    2,
    2,
    2,
    2,
    1,
    2,
    2,
    2,
    2,
    2,
    2,
    2,
    2,
    2,
    2,
    2,
    2,
    2,
    1,
    1,
    1,
    2,
    2,
    2,
    2,
    2,
    2,
    2,
    2,
    1,
    1,
    1,
    1,
    1,
    1,
    2,
    1,
    1,
    1,
    2,
    2,
    2,
    2,
    2,
    2,
    2,
    2,
    2,
    2,
    2,
    2,
    2,
    1,
    1,
    1,
    1,
    1,
    1,
    1,
    1,
    1,
    1,
    1,
    2,
    2,
    1,
    2,
    1,
    2,
    1,
    1,
    1,
    1,
    1,
    1,
    0,
    0,
    0,
    1,
    1,
    1,
    1,
    1,
    1,
    1,
    1,
    1,
    1,
    1,
    1,
    1,
    1,
    1
  ],