{
  "timesteps": [
    0,
    1,
    2,
    3,
    4,
    5,
    6,
    7,
    8,
    9,
    10,
    11,
    12,
    13,
    14,
    15,
    16,
    17,
    18,
    19,
    20,
    21,
    22,
    23,
    24,
    25,
    26,
    27,
    28,
    29,
    30,
    31,
    32,
    33,
    34,
    35,
    36,
    37,
    38,
    39,
    40,
    41,
    42,
    43,
    44,
    45,
    46,
    47,
    48,
    49,
    50,
    51,
    52,
    53,
    54,
    55,
    56,
    57,
    58,
    59,
    60,
    61,
    62,
    63,
    64,
    65,
    66,
    67,
    68,
    69,
    70,
    71,
    72,
    73,
    74,
    75,
    76,
    77,
    78,
    79,
    80,
    81,
    82,
    83,
    84,
    85,
    86,
    87,
    88,
    89,
    90,
    91,
    92,
    93,
    94,
    95,
    96,
    97,
    98,
    99,
    100,
    101,
    102,
    103,
    104,
    105,
    106,
    107,
    108,
    109,
    110,
    111,
    112,
    113,
    114,
    115,
    116,
    117,
    118,
    119,
    120,
    121,
    122,
    123,
    124,
    125,
    126,
    127,
    128,
    129,
    130,
    131,
    132,
    133,
    134,
    135,
    136,
    137,
    138,
    139,
    140,
    141,
    142,
    143,
    144,
    145,
    146,
    147,
    148,
    149,
    150,
    151,
    152,
    153,
    154,
    155,
    156,
    157,
    158,
    159,
    160,
    161,
    162,
    163,
    164,
    165,
    166,
    167,
    168,
    169,
    170,
    171,
    172,
    173,
    174,
    175,
    176,
    177,
    178,
    179,
    180,
    181,
    182,
    183,
    184,
    185,
    186,
    187,
    188,
    189,
    190,
    191,
    192,
    193,
    194,
    195,
    196,
    197,
    198,
    199
  ],
  "states": [
    50.0,
    48.86418662251281,
    51.97542288883051,
    52.672305994610696,
    52.59022995403981,
    53.16208948129721,
    53.18519486996772,
    55.75960109530754,
    56.01399076559712,
    57.17743603866749,
    56.48566917008075,
    56.142122685554426,
    56.77879206806491,
    54.78150698486579,
    52.9220052486961,
    51.093412355754715,
    53.84306387573252,
    53.36583613706177,
    55.785596702712965,
    54.30161700786903,
    53.89704649675782,
    52.13350018248931,
    53.322567663307446,
    55.78818827212368,
    57.347688103794354,
    55.354280897220505,
    54.40518955840612,
    54.415214661118,
    56.34277275540444,
    55.331765194974324,
    57.32712444892352,
    55.6629799753165,
    51.658527475350574,
    50.82081659881786,
    52.6101642440965,
    51.17445022415321,
    51.09957461934237,
    52.70766906765094,
    52.736251962278324,
    52.441914628871,
    53.0384962806228,
    55.070521817646274,
    56.20363641909714,
    56.84195107879649,
    58.0926858149654,
    57.27264150904473,
    54.87174426886211,
    55.10810882067379,
    53.43963722409994,
    55.07989940541195,
    56.90370411181702,
    58.39242847209626,
    59.314075180106094,
    61.95834053632092,
    62.444536277547265,
    63.088495820063834,
    63.232083196810834,
    62.46572571196648,
    63.44978712632109,
    66.11081791121485,
    65.56018207674526,
    61.25771826164362,
    60.167156967707676,
    61.104616785665,
    61.924414613749946,
    60.550490928577595,
    60.00012971716702,
    58.797713034617225,
    55.898570596951615,
    55.748991638119065,
    57.47578094858308,
    57.09663724665203,
    55.07300156738524,
    55.279126575876646,
    55.32374034471995,
    54.089927160877586,
    52.55794276425806,
    54.81994607973004,
    55.69262306808571,
    56.972736654684105,
    55.609626757591855,
    52.93892859411567,
    53.701238183938976,
    52.449277884228046,
    52.741022379607436,
    56.10956836756427,
    58.19726684383017,
    56.612478262210416,
    54.23429598277293,
    57.958481718643036,
    60.716628396368954,
    62.01605897774384,
    62.782027910881624,
    62.50044900992617,
    61.56185911368324,
    62.48436242997686,
    61.64918298202106,
    57.583531295979185,
    60.38979581264722,
    58.70148207916429,
    63.52674883539649,
    63.98747577653933,
    62.609277517204276,
    60.52275489997016,
    59.44223510665521,
    58.69643535065705,
    57.6383794922469,
    53.21468208794482,
    53.07437727766448,
    50.69738562637203,
    53.80764992463507,
    52.681416282085266,
    51.69988119704503,
    52.64840419221262,
    52.365883672610956,
    51.68117209222956,
    51.024140496475795,
    49.26294583015888,
    49.43881297669142,
    50.51447505165545,
    50.639056038438554,
    49.7067384674425,
    50.07511566411108,
    51.7723019181776,
    48.72575098501752,
    47.99505857799973,
    50.70658808955745,
    49.070921015892196,
    50.305388963027106,
    51.486441669804954,
    51.60056134598263,
    50.10086520098791,
    47.374879788128005,
    46.91077223844805,
    47.289426494209586,
    44.766734028836076,
    46.377881350733226,
    44.40525912230624,
    44.743314870415105,
    43.58415488197427,
    44.35731690840162,
    44.205921708266864,
    43.85340347467744,
    44.68423543292557,
    43.698238789476164,
    43.25346410342486,
    44.4227698781642,
    42.260515110921034,
    45.35075467780237,
    48.54013814872392,
    50.13376979491834,
    48.24373701097066,
    47.460408353104356,
    48.37195028038858,
    47.488449568070386,
    48.32626253452498,
    47.003663596914464,
    47.37317390128579,
    43.83630694763008,
    42.34778484038542,
    43.0834131249285,
    46.05115439425292,
    48.315559135403085,
    48.490490590596735,
    47.93567934114646,
    44.672811381341425,
    46.35790528042573,
    43.751649790238424,
    40.783311085804684,
    45.33073190834291,
    43.76262823220654,
    39.37652191261558,
    41.703403904738515,
    45.87701054792204,
    47.90789684198589,
    48.56391540903478,
    47.739417625955866,
    47.60474077522809,
    48.34495771852762,
    49.955946192884284,
    47.47771906754087,
    48.19540236758778,
    50.0050080079051,
    52.170174798837046,
    52.836709008905174,
    57.57342057761656,
    59.660087815255714,
    56.38489115610716,
    55.12928183694166,
    55.972753764547846,
    54.58697652078639,
    54.985056321443835,
    54.35536875711588,
    52.43511281622749,
    50.76134402811501,
    49.55922130239804,
    50.86549559005101,
    51.590445841924854,
    52.538544277725265,
    54.06105080719509,
    55.930655802424226
  ],
  "actions": [],
  "observations": [
    1,
    1,
    1,
    1,
    1,
    1,
    1,
    2,
    2,
    2,
    2,
    2,
    2,
    1,
    1,
    1,
    1,
    1,
    2,
    1,
    1,
    1,
    1,
    2,
    2,
    2,
    1,
    1,
    2,
    2,
    2,
    2,
    1,
    1,
    1,
    1,
    1,
    1,
    1,
    1,
    1,
    2,
    2,
    2,
    2,
    2,
    1,
    2,
    1,
    2,
    2,
    2,
    2,
    2,
    2,
    2,
    2,
    2,
    2,
    2,
    2,
    2,
    2,
    2,
    2,
    2,
    2,
    2,
    2,
    2,
    2,
    2,
    2,
    2,
    2,
    1,
    1,
    1,
    2,
    2,
    2,
    1,
    1,
    1,
    1,
    2,
    2,
    2,
    1,
    2,
    2,
    2,
    2,
    2,
    2,
    2,
    2,
    2,
    2,
    2,
    2,
    2,
    2,
    2,
    2,
    2,
    2,
    1,
    1,
    1,
    1,
    1,
    1,
    1,
    1,
    1,
    1,
    1,
    1,
    1,
    1,
    1,
    1,
    1,
    1,
    1,
    1,
    1,
    1,
    1,
    1,
    1,
    1,
    1,
    1,
    0,
    1,
    0,
    0,
    0,
    0,
    0,
    0,
    0,
    0,
    0,
    0,
    0,
    1,
    1,
    1,
    1,
    1,
    1,
    1,
    1,
    1,
    1,
    0,
    0,
    0,
    1,
    1,
    1,
    1,
    0,
    1,
    0,
    0,
    1,
    0,
    0,
    0,
    1,
    1,
    1,
    1,
    1,
    1,
    1,
    1,
    1,
    1,
    1,
    1,
    2,
    2,
    2,
    2,
    2,
    1,
    1,
    1,
    1,
    1,
    1,
    1,
    1,
    1,
    1
  ],