{
  "timesteps": [
    0,
    1,
    2,
    3,
    4,
    5,
    6,
    7,
    8,
    9,
    10,
    11,
    12,
    13,
    14,
    15,
    16,
    17,
    18,
    19,
    20,
    21,
    22,
    23,
    24,
    25,
    26,
    27,
    28,
    29,
    30,
    31,
    32,
    33,
    34,
    35,
    36,
    37,
    38,
    39,
    40,
    41,
    42,
    43,
    44,
    45,
    46,
    47,
    48,
    49,
    50,
    51,
    52,
    53,
    54,
    55,
    56,
    57,
    58,
    59,
    60,
    61,
    62,
    63,
    64,
    65,
    66,
    67,
    68,
    69,
    70,
    71,
    72,
    73,
    74,
    75,
    76,
    77,
    78,
    79,
    80,
    81,
    82,
    83,
    84,
    85,
    86,
    87,
    88,
    89,
    90,
    91,
    92,
    93,
    94,
    95,
    96,
    97,
    98,
    99,
    100,
    101,
    102,
    103,
    104,
    105,
    106,
    107,
    108,
    109,
    110,
    111,
    112,
    113,
    114,
    115,
    116,
    117,
    118,
    119,
    120,
    121,
    122,
    123,
    124,
    125,
    126,
    127,
    128,
    129,
    130,
    131,
    132,
    133,
    134,
    135,
    136,
    137,
    138,
    139,
    140,
    141,
    142,
    143,
    144,
    145,
    146,
    147,
    148,
    149,
    150,
    151,
    152,
    153,
    154,
    155,
    156,
    157,
    158,
    159,
    160,
    161,
    162,
    163,
    164,
    165,
    166,
    167,
    168,
    169,
    170,
    171,
    172,
    173,
    174,
    175,
    176,
    177,
    178,
    179,
    180,
    181,
    182,
    183,
    184,
    185,
    186,
    187,
    188,
    189,
    190,
    191,
    192,
    193,
    194,
    195,
    196,
    197,
    198,
    199
  ],
  "states": [
    50.0,
    52.919404755139176,
    52.813491458642915,
    51.91225270128439,
    48.89934443729082,
    46.2617094625147,
    47.94935342870099,
    45.12828181949929,
    45.479735687823556,
    50.62858142399555,
    49.173624546075985,
    50.881682367207894,
    50.47037743102438,
    49.63556728838048,
    52.930984360632216,
    52.08210260808376,
    52.637342354101044,
    50.65982524211183,
    52.153568502524195,
    49.471649100408655,
    49.68705091265701,
    46.97902226943751,
    47.68924732711582,
    45.89842654587792,
    48.26775790613355,
    47.92526674891354,
    47.94325301884066,
    48.16194174458285,
    48.012388519794285,
    49.285406051726774,
    49.342981014611645,
    49.99702600421949,
    49.697447274867876,
    52.36064078046902,
    56.057361023607484,
    54.94954007974845,
    56.13759401709353,
    55.67378562408864,
    55.81124669990836,
    53.688710262416826,
    52.96400399846892,
    49.5205025549062,
    50.518137723843395,
    49.14369796332385,
    47.13450620483578,
    47.43459739141445,
    48.31554081086985,
    46.580771400585405,
    48.39556478894093,
    49.699534296546375,
    52.95326836820021,
    53.64343223330893,
    56.65006322162777,
    60.27556308063041,
    59.45979130376116,
    62.14263404869088,
    60.98249319250764,
    60.584670301597974,
    60.17761789478728,
    61.450701589204506,
    66.86545374811472,
    63.36342145546066,
    62.91172995091339,
    59.86583611799458,
    59.90491966287866,
    59.47371284266183,
    61.311372135510744,
    60.286820279493455,
    60.111072061071845,
    61.82812283562478,
    62.998908396665186,
    62.28372427711784,
    59.183513822403604,
    57.31659821132189,
    57.263603325453104,
    55.27970542560065,
    51.676791798721844,
    51.28919387346193,
    50.10557212450977,
    49.39350652393638,
    48.45710874248828,
    49.41215244161284,
    51.60774650514941,
    49.81892666438719,
    49.29723718315618,
    49.39371953543899,
    47.86460868159385,
    50.48734374916061,
    51.301881443842205,
    53.22463950466826,
    52.6282772014263,
    53.36334343124909,
    53.157842687500604,
    52.275827252601374,
    54.48553386503474,
    56.485985463149305,
    56.125713255144674,
    54.425523637941915,
    53.82869489326162,
    50.58160162715876,
    49.828078493500406,
    52.45061208814444,
    49.699691878212576,
    47.65712594769897,
    49.491980147943025,
    51.92473436655981,
    52.9647610595214,
    54.912463233231136,
    55.61730521498232,
    54.43115686094667,
    58.01776005198162,
    58.8680352698012,
    58.76731691282483,
    59.371099005061915,
    55.406819783413624,
    53.67625325889355,
    52.31748135078759,
    52.066675921625546,
    51.072193820603125,
    48.864555034863244,
    46.41544806059591,
    46.121216414315136,
    46.88048607331142,
    46.88627871534468,
    50.19995321633594,
    52.49387394259671,
    53.27601441967434,
    54.264576336802584,
    52.87003592216977,
    52.5229077904416,
    53.43882612133244,
    53.679765574394644,
    53.37535774155312,
    53.36609627385647,
    54.70438555281136,
    54.93922071647575,
    52.57222227691497,
    52.54728832249305,
    53.63456360467957,
    53.91038731606599,
    53.69062138087974,
    51.97488252089045,
    51.258939659926654,
    51.12998183436996,
    48.181160832310994,
    50.78448390122203,
    53.07703902122377,
    48.89897943942516,
    48.29153910398078,
    46.8362231374033,
    50.330632210433606,
    49.177710755177,
    53.370683342876816,
    51.24094084769656,
    51.07925351393554,
    51.897877771909656,
    51.04464623534196,
    52.50093705545612,
    50.78963944837904,
    50.47451839808401,
    50.265158763252494,
    51.73937270983437,
    54.222444444208016,
    54.85773897198731,
    51.974123317769454,
    51.09879017264048,
    51.62582665305267,
    50.41082634409931,
    50.55695107155622,
    50.75670897216938,
    51.16869379230003,
    47.9495200142227,
    47.311795786683234,
    43.68365630938915,
    44.11212008097953,
    41.64123436879695,
    43.065394004642364,
    41.35037630307014,
    39.940608472277056,
    38.15795278561526,
    37.94419558275069,
    39.18125223605138,
    36.89657154420338,
    36.05299707832937,
    33.702091688561815,
    32.10335968324149,
    32.92418693856063,
    35.8814216897512,
    34.168473981454234,
    32.02143949824445,
    31.156205981286327,
    31.855494777895025,
    32.58951464856027,
    33.717423432931334,
    31.812473687554053,
    36.057360865993864,
    35.70708053050404,
    35.63090129099266,
    33.589034823470044,
    32.460657254799,
    29.400593833858792
  ],
  "actions": [],
  "observations": [
    1,
    1,
    1,
    1,
    1,
    1,
    1,
    1,
    1,
    1,
    1,
    1,
    1,
    1,
    1,
    1,
    1,
    1,
    1,
    1,
    1,
    1,
    1,
    1,
    1,
    1,
    1,
    1,
    1,
    1,
    1,
    1,
    1,
    1,
    2,
    1,
    2,
    2,
    2,
    1,
    1,
    1,
    1,
    1,
    1,
    1,
    1,
    1,
    1,
    1,
    1,
    1,
    2,
    2,
    2,
    2,
    2,
    2,
    2,
    2,
    2,
    2,
    2,
    2,
    2,
    2,
    2,
    2,
    2,
    2,
    2,
    2,
    2,
    2,
    2,
    2,
    1,
    1,
    1,
    1,
    1,
    1,
    1,
    1,
    1,
    1,
    1,
    1,
    1,
    1,
    1,
    1,
    1,
    1,
    1,
    2,
    2,
    1,
    1,
    1,
    1,
    1,
    1,
    1,
    1,
    1,
    1,
    1,
    2,
    1,
    2,
    2,
    2,
    2,
    2,
    1,
    1,
    1,
    1,
    1,
    1,
    1,
    1,
    1,
    1,
    1,
    1,
    1,
    1,
    1,
    1,
    1,
    1,
    1,
    1,
    1,
    1,
    1,
    1,
    1,
    1,
    1,
    1,
    1,
    1,
    1,
    1,
    1,
    1,
    1,
    1,
    1,
    1,
    1,
    1,
    1,
    1,
    1,
    1,
    1,
    1,
    1,
    1,
    1,
    1,
    1,
    1,
    1,
    1,
    1,
    1,
    1,
    1,
    0,
    0,
    0,
    0,
    0,
    0,
    0,
    0,
    0,
    0,
    0,
    0,
    0,
    0,
    0,
    0,
    0,
    0,
    0,
    0,
    0,
    0,
    0,
    0,
    0,
    0,
    0
  ],