{
  "timesteps": [
    0,
    1,
    2,
    3,
    4,
    5,
    6,
    7,
    8,
    9,
    10,
    11,
    12,
    13,
    14,
    15,
    16,
    17,
    18,
    19,
    20,
    21,
    22,
    23,
    24,
    25,
    26,
    27,
    28,
    29,
    30,
    31,
    32,
    33,
    34,
    35,
    36,
    37,
    38,
    39,
    40,
    41,
    42,
    43,
    44,
    45,
    46,
    47,
    48,
    49,
    50,
    51,
    52,
    53,
    54,
    55,
    56,
    57,
    58,
    59,
    60,
    61,
    62,
    63,
    64,
    65,
    66,
    67,
    68,
    69,
    70,
    71,
    72,
    73,
    74,
    75,
    76,
    77,
    78,
    79,
    80,
    81,
    82,
    83,
    84,
    85,
    86,
    87,
    88,
    89,
    90,
    91,
    92,
    93,
    94,
    95,
    96,
    97,
    98,
    99,
    100,
    101,
    102,
    103,
    104,
    105,
    106,
    107,
    108,
    109,
    110,
    111,
    112,
    113,
    114,
    115,
    116,
    117,
    118,
    119,
    120,
    121,
    122,
    123,
    124,
    125,
    126,
    127,
    128,
    129,
    130,
    131,
    132,
    133,
    134,
    135,
    136,
    137,
    138,
    139,
    140,
    141,
    142,
    143,
    144,
    145,
    146,
    147,
    148,
    149,
    150,
    151,
    152,
    153,
    154,
    155,
    156,
    157,
    158,
    159,
    160,
    161,
    162,
    163,
    164,
    165,
    166,
    167,
    168,
    169,
    170,
    171,
    172,
    173,
    174,
    175,
    176,
    177,
    178,
    179,
    180,
    181,
    182,
    183,
    184,
    185,
    186,
    187,
    188,
    189,
    190,
    191,
    192,
    193,
    194,
    195,
    196,
    197,
    198,
    199
  ],
  "states": [
    50.0,
    50.59141040265461,
    50.52925316233443,
    50.734784436652674,
    50.85290900075466,
    51.29647138547859,
    51.38537102272176,
    51.07108782062722,
    50.95931281601309,
    51.55809176202356,
    51.82466219329723,
    52.032367101053445,
    51.88071377294595,
    52.41184412262294,
    52.18351804608332,
    52.48314028170616,
    52.30359438757039,
    51.712788043318135,
    52.068442325174686,
    52.375336440236964,
    52.266730906521545,
    52.009042839481815,
    51.86870744924326,
    51.8565626431361,
    52.2315928504866,
    51.98701797195082,
    52.098967631452865,
    52.26273947123531,
    52.14861857435222,
    52.40393566741807,
    52.17897119041837,
    51.93159862235567,
    51.89778120349016,
    52.030586375172035,
    52.7519824360778,
    53.139320230682614,
    53.61453246779406,
    52.968068648972455,
    52.95260945645598,
    52.54973722979574,
    52.432169478505905,
    52.431991060942465,
    52.89903071368164,
    53.26906716673257,
    53.22054581151302,
    52.8271776298664,
    52.558631671105296,
    52.74823335792551,
    53.235755015907365,
    53.10878458162606,
    53.31535900504812,
    53.24411228191689,
    52.88995173042508,
    53.04585048590888,
    52.695493408719976,
    53.062045393063784,
    53.19141337648496,
    53.378599922501216,
    53.00028998737785,
    53.38471858929247,
    53.36771705492182,
    53.28315830459234,
    53.19146578867469,
    53.20943864669231,
    52.48651660686728,
    52.02865561305684,
    51.70964021449733,
    52.0665734011092,
    51.83658448864764,
    51.49646120061775,
    51.90341205581765,
    51.899756720258246,
    52.224965230646625,
    52.55829764119064,
    52.50404992850082,
    52.69101256381974,
    52.61113993350243,
    51.88594154439196,
    51.757904364281686,
    51.680370907213145,
    51.55126302931122,
    51.81864553323672,
    52.11487879161897,
    52.602279484446505,
    52.61047285374416,
    52.71995921307793,
    52.99815677427459,
    52.73093331213988,
    52.90901569240101,
    52.6304093346004,
    52.476545330294016,
    52.99698259468704,
    53.17992129114742,
    53.01235848531311,
    53.21340801210283,
    52.826522513425076,
    52.62508364807416,
    52.83240825254181,
    52.72793747296779,
    52.67467308651207,
    52.71522362075628,
    52.8496834791665,
    52.96370739765156,
    53.192428183079066,
    53.218358342367814,
    53.06199221382021,
    53.06091604773859,
    53.60830842226559,
    53.98912520233367,
    53.85183189268965,
    53.85714208201582,
    54.329786313626116,
    54.488923818187786,
    54.59360245543148,
    54.57050319184564,
    54.43106994007452,
    54.017393718140305,
    54.517219370286725,
    54.30748580576113,
    54.57053740186499,
    54.34639603930738,
    54.985274333327936,
    55.588470118484715,
    54.934965509156285,
    55.644598218247566,
    55.25350912198344,
    55.3339560388401,
    55.45357685984998,
    55.84810402025252,
    55.95477357671844,
    55.71945725033263,
    55.43405204512503,
    55.00687692824507,
    54.89011515824709,
    54.98516626586139,
    55.23884330921406,
    55.392389230652746,
    55.411849404285825,
    56.02590284161406,
    55.99940611681275,
    55.87139008177029,
    55.96931598967598,
    56.07642268169405,
    55.070663942585625,
    54.84308814924043,
    54.16334582344127,
    53.96742146836695,
    54.33961044368222,
    54.0116575828491,
    53.79457435299475,
    53.857322432460826,
    53.912676431243874,
    54.141904882728674,
    54.25624643261742,
    54.21278874676519,
    54.23902181772169,
    54.241988505667635,
    54.301572920373296,
    54.72581240146472,
    55.06731500950942,
    54.68175054425931,
    55.18953274965466,
    54.98351063568449,
    54.97968365846737,
    54.98851614868663,
    55.421456418146235,
    55.78063611016869,
    55.78977400548406,
    55.55181455416458,
    55.76777396131949,
    55.92778544672568,
    56.075748718211884,
    55.99985225707005,
    55.91006138274539,
    56.145318145782966,
    56.0909529322379,
    56.271423372344294,
    56.134122320098015,
    56.13703063691999,
    56.13376786373641,
    55.99716631974005,
    55.36636649971607,
    55.0747726865215,
    54.30578001507637,
    54.381386958336186,
    54.447844598240295,
    54.37226854787873,
    54.688307288757606,
    54.33725392346044,
    54.553742583230274,
    54.77184360543135,
    55.38098901816549,
    55.691738861042126,
    55.895540344323464,
    55.588149070554586,
    55.76662093931771,
    56.036601060210835,
    56.35461690158974,
    56.40915412385878,
    56.3308500534631,
    56.69413339817152
  ],
  "actions": [],
  "observations": [
    1,
    1,
    1,
    1,
    1,
    1,
    1,
    1,
    1,
    1,
    1,
    1,
    1,
    1,
    1,
    1,
    1,
    1,
    1,
    1,
    1,
    1,
    1,
    1,
    1,
    1,
    1,
    1,
    1,
    1,
    1,
    1,
    1,
    1,
    1,
    1,
    1,
    1,
    1,
    1,
    1,
    1,
    1,
    1,
    1,
    1,
    1,
    1,
    1,
    1,
    1,
    1,
    1,
    1,
    1,
    1,
    1,
    1,
    1,
    1,
    1,
    1,
    1,
    1,
    1,
    1,
    1,
    1,
    1,
    1,
    1,
    1,
    1,
    1,
    1,
    1,
    1,
    1,
    1,
    1,
    1,
    1,
    1,
    1,
    1,
    1,
    1,
    1,
    1,
    1,
    1,
    1,
    1,
    1,
    1,
    1,
    1,
    1,
    1,
    1,
    1,
    1,
    1,
    1,
    1,
    1,
    1,
    1,
    1,
    1,
    1,
    1,
    1,
    1,
    1,
    1,
    1,
    1,
    1,
    1,
    1,
    1,
    2,
    1,
    2,
    2,
    2,
    2,
    2,
    2,
    2,
    2,
    2,
    1,
    1,
    2,
    2,
    2,
    2,
    2,
    2,
    2,
    2,
    2,
    1,
    1,
    1,
    1,
    1,
    1,
    1,
    1,
    1,
    1,
    1,
    1,
    1,
    1,
    1,
    2,
    1,
    2,
    1,
    1,
    1,
    2,
    2,
    2,
    2,
    2,
    2,
    2,
    2,
    2,
    2,
    2,
    2,
    2,
    2,
    2,
    2,
    2,
    2,
    1,
    1,
    1,
    1,
    1,
    1,
    1,
    1,
    2,
    2,
    2,
    2,
    2,
    2,
    2,
    2,
    2
  ],