{
  "timesteps": [
    0,
    1,
    2,
    3,
    4,
    5,
    6,
    7,
    8,
    9,
    10,
    11,
    12,
    13,
    14,
    15,
    16,
    17,
    18,
    19,
    20,
    21,
    22,
    23,
    24,
    25,
    26,
    27,
    28,
    29,
    30,
    31,
    32,
    33,
    34,
    35,
    36,
    37,
    38,
    39,
    40,
    41,
    42,
    43,
    44,
    45,
    46,
    47,
    48,
    49,
    50,
    51,
    52,
    53,
    54,
    55,
    56,
    57,
    58,
    59,
    60,
    61,
    62,
    63,
    64,
    65,
    66,
    67,
    68,
    69,
    70,
    71,
    72,
    73,
    74,
    75,
    76,
    77,
    78,
    79,
    80,
    81,
    82,
    83,
    84,
    85,
    86,
    87,
    88,
    89,
    90,
    91,
    92,
    93,
    94,
    95,
    96,
    97,
    98,
    99,
    100,
    101,
    102,
    103,
    104,
    105,
    106,
    107,
    108,
    109,
    110,
    111,
    112,
    113,
    114,
    115,
    116,
    117,
    118,
    119,
    120,
    121,
    122,
    123,
    124,
    125,
    126,
    127,
    128,
    129,
    130,
    131,
    132,
    133,
    134,
    135,
    136,
    137,
    138,
    139,
    140,
    141,
    142,
    143,
    144,
    145,
    146,
    147,
    148,
    149,
    150,
    151,
    152,
    153,
    154,
    155,
    156,
    157,
    158,
    159,
    160,
    161,
    162,
    163,
    164,
    165,
    166,
    167,
    168,
    169,
    170,
    171,
    172,
    173,
    174,
    175,
    176,
    177,
    178,
    179,
    180,
    181,
    182,
    183,
    184,
    185,
    186,
    187,
    188,
    189,
    190,
    191,
    192,
    193,
    194,
    195,
    196,
    197,
    198,
    199
  ],
  "states": [
    50.0,
    49.55627061556351,
    49.385307045527995,
    48.44134235150468,
    47.29507129137691,
    47.61347441764147,
    47.362007103762245,
    48.33581770689088,
    47.75624390752051,
    47.873454401188766,
    47.16262197936282,
    47.24891664114297,
    47.13458078490788,
    46.94464970268021,
    47.1386951204587,
    46.48201451643383,
    47.01755189509811,
    47.73064869077324,
    47.974039853042065,
    48.34497008032526,
    48.01414340021305,
    46.90449941253724,
    46.12047196007426,
    45.490092889920646,
    46.960786042319405,
    46.52682183697312,
    46.166327354492125,
    46.715352506467745,
    46.73492846537191,
    46.5682131397308,
    46.29957889286685,
    46.228778080737925,
    45.53709758986765,
    45.399664003607874,
    45.52386123343451,
    46.054058913034474,
    47.002415091681684,
    46.436156924148456,
    47.33149502739707,
    46.85582825207445,
    46.423194842421616,
    46.40686139501295,
    46.69356522858205,
    46.530174019599556,
    46.419894012674206,
    46.50413563363993,
    46.637603196639866,
    47.260077207593056,
    47.85724566418032,
    47.05016424793701,
    47.35363211521957,
    46.289946932342495,
    45.46370043454491,
    45.67201735899052,
    45.80261206103223,
    45.29398645774872,
    45.58058568602139,
    45.55966444294304,
    45.89534338603847,
    46.31850834799274,
    46.140137491440925,
    45.757656554555396,
    46.22192509609204,
    46.30661662438576,
    46.56773831851061,
    46.801136542471475,
    47.14824377005237,
    47.693964458713616,
    47.31270413034789,
    46.632220701112196,
    46.91998807359029,
    47.015633247075286,
    46.85148416319042,
    46.75031557153933,
    46.909593921997086,
    46.58467568534217,
    47.031401717476534,
    46.1921784303572,
    46.44567720143332,
    46.99753054686544,
    46.07383772120757,
    45.74932196368797,
    45.40778793998573,
    45.5022383816057,
    46.44332297870896,
    45.282131729412725,
    44.16189864245718,
    43.98102609409348,
    42.671964965475524,
    42.67388301673463,
    43.27823765994812,
    42.75325944096257,
    43.434056599833745,
    43.046960246357095,
    43.87302824663877,
    44.792308137291286,
    44.363598659573725,
    44.06803604392685,
    43.55433525412659,
    43.56009604142212,
    44.46373346505398,
    43.878744409962046,
    44.15794525711564,
    43.567736817888644,
    44.360811058197456,
    44.50117155302009,
    44.828335203018426,
    44.525433643033466,
    44.52517784548348,
    44.56701561289432,
    44.09218203693269,
    44.27321947103855,
    43.57850715093581,
    44.228352897933085,
    43.795927604294434,
    43.35030453510166,
    43.195473572059974,
    43.3691793401829,
    44.354083682825824,
    43.721807863539055,
    43.69255784997226,
    43.64149392511162,
    43.52794806357108,
    44.12335938002746,
    44.8265068386372,
    44.42932582574406,
    44.61653243122237,
    44.510536920283336,
    44.37515209354534,
    43.57068113120602,
    43.34817878468609,
    43.529663176308,
    43.885897161628534,
    43.77147829561713,
    43.97006509103736,
    44.14615494063292,
    43.776251090883804,
    42.886485778875475,
    42.847737990709575,
    43.240379071034894,
    43.39318302577654,
    43.87261490675404,
    45.3055708848322,
    45.06038877145521,
    45.08469536025004,
    44.76667617403832,
    44.383980023653116,
    45.38718372222502,
    45.15223269190349,
    44.435127969644824,
    44.1130577473414,
    44.131407707132425,
    44.577230996901754,
    43.70294863454074,
    43.572696470694915,
    43.923575615239585,
    43.96108272086393,
    44.274768987115266,
    44.8877877419843,
    45.8096047001555,
    45.374056077031014,
    45.563975427159335,
    45.23400972918129,
    45.41710373845307,
    45.62986811514558,
    44.84232307625612,
    45.27581180122915,
    45.65499586794499,
    45.288415055113155,
    45.23098508485858,
    45.85630537663961,
    45.606625746705596,
    45.535971645947896,
    46.484645228407764,
    46.51345274064412,
    46.016716174775006,
    45.23769346211697,
    44.87450818713244,
    44.81759764458919,
    45.174549246671376,
    44.600393641454154,
    44.904757014052734,
    43.2497114671721,
    43.981527318637994,
    44.020960958741725,
    43.80428265688701,
    43.98527770910124,
    44.16228766718563,
    43.70962357479309,
    44.01222653735327,
    44.16298578301855,
    43.58565375598726,
    43.3283230873555,
    42.787928264205235,
    43.21047409309231,
    43.32772890320268,
    43.75269372541751,
    43.43243665422829,
    44.44888797741772,
    44.694659728324424,
    45.145945745636716
  ],
  "actions": [],
  "observations": [
    1,
    1,
    1,
    1,
    1,
    1,
    1,
    1,
    1,
    1,
    1,
    1,
    1,
    1,
    1,
    1,
    1,
    1,
    1,
    1,
    1,
    1,
    1,
    1,
    1,
    1,
    1,
    1,
    1,
    1,
    1,
    1,
    1,
    1,
    1,
    1,
    1,
    1,
    1,
    1,
    1,
    1,
    1,
    1,
    1,
    1,
    1,
    1,
    1,
    1,
    1,
    1,
    1,
    1,
    1,
    1,
    1,
    1,
    1,
    1,
    1,
    1,
    1,
    1,
    1,
    1,
    1,
    1,
    1,
    1,
    1,
    1,
    1,
    1,
    1,
    1,
    1,
    1,
    1,
    1,
    1,
    1,
    1,
    1,
    1,
    1,
    0,
    0,
    0,
    0,
    0,
    0,
    0,
    0,
    0,
    0,
    0,
    0,
    0,
    0,
    0,
    0,
    0,
    0,
    0,
    0,
    0,
    0,
    0,
    0,
    0,
    0,
    0,
    0,
    0,
    0,
    0,
    0,
    0,
    0,
    0,
    0,
    0,
    0,
    0,
    0,
    0,
    0,
    0,
    0,
    0,
    0,
    0,
    0,
    0,
    0,
    0,
    0,
    0,
    0,
    0,
    0,
    1,
    1,
    1,
    0,
    0,
    1,
    1,
    0,
    0,
    0,
    0,
    0,
    0,
    0,
    0,
    0,
    0,
    1,
    1,
    1,
    1,
    1,
    1,
    0,
    1,
    1,
    1,
    1,
    1,
    1,
    1,
    1,
    1,
    1,
    1,
    0,
    0,
    1,
    0,
    0,
    0,
    0,
    0,
    0,
    0,
    0,
    0,
    0,
    0,
    0,
    0,
    0,
    0,
    0,
    0,
    0,
    0,
    0
  ],