{
  "timesteps": [
    0,
    1,
    2,
    3,
    4,
    5,
    6,
    7,
    8,
    9,
    10,
    11,
    12,
    13,
    14,
    15,
    16,
    17,
    18,
    19,
    20,
    21,
    22,
    23,
    24,
    25,
    26,
    27,
    28,
    29,
    30,
    31,
    32,
    33,
    34,
    35,
    36,
    37,
    38,
    39,
    40,
    41,
    42,
    43,
    44,
    45,
    46,
    47,
    48,
    49,
    50,
    51,
    52,
    53,
    54,
    55,
    56,
    57,
    58,
    59,
    60,
    61,
    62,
    63,
    64,
    65,
    66,
    67,
    68,
    69,
    70,
    71,
    72,
    73,
    74,
    75,
    76,
    77,
    78,
    79,
    80,
    81,
    82,
    83,
    84,
    85,
    86,
    87,
    88,
    89,
    90,
    91,
    92,
    93,
    94,
    95,
    96,
    97,
    98,
    99,
    100,
    101,
    102,
    103,
    104,
    105,
    106,
    107,
    108,
    109,
    110,
    111,
    112,
    113,
    114,
    115,
    116,
    117,
    118,
    119,
    120,
    121,
    122,
    123,
    124,
    125,
    126,
    127,
    128,
    129,
    130,
    131,
    132,
    133,
    134,
    135,
    136,
    137,
    138,
    139,
    140,
    141,
    142,
    143,
    144,
    145,
    146,
    147,
    148,
    149,
    150,
    151,
    152,
    153,
    154,
    155,
    156,
    157,
    158,
    159,
    160,
    161,
    162,
    163,
    164,
    165,
    166,
    167,
    168,
    169,
    170,
    171,
    172,
    173,
    174,
    175,
    176,
    177,
    178,
    179,
    180,
    181,
    182,
    183,
    184,
    185,
    186,
    187,
    188,
    189,
    190,
    191,
    192,
    193,
    194,
    195,
    196,
    197,
    198,
    199
  ],
  "states": [
    50.0,
    51.65560105379759,
    51.084370492502366,
    49.54971800083737,
    47.9786734036609,
    47.10646408825136,
    47.24807027487762,
    47.24286046814433,
    46.781098811415944,
    45.59443091825305,
    44.64824284417912,
    44.90487540682051,
    42.68969287985449,
    41.853450172471646,
    43.23586237258731,
    43.835440124466814,
    44.836593419065025,
    46.0334747358882,
    45.83390572139289,
    45.13484949124765,
    44.91773045462017,
    45.021631524488924,
    43.11558147124057,
    43.26611435094487,
    42.821210524030064,
    44.05622144459492,
    45.068106360068576,
    45.19041989856473,
    44.054892275133334,
    44.099238359261726,
    43.50828544114024,
    43.67935054384043,
    43.68620825852156,
    44.55536138641538,
    43.961927846261105,
    44.499676572335,
    41.87822358355615,
    41.385641872015846,
    39.8562054669978,
    40.38318162377062,
    42.03991689488164,
    40.73480903146496,
    41.12328253168048,
    41.72197526831977,
    44.12400252678719,
    44.35103116541332,
    44.0932433391231,
    41.59936305073096,
    41.2514713690003,
    41.07448516465579,
    42.076249688499836,
    41.68452484152861,
    42.218750761921854,
    42.95012914496286,
    41.97698794095515,
    42.37331751440858,
    42.136713574288514,
    40.343028214876014,
    40.76593980355268,
    41.89733051497614,
    42.69894149678459,
    42.617544877014204,
    42.17443340445755,
    42.80126485900476,
    41.370768494219256,
    41.087787872773255,
    41.182669108369765,
    42.63061865980992,
    42.174311972566876,
    40.892706323424306,
    40.75925823577271,
    41.22798091896254,
    42.074225394644984,
    41.923129454565505,
    42.02312286620287,
    42.86270672074689,
    42.75497745062553,
    42.183117123790645,
    44.452635933809404,
    44.92041887553061,
    45.874161540136974,
    46.87644650234648,
    48.24499817718871,
    48.69388380974034,
    49.995796492031936,
    49.68848890477993,
    49.17356903850785,
    49.227790074801355,
    49.331581198805516,
    47.85182626629954,
    48.300305884354906,
    48.27353881186443,
    47.521024719337724,
    48.47787307988959,
    49.719729223550715,
    49.18141998529352,
    49.59349072307386,
    50.55760303755709,
    51.253665273524305,
    51.750885337070514,
    50.31050029988047,
    51.5504212192364,
    49.56619945430123,
    49.654725806901,
    48.86207585725218,
    47.90038698686392,
    46.05020517978571,
    45.4755743509664,
    46.886221123899865,
    46.01804935252646,
    45.29281434512933,
    46.138432360319676,
    47.06466045022209,
    48.42732097217359,
    48.31428742668683,
    48.7903529349091,
    48.26823129945459,
    46.89986657132911,
    46.052450046538915,
    46.26879610875207,
    45.90074991524077,
    47.6650103749214,
    47.50197608217223,
    47.47476232504873,
    48.893141815338495,
    47.33947975351444,
    45.61898251043807,
    44.95643185064691,
    45.28868789749435,
    44.39636955886774,
    45.760864308256146,
    46.25399710920255,
    47.17504876088952,
    45.96648557061356,
    45.547739077120255,
    45.969497450538334,
    46.39418860303439,
    46.96063794405439,
    46.46802638338738,
    45.51274155497717,
    45.606197767559756,
    45.564038078999275,
    43.59294105671554,
    42.11976911988357,
    42.690209823377636,
    42.13645926223693,
    43.36701722765126,
    43.6932673064099,
    42.4813718867394,
    42.69072229650849,
    43.73950615716759,
    44.09225506270696,
    44.81428305095779,
    43.425225915480056,
    42.6620721433557,
    41.81749241817594,
    41.51897082797873,
    41.94304128570549,
    42.5403147345525,
    44.111447247046435,
    44.857234041782725,
    44.384283839382604,
    45.0176138438511,
    44.44070313025187,
    44.34833286502399,
    45.211486710689314,
    44.92878952521685,
    45.2616786079634,
    46.26450304856565,
    46.567932890974156,
    46.77538894341895,
    47.78345358503838,
    48.550665555640315,
    50.28149366174974,
    49.20928716200582,
    49.62200853731808,
    49.650781777723374,
    51.638891976205485,
    51.66089377871368,
    52.17755752879064,
    52.74739019100242,
    52.278599474976694,
    51.70507053309965,
    51.32147639779942,
    50.076360947000495,
    48.70658106470825,
    48.81148840655918,
    49.333611701385955,
    49.7409337340947,
    49.746664604831665,
    51.91525470213454,
    50.9254893961385,
    50.74782480290385,
    50.668319219736865,
    51.377685803357906,
    50.95807818164999,
    51.34606160449609,
    51.616494343538015,
    52.43570511295668,
    52.26227345948187,
    51.4266657687153
  ],
  "actions": [],
  "observations": [
    1,
    1,
    1,
    1,
    1,
    1,
    1,
    1,
    1,
    1,
    0,
    0,
    0,
    0,
    0,
    0,
    0,
    1,
    1,
    1,
    0,
    1,
    0,
    0,
    0,
    0,
    1,
    1,
    0,
    0,
    0,
    0,
    0,
    0,
    0,
    0,
    0,
    0,
    0,
    0,
    0,
    0,
    0,
    0,
    0,
    0,
    0,
    0,
    0,
    0,
    0,
    0,
    0,
    0,
    0,
    0,
    0,
    0,
    0,
    0,
    0,
    0,
    0,
    0,
    0,
    0,
    0,
    0,
    0,
    0,
    0,
    0,
    0,
    0,
    0,
    0,
    0,
    0,
    0,
    0,
    1,
    1,
    1,
    1,
    1,
    1,
    1,
    1,
    1,
    1,
    1,
    1,
    1,
    1,
    1,
    1,
    1,
    1,
    1,
    1,
    1,
    1,
    1,
    1,
    1,
    1,
    1,
    1,
    1,
    1,
    1,
    1,
    1,
    1,
    1,
    1,
    1,
    1,
    1,
    1,
    1,
    1,
    1,
    1,
    1,
    1,
    1,
    0,
    1,
    0,
    1,
    1,
    1,
    1,
    1,
    1,
    1,
    1,
    1,
    1,
    1,
    1,
    0,
    0,
    0,
    0,
    0,
    0,
    0,
    0,
    0,
    0,
    0,
    0,
    0,
    0,
    0,
    0,
    0,
    0,
    0,
    0,
    1,
    0,
    0,
    1,
    0,
    1,
    1,
    1,
    1,
    1,
    1,
    1,
    1,
    1,
    1,
    1,
    1,
    1,
    1,
    1,
    1,
    1,
    1,
    1,
    1,
    1,
    1,
    1,
    1,
    1,
    1,
    1,
    1,
    1,
    1,
    1,
    1,
    1
  ],