{
  "timesteps": [
    0,
    1,
    2,
    3,
    4,
    5,
    6,
    7,
    8,
    9,
    10,
    11,
    12,
    13,
    14,
    15,
    16,
    17,
    18,
    19,
    20,
    21,
    22,
    23,
    24,
    25,
    26,
    27,
    28,
    29,
    30,
    31,
    32,
    33,
    34,
    35,
    36,
    37,
    38,
    39,
    40,
    41,
    42,
    43,
    44,
    45,
    46,
    47,
    48,
    49,
    50,
    51,
    52,
    53,
    54,
    55,
    56,
    57,
    58,
    59,
    60,
    61,
    62,
    63,
    64,
    65,
    66,
    67,
    68,
    69,
    70,
    71,
    72,
    73,
    74,
    75,
    76,
    77,
    78,
    79,
    80,
    81,
    82,
    83,
    84,
    85,
    86,
    87,
    88,
    89,
    90,
    91,
    92,
    93,
    94,
    95,
    96,
    97,
    98,
    99,
    100,
    101,
    102,
    103,
    104,
    105,
    106,
    107,
    108,
    109,
    110,
    111,
    112,
    113,
    114,
    115,
    116,
    117,
    118,
    119,
    120,
    121,
    122,
    123,
    124,
    125,
    126,
    127,
    128,
    129,
    130,
    131,
    132,
    133,
    134,
    135,
    136,
    137,
    138,
    139,
    140,
    141,
    142,
    143,
    144,
    145,
    146,
    147,
    148,
    149,
    150,
    151,
    152,
    153,
    154,
    155,
    156,
    157,
    158,
    159,
    160,
    161,
    162,
    163,
    164,
    165,
    166,
    167,
    168,
    169,
    170,
    171,
    172,
    173,
    174,
    175,
    176,
    177,
    178,
    179,
    180,
    181,
    182,
    183,
    184,
    185,
    186,
    187,
    188,
    189,
    190,
    191,
    192,
    193,
    194,
    195,
    196,
    197,
    198,
    199
  ],
  "states": [
    50.0,
    49.22602293607373,
    48.7282387447098,
    48.84553853331662,
    48.58587653877467,
    48.70761458376345,
    48.683908028434644,
    49.601577939069664,
    49.22465212042244,
    50.37465426782666,
    48.812150240625364,
    49.37918184175916,
    49.06680199985437,
    49.556143602156794,
    51.29693986858135,
    51.0052579730885,
    52.88184498510222,
    54.639706346447504,
    53.90732761771531,
    54.514987978423136,
    56.99147050004619,
    55.34380413696205,
    56.029707099559076,
    58.24283113487187,
    58.61267350504001,
    58.0175487089297,
    58.69128446339338,
    58.38796906105464,
    59.85704869371848,
    60.092065470355664,
    59.22741573107652,
    58.56511129572451,
    59.152920113258716,
    59.58140767748571,
    60.364312858691186,
    59.80390914145519,
    60.06284498696911,
    59.97781303143029,
    60.16476201087785,
    61.349495626667576,
    59.049474315556644,
    59.36296329900062,
    59.560941038416296,
    58.73566484378129,
    59.23517392794838,
    59.196096550102396,
    59.928594757091346,
    60.16296859970323,
    60.511319290113434,
    61.02856813445582,
    60.71784889210551,
    61.64501888461223,
    63.1524512305046,
    63.18219340636144,
    62.940880482845046,
    62.63704523201068,
    62.04860479624248,
    63.04672767122807,
    62.9472351376078,
    61.38217671310328,
    61.7969998068774,
    61.306846453068,
    60.287598943726245,
    59.68188877986945,
    59.618576085598086,
    59.67853330157864,
    60.596830029969496,
    60.24693047233281,
    60.773317819882585,
    60.13850941597651,
    60.358581714255536,
    61.23097253350868,
    61.30544842051474,
    61.543731645822064,
    60.486676233491345,
    61.40342107550637,
    61.06549433103304,
    60.270145849141,
    58.26716929891373,
    57.45836505416804,
    57.48414672498335,
    57.38769314752624,
    57.29221846703692,
    55.24441584305405,
    56.349440865179965,
    56.4812488629479,
    57.50210072308675,
    56.31533534641903,
    55.80006077910559,
    56.134561443160074,
    56.61867046031797,
    56.99000896101684,
    56.8037042313564,
    56.01917543982024,
    56.663425972313654,
    56.29629120999102,
    56.956044846040186,
    58.23356610650643,
    59.300378611629384,
    59.72480169444291,
    60.67157226327329,
    61.54044230512699,
    60.334718813431685,
    61.811065966249856,
    61.39476012103452,
    61.23691845887479,
    60.44746407376862,
    58.8300834854948,
    58.82290284840498,
    59.097355641464915,
    59.3476413393392,
    59.7043991972537,
    58.031679784003074,
    57.838895552657206,
    56.91347569932961,
    54.99609968253346,
    54.581097900527375,
    55.23132778207246,
    54.456872213937835,
    54.04256606996602,
    54.46421885908864,
    56.27050130438837,
    55.44257682780713,
    55.896943879355234,
    55.77746123106431,
    56.83611083458479,
    57.41966789762152,
    56.464256231725,
    56.36619000053476,
    57.157745198505886,
    56.825610666786034,
    56.87910191317462,
    57.932853655413815,
    59.37688697763969,
    57.65963845134469,
    57.26207632857836,
    55.83158007643306,
    55.44733129560828,
    54.06040476788812,
    55.37599291975248,
    55.14906313881952,
    56.972677529259634,
    56.98901465868705,
    55.83938656117213,
    56.39245459652364,
    56.71391691088233,
    58.509740061773094,
    58.75745363846148,
    58.19364505541493,
    59.521200349676484,
    58.892000370261194,
    57.43143820509683,
    56.632909890808335,
    55.52618459793794,
    55.37473687609478,
    55.668439276127785,
    54.70440228076253,
    55.70433806523605,
    56.950209505017874,
    57.18443331684282,
    58.224841997827404,
    59.51721814338534,
    59.99987548463673,
    61.014812236800154,
    58.976211378495435,
    58.2106297821081,
    58.61144413583995,
    57.321105716416575,
    56.144896211301784,
    58.55504020221175,
    59.24747205269317,
    57.070651698928145,
    56.805222210383064,
    57.204419073645504,
    57.511147221223794,
    57.161924292217556,
    56.891761933857794,
    56.86246799859615,
    56.037569278230315,
    56.85428112519463,
    57.00543105925578,
    57.57135217661978,
    56.52369411641235,
    55.99621777139879,
    57.368849180778,
    57.063947335781705,
    56.87232113417615,
    56.28578189423162,
    56.14570784552971,
    56.59313537677925,
    57.4991136118085,
    57.612506592577546,
    58.557068853445145,
    57.85104712429147,
    58.26032758058704,
    57.47486108534649,
    57.872095724581335,
    58.59998777055342,
    56.92906070725442,
    57.68968666258231,
    57.24130427039293
  ],
  "actions": [],
  "observations": [
    1,
    1,
    1,
    1,
    1,
    1,
    1,
    1,
    1,
    1,
    1,
    1,
    1,
    1,
    1,
    1,
    1,
    1,
    1,
    1,
    2,
    2,
    2,
    2,
    2,
    2,
    2,
    2,
    2,
    2,
    2,
    2,
    2,
    2,
    2,
    2,
    2,
    2,
    2,
    2,
    2,
    2,
    2,
    2,
    2,
    2,
    2,
    2,
    2,
    2,
    2,
    2,
    2,
    2,
    2,
    2,
    2,
    2,
    2,
    2,
    2,
    2,
    2,
    2,
    2,
    2,
    2,
    2,
    2,
    2,
    2,
    2,
    2,
    2,
    2,
    2,
    2,
    2,
    2,
    2,
    2,
    2,
    2,
    2,
    2,
    2,
    2,
    2,
    2,
    2,
    2,
    2,
    2,
    2,
    2,
    2,
    2,
    2,
    2,
    2,
    2,
    2,
    2,
    2,
    2,
    2,
    2,
    2,
    2,
    2,
    2,
    2,
    2,
    2,
    2,
    1,
    1,
    2,
    1,
    1,
    1,
    2,
    2,
    2,
    2,
    2,
    2,
    2,
    2,
    2,
    2,
    2,
    2,
    2,
    2,
    2,
    2,
    2,
    1,
    2,
    2,
    2,
    2,
    2,
    2,
    2,
    2,
    2,
    2,
    2,
    2,
    2,
    2,
    2,
    2,
    2,
    1,
    2,
    2,
    2,
    2,
    2,
    2,
    2,
    2,
    2,
    2,
    2,
    2,
    2,
    2,
    2,
    2,
    2,
    2,
    2,
    2,
    2,
    2,
    2,
    2,
    2,
    2,
    2,
    2,
    2,
    2,
    2,
    2,
    2,
    2,
    2,
    2,
    2,
    2,
    2,
    2,
    2,
    2,
    2
  ],