{
  "timesteps": [
    0,
    1,
    2,
    3,
    4,
    5,
    6,
    7,
    8,
    9,
    10,
    11,
    12,
    13,
    14,
    15,
    16,
    17,
    18,
    19,
    20,
    21,
    22,
    23,
    24,
    25,
    26,
    27,
    28,
    29,
    30,
    31,
    32,
    33,
    34,
    35,
    36,
    37,
    38,
    39,
    40,
    41,
    42,
    43,
    44,
    45,
    46,
    47,
    48,
    49,
    50,
    51,
    52,
    53,
    54,
    55,
    56,
    57,
    58,
    59,
    60,
    61,
    62,
    63,
    64,
    65,
    66,
    67,
    68,
    69,
    70,
    71,
    72,
    73,
    74,
    75,
    76,
    77,
    78,
    79,
    80,
    81,
    82,
    83,
    84,
    85,
    86,
    87,
    88,
    89,
    90,
    91,
    92,
    93,
    94,
    95,
    96,
    97,
    98,
    99,
    100,
    101,
    102,
    103,
    104,
    105,
    106,
    107,
    108,
    109,
    110,
    111,
    112,
    113,
    114,
    115,
    116,
    117,
    118,
    119,
    120,
    121,
    122,
    123,
    124,
    125,
    126,
    127,
    128,
    129,
    130,
    131,
    132,
    133,
    134,
    135,
    136,
    137,
    138,
    139,
    140,
    141,
    142,
    143,
    144,
    145,
    146,
    147,
    148,
    149,
    150,
    151,
    152,
    153,
    154,
    155,
    156,
    157,
    158,
    159,
    160,
    161,
    162,
    163,
    164,
    165,
    166,
    167,
    168,
    169,
    170,
    171,
    172,
    173,
    174,
    175,
    176,
    177,
    178,
    179,
    180,
    181,
    182,
    183,
    184,
    185,
    186,
    187,
    188,
    189,
    190,
    191,
    192,
    193,
    194,
    195,
    196,
    197,
    198,
    199
  ],
  "states": [
    50.0,
    50.557442018401815,
    49.502406029791004,
    48.877035277332546,
    48.95335518241896,
    49.19929746822765,
    50.488838584683464,
    48.025575589298974,
    48.22413719595348,
    47.8985897433054,
    47.92478141601552,
    49.46334462495817,
    50.84184831538521,
    50.5754782423572,
    49.01204941235764,
    49.97778451983268,
    50.17618503986462,
    51.166586411441344,
    51.378664854561755,
    49.83787370161061,
    50.90955252361468,
    51.01881651347081,
    51.61538217134196,
    53.76162676035613,
    55.70781327217165,
    55.48361151417369,
    56.120793199859214,
    56.22384414281993,
    54.198252637144876,
    52.64711965987018,
    53.06992541715134,
    53.0146705544431,
    55.12562521946168,
    55.40471176064875,
    55.89549300834111,
    56.03003047021783,
    55.42318634302456,
    56.270945564614685,
    56.37064314046653,
    56.84045597481517,
    56.70349181439255,
    57.11141030478261,
    57.38165842146356,
    59.24327186063494,
    61.129072181823716,
    60.03180970388996,
    58.76556370376507,
    57.61660335684193,
    59.56182435526954,
    57.475631713758055,
    55.94038333049752,
    55.51984525910209,
    52.869862635796935,
    51.618866581211506,
    52.40231558224361,
    53.44197081714939,
    54.0021731833995,
    54.74372906097889,
    54.59530001526236,
    51.53255435720419,
    51.315226986718685,
    52.4333627340565,
    52.78426618554073,
    52.75957099837943,
    51.72065177768973,
    52.49296437129685,
    53.177776372645496,
    52.96736608764183,
    53.84587304638753,
    52.284112315821474,
    52.67148976083403,
    52.45288687760845,
    51.79488333834765,
    52.11033606576161,
    52.05052394774921,
    51.91459170335172,
    52.09267053101515,
    51.39925075278083,
    51.549978271229506,
    51.334837913820735,
    51.08701534631071,
    52.41582078283907,
    53.12907795426075,
    51.80125872998937,
    52.05963251395738,
    52.54826552156449,
    53.00747974592189,
    52.8633358888438,
    53.7296174872805,
    54.202789870949395,
    53.26096832447075,
    52.99557324667592,
    53.47812864355231,
    54.290878085530146,
    54.87445840584302,
    54.37246191914993,
    55.24620438720743,
    54.439740324231984,
    52.97408063968417,
    53.86682558745915,
    53.06868945042927,
    52.43809147816792,
    54.378503827610075,
    54.09417940725648,
    52.709166840757234,
    51.968187366897126,
    51.05698706183014,
    50.52202629381286,
    50.835864452682806,
    50.71729488254062,
    51.00667026974486,
    51.09443149696663,
    50.30697306275124,
    50.10649220079347,
    50.896714279495775,
    49.47183915066239,
    49.67309765094641,
    47.96166110721471,
    47.16382482482418,
    47.02805837256389,
    47.64130533838848,
    46.50176036030539,
    46.27412012697995,
    44.20216280522003,
    43.204549312800786,
    42.913751592464195,
    42.70963847978559,
    43.81389899659992,
    42.539873974859134,
    43.22356601580525,
    43.35288229047774,
    43.6576306780388,
    42.55947988909727,
    42.61721806407536,
    42.51911853772288,
    43.24568209483552,
    42.30143872533003,
    41.9976127460121,
    42.636936831686384,
    42.93243449896953,
    44.57678014430807,
    45.44601027560077,
    46.24765936111504,
    45.28312502796797,
    46.20813904142835,
    47.51698128671894,
    48.78950442404901,
    49.482534515925856,
    50.0363580169624,
    48.688796969816465,
    49.28498391325551,
    50.269444132827886,
    49.75421894151125,
    49.57714996217085,
    46.81028461594246,
    47.18242442321727,
    48.18821530609338,
    46.88795330871435,
    50.41529693364965,
    49.56491864103705,
    49.37533030176546,
    47.7988143598397,
    48.22246012408735,
    47.61191184978622,
    47.029187393672935,
    46.47748613425738,
    46.96949019959575,
    48.207759353816925,
    47.83463448419527,
    47.259589473234655,
    47.32102849991101,
    46.823694136061334,
    47.099398354804556,
    47.360504358649656,
    47.39719070509556,
    46.58343800865291,
    45.83086518606594,
    45.248153004629856,
    44.837795878190306,
    46.52431290714024,
    47.89142335188369,
    48.84997344036746,
    47.41310119863495,
    48.63361340391942,
    47.03872500742512,
    46.15565451243986,
    46.04614969125273,
    47.82306000167698,
    45.68067346248155,
    46.8141678829052,
    46.04130440856804,
    45.93272106155975,
    45.758554958285295,
    46.7319128292875,
    46.279501329303685,
    46.06641161977715,
    44.490205653329305,
    45.13914228890539,
    45.864517109155805,
    44.68840445245863,
    43.98175144027472
  ],
  "actions": [],
  "observations": [
    1,
    1,
    1,
    1,
    1,
    1,
    1,
    1,
    1,
    1,
    1,
    1,
    1,
    1,
    1,
    1,
    1,
    1,
    1,
    1,
    1,
    1,
    1,
    1,
    2,
    2,
    2,
    2,
    1,
    1,
    1,
    1,
    2,
    2,
    2,
    2,
    2,
    2,
    2,
    2,
    2,
    2,
    2,
    2,
    2,
    2,
    2,
    2,
    2,
    2,
    2,
    2,
    1,
    1,
    1,
    1,
    1,
    1,
    1,
    1,
    1,
    1,
    1,
    1,
    1,
    1,
    1,
    1,
    1,
    1,
    1,
    1,
    1,
    1,
    1,
    1,
    1,
    1,
    1,
    1,
    1,
    1,
    1,
    1,
    1,
    1,
    1,
    1,
    1,
    1,
    1,
    1,
    1,
    1,
    1,
    1,
    2,
    1,
    1,
    1,
    1,
    1,
    1,
    1,
    1,
    1,
    1,
    1,
    1,
    1,
    1,
    1,
    1,
    1,
    1,
    1,
    1,
    1,
    1,
    1,
    1,
    1,
    1,
    0,
    0,
    0,
    0,
    0,
    0,
    0,
    0,
    0,
    0,
    0,
    0,
    0,
    0,
    0,
    0,
    0,
    0,
    1,
    1,
    1,
    1,
    1,
    1,
    1,
    1,
    1,
    1,
    1,
    1,
    1,
    1,
    1,
    1,
    1,
    1,
    1,
    1,
    1,
    1,
    1,
    1,
    1,
    1,
    1,
    1,
    1,
    1,
    1,
    1,
    1,
    1,
    1,
    1,
    1,
    0,
    1,
    1,
    1,
    1,
    1,
    1,
    1,
    1,
    1,
    1,
    1,
    1,
    1,
    1,
    1,
    1,
    1,
    0,
    1,
    1,
    0
  ],