{
  "timesteps": [
    0,
    1,
    2,
    3,
    4,
    5,
    6,
    7,
    8,
    9,
    10,
    11,
    12,
    13,
    14,
    15,
    16,
    17,
    18,
    19,
    20,
    21,
    22,
    23,
    24,
    25,
    26,
    27,
    28,
    29,
    30,
    31,
    32,
    33,
    34,
    35,
    36,
    37,
    38,
    39,
    40,
    41,
    42,
    43,
    44,
    45,
    46,
    47,
    48,
    49,
    50,
    51,
    52,
    53,
    54,
    55,
    56,
    57,
    58,
    59,
    60,
    61,
    62,
    63,
    64,
    65,
    66,
    67,
    68,
    69,
    70,
    71,
    72,
    73,
    74,
    75,
    76,
    77,
    78,
    79,
    80,
    81,
    82,
    83,
    84,
    85,
    86,
    87,
    88,
    89,
    90,
    91,
    92,
    93,
    94,
    95,
    96,
    97,
    98,
    99,
    100,
    101,
    102,
    103,
    104,
    105,
    106,
    107,
    108,
    109,
    110,
    111,
    112,
    113,
    114,
    115,
    116,
    117,
    118,
    119,
    120,
    121,
    122,
    123,
    124,
    125,
    126,
    127,
    128,
    129,
    130,
    131,
    132,
    133,
    134,
    135,
    136,
    137,
    138,
    139,
    140,
    141,
    142,
    143,
    144,
    145,
    146,
    147,
    148,
    149,
    150,
    151,
    152,
    153,
    154,
    155,
    156,
    157,
    158,
    159,
    160,
    161,
    162,
    163,
    164,
    165,
    166,
    167,
    168,
    169,
    170,
    171,
    172,
    173,
    174,
    175,
    176,
    177,
    178,
    179,
    180,
    181,
    182,
    183,
    184,
    185,
    186,
    187,
    188,
    189,
    190,
    191,
    192,
    193,
    194,
    195,
    196,
    197,
    198,
    199
  ],
  "states": [
    50.0,
    48.863579038859314,
    49.67388831466984,
    51.840146555416425,
    51.840133615973585,
    52.0847474381265,
    51.45287143636484,
    53.335168460788964,
    52.78075053303779,
    50.77425019681824,
    50.34600945761054,
    50.39405559934416,
    49.5427053456009,
    49.65352679382845,
    50.65348905368178,
    51.369683259010166,
    52.479185810118864,
    51.24679042432934,
    52.751871676569834,
    52.35256976963428,
    56.78631865187636,
    55.05428652470374,
    54.28329706876262,
    54.099141668672495,
    54.33708959695975,
    54.41349545568221,
    54.407529482853505,
    54.18821964166036,
    54.619370541644095,
    55.27756524378113,
    56.612786264087354,
    57.000797755594284,
    56.18763763887859,
    56.05430628769336,
    56.43523983100424,
    57.21151338039417,
    56.65342512622988,
    57.690320297307565,
    59.889277575492024,
    59.16991996732295,
    59.47734840210662,
    63.11613080056624,
    60.995372341416044,
    60.1819977262737,
    60.22292653755141,
    61.556389484126505,
    63.2557369278189,
    61.89881434333907,
    62.264284613006645,
    62.75002970959522,
    62.51606025978532,
    60.57863428995389,
    60.861091966174065,
    61.28414169363734,
    59.81522261537387,
    58.17688469295299,
    58.55960295638814,
    56.90733662125654,
    54.71660166163315,
    53.95529820146742,
    52.57668537403305,
    50.392371641919226,
    49.454419051664516,
    49.974521462350715,
    47.072639897046464,
    47.12326583491738,
    45.84828553369439,
    44.40156820482033,
    44.93318260902967,
    45.6909701110691,
    44.000432348214915,
    44.50367743081004,
    43.821456422894045,
    44.42886042305007,
    46.606608039987854,
    47.79619149315481,
    46.599496850030434,
    48.303324291872286,
    47.38388257956686,
    49.21007467471763,
    50.75694895075841,
    50.978021784228545,
    49.584828868173865,
    52.54605556418098,
    50.45842258879113,
    50.20736372406934,
    49.94465651177491,
    48.70112491995182,
    49.181510468182346,
    49.71840456604316,
    49.80890107083104,
    49.84435293902055,
    50.64230558788768,
    48.328737703266825,
    47.54430215629367,
    46.702871367697675,
    49.62448675453401,
    49.397691153454154,
    48.7937525597457,
    51.09725991952639,
    51.661596714896966,
    51.95228541009586,
    51.37705455435566,
    49.96637322151753,
    49.47155089469363,
    49.8290079309181,
    50.908638187800605,
    51.57827688516837,
    55.591024889816524,
    56.089911364132085,
    56.870931659437325,
    56.92461989811245,
    56.21960295969348,
    56.74023419200903,
    57.52323329848343,
    56.975221081140575,
    55.27373579075943,
    55.16588694058314,
    52.391279937064304,
    50.87709686569505,
    51.03623179540161,
    49.843400488693426,
    53.45809769600467,
    54.27267222964186,
    54.567137664055785,
    56.52316321511782,
    55.115449283208896,
    54.10536507521434,
    54.182731884603875,
    54.81226142643982,
    54.930126043246126,
    53.35199068686353,
    52.54864244629808,
    53.76174775493612,
    53.81918617186986,
    51.37842300724248,
    51.18118935204828,
    53.84991526047567,
    54.06268748382778,
    53.83967493040871,
    54.797769113803696,
    55.6374595300775,
    56.22578744371692,
    55.01950083286358,
    52.8294344536087,
    53.22690713854963,
    53.16334447889486,
    53.86195196329891,
    51.31772866642751,
    48.745789728655836,
    49.7058767712709,
    48.10061616454784,
    46.259864568571444,
    47.72606714504104,
    44.68592516873462,
    42.58369140228321,
    41.53721862421417,
    41.19632657191965,
    39.82852501211856,
    40.73771878926735,
    41.90599308199438,
    42.52784303272809,
    41.670136753796854,
    41.961113910208375,
    41.13669592667395,
    43.637713560190896,
    43.66056586971902,
    44.78012165873793,
    44.134902541587586,
    44.91442111387298,
    45.26790591270543,
    43.91722862939688,
    43.45357083983839,
    43.595529961868564,
    45.56467858491947,
    47.834977685449374,
    45.89148210136614,
    47.62243952679957,
    47.384281278607844,
    44.8730359317251,
    45.36847685047226,
    45.49831305468166,
    44.62485606197793,
    41.78516392038792,
    44.465915734185465,
    42.76780398677987,
    44.18837223410015,
    45.076664508073456,
    44.64771199914988,
    45.141884893309836,
    47.4928894595733,
    48.935576628990276,
    49.43383040627764,
    48.74109308341468,
    50.83028361702381,
    52.9285689459645,
    51.72027485197459,
    53.98128544877765,
    54.25206443912763,
    55.70711458529617,
    54.94504057582033
  ],
  "actions": [],
  "observations": [
    1,
    1,
    1,
    1,
    1,
    1,
    1,
    1,
    1,
    1,
    1,
    1,
    1,
    1,
    1,
    1,
    1,
    1,
    1,
    1,
    2,
    2,
    1,
    1,
    1,
    1,
    1,
    1,
    1,
    2,
    2,
    2,
    2,
    2,
    2,
    2,
    2,
    2,
    2,
    2,
    2,
    2,
    2,
    2,
    2,
    2,
    2,
    2,
    2,
    2,
    2,
    2,
    2,
    2,
    2,
    2,
    2,
    2,
    1,
    1,
    1,
    1,
    1,
    1,
    1,
    1,
    1,
    0,
    0,
    1,
    0,
    0,
    0,
    0,
    1,
    1,
    1,
    1,
    1,
    1,
    1,
    1,
    1,
    1,
    1,
    1,
    1,
    1,
    1,
    1,
    1,
    1,
    1,
    1,
    1,
    1,
    1,
    1,
    1,
    1,
    1,
    1,
    1,
    1,
    1,
    1,
    1,
    1,
    2,
    2,
    2,
    2,
    2,
    2,
    2,
    2,
    2,
    2,
    1,
    1,
    1,
    1,
    1,
    1,
    1,
    2,
    2,
    1,
    1,
    1,
    1,
    1,
    1,
    1,
    1,
    1,
    1,
    1,
    1,
    1,
    1,
    2,
    2,
    2,
    1,
    1,
    1,
    1,
    1,
    1,
    1,
    1,
    1,
    1,
    0,
    0,
    0,
    0,
    0,
    0,
    0,
    0,
    0,
    0,
    0,
    0,
    0,
    0,
    0,
    0,
    1,
    0,
    0,
    0,
    1,
    1,
    1,
    1,
    1,
    0,
    1,
    1,
    0,
    0,
    0,
    0,
    0,
    1,
    0,
    1,
    1,
    1,
    1,
    1,
    1,
    1,
    1,
    1,
    1,
    2
  ],