{
  "timesteps": [
    0,
    1,
    2,
    3,
    4,
    5,
    6,
    7,
    8,
    9,
    10,
    11,
    12,
    13,
    14,
    15,
    16,
    17,
    18,
    19,
    20,
    21,
    22,
    23,
    24,
    25,
    26,
    27,
    28,
    29,
    30,
    31,
    32,
    33,
    34,
    35,
    36,
    37,
    38,
    39,
    40,
    41,
    42,
    43,
    44,
    45,
    46,
    47,
    48,
    49,
    50,
    51,
    52,
    53,
    54,
    55,
    56,
    57,
    58,
    59,
    60,
    61,
    62,
    63,
    64,
    65,
    66,
    67,
    68,
    69,
    70,
    71,
    72,
    73,
    74,
    75,
    76,
    77,
    78,
    79,
    80,
    81,
    82,
    83,
    84,
    85,
    86,
    87,
    88,
    89,
    90,
    91,
    92,
    93,
    94,
    95,
    96,
    97,
    98,
    99,
    100,
    101,
    102,
    103,
    104,
    105,
    106,
    107,
    108,
    109,
    110,
    111,
    112,
    113,
    114,
    115,
    116,
    117,
    118,
    119,
    120,
    121,
    122,
    123,
    124,
    125,
    126,
    127,
    128,
    129,
    130,
    131,
    132,
    133,
    134,
    135,
    136,
    137,
    138,
    139,
    140,
    141,
    142,
    143,
    144,
    145,
    146,
    147,
    148,
    149,
    150,
    151,
    152,
    153,
    154,
    155,
    156,
    157,
    158,
    159,
    160,
    161,
    162,
    163,
    164,
    165,
    166,
    167,
    168,
    169,
    170,
    171,
    172,
    173,
    174,
    175,
    176,
    177,
    178,
    179,
    180,
    181,
    182,
    183,
    184,
    185,
    186,
    187,
    188,
    189,
    190,
    191,
    192,
    193,
    194,
    195,
    196,
    197,
    198,
    199
  ],
  "states": [
    50.0,
    49.968575917773975,
    49.96966322623861,
    49.890579930606556,
    50.05547252351608,
    50.01258058127165,
    50.01161159695387,
    50.15505548320436,
    49.971933096414936,
    50.03329672256679,
    49.97268509245683,
    49.925609957687875,
    49.920162446495,
    49.809821916303434,
    49.92751480107964,
    49.97954986825622,
    50.23686654595759,
    50.33287351621889,
    50.487434467159325,
    50.395936297330294,
    50.468196653981906,
    50.59960629134398,
    50.66560202039083,
    50.6589853962586,
    50.683665144620875,
    50.72746285076295,
    51.013226619788156,
    51.15708493555631,
    50.858990472686116,
    51.044564971963844,
    51.04037075717284,
    51.19715535153486,
    51.26155741948939,
    51.33031346389784,
    51.42393308435308,
    51.35824396317108,
    51.22786950874621,
    51.23489009223178,
    51.180332986951704,
    51.229914220299015,
    50.98582982534806,
    50.96895908608446,
    50.95001822400229,
    50.88660597631189,
    50.67731644928759,
    50.704578761269694,
    50.65629055239792,
    50.47329019052845,
    50.569859115968505,
    50.613697871166885,
    50.594923749332416,
    50.51317262072102,
    50.60591437531558,
    50.580893464923015,
    50.56486628752947,
    50.56819114190307,
    50.623862347142435,
    50.53953075156504,
    50.37489400900647,
    50.4020071834101,
    50.433869493341376,
    50.418177643228304,
    50.53757594294048,
    50.630102396721675,
    50.77700211550039,
    50.80624470232572,
    50.59725873883029,
    50.48602565447413,
    50.52771258457707,
    50.61145547399617,
    50.73585253503445,
    50.817926831504714,
    50.928608479661385,
    50.91154561981856,
    50.927542236780546,
    50.96975359218447,
    50.93594785868319,
    51.0275915258472,
    51.034387936727214,
    51.08393267799948,
    51.15212390104748,
    51.18085948133694,
    51.08879509296502,
    50.94175718901452,
    50.98831992208975,
    50.72920355258593,
    50.74443451059149,
    50.79499903969131,
    50.77758586777459,
    50.751612715162175,
    50.872284346618606,
    50.99842745826954,
    51.21929118439154,
    51.079157490833275,
    51.04997090429585,
    51.13530864370664,
    51.26730637654154,
    51.302434951181006,
    51.233318185148626,
    51.32564326132137,
    51.440639901104255,
    51.47828588795939,
    51.34327333139106,
    51.27237063534469,
    51.36203161894174,
    51.40686761368996,
    51.332375949618275,
    51.45862075337568,
    51.56053368795808,
    51.52256146052236,
    51.60840662309522,
    51.45141248873138,
    51.37944754514082,
    51.38246112070747,
    51.36735180328498,
    51.3118006807855,
    51.38628126853744,
    51.3688318284771,
    51.45363435869522,
    51.424071668788,
    51.571375976818544,
    51.571510784890165,
    51.488505848902996,
    51.3751877269423,
    51.37088142352989,
    51.311475061941,
    51.25312681279315,
    51.14060431618809,
    51.12525455069217,
    51.05314410744107,
    51.15087869612883,
    51.19135203389067,
    51.30732257370557,
    51.339234892015455,
    51.44831326846266,
    51.339604857630015,
    51.332291062893475,
    51.29343861866158,
    51.18484831115752,
    51.2206029332984,
    51.1742958131992,
    51.11416601253878,
    51.00426134777918,
    51.03621489039028,
    51.16278312935518,
    51.03274226542504,
    50.91836115912102,
    51.01643924672275,
    50.95814461158548,
    50.89758484708806,
    50.90339279930053,
    51.030959216393626,
    51.025188847067916,
    51.0970822366208,
    51.00732096801649,
    51.02112830417713,
    50.81770528271571,
    50.716707889630165,
    50.82194393047112,
    50.96868328217667,
    50.749452517014895,
    50.79496080059942,
    50.7365525317126,
    50.73907446207406,
    50.709855433643085,
    50.44455063392219,
    50.51046924526469,
    50.40865090661736,
    50.56087460676656,
    50.55944040433507,
    50.36402467219017,
    50.35724811465738,
    50.418882229787286,
    50.463654204430554,
    50.48448099183177,
    50.36621820186427,
    50.376312036100636,
    50.233030238282346,
    50.07603850680867,
    50.16648672403105,
    50.23920878771069,
    50.186048093163755,
    50.19978394629061,
    50.26937669833035,
    50.143767119651535,
    50.33422658068234,
    50.32529727754793,
    50.13648405807779,
    50.1965736894905,
    50.252289218038705,
    50.35749575741392,
    50.30716874291325,
    50.33938404534838,
    50.31083958594442,
    50.387064749758366,
    50.40066539271868,
    50.42030386700602,
    50.428941333787975,
    50.32821243518654,
    50.16517388040719,
    50.151459864813845
  ],
  "actions": [],
  "observations": [
    1,
    1,
    1,
    1,
    1,
    1,
    1,
    1,
    1,
    1,
    1,
    1,
    1,
    1,
    1,
    1,
    1,
    1,
    1,
    1,
    1,
    1,
    1,
    1,
    1,
    1,
    1,
    1,
    1,
    1,
    1,
    1,
    1,
    1,
    1,
    1,
    1,
    1,
    1,
    1,
    1,
    1,
    1,
    1,
    1,
    1,
    1,
    1,
    1,
    1,
    1,
    1,
    1,
    1,
    1,
    1,
    1,
    1,
    1,
    1,
    1,
    1,
    1,
    1,
    1,
    1,
    1,
    1,
    1,
    1,
    1,
    1,
    1,
    1,
    1,
    1,
    1,
    1,
    1,
    1,
    1,
    1,
    1,
    1,
    1,
    1,
    1,
    1,
    1,
    1,
    1,
    1,
    1,
    1,
    1,
    1,
    1,
    1,
    1,
    1,
    1,
    1,
    1,
    1,
    1,
    1,
    1,
    1,
    1,
    1,
    1,
    1,
    1,
    1,
    1,
    1,
    1,
    1,
    1,
    1,
    1,
    1,
    1,
    1,
    1,
    1,
    1,
    1,
    1,
    1,
    1,
    1,
    1,
    1,
    1,
    1,
    1,
    1,
    1,
    1,
    1,
    1,
    1,
    1,
    1,
    1,
    1,
    1,
    1,
    1,
    1,
    1,
    1,
    1,
    1,
    1,
    1,
    1,
    1,
    1,
    1,
    1,
    1,
    1,
    1,
    1,
    1,
    1,
    1,
    1,
    1,
    1,
    1,
    1,
    1,
    1,
    1,
    1,
    1,
    1,
    1,
    1,
    1,
    1,
    1,
    1,
    1,
    1,
    1,
    1,
    1,
    1,
    1,
    1,
    1,
    1,
    1,
    1,
    1,
    1
  ],