{
  "timesteps": [
    0,
    1,
    2,
    3,
    4,
    5,
    6,
    7,
    8,
    9,
    10,
    11,
    12,
    13,
    14,
    15,
    16,
    17,
    18,
    19,
    20,
    21,
    22,
    23,
    24,
    25,
    26,
    27,
    28,
    29,
    30,
    31,
    32,
    33,
    34,
    35,
    36,
    37,
    38,
    39,
    40,
    41,
    42,
    43,
    44,
    45,
    46,
    47,
    48,
    49,
    50,
    51,
    52,
    53,
    54,
    55,
    56,
    57,
    58,
    59,
    60,
    61,
    62,
    63,
    64,
    65,
    66,
    67,
    68,
    69,
    70,
    71,
    72,
    73,
    74,
    75,
    76,
    77,
    78,
    79,
    80,
    81,
    82,
    83,
    84,
    85,
    86,
    87,
    88,
    89,
    90,
    91,
    92,
    93,
    94,
    95,
    96,
    97,
    98,
    99,
    100,
    101,
    102,
    103,
    104,
    105,
    106,
    107,
    108,
    109,
    110,
    111,
    112,
    113,
    114,
    115,
    116,
    117,
    118,
    119,
    120,
    121,
    122,
    123,
    124,
    125,
    126,
    127,
    128,
    129,
    130,
    131,
    132,
    133,
    134,
    135,
    136,
    137,
    138,
    139,
    140,
    141,
    142,
    143,
    144,
    145,
    146,
    147,
    148,
    149,
    150,
    151,
    152,
    153,
    154,
    155,
    156,
    157,
    158,
    159,
    160,
    161,
    162,
    163,
    164,
    165,
    166,
    167,
    168,
    169,
    170,
    171,
    172,
    173,
    174,
    175,
    176,
    177,
    178,
    179,
    180,
    181,
    182,
    183,
    184,
    185,
    186,
    187,
    188,
    189,
    190,
    191,
    192,
    193,
    194,
    195,
    196,
    197,
    198,
    199
  ],
  "states": [
    50.0,
    49.456127234858556,
    49.34087114546557,
    49.51564272089704,
    49.16711901314817,
    49.3292388206571,
    49.56270586338633,
    49.62401419626427,
    50.12351698697101,
    49.87855638213588,
    50.36701588209477,
    50.477435353950874,
    50.461495664524286,
    50.20240687363453,
    50.09995600479746,
    50.65658646687398,
    50.83740946017854,
    50.95125396818444,
    50.774594526935935,
    50.309418185010244,
    50.725913436124785,
    51.083426600329425,
    51.54147622529212,
    51.571154943797595,
    51.465472424596086,
    51.28498453899237,
    51.18162328018889,
    51.91877322074573,
    51.848917801519555,
    52.21531330232228,
    52.442641770419804,
    52.14890397501544,
    51.65182692135993,
    51.676106479771896,
    51.828337116272365,
    51.72865678163987,
    51.88554574669616,
    52.36919379456855,
    52.77621865959702,
    52.554626135191434,
    52.04802562941782,
    52.43861700579443,
    52.804070900765545,
    52.46458760855825,
    52.44528256737584,
    52.41103279996113,
    52.55701323512172,
    52.71673931154535,
    52.97516747370398,
    52.6600006226446,
    52.57551550443858,
    52.65206296471855,
    52.866910155024605,
    53.059493518619135,
    53.41776861757494,
    53.22869066259065,
    52.524217796493154,
    53.09535481373071,
    53.04960983447756,
    53.02932233340058,
    53.142153275735815,
    52.926925999705475,
    52.95817286609784,
    53.278644026057584,
    53.01469225520493,
    53.526282520558034,
    53.32877112825058,
    53.10322564126154,
    53.20791996646683,
    53.46890864639294,
    53.15592367207957,
    53.23340588096376,
    53.54192859272309,
    53.58719403744301,
    54.12098179703908,
    53.48979415868533,
    53.778858847896856,
    53.43893758402754,
    53.61270103594693,
    53.98611571789234,
    53.59822710461189,
    53.89651052497902,
    54.61146805764624,
    54.84273396278207,
    54.8496633019279,
    54.91776909462067,
    55.210544412783634,
    54.720359246570005,
    54.94261307777689,
    54.2653251553837,
    54.57152789470221,
    54.476564315399955,
    54.69188285146505,
    54.9659685663328,
    55.273860544949336,
    55.32358548920154,
    55.38249124086879,
    55.44959381434454,
    55.55075143311907,
    55.15887843236064,
    54.50272191458836,
    54.23081640574766,
    54.24300091811234,
    54.832118983005955,
    54.502822185937625,
    55.029489047112975,
    54.52640155280963,
    54.847976577402584,
    55.415231281779455,
    55.646011428282534,
    55.205839827379876,
    55.06251210638184,
    55.59923892126269,
    55.712026081864515,
    55.840533134718825,
    55.395072054361485,
    55.41711106955742,
    55.7729466857831,
    55.758826007185974,
    55.1346718792143,
    54.712742319598355,
    54.93726382323371,
    54.76337801019146,
    55.19978228692865,
    55.241283253760585,
    55.1033767148227,
    55.330501855312484,
    54.57998013979294,
    54.51323728718857,
    53.983783043544825,
    53.540031228804885,
    53.69884497313751,
    53.731028222133915,
    53.368031065475236,
    53.34779125365161,
    52.99483248557876,
    53.08746675371502,
    53.26891042938816,
    52.74860157007215,
    52.47607913651302,
    52.39784251497834,
    53.052696209587744,
    53.2142418718531,
    53.01224368321547,
    52.614689795706795,
    52.72289660729906,
    52.72965337532529,
    52.967001164986534,
    53.35497658809524,
    53.535394269748984,
    53.67747431202659,
    53.37657963782937,
    53.642690963051194,
    53.37942317743969,
    52.975142127979545,
    53.30997749090996,
    52.942231076982644,
    53.03849351811345,
    53.29246310626387,
    52.75714109380637,
    53.721485653124546,
    53.53039688310092,
    53.352244804298515,
    52.96061686335249,
    52.52011593569514,
    52.91554325136516,
    52.885681635289394,
    52.708834544651786,
    52.76863570505341,
    52.716794163058985,
    52.887306891952804,
    53.23919853635955,
    53.327669051343385,
    53.698203732562895,
    53.308348369350874,
    53.55159351764029,
    53.840488100288155,
    54.21970364921716,
    54.42855360252862,
    54.654498790264554,
    55.047471922423746,
    55.41558942685609,
    55.259526885369176,
    55.17950203805333,
    55.05314816570977,
    55.09220611357668,
    55.062733129898206,
    55.31322504025794,
    55.31582116465627,
    55.2954852964037,
    55.1522361368403,
    55.20145633416714,
    55.63859428219003,
    55.4346662375197,
    55.380002565187304,
    55.6178369185235,
    55.53455218104997,
    55.36523919054013,
    55.787789101895974,
    56.353310889339454,
    56.20709250561225
  ],
  "actions": [],
  "observations": [
    1,
    1,
    1,
    1,
    1,
    1,
    1,
    1,
    1,
    1,
    1,
    1,
    1,
    1,
    1,
    1,
    1,
    1,
    1,
    1,
    1,
    1,
    1,
    1,
    1,
    1,
    1,
    1,
    1,
    1,
    1,
    1,
    1,
    1,
    1,
    1,
    1,
    1,
    1,
    1,
    1,
    1,
    1,
    1,
    1,
    1,
    1,
    1,
    1,
    1,
    1,
    1,
    1,
    1,
    1,
    1,
    1,
    1,
    1,
    1,
    1,
    1,
    1,
    1,
    1,
    1,
    1,
    1,
    1,
    1,
    1,
    1,
    1,
    1,
    1,
    1,
    1,
    1,
    1,
    1,
    1,
    1,
    1,
    1,
    1,
    1,
    2,
    1,
    1,
    1,
    1,
    1,
    1,
    1,
    2,
    2,
    2,
    2,
    2,
    2,
    1,
    1,
    1,
    1,
    1,
    2,
    1,
    1,
    2,
    2,
    2,
    2,
    2,
    2,
    2,
    2,
    2,
    2,
    2,
    2,
    1,
    1,
    1,
    2,
    2,
    2,
    2,
    1,
    1,
    1,
    1,
    1,
    1,
    1,
    1,
    1,
    1,
    1,
    1,
    1,
    1,
    1,
    1,
    1,
    1,
    1,
    1,
    1,
    1,
    1,
    1,
    1,
    1,
    1,
    1,
    1,
    1,
    1,
    1,
    1,
    1,
    1,
    1,
    1,
    1,
    1,
    1,
    1,
    1,
    1,
    1,
    1,
    1,
    1,
    1,
    1,
    1,
    1,
    1,
    1,
    2,
    2,
    2,
    2,
    2,
    2,
    2,
    2,
    2,
    2,
    2,
    2,
    2,
    2,
    2,
    2,
    2,
    2,
    2,
    2
  ],