{
  "timesteps": [
    0,
    1,
    2,
    3,
    4,
    5,
    6,
    7,
    8,
    9,
    10,
    11,
    12,
    13,
    14,
    15,
    16,
    17,
    18,
    19,
    20,
    21,
    22,
    23,
    24,
    25,
    26,
    27,
    28,
    29,
    30,
    31,
    32,
    33,
    34,
    35,
    36,
    37,
    38,
    39,
    40,
    41,
    42,
    43,
    44,
    45,
    46,
    47,
    48,
    49,
    50,
    51,
    52,
    53,
    54,
    55,
    56,
    57,
    58,
    59,
    60,
    61,
    62,
    63,
    64,
    65,
    66,
    67,
    68,
    69,
    70,
    71,
    72,
    73,
    74,
    75,
    76,
    77,
    78,
    79,
    80,
    81,
    82,
    83,
    84,
    85,
    86,
    87,
    88,
    89,
    90,
    91,
    92,
    93,
    94,
    95,
    96,
    97,
    98,
    99,
    100,
    101,
    102,
    103,
    104,
    105,
    106,
    107,
    108,
    109,
    110,
    111,
    112,
    113,
    114,
    115,
    116,
    117,
    118,
    119,
    120,
    121,
    122,
    123,
    124,
    125,
    126,
    127,
    128,
    129,
    130,
    131,
    132,
    133,
    134,
    135,
    136,
    137,
    138,
    139,
    140,
    141,
    142,
    143,
    144,
    145,
    146,
    147,
    148,
    149,
    150,
    151,
    152,
    153,
    154,
    155,
    156,
    157,
    158,
    159,
    160,
    161,
    162,
    163,
    164,
    165,
    166,
    167,
    168,
    169,
    170,
    171,
    172,
    173,
    174,
    175,
    176,
    177,
    178,
    179,
    180,
    181,
    182,
    183,
    184,
    185,
    186,
    187,
    188,
    189,
    190,
    191,
    192,
    193,
    194,
    195,
    196,
    197,
    198,
    199
  ],
  "states": [
    50.0,
    50.27267881950435,
    50.368518548694716,
    50.408112856880884,
    51.01752225112884,
    50.66315085650497,
    50.63392020807532,
    49.713884537015105,
    49.90250388632986,
    49.33802439294594,
    49.179142931948235,
    49.553728088208025,
    49.32602305356419,
    49.614770757823095,
    49.949852429299014,
    50.10234076237332,
    50.16336231472425,
    50.31293786569903,
    50.27512515250874,
    50.056189605742745,
    49.840732176038514,
    50.28215182648146,
    49.55534236151197,
    49.505294444941335,
    49.34701384955087,
    49.27464576479499,
    49.75448842849625,
    50.11138143269706,
    49.707789623876984,
    49.71784265293379,
    49.25655173956201,
    49.621736981834324,
    49.72105275626427,
    49.81340506720394,
    49.5893069624272,
    49.534039983439456,
    50.3098358378138,
    49.8034503394714,
    49.843070151502374,
    49.87285216911245,
    49.67205166653603,
    49.712503486527986,
    49.917746812482235,
    49.42061768197572,
    49.69400762790445,
    49.86036601647673,
    49.73432930941713,
    49.425163819124094,
    49.68246149053118,
    49.31324300174597,
    49.416568624419305,
    48.83593605712491,
    48.79005209829467,
    48.96761560052817,
    48.64609939967619,
    48.18648725730058,
    48.404398943506266,
    48.915672310449516,
    48.91335720099801,
    48.60068556992014,
    48.42658145381337,
    48.31196052783725,
    48.15179308125983,
    48.34810825427702,
    48.480400067423844,
    48.58213336841002,
    48.098881615242036,
    48.13126851107247,
    48.10599586790275,
    47.862766055649,
    48.203582529795376,
    48.342280417298745,
    48.57397171401006,
    48.6551034878302,
    48.951102809841736,
    49.08318601704345,
    49.261032043226066,
    49.54409323959227,
    49.91050571698989,
    49.62431157399733,
    49.87032712158527,
    49.61442803215351,
    49.881091115751104,
    50.001981877486166,
    49.80525495340984,
    50.27812644209865,
    50.154048144758875,
    50.516783320793415,
    50.391518594455064,
    50.01011286695592,
    50.538664948574464,
    50.724871537490095,
    50.831637341603724,
    50.46517022671107,
    50.5055536310874,
    50.58488108636996,
    51.16139308858997,
    51.611074754639574,
    51.69461451899353,
    51.63757783988798,
    51.81503390431679,
    51.31963854485102,
    50.64177391256395,
    50.49504798185491,
    50.6891061921002,
    50.9183703056303,
    50.67182150315555,
    50.524094538621036,
    50.6597375386625,
    50.266520692507186,
    50.23980512203273,
    50.82320732845462,
    50.27680440584573,
    50.11076596885744,
    50.29797827642955,
    50.27133605263014,
    50.28600040535503,
    50.50487915222914,
    50.82370588270181,
    50.45497180781113,
    49.95767511466495,
    49.99601836457082,
    49.85408112491918,
    49.87215941542302,
    49.845621494443265,
    49.80919397900522,
    49.839598135615475,
    50.1449141713727,
    49.964919500117645,
    50.08289855288896,
    49.872759625472426,
    50.04926077488855,
    50.08780921348121,
    49.49612499854491,
    49.65726692185339,
    49.25870326341648,
    48.47275947753247,
    48.367987100570424,
    48.56083487537786,
    48.0454026251052,
    47.971258804504025,
    47.58676894741774,
    47.667850502173934,
    48.028587267421024,
    47.86055435315793,
    47.78070252360494,
    47.39242047678165,
    47.108158807120745,
    47.27365194617463,
    47.324262992733026,
    47.459516258406076,
    47.40910070211151,
    47.34642598303862,
    47.522109005999035,
    46.87248714640278,
    47.55504941229474,
    48.16649188241636,
    48.35142952389867,
    48.552484123748684,
    48.83689647889452,
    49.47912211386929,
    49.52365714419697,
    49.84460611084179,
    49.705189143068694,
    49.395356526405294,
    49.0337479023922,
    48.44081027766012,
    48.51199831019806,
    48.46459791585044,
    48.43647830305741,
    48.21046458627259,
    48.59603347119594,
    48.292647994796575,
    48.154371407485506,
    48.43372961140035,
    48.381543301344294,
    48.67218883188301,
    48.66290583870382,
    48.75527530742327,
    49.00517049186918,
    49.601971876563354,
    49.29250738033607,
    48.955438605981215,
    48.8086592243839,
    48.527776233778894,
    48.451507382950204,
    48.46473477139558,
    47.95593196053636,
    48.03590642780088,
    47.87095183613783,
    47.69194484918175,
    47.54569070420759,
    47.72104778353444,
    47.97203585799226,
    48.01812535017944,
    47.917134698878456,
    48.50903103736434,
    48.107148680430285,
    47.61769733673621,
    47.83288177472672,
    47.52852961521156
  ],
  "actions": [],
  "observations": [
    1,
    1,
    1,
    1,
    1,
    1,
    1,
    1,
    1,
    1,
    1,
    1,
    1,
    1,
    1,
    1,
    1,
    1,
    1,
    1,
    1,
    1,
    1,
    1,
    1,
    1,
    1,
    1,
    1,
    1,
    1,
    1,
    1,
    1,
    1,
    1,
    1,
    1,
    1,
    1,
    1,
    1,
    1,
    1,
    1,
    1,
    1,
    1,
    1,
    1,
    1,
    1,
    1,
    1,
    1,
    1,
    1,
    1,
    1,
    1,
    1,
    1,
    1,
    1,
    1,
    1,
    1,
    1,
    1,
    1,
    1,
    1,
    1,
    1,
    1,
    1,
    1,
    1,
    1,
    1,
    1,
    1,
    1,
    1,
    1,
    1,
    1,
    1,
    1,
    1,
    1,
    1,
    1,
    1,
    1,
    1,
    1,
    1,
    1,
    1,
    1,
    1,
    1,
    1,
    1,
    1,
    1,
    1,
    1,
    1,
    1,
    1,
    1,
    1,
    1,
    1,
    1,
    1,
    1,
    1,
    1,
    1,
    1,
    1,
    1,
    1,
    1,
    1,
    1,
    1,
    1,
    1,
    1,
    1,
    1,
    1,
    1,
    1,
    1,
    1,
    1,
    1,
    1,
    1,
    1,
    1,
    1,
    1,
    1,
    1,
    1,
    1,
    1,
    1,
    1,
    1,
    1,
    1,
    1,
    1,
    1,
    1,
    1,
    1,
    1,
    1,
    1,
    1,
    1,
    1,
    1,
    1,
    1,
    1,
    1,
    1,
    1,
    1,
    1,
    1,
    1,
    1,
    1,
    1,
    1,
    1,
    1,
    1,
    1,
    1,
    1,
    1,
    1,
    1,
    1,
    1,
    1,
    1,
    1,
    1
  ],