{
  "timesteps": [
    0,
    1,
    2,
    3,
    4,
    5,
    6,
    7,
    8,
    9,
    10,
    11,
    12,
    13,
    14,
    15,
    16,
    17,
    18,
    19,
    20,
    21,
    22,
    23,
    24,
    25,
    26,
    27,
    28,
    29,
    30,
    31,
    32,
    33,
    34,
    35,
    36,
    37,
    38,
    39,
    40,
    41,
    42,
    43,
    44,
    45,
    46,
    47,
    48,
    49,
    50,
    51,
    52,
    53,
    54,
    55,
    56,
    57,
    58,
    59,
    60,
    61,
    62,
    63,
    64,
    65,
    66,
    67,
    68,
    69,
    70,
    71,
    72,
    73,
    74,
    75,
    76,
    77,
    78,
    79,
    80,
    81,
    82,
    83,
    84,
    85,
    86,
    87,
    88,
    89,
    90,
    91,
    92,
    93,
    94,
    95,
    96,
    97,
    98,
    99,
    100,
    101,
    102,
    103,
    104,
    105,
    106,
    107,
    108,
    109,
    110,
    111,
    112,
    113,
    114,
    115,
    116,
    117,
    118,
    119,
    120,
    121,
    122,
    123,
    124,
    125,
    126,
    127,
    128,
    129,
    130,
    131,
    132,
    133,
    134,
    135,
    136,
    137,
    138,
    139,
    140,
    141,
    142,
    143,
    144,
    145,
    146,
    147,
    148,
    149,
    150,
    151,
    152,
    153,
    154,
    155,
    156,
    157,
    158,
    159,
    160,
    161,
    162,
    163,
    164,
    165,
    166,
    167,
    168,
    169,
    170,
    171,
    172,
    173,
    174,
    175,
    176,
    177,
    178,
    179,
    180,
    181,
    182,
    183,
    184,
    185,
    186,
    187,
    188,
    189,
    190,
    191,
    192,
    193,
    194,
    195,
    196,
    197,
    198,
    199
  ],
  "states": [
    50.0,
    49.77223928147647,
    49.79902981276941,
    49.082195089543866,
    49.37039353126398,
    49.316809905449276,
    49.06115494715058,
    49.3974955040023,
    49.236951450806465,
    49.17419003448205,
    49.09904559941514,
    49.296997244195445,
    49.45055609852493,
    49.412194166674006,
    50.30080487958777,
    50.92543127210566,
    50.56418089649739,
    50.8569169202804,
    50.74648308382993,
    51.374967196087546,
    51.86426076448319,
    51.932030691612205,
    52.04274077137894,
    52.46303108843576,
    52.8244667130368,
    53.24198718289846,
    53.922851413223775,
    53.864926602014854,
    53.958653544340386,
    53.42662084543966,
    53.29478481354331,
    53.22855668427354,
    53.18327342581573,
    53.59359032886466,
    53.926937105756544,
    54.06081637995625,
    54.01046928698595,
    54.07795868733369,
    54.5865165736141,
    54.726689740836555,
    54.83098249441299,
    55.047443774195756,
    55.34389462425933,
    55.499114722597085,
    55.611798170169955,
    55.38103469408775,
    55.34494197290562,
    55.465848513128954,
    54.97827656958002,
    55.205864547823644,
    55.01755477390442,
    55.58661197751942,
    55.39509589588736,
    55.14028527810392,
    54.90939235231577,
    54.88998749926202,
    54.51915617631133,
    54.382602358911704,
    53.87477220743046,
    53.8492983553755,
    54.17501290670471,
    53.836427332815695,
    53.73381507448809,
    53.327716996380644,
    53.312053970241855,
    53.700287674704754,
    53.252444567628245,
    52.65462616474099,
    52.62051391178412,
    52.74634951520696,
    52.83037827401257,
    52.78354521867173,
    53.140863721900914,
    53.26147543285428,
    53.81540997291294,
    53.79507778764591,
    53.83761107960287,
    53.70794213680099,
    53.87830862610579,
    53.93784444277769,
    53.83121451828832,
    54.036357723566006,
    53.75025487146083,
    53.465498799599544,
    53.378357652645015,
    53.08951038636703,
    53.0661514238488,
    52.74592339897583,
    53.070151392452836,
    52.372165530530665,
    52.28782807418602,
    52.18429007501333,
    52.86068580130305,
    53.116912945718205,
    53.286776224915776,
    52.93310493027116,
    52.269362630179664,
    52.5046171384968,
    52.90077777804566,
    53.25848060417857,
    53.2946666309172,
    53.766617758659834,
    53.69974500674349,
    53.653583333703125,
    53.43296193846607,
    53.87663108778777,
    54.040277622767896,
    54.10817769983405,
    53.5877230028299,
    53.93205694337445,
    54.453189617932,
    54.58295158025717,
    54.5511868797003,
    54.569147950418206,
    55.04410354234706,
    55.206239212578005,
    55.485841257845344,
    55.15799616418759,
    55.245904925370574,
    55.3308729015909,
    54.904869400856185,
    54.7309724008047,
    54.61233539361214,
    54.87250644428638,
    54.969458404988295,
    55.20391362216112,
    54.887193252026826,
    54.89445766706695,
    54.549657101188664,
    54.89233835048327,
    55.18868055587912,
    54.71732362551783,
    54.695019891196935,
    54.282091782970156,
    54.28685918408125,
    54.18874296344181,
    54.42591223668118,
    53.87713356704046,
    53.82697628264973,
    53.69853276978675,
    53.90532814353531,
    54.33573352483465,
    54.46307305711309,
    54.6538071031922,
    54.10645036449318,
    54.32923583282167,
    54.141055735211296,
    54.038889708159594,
    53.94246239747643,
    53.88992626740855,
    53.89649003071686,
    53.14199784527089,
    53.75257032190502,
    53.52136448914269,
    53.58176955338463,
    53.609116232876076,
    53.12946699396697,
    53.198137008639236,
    53.34515036006008,
    52.84481356447473,
    53.1358954299381,
    53.13000939462033,
    53.25225742803995,
    53.62053915507954,
    54.17028995858569,
    54.038154059502055,
    54.51053382009808,
    54.52666119335178,
    54.27166719652108,
    53.93562932645961,
    53.68505654668121,
    53.82557999392375,
    53.4586450796975,
    53.274883266126686,
    53.21139436674147,
    53.31601183625401,
    53.59252780871884,
    53.0549218306565,
    53.37359202668155,
    53.173789676132884,
    52.84348712288406,
    52.89816966311306,
    52.86360038267358,
    52.98693945932122,
    53.282030464865805,
    53.074486555043215,
    52.89166544017318,
    52.60990077777775,
    52.63129708202903,
    52.49008989492952,
    52.55589028294816,
    52.679977641270234,
    52.9220475368006,
    53.298041355380846,
    53.43517672625167,
    54.05265545139118,
    54.00610571328501,
    54.21714152910207,
    54.821101645120486,
    54.68964951895844,
    54.73997412053208
  ],
  "actions": [],
  "observations": [
    1,
    1,
    1,
    1,
    1,
    1,
    1,
    1,
    1,
    1,
    1,
    1,
    1,
    1,
    1,
    1,
    1,
    1,
    1,
    1,
    1,
    1,
    1,
    1,
    1,
    1,
    1,
    1,
    1,
    1,
    1,
    1,
    1,
    1,
    1,
    1,
    1,
    1,
    1,
    1,
    1,
    2,
    2,
    2,
    2,
    2,
    2,
    2,
    1,
    2,
    2,
    2,
    2,
    2,
    1,
    1,
    1,
    1,
    1,
    1,
    1,
    1,
    1,
    1,
    1,
    1,
    1,
    1,
    1,
    1,
    1,
    1,
    1,
    1,
    1,
    1,
    1,
    1,
    1,
    1,
    1,
    1,
    1,
    1,
    1,
    1,
    1,
    1,
    1,
    1,
    1,
    1,
    1,
    1,
    1,
    1,
    1,
    1,
    1,
    1,
    1,
    1,
    1,
    1,
    1,
    1,
    1,
    1,
    1,
    1,
    1,
    1,
    1,
    1,
    2,
    2,
    2,
    2,
    2,
    2,
    1,
    1,
    1,
    1,
    1,
    2,
    1,
    1,
    1,
    1,
    2,
    1,
    1,
    1,
    1,
    1,
    1,
    1,
    1,
    1,
    1,
    1,
    1,
    1,
    1,
    1,
    1,
    1,
    1,
    1,
    1,
    1,
    1,
    1,
    1,
    1,
    1,
    1,
    1,
    1,
    1,
    1,
    1,
    1,
    1,
    1,
    1,
    1,
    1,
    1,
    1,
    1,
    1,
    1,
    1,
    1,
    1,
    1,
    1,
    1,
    1,
    1,
    1,
    1,
    1,
    1,
    1,
    1,
    1,
    1,
    1,
    1,
    1,
    1,
    1,
    1,
    1,
    1,
    1,
    1
  ],