{
  "timesteps": [
    0,
    1,
    2,
    3,
    4,
    5,
    6,
    7,
    8,
    9,
    10,
    11,
    12,
    13,
    14,
    15,
    16,
    17,
    18,
    19,
    20,
    21,
    22,
    23,
    24,
    25,
    26,
    27,
    28,
    29,
    30,
    31,
    32,
    33,
    34,
    35,
    36,
    37,
    38,
    39,
    40,
    41,
    42,
    43,
    44,
    45,
    46,
    47,
    48,
    49,
    50,
    51,
    52,
    53,
    54,
    55,
    56,
    57,
    58,
    59,
    60,
    61,
    62,
    63,
    64,
    65,
    66,
    67,
    68,
    69,
    70,
    71,
    72,
    73,
    74,
    75,
    76,
    77,
    78,
    79,
    80,
    81,
    82,
    83,
    84,
    85,
    86,
    87,
    88,
    89,
    90,
    91,
    92,
    93,
    94,
    95,
    96,
    97,
    98,
    99,
    100,
    101,
    102,
    103,
    104,
    105,
    106,
    107,
    108,
    109,
    110,
    111,
    112,
    113,
    114,
    115,
    116,
    117,
    118,
    119,
    120,
    121,
    122,
    123,
    124,
    125,
    126,
    127,
    128,
    129,
    130,
    131,
    132,
    133,
    134,
    135,
    136,
    137,
    138,
    139,
    140,
    141,
    142,
    143,
    144,
    145,
    146,
    147,
    148,
    149,
    150,
    151,
    152,
    153,
    154,
    155,
    156,
    157,
    158,
    159,
    160,
    161,
    162,
    163,
    164,
    165,
    166,
    167,
    168,
    169,
    170,
    171,
    172,
    173,
    174,
    175,
    176,
    177,
    178,
    179,
    180,
    181,
    182,
    183,
    184,
    185,
    186,
    187,
    188,
    189,
    190,
    191,
    192,
    193,
    194,
    195,
    196,
    197,
    198,
    199
  ],
  "states": [
    50.0,
    48.50380121412498,
    47.036713224062595,
    47.13122445047512,
    46.63201639311492,
    48.14398347730333,
    46.20216340211181,
    45.127719349655756,
    47.1540410482056,
    47.146206933310296,
    46.660325946070614,
    46.37560235028447,
    45.09366674272378,
    44.723364949840345,
    43.19272078798325,
    41.40842709037254,
    41.12017096365076,
    38.60050773382461,
    38.76965363387592,
    40.21277666996627,
    39.9602382684136,
    38.6634006617835,
    37.16237024222592,
    34.85016008575376,
    36.4142923922159,
    35.84424330666158,
    32.17273006517842,
    31.860174985340198,
    32.43535031674649,
    34.41517313497969,
    32.36447712453528,
    30.797694284260334,
    34.44999091782484,
    34.33305942496112,
    36.41243416839516,
    36.75874867260093,
    37.2528786193122,
    36.50913631563041,
    34.306288969047486,
    34.81464060170435,
    31.842263261652253,
    28.406344300193357,
    29.94554614325475,
    29.10583875314428,
    26.6960687662925,
    28.502014981101283,
    27.633385027640685,
    27.335981955444044,
    25.583459620418868,
    26.738386622068308,
    29.45600781497262,
    25.690489899929165,
    24.830898632740524,
    22.641314720742262,
    19.683234120972656,
    18.217498959464095,
    16.434307741052304,
    18.71202428522503,
    21.249657583095217,
    21.71628806604189,
    21.326973836641933,
    19.2548329456483,
    19.17438548850006,
    21.2914834942842,
    20.17381346137754,
    20.065806398507515,
    20.309020676288533,
    21.785630916110904,
    20.682600943355375,
    20.832658033330425,
    22.582027650926474,
    23.31139388311109,
    21.430643705740717,
    23.189741285268102,
    23.965191849371205,
    27.365277920785022,
    25.146685965704812,
    26.65738749246852,
    28.10271252899509,
    27.91381850954485,
    26.320530609042365,
    25.53862225337376,
    27.30253471587679,
    28.5212229613235,
    29.95830728825394,
    31.162546116711553,
    31.169989238507778,
    30.9877755372594,
    31.821835788857488,
    29.463289986526377,
    28.380365025354006,
    29.590288355539197,
    31.339352333160576,
    32.089980727911346,
    30.253929344836276,
    28.887786626990245,
    25.47703492864879,
    25.53283368311165,
    28.449899767826878,
    31.4253905385571,
    28.348623434354405,
    29.703781448720044,
    29.542561279937093,
    32.31245715567339,
    30.50515848280548,
    31.12886410215413,
    27.95038864999767,
    29.298646174689658,
    30.89303948781379,
    29.103870408870634,
    27.82559090233746,
    28.590269718999245,
    30.82907399834919,
    32.41115773781437,
    32.54827262094822,
    33.5948765721165,
    34.23480071376691,
    35.82011096702088,
    35.61663394579356,
    35.6039918720306,
    35.9558000264902,
    37.677774359155435,
    36.33278552007588,
    36.53238771803551,
    32.313116043776695,
    32.56676485288125,
    33.07286505577746,
    33.43028349169993,
    33.27917590695624,
    34.88162505291749,
    34.71919324547274,
    34.026016805003515,
    33.52632135224418,
    35.871790522485725,
    38.641405138665924,
    37.2053499748012,
    34.3263224038325,
    32.53568189591505,
    30.924012560967647,
    31.564447109166696,
    29.706164940079084,
    29.182169677601422,
    28.30022430274848,
    27.178924915765737,
    27.773004767042295,
    27.602876613289347,
    29.796877713180717,
    27.70623041059729,
    30.08332531101235,
    29.194593030053618,
    30.007063111271552,
    31.55276338162847,
    33.604807934679506,
    37.420828414579624,
    37.40682865971636,
    38.03712880757027,
    34.78708900193803,
    34.20275514667631,
    33.62938384486283,
    35.293425847432104,
    36.93088247134106,
    36.722537877471964,
    37.39056968716488,
    37.06602265492766,
    38.66071788569586,
    36.6550239751067,
    36.940551842651196,
    37.29885177297662,
    35.1742372630686,
    36.528525267609616,
    36.26798452584485,
    39.17564563272823,
    40.11871227279296,
    40.10358142532914,
    40.71979855616667,
    40.489476784221154,
    38.66315474599187,
    37.7829503102956,
    37.93922757057545,
    35.904586719889,
    33.57773977716771,
    34.00772266038892,
    32.58629652184336,
    31.09047554653819,
    32.28315019040237,
    30.744584960803326,
    29.370279509609947,
    27.69090422513854,
    27.55163606073115,
    27.370663157685513,
    27.17824805758789,
    27.23751481339288,
    27.98848087917306,
    28.837718856837967,
    29.379094363619597,
    29.86018927675755,
    30.779333229315828,
    31.836904990364296,
    30.378755682540653,
    32.03199273578801,
    28.44398248172503
  ],
  "actions": [],
  "observations": [
    1,
    1,
    1,
    1,
    1,
    1,
    1,
    1,
    1,
    1,
    1,
    1,
    1,
    0,
    0,
    0,
    0,
    0,
    0,
    0,
    0,
    0,
    0,
    0,
    0,
    0,
    0,
    0,
    0,
    0,
    0,
    0,
    0,
    0,
    0,
    0,
    0,
    0,
    0,
    0,
    0,
    0,
    0,
    0,
    0,
    0,
    0,
    0,
    0,
    0,
    0,
    0,
    0,
    0,
    0,
    0,
    0,
    0,
    0,
    0,
    0,
    0,
    0,
    0,
    0,
    0,
    0,
    0,
    0,
    0,
    0,
    0,
    0,
    0,
    0,
    0,
    0,
    0,
    0,
    0,
    0,
    0,
    0,
    0,
    0,
    0,
    0,
    0,
    0,
    0,
    0,
    0,
    0,
    0,
    0,
    0,
    0,
    0,
    0,
    0,
    0,
    0,
    0,
    0,
    0,
    0,
    0,
    0,
    0,
    0,
    0,
    0,
    0,
    0,
    0,
    0,
    0,
    0,
    0,
    0,
    0,
    0,
    0,
    0,
    0,
    0,
    0,
    0,
    0,
    0,
    0,
    0,
    0,
    0,
    0,
    0,
    0,
    0,
    0,
    0,
    0,
    0,
    0,
    0,
    0,
    0,
    0,
    0,
    0,
    0,
    0,
    0,
    0,
    0,
    0,
    0,
    0,
    0,
    0,
    0,
    0,
    0,
    0,
    0,
    0,
    0,
    0,
    0,
    0,
    0,
    0,
    0,
    0,
    0,
    0,
    0,
    0,
    0,
    0,
    0,
    0,
    0,
    0,
    0,
    0,
    0,
    0,
    0,
    0,
    0,
    0,
    0,
    0,
    0,
    0,
    0,
    0,
    0,
    0,
    0
  ],