{
  "timesteps": [
    0,
    1,
    2,
    3,
    4,
    5,
    6,
    7,
    8,
    9,
    10,
    11,
    12,
    13,
    14,
    15,
    16,
    17,
    18,
    19,
    20,
    21,
    22,
    23,
    24,
    25,
    26,
    27,
    28,
    29,
    30,
    31,
    32,
    33,
    34,
    35,
    36,
    37,
    38,
    39,
    40,
    41,
    42,
    43,
    44,
    45,
    46,
    47,
    48,
    49,
    50,
    51,
    52,
    53,
    54,
    55,
    56,
    57,
    58,
    59,
    60,
    61,
    62,
    63,
    64,
    65,
    66,
    67,
    68,
    69,
    70,
    71,
    72,
    73,
    74,
    75,
    76,
    77,
    78,
    79,
    80,
    81,
    82,
    83,
    84,
    85,
    86,
    87,
    88,
    89,
    90,
    91,
    92,
    93,
    94,
    95,
    96,
    97,
    98,
    99,
    100,
    101,
    102,
    103,
    104,
    105,
    106,
    107,
    108,
    109,
    110,
    111,
    112,
    113,
    114,
    115,
    116,
    117,
    118,
    119,
    120,
    121,
    122,
    123,
    124,
    125,
    126,
    127,
    128,
    129,
    130,
    131,
    132,
    133,
    134,
    135,
    136,
    137,
    138,
    139,
    140,
    141,
    142,
    143,
    144,
    145,
    146,
    147,
    148,
    149,
    150,
    151,
    152,
    153,
    154,
    155,
    156,
    157,
    158,
    159,
    160,
    161,
    162,
    163,
    164,
    165,
    166,
    167,
    168,
    169,
    170,
    171,
    172,
    173,
    174,
    175,
    176,
    177,
    178,
    179,
    180,
    181,
    182,
    183,
    184,
    185,
    186,
    187,
    188,
    189,
    190,
    191,
    192,
    193,
    194,
    195,
    196,
    197,
    198,
    199
  ],
  "states": [
    50.0,
    50.068996790730104,
    52.49161157648257,
    53.994157730931924,
    55.214664316720935,
    54.58584492244529,
    52.44026216777376,
    51.12386479161548,
    50.345864126689236,
    51.99056843684844,
    51.27023388988622,
    51.884651298005515,
    53.11277913702355,
    54.55701844374224,
    53.56112872811749,
    56.64394128214921,
    58.84198613204721,
    59.21384961611726,
    58.355242581132735,
    59.84454690306299,
    61.32324506517521,
    60.141763337151765,
    55.6443619307886,
    54.74619537064533,
    54.0242799013561,
    52.4694294738584,
    54.20976450714723,
    50.604145148776,
    49.36782191851341,
    51.19568536446007,
    50.50236707385033,
    52.78629302670858,
    53.95396789582657,
    54.85212075959943,
    53.75054712099748,
    54.96944770024543,
    56.99423379854214,
    57.74854059912657,
    57.80439913270814,
    57.93387015940736,
    56.59115137822059,
    54.29239697122723,
    54.55287835318791,
    53.50855355717243,
    56.075956687255484,
    56.189212533063404,
    55.84583858506906,
    56.54119747149534,
    54.33200735859145,
    56.79015987578247,
    57.938408006867604,
    57.28412309475194,
    57.8223740812878,
    57.22923323335784,
    57.29562874346501,
    57.46732508518285,
    56.48372004067488,
    56.79947109049166,
    55.17166929874787,
    54.82576752085287,
    55.879945854958684,
    53.807693590363854,
    53.370834502973324,
    53.92867911549593,
    52.47277243336779,
    52.216677666699205,
    51.58159456343956,
    52.532247146266464,
    50.66492368530638,
    50.60597261248929,
    49.923148367151626,
    49.84527564543579,
    50.38616897501804,
    49.69958135190869,
    47.584744556106,
    44.32687063748847,
    44.78313318697652,
    43.33528892322556,
    44.85471868759355,
    44.977879144766256,
    43.66450495553091,
    42.55402748042191,
    43.488075596963895,
    40.02600472749738,
    41.034509265366836,
    41.01857805411091,
    40.6520867415195,
    39.599453902119166,
    40.37803074680996,
    38.21519767486692,
    39.68164078445448,
    42.685471345086384,
    42.02749949881369,
    41.45272625367439,
    42.49591502868877,
    45.007290537987274,
    46.87588208955446,
    46.16217857070626,
    43.12887398560023,
    42.1931913058616,
    43.979340101228296,
    44.76957073142114,
    45.76152152990514,
    47.098792041444995,
    47.55996026901554,
    46.58847991084231,
    45.906356360272696,
    45.90892945050642,
    45.75615356261936,
    46.80484024731068,
    45.04984656274465,
    47.07536935486621,
    46.62719586827298,
    46.94477328738996,
    48.26333707433887,
    49.44634418385273,
    51.461636388992986,
    51.806996539218126,
    51.42612212421581,
    50.87776394680841,
    50.68620196771855,
    50.18178079970061,
    51.95923563832359,
    51.29757156887964,
    50.0037880492728,
    49.67503815483667,
    49.85980207869018,
    50.47403014319871,
    52.465233237640895,
    54.704316142038266,
    53.863125034855095,
    56.38097595806715,
    57.98169328904723,
    57.6521234121698,
    57.11712678179178,
    54.45152087921355,
    52.729151452862695,
    54.15927701607736,
    55.03085881791106,
    55.064957116250646,
    52.795097420720644,
    52.02573313403849,
    54.004017840443844,
    56.22630562387328,
    52.63808206007618,
    52.369322633166384,
    53.44177640543003,
    55.52127656664835,
    53.6836120557632,
    55.13145727851354,
    54.17179626895277,
    53.319394263156596,
    53.70792710976114,
    53.850042482269345,
    52.96584211587588,
    53.296028636200276,
    52.07171175638582,
    49.61444927538109,
    49.36291274096983,
    48.46227160528682,
    51.576721600323104,
    50.152743082292574,
    49.431609083658344,
    49.109863127149076,
    49.983036446763826,
    50.46611685047048,
    49.577971228842884,
    47.49169362114485,
    48.24580154860033,
    47.12669502286957,
    47.45811939996717,
    45.47107677767508,
    43.03890674711793,
    43.7154026182331,
    44.44011117612715,
    43.30852357819478,
    42.42458545377364,
    40.4017675909238,
    41.95297098194263,
    38.637086911807344,
    39.78109824947758,
    36.67656998000613,
    34.80389044349848,
    36.60941643587433,
    37.62358244269532,
    37.01205908277106,
    36.1320029223548,
    37.65873241192435,
    37.09465173865976,
    37.50238765883202,
    37.92191921632528,
    35.62158257842668,
    35.064027353662446,
    33.63796527111295,
    31.11978382143602,
    31.159699123923758,
    32.712081268591305,
    33.390548356368114,
    37.94727719794446,
    38.48250556497148,
    36.736769346590044
  ],
  "actions": [],
  "observations": [
    1,
    1,
    1,
    1,
    2,
    1,
    1,
    1,
    1,
    1,
    1,
    1,
    1,
    1,
    1,
    2,
    2,
    2,
    2,
    2,
    2,
    2,
    2,
    1,
    1,
    1,
    1,
    1,
    1,
    1,
    1,
    1,
    1,
    1,
    1,
    1,
    2,
    2,
    2,
    2,
    2,
    1,
    1,
    1,
    2,
    2,
    2,
    2,
    1,
    2,
    2,
    2,
    2,
    2,
    2,
    2,
    2,
    2,
    2,
    1,
    2,
    1,
    1,
    1,
    1,
    1,
    1,
    1,
    1,
    1,
    1,
    1,
    1,
    1,
    1,
    0,
    0,
    0,
    0,
    0,
    0,
    0,
    0,
    0,
    0,
    0,
    0,
    0,
    0,
    0,
    0,
    0,
    0,
    0,
    0,
    1,
    1,
    1,
    0,
    0,
    0,
    0,
    1,
    1,
    1,
    1,
    1,
    1,
    1,
    1,
    1,
    1,
    1,
    1,
    1,
    1,
    1,
    1,
    1,
    1,
    1,
    1,
    1,
    1,
    1,
    1,
    1,
    1,
    1,
    1,
    1,
    2,
    2,
    2,
    2,
    1,
    1,
    1,
    2,
    2,
    1,
    1,
    1,
    2,
    1,
    1,
    1,
    2,
    1,
    2,
    1,
    1,
    1,
    1,
    1,
    1,
    1,
    1,
    1,
    1,
    1,
    1,
    1,
    1,
    1,
    1,
    1,
    1,
    1,
    1,
    1,
    1,
    0,
    0,
    0,
    0,
    0,
    0,
    0,
    0,
    0,
    0,
    0,
    0,
    0,
    0,
    0,
    0,
    0,
    0,
    0,
    0,
    0,
    0,
    0,
    0,
    0,
    0,
    0,
    0
  ],