{
  "timesteps": [
    0,
    1,
    2,
    3,
    4,
    5,
    6,
    7,
    8,
    9,
    10,
    11,
    12,
    13,
    14,
    15,
    16,
    17,
    18,
    19,
    20,
    21,
    22,
    23,
    24,
    25,
    26,
    27,
    28,
    29,
    30,
    31,
    32,
    33,
    34,
    35,
    36,
    37,
    38,
    39,
    40,
    41,
    42,
    43,
    44,
    45,
    46,
    47,
    48,
    49,
    50,
    51,
    52,
    53,
    54,
    55,
    56,
    57,
    58,
    59,
    60,
    61,
    62,
    63,
    64,
    65,
    66,
    67,
    68,
    69,
    70,
    71,
    72,
    73,
    74,
    75,
    76,
    77,
    78,
    79,
    80,
    81,
    82,
    83,
    84,
    85,
    86,
    87,
    88,
    89,
    90,
    91,
    92,
    93,
    94,
    95,
    96,
    97,
    98,
    99,
    100,
    101,
    102,
    103,
    104,
    105,
    106,
    107,
    108,
    109,
    110,
    111,
    112,
    113,
    114,
    115,
    116,
    117,
    118,
    119,
    120,
    121,
    122,
    123,
    124,
    125,
    126,
    127,
    128,
    129,
    130,
    131,
    132,
    133,
    134,
    135,
    136,
    137,
    138,
    139,
    140,
    141,
    142,
    143,
    144,
    145,
    146,
    147,
    148,
    149,
    150,
    151,
    152,
    153,
    154,
    155,
    156,
    157,
    158,
    159,
    160,
    161,
    162,
    163,
    164,
    165,
    166,
    167,
    168,
    169,
    170,
    171,
    172,
    173,
    174,
    175,
    176,
    177,
    178,
    179,
    180,
    181,
    182,
    183,
    184,
    185,
    186,
    187,
    188,
    189,
    190,
    191,
    192,
    193,
    194,
    195,
    196,
    197,
    198,
    199
  ],
  "states": [
    50.0,
    54.59559420459317,
    54.21748889049742,
    55.63541927178365,
    52.36289580273869,
    53.66817156913629,
    52.71263279247694,
    59.51455314000629,
    59.076595195215795,
    62.45345178034472,
    66.26340462011754,
    68.00957487843813,
    66.4584933612547,
    67.74172798473437,
    68.760348719825,
    67.51929989413131,
    73.01324459734302,
    71.15437804250014,
    72.34016200972539,
    77.6805429295986,
    79.04347955808134,
    83.51118767463633,
    82.68619283343499,
    84.16319792595004,
    78.71902737012375,
    80.21092981641817,
    78.5780253140885,
    80.9046098980106,
    80.8260877867538,
    81.45335444279007,
    80.07740294655692,
    80.75504732027508,
    80.61592388612888,
    80.59235062342658,
    78.88506539434626,
    79.09005890026759,
    83.11316056961621,
    82.18593308296637,
    80.98750642987338,
    81.29159969477317,
    81.81741412667485,
    80.5763000524011,
    79.05580060654273,
    78.84452781360297,
    81.67557298114383,
    77.826468199899,
    77.18826350344439,
    77.12695966141881,
    76.585478003379,
    79.06306726185598,
    79.09025450108972,
    75.41614746646975,
    75.02905799479669,
    77.56542659183984,
    78.16155334520725,
    75.01818330393655,
    75.77665317853506,
    77.43093128369901,
    75.38025719309863,
    74.65666170082264,
    76.13717530230166,
    74.64585238027213,
    77.35056139512335,
    76.04303569269008,
    79.18108030759086,
    78.91106119660522,
    77.78185090560872,
    76.16248956579466,
    76.98794672956748,
    78.71984511273989,
    79.50056356105168,
    80.7937445704898,
    82.61677457833063,
    83.04885816746369,
    81.78156894659497,
    82.82627379404218,
    83.06661409453685,
    81.7323844133825,
    81.16230235330887,
    83.62353327606034,
    84.23635767728226,
    84.81053826988948,
    84.79310679086625,
    81.04835825013718,
    79.05421618703338,
    77.10844211526891,
    77.69371619418897,
    76.82268701716043,
    76.48810002420198,
    74.95102432629773,
    75.62093277184456,
    72.7032078072042,
    72.76412683583747,
    71.94588669247126,
    71.80767088616778,
    70.69896982643944,
    71.57225350904848,
    73.7642194780997,
    74.9191508268029,
    72.55000988483872,
    71.79850760256998,
    72.91682928638727,
    78.70109369703565,
    75.02628793764329,
    69.44701023402831,
    68.93330462358179,
    65.63483629104586,
    68.8759037789635,
    69.7800821507191,
    69.69099301964775,
    70.2114858004285,
    70.02214211446282,
    66.35445724861528,
    66.74619482253945,
    65.89005015361505,
    64.85773651989506,
    64.44518964467808,
    62.76388084767908,
    61.76352342723311,
    63.90809679961106,
    66.17215371940942,
    64.33548075611638,
    63.74080151000463,
    63.36003998183614,
    62.26427627992882,
    62.07538635444063,
    59.64958599062701,
    60.30192928090029,
    63.26125238782337,
    60.67432323946078,
    64.83146011731162,
    64.42007800529925,
    65.4207421294292,
    64.0552291382957,
    64.71551421140501,
    64.63919315997768,
    65.30728145300307,
    66.00148510533914,
    64.40172651666337,
    64.09091072805136,
    63.780941499575334,
    61.947263963928336,
    62.28072804974748,
    63.6280871300316,
    62.279951450218626,
    58.91140799888627,
    57.151020463701116,
    63.09178158139458,
    61.281304001226694,
    57.756234397580315,
    60.27696792597438,
    62.00051818907742,
    60.59176343944276,
    61.02901486541421,
    63.965880333847934,
    61.61077041836131,
    61.88413754598752,
    60.14536980099286,
    57.16431254220734,
    59.86248596104143,
    59.07488489513821,
    58.614325585062765,
    55.08280346203824,
    53.562316246681114,
    52.81913512348308,
    53.57224018680194,
    54.936005627695195,
    54.92066217577762,
    56.53287446286344,
    54.162325449796356,
    54.83262850518949,
    57.92961076687263,
    60.48083550652229,
    58.89492520913585,
    55.03256262964654,
    53.66568507592003,
    50.525582785783186,
    49.31853196583906,
    51.99266920210598,
    52.93111369914854,
    51.77550926426138,
    51.498554885412766,
    54.15047708738718,
    55.03699992600705,
    55.02109107103481,
    53.24881594345491,
    53.312373673085744,
    55.51252081726622,
    53.8146207252965,
    55.70758879445593,
    57.04273767448808,
    55.088325551595005,
    55.26394158827835,
    55.54126915141377,
    53.71586896393434,
    55.48189925227295,
    55.892000036395906,
    57.69676555925689,
    60.97230279943844,
    59.74457973653327,
    62.58031995225272
  ],
  "actions": [],
  "observations": [
    1,
    1,
    1,
    2,
    1,
    1,
    1,
    2,
    2,
    2,
    2,
    2,
    2,
    2,
    2,
    2,
    2,
    2,
    2,
    2,
    2,
    2,
    2,
    2,
    2,
    2,
    2,
    2,
    2,
    2,
    2,
    2,
    2,
    2,
    2,
    2,
    2,
    2,
    2,
    2,
    2,
    2,
    2,
    2,
    2,
    2,
    2,
    2,
    2,
    2,
    2,
    2,
    2,
    2,
    2,
    2,
    2,
    2,
    2,
    2,
    2,
    2,
    2,
    2,
    2,
    2,
    2,
    2,
    2,
    2,
    2,
    2,
    2,
    2,
    2,
    2,
    2,
    2,
    2,
    2,
    2,
    2,
    2,
    2,
    2,
    2,
    2,
    2,
    2,
    2,
    2,
    2,
    2,
    2,
    2,
    2,
    2,
    2,
    2,
    2,
    2,
    2,
    2,
    2,
    2,
    2,
    2,
    2,
    2,
    2,
    2,
    2,
    2,
    2,
    2,
    2,
    2,
    2,
    2,
    2,
    2,
    2,
    2,
    2,
    2,
    2,
    2,
    2,
    2,
    2,
    2,
    2,
    2,
    2,
    2,
    2,
    2,
    2,
    2,
    2,
    2,
    2,
    2,
    2,
    2,
    2,
    2,
    2,
    2,
    2,
    2,
    2,
    2,
    2,
    2,
    2,
    2,
    2,
    2,
    2,
    2,
    2,
    2,
    1,
    1,
    1,
    1,
    1,
    2,
    1,
    1,
    2,
    2,
    2,
    2,
    1,
    1,
    1,
    1,
    1,
    1,
    1,
    1,
    2,
    2,
    1,
    1,
    2,
    1,
    2,
    2,
    2,
    2,
    2,
    1,
    2,
    2,
    2,
    2,
    2
  ],