{
  "timesteps": [
    0,
    1,
    2,
    3,
    4,
    5,
    6,
    7,
    8,
    9,
    10,
    11,
    12,
    13,
    14,
    15,
    16,
    17,
    18,
    19,
    20,
    21,
    22,
    23,
    24,
    25,
    26,
    27,
    28,
    29,
    30,
    31,
    32,
    33,
    34,
    35,
    36,
    37,
    38,
    39,
    40,
    41,
    42,
    43,
    44,
    45,
    46,
    47,
    48,
    49,
    50,
    51,
    52,
    53,
    54,
    55,
    56,
    57,
    58,
    59,
    60,
    61,
    62,
    63,
    64,
    65,
    66,
    67,
    68,
    69,
    70,
    71,
    72,
    73,
    74,
    75,
    76,
    77,
    78,
    79,
    80,
    81,
    82,
    83,
    84,
    85,
    86,
    87,
    88,
    89,
    90,
    91,
    92,
    93,
    94,
    95,
    96,
    97,
    98,
    99,
    100,
    101,
    102,
    103,
    104,
    105,
    106,
    107,
    108,
    109,
    110,
    111,
    112,
    113,
    114,
    115,
    116,
    117,
    118,
    119,
    120,
    121,
    122,
    123,
    124,
    125,
    126,
    127,
    128,
    129,
    130,
    131,
    132,
    133,
    134,
    135,
    136,
    137,
    138,
    139,
    140,
    141,
    142,
    143,
    144,
    145,
    146,
    147,
    148,
    149,
    150,
    151,
    152,
    153,
    154,
    155,
    156,
    157,
    158,
    159,
    160,
    161,
    162,
    163,
    164,
    165,
    166,
    167,
    168,
    169,
    170,
    171,
    172,
    173,
    174,
    175,
    176,
    177,
    178,
    179,
    180,
    181,
    182,
    183,
    184,
    185,
    186,
    187,
    188,
    189,
    190,
    191,
    192,
    193,
    194,
    195,
    196,
    197,
    198,
    199
  ],
  "states": [
    50.0,
    49.21903112322558,
    47.52746811248291,
    48.25240820863805,
    48.929738574165064,
    48.551341582795324,
    49.30440395056588,
    48.92776566289444,
    48.87072752629978,
    50.185964495835265,
    51.171863624706596,
    50.4829013137513,
    52.451236022273534,
    53.591399192258805,
    52.254699748276806,
    52.23990354877029,
    51.47915681032165,
    50.36265807956259,
    49.68136937184004,
    49.67442922375871,
    52.653805115038125,
    52.52273613283204,
    52.48517860836459,
    51.428676080914975,
    52.12447458617958,
    53.79198805129732,
    53.81409199373166,
    54.71383585833589,
    55.263266534454885,
    53.96488757411383,
    53.0812458430129,
    52.89531687614637,
    50.576020467064595,
    51.81012237328815,
    51.318893464226534,
    52.2278449025459,
    51.70094220628127,
    52.095803033693066,
    51.923694483938746,
    51.52529321750736,
    53.13512129889661,
    53.018942806489335,
    51.45989688268863,
    50.97630836097814,
    52.88865576353855,
    54.083899557111344,
    54.01572637599836,
    53.958487407060105,
    54.423557814342665,
    53.86048806183146,
    53.39591401917555,
    51.68605178903244,
    52.72835271229286,
    50.725492792010414,
    50.29663935500306,
    48.808465454904294,
    47.96917912316056,
    48.577976114548996,
    48.95785180739725,
    50.04801402128982,
    48.565215192543164,
    50.490358555341054,
    51.554942742569644,
    50.197010788000746,
    48.72346755887731,
    49.026842937865894,
    49.00610114941715,
    48.64582462499128,
    46.367933667504346,
    47.52760082055901,
    49.0951374916875,
    49.82317872336495,
    48.11900963714886,
    48.05296718346093,
    49.175043787560824,
    48.417536939220845,
    47.76709675428945,
    48.325326768916035,
    48.19468557301458,
    47.089148325799776,
    48.16711549510662,
    49.44653032784564,
    49.37216154329563,
    49.900819807121074,
    50.164306974854085,
    50.228564562954496,
    50.995359838444784,
    50.50021801502254,
    51.19343554452637,
    51.969763426543565,
    51.02500824920023,
    51.78078722726645,
    50.664911276424064,
    49.133247554996885,
    49.36730315782279,
    49.61475366312085,
    50.813088702834726,
    52.66735897654773,
    51.71835677655189,
    51.55382308882716,
    51.95723220640343,
    51.381509178440936,
    49.80573026071312,
    51.32385894077892,
    48.87345461261075,
    47.43262741220219,
    48.3535027746842,
    48.13358439772243,
    48.19316145262584,
    49.74605624196777,
    50.550293613588515,
    50.03382681622414,
    50.401610045843114,
    48.79217956042427,
    47.939232772528904,
    48.34501287377406,
    46.53646491577023,
    45.627029751559775,
    45.48242473312632,
    45.33455207918503,
    44.444798158347474,
    43.16831741056977,
    43.868971634377424,
    42.31007921156465,
    42.33260866602349,
    43.33589063561331,
    44.09191120246248,
    43.863211900345476,
    44.768769841396534,
    44.288496308751085,
    45.53554528341231,
    44.401888280544526,
    43.929413157658075,
    42.7767294950223,
    42.05702280936837,
    41.13173316787298,
    41.63699729727463,
    42.095821851962164,
    41.91181709107302,
    40.58432207529505,
    39.14738170643201,
    37.215372696075775,
    36.62319758778846,
    37.96745197442685,
    39.131534272759204,
    39.09868962822836,
    38.33097483199264,
    38.33242607727056,
    38.33149936852196,
    37.538459495496745,
    38.78309883119917,
    39.08209133618109,
    39.88273415657589,
    42.106200149549736,
    41.62638916650928,
    42.41129229975981,
    42.10471797192991,
    41.269863670067465,
    41.7261137124012,
    39.78537384315276,
    37.62475105717932,
    37.64346993423071,
    36.23206948935575,
    37.03079452478143,
    36.71943442387191,
    36.59356187108884,
    34.01838657618318,
    34.13151345268858,
    34.32258491559882,
    34.77624205005962,
    34.436154218403225,
    33.762280911730336,
    33.58830147730142,
    33.484653832305156,
    33.018302968647696,
    32.461936343796374,
    32.86093757494352,
    34.55090007145701,
    33.85312698880356,
    34.84427060444626,
    35.35477155262784,
    35.36398276195564,
    36.08536358279344,
    36.2608176240953,
    36.01486436934241,
    37.49460781116405,
    37.25208645538169,
    37.52143191519759,
    36.13985048487028,
    37.153442038498554,
    36.294705801169975,
    35.99226289545629,
    35.65341878101655,
    37.73238431857237,
    38.17730789658715,
    39.68092034483629,
    40.71563493666242,
    40.53116330113583,
    40.45107869885691,
    39.52847997786263,
    40.8868203446942
  ],
  "actions": [],
  "observations": [
    1,
    1,
    1,
    1,
    1,
    1,
    1,
    1,
    1,
    1,
    1,
    1,
    1,
    1,
    1,
    1,
    1,
    1,
    1,
    1,
    1,
    1,
    1,
    1,
    1,
    1,
    1,
    1,
    2,
    1,
    1,
    1,
    1,
    1,
    1,
    1,
    1,
    1,
    1,
    1,
    1,
    1,
    1,
    1,
    1,
    1,
    1,
    1,
    1,
    1,
    1,
    1,
    1,
    1,
    1,
    1,
    1,
    1,
    1,
    1,
    1,
    1,
    1,
    1,
    1,
    1,
    1,
    1,
    1,
    1,
    1,
    1,
    1,
    1,
    1,
    1,
    1,
    1,
    1,
    1,
    1,
    1,
    1,
    1,
    1,
    1,
    1,
    1,
    1,
    1,
    1,
    1,
    1,
    1,
    1,
    1,
    1,
    1,
    1,
    1,
    1,
    1,
    1,
    1,
    1,
    1,
    1,
    1,
    1,
    1,
    1,
    1,
    1,
    1,
    1,
    1,
    1,
    1,
    1,
    1,
    0,
    0,
    0,
    0,
    0,
    0,
    0,
    0,
    0,
    0,
    1,
    0,
    0,
    0,
    0,
    0,
    0,
    0,
    0,
    0,
    0,
    0,
    0,
    0,
    0,
    0,
    0,
    0,
    0,
    0,
    0,
    0,
    0,
    0,
    0,
    0,
    0,
    0,
    0,
    0,
    0,
    0,
    0,
    0,
    0,
    0,
    0,
    0,
    0,
    0,
    0,
    0,
    0,
    0,
    0,
    0,
    0,
    0,
    0,
    0,
    0,
    0,
    0,
    0,
    0,
    0,
    0,
    0,
    0,
    0,
    0,
    0,
    0,
    0,
    0,
    0,
    0,
    0,
    0,
    0
  ],