{
  "timesteps": [
    0,
    1,
    2,
    3,
    4,
    5,
    6,
    7,
    8,
    9,
    10,
    11,
    12,
    13,
    14,
    15,
    16,
    17,
    18,
    19,
    20,
    21,
    22,
    23,
    24,
    25,
    26,
    27,
    28,
    29,
    30,
    31,
    32,
    33,
    34,
    35,
    36,
    37,
    38,
    39,
    40,
    41,
    42,
    43,
    44,
    45,
    46,
    47,
    48,
    49,
    50,
    51,
    52,
    53,
    54,
    55,
    56,
    57,
    58,
    59,
    60,
    61,
    62,
    63,
    64,
    65,
    66,
    67,
    68,
    69,
    70,
    71,
    72,
    73,
    74,
    75,
    76,
    77,
    78,
    79,
    80,
    81,
    82,
    83,
    84,
    85,
    86,
    87,
    88,
    89,
    90,
    91,
    92,
    93,
    94,
    95,
    96,
    97,
    98,
    99,
    100,
    101,
    102,
    103,
    104,
    105,
    106,
    107,
    108,
    109,
    110,
    111,
    112,
    113,
    114,
    115,
    116,
    117,
    118,
    119,
    120,
    121,
    122,
    123,
    124,
    125,
    126,
    127,
    128,
    129,
    130,
    131,
    132,
    133,
    134,
    135,
    136,
    137,
    138,
    139,
    140,
    141,
    142,
    143,
    144,
    145,
    146,
    147,
    148,
    149,
    150,
    151,
    152,
    153,
    154,
    155,
    156,
    157,
    158,
    159,
    160,
    161,
    162,
    163,
    164,
    165,
    166,
    167,
    168,
    169,
    170,
    171,
    172,
    173,
    174,
    175,
    176,
    177,
    178,
    179,
    180,
    181,
    182,
    183,
    184,
    185,
    186,
    187,
    188,
    189,
    190,
    191,
    192,
    193,
    194,
    195,
    196,
    197,
    198,
    199
  ],
  "states": [
    50.0,
    49.493926218912264,
    50.64714360119463,
    49.891283023423966,
    49.91303804425119,
    51.00495672793078,
    49.8528864303654,
    50.114208929717314,
    49.78514873860099,
    49.263070210694764,
    51.41255523092864,
    50.01554274669478,
    49.48451530830026,
    50.008983174182745,
    50.06654136031336,
    49.33900896056629,
    48.27967127537517,
    48.339961344875334,
    49.98382936064756,
    49.82470945521554,
    50.97579423252121,
    51.116413027188514,
    49.956104188569775,
    48.88177766738298,
    50.54681181820307,
    49.76578166114862,
    50.143309313689606,
    50.05173315260045,
    50.06893848699291,
    50.30135472462667,
    51.02892985710135,
    52.488230653189284,
    52.41140596492799,
    52.05628751362488,
    50.85236099644942,
    50.815817733509824,
    51.276577999909556,
    50.86624869497252,
    51.485036470546305,
    52.90360819781494,
    54.117371799461786,
    54.70487063096509,
    55.91524306271299,
    56.509075072671266,
    56.69208288441156,
    56.68165728262142,
    57.813811329817575,
    56.64401813652006,
    56.52848346486582,
    56.861805569849956,
    55.098465935552106,
    56.45767480677168,
    57.302363407276026,
    58.38591131455132,
    59.550400421585486,
    58.149632264369664,
    56.61956429377235,
    57.081740756452895,
    56.701237712898475,
    57.714453652034294,
    58.95741144412317,
    57.842727751047455,
    58.70343684944447,
    59.70905992262094,
    59.1585886853243,
    59.80966020950932,
    60.357190575064486,
    59.034783605273496,
    57.18210736413138,
    55.24094300623698,
    53.96426766419736,
    53.88588291909647,
    53.10230635776172,
    54.25041352784508,
    54.978749413063234,
    54.75831147156826,
    55.26829959272671,
    54.818790521762836,
    54.169928179511636,
    53.931192482282974,
    55.42399310807377,
    56.07905932107557,
    57.551102622385066,
    56.931142287816066,
    54.78513932981122,
    55.62106657621655,
    55.339618591770574,
    53.48105313543317,
    52.128013421418075,
    51.964190504652926,
    50.8664061282349,
    48.848090718679074,
    49.0937633334489,
    49.93664804065815,
    48.64118350227358,
    51.77991356406618,
    50.90233603669707,
    51.2435336942156,
    51.02849836781614,
    51.37326039988324,
    50.74849347939454,
    50.349438858023035,
    50.8245707764442,
    51.321203692159,
    51.21083609117107,
    49.08543151252038,
    50.33136320988888,
    50.538195939514544,
    49.20608714320855,
    49.89729185220517,
    49.55464491829187,
    49.03247456499733,
    47.5780514154882,
    47.457548339568774,
    47.025061282438415,
    48.102736283422644,
    47.339654414785436,
    47.16400115275635,
    45.43798492288352,
    44.90400127633268,
    44.598122267434675,
    45.76744545057167,
    46.34187059276693,
    45.462299874175116,
    44.93291465268842,
    45.66081166451296,
    46.08118151352083,
    45.44847864787284,
    45.080335085850884,
    43.34278648128668,
    43.0460890061417,
    42.91598204474053,
    45.23234686951159,
    45.21336816951201,
    44.79011482838268,
    44.86879520028513,
    44.01795417165351,
    44.16327736940778,
    42.76890463087885,
    43.21490692270192,
    44.089312347038664,
    43.814989434632984,
    44.64849755178028,
    44.775875968491604,
    43.984607392789215,
    42.482566427113674,
    42.40084770504907,
    41.85835858975424,
    40.1059819375282,
    39.76896726331095,
    40.04840029908557,
    41.17404598484861,
    40.64448050717982,
    39.62879614770921,
    38.40983094128442,
    37.7340675220797,
    38.33620389791899,
    38.342356533425374,
    39.291111387731604,
    39.58671353738449,
    40.281177929924944,
    39.880623230376415,
    38.745101373809305,
    38.88757424812621,
    38.517410071131806,
    39.11606154242296,
    40.24390672433842,
    41.554865641270496,
    42.27249092289389,
    43.82042271632445,
    43.19146046159808,
    42.58104934527391,
    43.08404100445558,
    42.610801650430076,
    42.93678602842965,
    42.569518298958755,
    41.89562682023782,
    42.822713471504635,
    42.79756244546752,
    42.44565204933639,
    42.10351209064701,
    42.154319602040076,
    41.32620868952534,
    41.51050957698065,
    41.944064856684726,
    40.576738570500844,
    42.09131078407364,
    42.18022015266016,
    41.020879059737844,
    41.958855283759675,
    42.11261741166557,
    43.06445162146711,
    41.61274620605357,
    42.54232137534896,
    41.38733994757509,
    42.65741694747847,
    41.982495765183394,
    42.724633791653936,
    42.09268296648031,
    40.939588245608135,
    41.32102815020505
  ],
  "actions": [],
  "observations": [
    1,
    1,
    1,
    1,
    1,
    1,
    1,
    1,
    1,
    1,
    1,
    1,
    1,
    1,
    1,
    1,
    1,
    1,
    1,
    1,
    1,
    1,
    1,
    1,
    1,
    1,
    1,
    1,
    1,
    1,
    1,
    1,
    1,
    1,
    1,
    1,
    1,
    1,
    1,
    1,
    1,
    1,
    2,
    2,
    2,
    2,
    2,
    2,
    2,
    2,
    2,
    2,
    2,
    2,
    2,
    2,
    2,
    2,
    2,
    2,
    2,
    2,
    2,
    2,
    2,
    2,
    2,
    2,
    2,
    2,
    1,
    1,
    1,
    1,
    1,
    1,
    2,
    1,
    1,
    1,
    2,
    2,
    2,
    2,
    1,
    2,
    2,
    1,
    1,
    1,
    1,
    1,
    1,
    1,
    1,
    1,
    1,
    1,
    1,
    1,
    1,
    1,
    1,
    1,
    1,
    1,
    1,
    1,
    1,
    1,
    1,
    1,
    1,
    1,
    1,
    1,
    1,
    1,
    1,
    0,
    0,
    1,
    1,
    1,
    0,
    1,
    1,
    1,
    1,
    0,
    0,
    0,
    1,
    1,
    0,
    0,
    0,
    0,
    0,
    0,
    0,
    0,
    0,
    0,
    0,
    0,
    0,
    0,
    0,
    0,
    0,
    0,
    0,
    0,
    0,
    0,
    0,
    0,
    0,
    0,
    0,
    0,
    0,
    0,
    0,
    0,
    0,
    0,
    0,
    0,
    0,
    0,
    0,
    0,
    0,
    0,
    0,
    0,
    0,
    0,
    0,
    0,
    0,
    0,
    0,
    0,
    0,
    0,
    0,
    0,
    0,
    0,
    0,
    0,
    0,
    0,
    0,
    0,
    0,
    0
  ],