{
  "timesteps": [
    0,
    1,
    2,
    3,
    4,
    5,
    6,
    7,
    8,
    9,
    10,
    11,
    12,
    13,
    14,
    15,
    16,
    17,
    18,
    19,
    20,
    21,
    22,
    23,
    24,
    25,
    26,
    27,
    28,
    29,
    30,
    31,
    32,
    33,
    34,
    35,
    36,
    37,
    38,
    39,
    40,
    41,
    42,
    43,
    44,
    45,
    46,
    47,
    48,
    49,
    50,
    51,
    52,
    53,
    54,
    55,
    56,
    57,
    58,
    59,
    60,
    61,
    62,
    63,
    64,
    65,
    66,
    67,
    68,
    69,
    70,
    71,
    72,
    73,
    74,
    75,
    76,
    77,
    78,
    79,
    80,
    81,
    82,
    83,
    84,
    85,
    86,
    87,
    88,
    89,
    90,
    91,
    92,
    93,
    94,
    95,
    96,
    97,
    98,
    99,
    100,
    101,
    102,
    103,
    104,
    105,
    106,
    107,
    108,
    109,
    110,
    111,
    112,
    113,
    114,
    115,
    116,
    117,
    118,
    119,
    120,
    121,
    122,
    123,
    124,
    125,
    126,
    127,
    128,
    129,
    130,
    131,
    132,
    133,
    134,
    135,
    136,
    137,
    138,
    139,
    140,
    141,
    142,
    143,
    144,
    145,
    146,
    147,
    148,
    149,
    150,
    151,
    152,
    153,
    154,
    155,
    156,
    157,
    158,
    159,
    160,
    161,
    162,
    163,
    164,
    165,
    166,
    167,
    168,
    169,
    170,
    171,
    172,
    173,
    174,
    175,
    176,
    177,
    178,
    179,
    180,
    181,
    182,
    183,
    184,
    185,
    186,
    187,
    188,
    189,
    190,
    191,
    192,
    193,
    194,
    195,
    196,
    197,
    198,
    199
  ],
  "states": [
    50.0,
    50.072470504143475,
    49.23581765478762,
    49.58520315742786,
    47.890234929724684,
    47.88021514503216,
    50.970645896187285,
    52.29314341274856,
    52.15401644341993,
    51.684872792389626,
    52.879392292727964,
    54.77201112499318,
    53.18752976138556,
    52.97245212202397,
    51.37174642635131,
    51.13080583717214,
    50.49290833706584,
    49.88354027078505,
    49.06402027588175,
    49.741013235090335,
    46.92398726761596,
    46.8072063973026,
    44.06163284912442,
    42.69374735342865,
    44.18255545216288,
    41.69648675463357,
    43.325856355609446,
    45.08194175712798,
    45.39669757432513,
    44.679785580764175,
    45.73202799532692,
    47.01702589755181,
    47.05030234681094,
    46.92411051811472,
    45.18142729147832,
    43.518598607356346,
    43.11514992656985,
    44.94715598940737,
    42.973535673071815,
    43.9745476328278,
    42.11905601968805,
    43.41766227593719,
    41.367908401069144,
    40.14676664662744,
    42.48183423708842,
    42.444145252074065,
    42.513717061901225,
    44.62325277394797,
    48.407676984000474,
    47.97200937123609,
    47.489382245375886,
    47.66785886000581,
    49.897188153192154,
    50.74510301100196,
    49.59776751039064,
    49.50384942841658,
    48.18309952567468,
    48.74716954758995,
    48.483773901636916,
    49.7677970513894,
    50.482774859744254,
    52.30177072177234,
    53.47308849792004,
    54.420240314371,
    52.15237897209691,
    50.574104028948796,
    53.61483188453937,
    51.980993830226815,
    51.618407126525156,
    52.80913951951148,
    53.44980077685177,
    55.78151201635274,
    56.87101976393651,
    56.88381310801211,
    55.64617665422817,
    57.18899816468805,
    56.30490840730655,
    56.535530116833726,
    56.567645839863985,
    56.578258214050834,
    56.673602725086376,
    56.780889856797835,
    56.96710089965786,
    58.88835004018529,
    59.682591357240895,
    59.4150144498534,
    61.8441998613323,
    62.21554698538245,
    60.6332645798024,
    60.322914962089456,
    60.66023740422338,
    60.75328995669912,
    61.89961810189375,
    60.2207025424757,
    61.339704128120836,
    60.059986938536134,
    58.83496480305846,
    60.29165014226689,
    59.9615232595198,
    59.7620711750144,
    57.29175137892016,
    58.719741549105194,
    59.475609455049764,
    59.87933737796414,
    61.036300361522976,
    63.48138913906607,
    62.584149557735216,
    62.293235569574996,
    62.03912758005255,
    61.19914059308419,
    62.21695224855079,
    61.87040659385364,
    61.65794591859027,
    62.61495301817741,
    63.190268156593056,
    62.84866937953458,
    61.68787843397897,
    61.85011226365187,
    63.71527590132415,
    64.32762296252939,
    63.75109415182495,
    63.49881517924391,
    64.13058874804702,
    63.63151745185645,
    64.13154183487941,
    65.2579233551051,
    67.20993913156687,
    66.69278568230085,
    67.32963035898283,
    67.35837625208593,
    64.9025139388307,
    64.36665838832053,
    65.1657876652817,
    62.903378436839816,
    62.14084430065794,
    59.63189896056628,
    59.8709391462472,
    60.78220607101134,
    60.147870573359214,
    61.17470910547628,
    60.85129578968806,
    61.101405403634175,
    57.83412100175099,
    57.25970403187361,
    57.515802521627975,
    59.081710347839554,
    59.10617006908596,
    59.61039105657918,
    58.69694600378607,
    58.260121944929715,
    58.67152535464356,
    59.75015961674561,
    61.61617972331068,
    62.717905220469035,
    63.152589759280026,
    63.448543779491565,
    63.937707273910284,
    64.46769034877646,
    63.42207950475289,
    65.85222810545592,
    63.37760711252458,
    61.10086146912401,
    60.58553189241708,
    60.90040984646038,
    60.131558661211926,
    60.23314072142252,
    59.576211739058316,
    60.48504018139371,
    59.17664411017856,
    56.70106095837113,
    55.56931356899547,
    55.4232861739054,
    54.997651137102416,
    57.09509523370062,
    56.92369035525318,
    56.24211183626202,
    55.53842839083617,
    55.855289837972364,
    54.70890824995297,
    54.085514464910844,
    56.33287092368899,
    54.420049269729674,
    53.08680773859382,
    54.5792233805347,
    55.89354807742653,
    56.49126606443686,
    56.87086501189789,
    55.411752157287694,
    58.00332671177035,
    58.73769007250694,
    57.64422621642991,
    57.54803015465981,
    57.826608578627365,
    57.45810624513746,
    59.20192949122894,
    60.62820350901328,
    60.33058076425229,
    59.81667465244824,
    57.688785312655945,
    55.700606378476216,
    56.46180865016155
  ],
  "actions": [],
  "observations": [
    1,
    1,
    1,
    1,
    1,
    1,
    1,
    1,
    1,
    1,
    1,
    1,
    1,
    1,
    1,
    1,
    1,
    1,
    1,
    1,
    1,
    1,
    0,
    0,
    0,
    0,
    0,
    1,
    1,
    0,
    1,
    1,
    1,
    1,
    1,
    0,
    0,
    0,
    0,
    0,
    0,
    0,
    0,
    0,
    0,
    0,
    0,
    0,
    1,
    1,
    1,
    1,
    1,
    1,
    1,
    1,
    1,
    1,
    1,
    1,
    1,
    1,
    1,
    1,
    1,
    1,
    1,
    1,
    1,
    1,
    1,
    2,
    2,
    2,
    2,
    2,
    2,
    2,
    2,
    2,
    2,
    2,
    2,
    2,
    2,
    2,
    2,
    2,
    2,
    2,
    2,
    2,
    2,
    2,
    2,
    2,
    2,
    2,
    2,
    2,
    2,
    2,
    2,
    2,
    2,
    2,
    2,
    2,
    2,
    2,
    2,
    2,
    2,
    2,
    2,
    2,
    2,
    2,
    2,
    2,
    2,
    2,
    2,
    2,
    2,
    2,
    2,
    2,
    2,
    2,
    2,
    2,
    2,
    2,
    2,
    2,
    2,
    2,
    2,
    2,
    2,
    2,
    2,
    2,
    2,
    2,
    2,
    2,
    2,
    2,
    2,
    2,
    2,
    2,
    2,
    2,
    2,
    2,
    2,
    2,
    2,
    2,
    2,
    2,
    2,
    2,
    2,
    2,
    2,
    2,
    2,
    2,
    1,
    2,
    2,
    2,
    2,
    2,
    1,
    1,
    2,
    1,
    1,
    1,
    2,
    2,
    2,
    2,
    2,
    2,
    2,
    2,
    2,
    2,
    2,
    2,
    2,
    2,
    2,
    2
  ],