{
  "timesteps": [
    0,
    1,
    2,
    3,
    4,
    5,
    6,
    7,
    8,
    9,
    10,
    11,
    12,
    13,
    14,
    15,
    16,
    17,
    18,
    19,
    20,
    21,
    22,
    23,
    24,
    25,
    26,
    27,
    28,
    29,
    30,
    31,
    32,
    33,
    34,
    35,
    36,
    37,
    38,
    39,
    40,
    41,
    42,
    43,
    44,
    45,
    46,
    47,
    48,
    49,
    50,
    51,
    52,
    53,
    54,
    55,
    56,
    57,
    58,
    59,
    60,
    61,
    62,
    63,
    64,
    65,
    66,
    67,
    68,
    69,
    70,
    71,
    72,
    73,
    74,
    75,
    76,
    77,
    78,
    79,
    80,
    81,
    82,
    83,
    84,
    85,
    86,
    87,
    88,
    89,
    90,
    91,
    92,
    93,
    94,
    95,
    96,
    97,
    98,
    99,
    100,
    101,
    102,
    103,
    104,
    105,
    106,
    107,
    108,
    109,
    110,
    111,
    112,
    113,
    114,
    115,
    116,
    117,
    118,
    119,
    120,
    121,
    122,
    123,
    124,
    125,
    126,
    127,
    128,
    129,
    130,
    131,
    132,
    133,
    134,
    135,
    136,
    137,
    138,
    139,
    140,
    141,
    142,
    143,
    144,
    145,
    146,
    147,
    148,
    149,
    150,
    151,
    152,
    153,
    154,
    155,
    156,
    157,
    158,
    159,
    160,
    161,
    162,
    163,
    164,
    165,
    166,
    167,
    168,
    169,
    170,
    171,
    172,
    173,
    174,
    175,
    176,
    177,
    178,
    179,
    180,
    181,
    182,
    183,
    184,
    185,
    186,
    187,
    188,
    189,
    190,
    191,
    192,
    193,
    194,
    195,
    196,
    197,
    198,
    199
  ],
  "states": [
    50.0,
    50.53003562355402,
    50.05933803006613,
    53.01079385081879,
    50.954361079196545,
    50.78545649760546,
    53.180272256174575,
    53.179840535460684,
    54.65516883085981,
    53.224817113253415,
    54.36049687348419,
    53.80169399967414,
    52.725634887283505,
    52.67143522029621,
    51.787386012490884,
    52.22754211682803,
    51.138477402304936,
    51.06530758861049,
    49.44936663971629,
    47.44688151965105,
    46.93769437264436,
    42.821687951263705,
    40.27892423274316,
    40.45181908775238,
    40.41091893397001,
    37.80387218278068,
    34.535360944385815,
    33.16798925073196,
    33.7063473311019,
    35.86354452937578,
    35.568549257218564,
    35.18617095859587,
    34.93854346624334,
    35.235848444511,
    33.6974735729661,
    35.100668680456565,
    34.80630489080779,
    34.643941387647146,
    34.50773671004783,
    34.44366794509876,
    34.621297282814176,
    34.58677633227141,
    33.10793863103852,
    33.414454754550995,
    31.363864332150566,
    27.45405851559251,
    26.854491402388916,
    25.616985576126005,
    24.762441866290423,
    28.0547505122294,
    25.570209944597753,
    27.2295449321168,
    28.210274838975533,
    28.75557799045284,
    29.8947492857642,
    27.596826064163196,
    25.393050632886954,
    27.923257864360018,
    27.31341950955307,
    26.993742338127312,
    27.556851442298278,
    25.847890237199746,
    26.050808178484377,
    24.652383911203625,
    23.882267597191802,
    23.12649291708397,
    22.60332885205219,
    21.80935948700228,
    20.970842163879443,
    20.9277576523861,
    19.382582263352404,
    19.069677998689315,
    18.495408572991977,
    18.558526747164525,
    18.676608608675245,
    20.651280751252212,
    20.275647757546647,
    19.937763763232866,
    19.36138762429222,
    21.29923915110117,
    19.60799607216501,
    19.08502267025873,
    19.067649923824547,
    16.695595023924376,
    18.95710370993576,
    18.913596034825034,
    18.564478765549122,
    20.256714251272196,
    18.24317465025233,
    18.96758507328952,
    18.51016182924068,
    18.050611075347756,
    17.72734791279674,
    15.29732955930649,
    14.533133504427218,
    14.004854882778927,
    11.130168214420104,
    8.82909807812779,
    7.859945904960165,
    8.93182174630147,
    8.154516240402268,
    7.602633692377724,
    4.80056802529393,
    4.189306638074657,
    5.042454121880671,
    4.269098353417698,
    5.352981500119596,
    5.039085264294705,
    5.333303895556227,
    3.276175548583883,
    3.2755069518089805,
    3.3842086590485176,
    1.0575406365933193,
    0.7187671492148913,
    2.589817937870788,
    5.487434757514087,
    5.627441158091027,
    6.821641433456954,
    6.881686066159792,
    8.98267447204471,
    10.969418341964328,
    10.484685946320592,
    10.668457248725918,
    8.904398904515482,
    9.882475692920714,
    10.780914489200729,
    10.911623383783201,
    13.12867367659106,
    12.034160032811538,
    12.295212467876224,
    15.112735819663467,
    15.575126575084516,
    14.859966428361382,
    12.613561075147693,
    8.636647791962522,
    8.622247021028912,
    9.001066199691206,
    10.940621548463207,
    8.63268478578745,
    10.304802150393483,
    8.02745338867024,
    6.7330343678972255,
    8.667125811830205,
    8.36648528514568,
    7.323811534067598,
    6.702107751611416,
    8.396624599675908,
    10.163999831311832,
    11.006903118984496,
    11.765966032214232,
    12.29351761349765,
    10.349537509554317,
    8.820671159845697,
    7.4695040190418425,
    9.18002814904242,
    10.243677287580825,
    12.261733966681195,
    9.8062819110678,
    10.443319634549969,
    9.918481112082734,
    12.705414180368699,
    13.806304874611946,
    15.391337395346406,
    18.01458266197554,
    18.16322431541316,
    19.936336404223685,
    21.10551491592819,
    22.043489096317895,
    17.770561735137317,
    20.646525435382046,
    23.227252142996242,
    23.136553236176674,
    21.563463987535943,
    22.923398966558835,
    21.349097347156313,
    20.717339279233844,
    21.74809184276289,
    19.331021919337495,
    20.468222353833585,
    19.472071140837844,
    20.430630667327907,
    20.554638744264892,
    19.720790230410962,
    17.200875206629156,
    15.013792576658508,
    14.663105568776729,
    13.238773857157659,
    16.70088443954043,
    17.079111533894654,
    15.75461834799038,
    17.95791346916826,
    21.432234873114453,
    22.83335774171794,
    23.1346673644058,
    21.01005213524736,
    17.74226103069868,
    15.947082651363463,
    14.198100417798468,
    14.755561807671684,
    15.802458265195812,
    17.773501632664395
  ],
  "actions": [],
  "observations": [
    1,
    1,
    1,
    1,
    1,
    1,
    1,
    1,
    1,
    1,
    1,
    1,
    1,
    1,
    1,
    1,
    1,
    1,
    1,
    1,
    1,
    0,
    0,
    0,
    0,
    0,
    0,
    0,
    0,
    0,
    0,
    0,
    0,
    0,
    0,
    0,
    0,
    0,
    0,
    0,
    0,
    0,
    0,
    0,
    0,
    0,
    0,
    0,
    0,
    0,
    0,
    0,
    0,
    0,
    0,
    0,
    0,
    0,
    0,
    0,
    0,
    0,
    0,
    0,
    0,
    0,
    0,
    0,
    0,
    0,
    0,
    0,
    0,
    0,
    0,
    0,
    0,
    0,
    0,
    0,
    0,
    0,
    0,
    0,
    0,
    0,
    0,
    0,
    0,
    0,
    0,
    0,
    0,
    0,
    0,
    0,
    0,
    0,
    0,
    0,
    0,
    0,
    0,
    0,
    0,
    0,
    0,
    0,
    0,
    0,
    0,
    0,
    0,
    0,
    0,
    0,
    0,
    0,
    0,
    0,
    0,
    0,
    0,
    0,
    0,
    0,
    0,
    0,
    0,
    0,
    0,
    0,
    0,
    0,
    0,
    0,
    0,
    0,
    0,
    0,
    0,
    0,
    0,
    0,
    0,
    0,
    0,
    0,
    0,
    0,
    0,
    0,
    0,
    0,
    0,
    0,
    0,
    0,
    0,
    0,
    0,
    0,
    0,
    0,
    0,
    0,
    0,
    0,
    0,
    0,
    0,
    0,
    0,
    0,
    0,
    0,
    0,
    0,
    0,
    0,
    0,
    0,
    0,
    0,
    0,
    0,
    0,
    0,
    0,
    0,
    0,
    0,
    0,
    0,
    0,
    0,
    0,
    0,
    0,
    0
  ],