{
  "timesteps": [
    0,
    1,
    2,
    3,
    4,
    5,
    6,
    7,
    8,
    9,
    10,
    11,
    12,
    13,
    14,
    15,
    16,
    17,
    18,
    19,
    20,
    21,
    22,
    23,
    24,
    25,
    26,
    27,
    28,
    29,
    30,
    31,
    32,
    33,
    34,
    35,
    36,
    37,
    38,
    39,
    40,
    41,
    42,
    43,
    44,
    45,
    46,
    47,
    48,
    49,
    50,
    51,
    52,
    53,
    54,
    55,
    56,
    57,
    58,
    59,
    60,
    61,
    62,
    63,
    64,
    65,
    66,
    67,
    68,
    69,
    70,
    71,
    72,
    73,
    74,
    75,
    76,
    77,
    78,
    79,
    80,
    81,
    82,
    83,
    84,
    85,
    86,
    87,
    88,
    89,
    90,
    91,
    92,
    93,
    94,
    95,
    96,
    97,
    98,
    99,
    100,
    101,
    102,
    103,
    104,
    105,
    106,
    107,
    108,
    109,
    110,
    111,
    112,
    113,
    114,
    115,
    116,
    117,
    118,
    119,
    120,
    121,
    122,
    123,
    124,
    125,
    126,
    127,
    128,
    129,
    130,
    131,
    132,
    133,
    134,
    135,
    136,
    137,
    138,
    139,
    140,
    141,
    142,
    143,
    144,
    145,
    146,
    147,
    148,
    149,
    150,
    151,
    152,
    153,
    154,
    155,
    156,
    157,
    158,
    159,
    160,
    161,
    162,
    163,
    164,
    165,
    166,
    167,
    168,
    169,
    170,
    171,
    172,
    173,
    174,
    175,
    176,
    177,
    178,
    179,
    180,
    181,
    182,
    183,
    184,
    185,
    186,
    187,
    188,
    189,
    190,
    191,
    192,
    193,
    194,
    195,
    196,
    197,
    198,
    199
  ],
  "states": [
    50.0,
    49.03738656773314,
    50.398099936306316,
    51.24237709898242,
    49.80188018396749,
    48.589603959206656,
    47.59236147945827,
    46.966595065704375,
    46.90640370915393,
    46.30395647417498,
    46.96771064574622,
    46.65124669602719,
    46.245220278993564,
    46.18265776370561,
    47.121604588935504,
    47.13043471777068,
    47.25768716663673,
    46.81948653885549,
    46.93433307952542,
    47.357041355079055,
    46.0677356074694,
    46.88215545674036,
    46.439573073499055,
    46.980533051363395,
    46.57320427140608,
    46.488363880355706,
    46.80446513878359,
    46.719177489521094,
    47.16466761692986,
    48.04614183223013,
    49.246180424993504,
    50.16779703831602,
    49.006904197891735,
    49.31407419889688,
    50.15446775649378,
    50.75778381692443,
    50.03105358316693,
    50.241183383582424,
    50.49583814081875,
    50.33366965072353,
    51.00210243938369,
    50.16917547249604,
    48.55625156686576,
    48.76469417560465,
    48.81763757169062,
    48.584010949461096,
    48.301264067010116,
    47.08235738045261,
    46.37536280231869,
    47.25526425242335,
    48.092175559958356,
    49.27204529981831,
    50.11774470941794,
    50.0167474982738,
    49.02831233345497,
    49.71168496464019,
    49.226811226185326,
    49.01852071827182,
    49.114785069382876,
    49.686584438641276,
    49.668653211991206,
    49.74300075895872,
    50.40665857120587,
    49.89355769363604,
    49.195416584524345,
    48.32816733120226,
    48.30959454764497,
    47.88778556991077,
    47.916778947051256,
    47.52299772023383,
    47.35261262583396,
    47.38482133861962,
    47.546963681798914,
    47.603127983257295,
    47.84595697806912,
    48.388438716837584,
    48.849648413804694,
    47.401234915808885,
    48.12077615365422,
    47.29261744094198,
    47.47702580624339,
    47.085313655473385,
    47.18873369481397,
    46.241541156204946,
    46.70079997516911,
    47.62135334186632,
    47.35882029218499,
    47.091331511425665,
    47.88205871519481,
    47.95220769284556,
    47.18432564536812,
    46.75344073500268,
    46.26731133731605,
    45.32222989415471,
    45.45780148212009,
    46.06941004186506,
    45.53731541091403,
    45.36950873473508,
    46.25073416005273,
    46.344242581724586,
    46.44896872620165,
    47.26581750845463,
    46.928243500646694,
    46.928709176980114,
    46.07306949790836,
    46.70308320370203,
    46.01125561601867,
    47.08543744547229,
    45.956102604807604,
    46.915523687066894,
    46.9160172029674,
    46.80701639395126,
    46.767876126462994,
    46.09237944123725,
    45.557775961410634,
    46.58812359415718,
    45.90473516338739,
    46.95142516297418,
    46.93893678620337,
    47.65116970881349,
    47.093675135880744,
    47.23230130136404,
    45.833482791177595,
    44.16709729902357,
    44.67347088280104,
    45.264183550556176,
    45.8949422206973,
    44.98531954264419,
    45.032500304181866,
    45.0484256955593,
    42.964452520781784,
    42.99436013031174,
    41.86516915624478,
    42.60892389704066,
    43.059600233908185,
    42.69827609813584,
    43.0015258832232,
    43.162785648951,
    44.988198027845826,
    45.182205448337825,
    46.46789851659679,
    46.83478538565058,
    46.21781230329564,
    46.24765859288815,
    47.63473792486738,
    47.69266936889062,
    47.65584889546582,
    48.77804688190475,
    48.64377065491218,
    48.35078798750745,
    48.13206296365569,
    47.78302388031068,
    47.224071217428275,
    46.72952262637997,
    47.925336864125434,
    47.04332175344757,
    46.232973677604086,
    47.3048240578656,
    47.14842658584194,
    47.07119000878174,
    46.43455778958252,
    46.602125131558594,
    47.21233435808647,
    48.322395370493254,
    48.341530590874115,
    47.95838836431321,
    46.955701187267785,
    47.22881647101322,
    46.78690075917298,
    47.27265045543941,
    46.459021645265096,
    46.1391232472377,
    47.0134989954097,
    47.22191541814911,
    47.553723106816854,
    47.41983951534951,
    46.68621689965243,
    46.393482670284804,
    46.83337559839857,
    46.381475885249586,
    46.523637484022785,
    44.993543442534786,
    44.64431378803552,
    44.27237219115482,
    43.91070952376885,
    43.75849294131183,
    44.02983048068887,
    42.61900001626996,
    41.03167474861754,
    41.138119902446306,
    41.18138446159655,
    40.770066977008746,
    41.304244757751796,
    42.25472972370715,
    40.65066249226825,
    42.161067051429704,
    44.14173243884747,
    44.092800256581704,
    44.80668262608869,
    43.90578083989866,
    44.49689007405505
  ],
  "actions": [],
  "observations": [
    1,
    1,
    1,
    1,
    1,
    1,
    1,
    1,
    1,
    1,
    1,
    1,
    1,
    1,
    1,
    1,
    1,
    1,
    1,
    1,
    1,
    1,
    1,
    1,
    1,
    1,
    1,
    1,
    1,
    1,
    1,
    1,
    1,
    1,
    1,
    1,
    1,
    1,
    1,
    1,
    1,
    1,
    1,
    1,
    1,
    1,
    1,
    1,
    1,
    1,
    1,
    1,
    1,
    1,
    1,
    1,
    1,
    1,
    1,
    1,
    1,
    1,
    1,
    1,
    1,
    1,
    1,
    1,
    1,
    1,
    1,
    1,
    1,
    1,
    1,
    1,
    1,
    1,
    1,
    1,
    1,
    1,
    1,
    1,
    1,
    1,
    1,
    1,
    1,
    1,
    1,
    1,
    1,
    1,
    1,
    1,
    1,
    1,
    1,
    1,
    1,
    1,
    1,
    1,
    1,
    1,
    1,
    1,
    1,
    1,
    1,
    1,
    1,
    1,
    1,
    1,
    1,
    1,
    1,
    1,
    1,
    1,
    1,
    0,
    0,
    1,
    1,
    0,
    1,
    1,
    0,
    0,
    0,
    0,
    0,
    0,
    0,
    0,
    0,
    1,
    1,
    1,
    1,
    1,
    1,
    1,
    1,
    1,
    1,
    1,
    1,
    1,
    1,
    1,
    1,
    1,
    1,
    1,
    1,
    1,
    1,
    1,
    1,
    1,
    1,
    1,
    1,
    1,
    1,
    1,
    1,
    1,
    1,
    1,
    1,
    1,
    1,
    1,
    1,
    1,
    1,
    0,
    0,
    0,
    0,
    0,
    0,
    0,
    0,
    0,
    0,
    0,
    0,
    0,
    0,
    0,
    0,
    0,
    0,
    0
  ],