{
  "timesteps": [
    0,
    1,
    2,
    3,
    4,
    5,
    6,
    7,
    8,
    9,
    10,
    11,
    12,
    13,
    14,
    15,
    16,
    17,
    18,
    19,
    20,
    21,
    22,
    23,
    24,
    25,
    26,
    27,
    28,
    29,
    30,
    31,
    32,
    33,
    34,
    35,
    36,
    37,
    38,
    39,
    40,
    41,
    42,
    43,
    44,
    45,
    46,
    47,
    48,
    49,
    50,
    51,
    52,
    53,
    54,
    55,
    56,
    57,
    58,
    59,
    60,
    61,
    62,
    63,
    64,
    65,
    66,
    67,
    68,
    69,
    70,
    71,
    72,
    73,
    74,
    75,
    76,
    77,
    78,
    79,
    80,
    81,
    82,
    83,
    84,
    85,
    86,
    87,
    88,
    89,
    90,
    91,
    92,
    93,
    94,
    95,
    96,
    97,
    98,
    99,
    100,
    101,
    102,
    103,
    104,
    105,
    106,
    107,
    108,
    109,
    110,
    111,
    112,
    113,
    114,
    115,
    116,
    117,
    118,
    119,
    120,
    121,
    122,
    123,
    124,
    125,
    126,
    127,
    128,
    129,
    130,
    131,
    132,
    133,
    134,
    135,
    136,
    137,
    138,
    139,
    140,
    141,
    142,
    143,
    144,
    145,
    146,
    147,
    148,
    149,
    150,
    151,
    152,
    153,
    154,
    155,
    156,
    157,
    158,
    159,
    160,
    161,
    162,
    163,
    164,
    165,
    166,
    167,
    168,
    169,
    170,
    171,
    172,
    173,
    174,
    175,
    176,
    177,
    178,
    179,
    180,
    181,
    182,
    183,
    184,
    185,
    186,
    187,
    188,
    189,
    190,
    191,
    192,
    193,
    194,
    195,
    196,
    197,
    198,
    199
  ],
  "states": [
    50.0,
    50.70822946198796,
    49.45819377434833,
    50.56799514901414,
    50.87934623989222,
    51.62634838877717,
    51.03454438361968,
    51.630523673887616,
    52.088527386556976,
    52.75367497823386,
    52.133395354559504,
    52.34854617619342,
    52.50630952981063,
    52.59832263721419,
    52.270860713773395,
    52.19462269568418,
    51.59160114737486,
    51.4488311545946,
    51.394038376298106,
    51.83210522809107,
    51.481530670543016,
    51.64786430275765,
    51.667996724173044,
    51.170146145826735,
    51.41736754159677,
    50.536329592162716,
    50.69386931299201,
    49.40869368129304,
    48.76218447647775,
    49.07985220303797,
    48.84453040817342,
    49.68167322431001,
    49.70692199627978,
    48.683651038642694,
    47.98720645346077,
    49.08581910386895,
    50.4374569281043,
    49.63111984873104,
    50.189583480991494,
    50.36904368620607,
    51.26459415391916,
    52.65673339512229,
    52.23877702172754,
    50.843777864845535,
    52.36338127737592,
    53.12553824502486,
    53.29747165231,
    52.05435054813917,
    50.794187988518274,
    52.46544837153252,
    51.83809910769509,
    52.56873021844933,
    53.489368066837265,
    53.13830919780561,
    52.96215738896894,
    52.84605362551601,
    52.008965862819274,
    52.10379304903557,
    52.016803393129244,
    52.797560655302796,
    52.65722238449641,
    51.58714059736206,
    53.078997317910265,
    53.39210917272602,
    53.165500409126906,
    52.4237560727951,
    51.74108184679601,
    51.281849270873266,
    50.61306676224872,
    51.18132002829461,
    52.64683328398395,
    53.13210636807056,
    53.22174434621295,
    53.68586056183898,
    52.67148555775563,
    52.86449323994237,
    53.63968678068783,
    53.74264661778444,
    53.88776636736411,
    53.11392964052846,
    53.15751095711184,
    52.70541874441579,
    52.510749230530195,
    52.6678519930961,
    53.32823371188522,
    55.60849651651258,
    55.18859982896956,
    55.48747962092086,
    55.62316480221176,
    55.519952233743346,
    56.49036993410687,
    56.007887683866755,
    55.1844421523322,
    55.00676443386182,
    55.397168176691494,
    56.01348273425381,
    55.050589463588466,
    55.50163396220491,
    54.80527413700434,
    55.469137702032604,
    55.21333466318668,
    55.42991005126947,
    55.29114572554284,
    56.470231965149374,
    57.24613134319417,
    57.024550693545955,
    57.016902567644635,
    57.680064736475806,
    59.719090543375316,
    59.20949803270901,
    59.656255745853464,
    60.02173793341263,
    60.09687640745717,
    60.45733017643848,
    61.590276966379385,
    61.39292004076674,
    61.64499995594085,
    61.598879615578284,
    60.801383355271874,
    59.81333527235262,
    60.398575264530585,
    60.50233989211179,
    59.532620899961564,
    58.51000625716746,
    58.651564472288,
    58.552801123513596,
    57.91173089602664,
    57.50003645909943,
    56.688404612006934,
    58.58446926025772,
    57.563262801324505,
    58.61440368039162,
    60.16741629865738,
    59.59459090588229,
    59.888113043851384,
    58.908659252831804,
    59.1723386490406,
    58.97983852654525,
    58.95602373114466,
    59.63221351427476,
    58.600352795757495,
    58.43149374205194,
    59.18923991562757,
    60.127184226194885,
    59.024344764133836,
    59.529280002121475,
    57.5826140373793,
    57.21796672907689,
    56.72089147950994,
    56.262017279091424,
    55.22923405771899,
    55.219984916657886,
    55.047335349354,
    54.693448524076636,
    54.036872813457826,
    54.231807088616904,
    55.08670567910026,
    56.22007107528934,
    55.29659449721831,
    55.43685756230173,
    54.75075956744021,
    54.416955017888704,
    53.49178122781079,
    54.7813557355746,
    54.30384120466395,
    54.466740638163756,
    54.570206402154184,
    54.252617174260806,
    55.13511024552671,
    55.8756005306979,
    55.38741544954019,
    54.95291259201196,
    56.29762659816416,
    56.47483068144302,
    57.34341506198428,
    56.108379874864134,
    55.83694571107975,
    56.67113295654096,
    57.358581586244505,
    56.67683427706065,
    56.00923952294279,
    54.438302044069815,
    54.73639726077803,
    55.37630762409154,
    55.827280275654495,
    55.871536155501545,
    56.99884731028014,
    56.346551864734174,
    55.198991307964356,
    54.52200081354049,
    54.71352975024678,
    53.38664624264313,
    53.41194035918629,
    52.996069592757564,
    53.95178811610574,
    54.117350125713834,
    53.59115077615223,
    53.29441757378713,
    53.26225512400933,
    52.01011346510027,
    50.9254146038514
  ],
  "actions": [],
  "observations": [
    1,
    1,
    1,
    1,
    1,
    1,
    1,
    1,
    1,
    1,
    1,
    1,
    1,
    1,
    1,
    1,
    1,
    1,
    1,
    1,
    1,
    1,
    1,
    1,
    1,
    1,
    1,
    1,
    1,
    1,
    1,
    1,
    1,
    1,
    1,
    1,
    1,
    1,
    1,
    1,
    1,
    1,
    1,
    1,
    1,
    1,
    1,
    1,
    1,
    1,
    1,
    1,
    1,
    1,
    1,
    1,
    1,
    1,
    1,
    1,
    1,
    1,
    1,
    1,
    1,
    1,
    1,
    1,
    1,
    1,
    1,
    1,
    1,
    1,
    1,
    1,
    1,
    1,
    1,
    1,
    1,
    1,
    1,
    1,
    1,
    2,
    2,
    2,
    2,
    2,
    2,
    2,
    2,
    2,
    2,
    2,
    2,
    2,
    1,
    2,
    2,
    2,
    2,
    2,
    2,
    2,
    2,
    2,
    2,
    2,
    2,
    2,
    2,
    2,
    2,
    2,
    2,
    2,
    2,
    2,
    2,
    2,
    2,
    2,
    2,
    2,
    2,
    2,
    2,
    2,
    2,
    2,
    2,
    2,
    2,
    2,
    2,
    2,
    2,
    2,
    2,
    2,
    2,
    2,
    2,
    2,
    2,
    2,
    2,
    2,
    2,
    2,
    2,
    1,
    1,
    1,
    2,
    2,
    2,
    2,
    1,
    1,
    1,
    1,
    1,
    1,
    1,
    1,
    2,
    2,
    2,
    1,
    2,
    2,
    2,
    2,
    2,
    2,
    2,
    2,
    2,
    1,
    1,
    2,
    2,
    2,
    2,
    2,
    2,
    1,
    1,
    1,
    1,
    1,
    1,
    1,
    1,
    1,
    1,
    1
  ],