{
  "timesteps": [
    0,
    1,
    2,
    3,
    4,
    5,
    6,
    7,
    8,
    9,
    10,
    11,
    12,
    13,
    14,
    15,
    16,
    17,
    18,
    19,
    20,
    21,
    22,
    23,
    24,
    25,
    26,
    27,
    28,
    29,
    30,
    31,
    32,
    33,
    34,
    35,
    36,
    37,
    38,
    39,
    40,
    41,
    42,
    43,
    44,
    45,
    46,
    47,
    48,
    49,
    50,
    51,
    52,
    53,
    54,
    55,
    56,
    57,
    58,
    59,
    60,
    61,
    62,
    63,
    64,
    65,
    66,
    67,
    68,
    69,
    70,
    71,
    72,
    73,
    74,
    75,
    76,
    77,
    78,
    79,
    80,
    81,
    82,
    83,
    84,
    85,
    86,
    87,
    88,
    89,
    90,
    91,
    92,
    93,
    94,
    95,
    96,
    97,
    98,
    99,
    100,
    101,
    102,
    103,
    104,
    105,
    106,
    107,
    108,
    109,
    110,
    111,
    112,
    113,
    114,
    115,
    116,
    117,
    118,
    119,
    120,
    121,
    122,
    123,
    124,
    125,
    126,
    127,
    128,
    129,
    130,
    131,
    132,
    133,
    134,
    135,
    136,
    137,
    138,
    139,
    140,
    141,
    142,
    143,
    144,
    145,
    146,
    147,
    148,
    149,
    150,
    151,
    152,
    153,
    154,
    155,
    156,
    157,
    158,
    159,
    160,
    161,
    162,
    163,
    164,
    165,
    166,
    167,
    168,
    169,
    170,
    171,
    172,
    173,
    174,
    175,
    176,
    177,
    178,
    179,
    180,
    181,
    182,
    183,
    184,
    185,
    186,
    187,
    188,
    189,
    190,
    191,
    192,
    193,
    194,
    195,
    196,
    197,
    198,
    199
  ],
  "states": [
    50.0,
    49.472990598125214,
    49.661465948256435,
    50.536119294419045,
    50.74956607649606,
    50.7181767936025,
    50.17669732439792,
    48.650831601619515,
    48.321465319029734,
    49.32618415528263,
    49.668012506145715,
    49.74322141714399,
    49.58085321385924,
    48.470196042924954,
    47.66332025920451,
    47.75007913006244,
    47.456594933474996,
    47.9497496238054,
    47.988433310680584,
    47.69102365285306,
    46.794946578202136,
    46.894542155473545,
    46.84220573584547,
    47.82793642455124,
    47.57167706175491,
    47.011883359471625,
    46.820123196628835,
    46.93705825494783,
    46.72999535378944,
    46.38260898456258,
    46.71533630073568,
    45.93211929203896,
    45.240542474355145,
    44.33839847697917,
    44.33467649800863,
    44.96745759613457,
    44.81784323328386,
    43.65746571473031,
    43.81697300926728,
    43.702229701651255,
    44.13193982700078,
    44.219127199252625,
    43.6372954095818,
    43.684901064374095,
    43.41906863981242,
    43.86498016728548,
    43.84303947997328,
    44.54130097777096,
    44.780549579865145,
    44.44327673255796,
    44.19086186962559,
    44.731224776415296,
    45.11375123626883,
    45.80326577571417,
    45.20253156161803,
    45.65821560367126,
    45.04003942290164,
    44.349864642611784,
    43.38582458400695,
    43.47604103169324,
    42.99931739729476,
    43.8202100224218,
    43.705338405892675,
    43.37958268305156,
    43.95580790969999,
    44.12371434579902,
    44.21133484302875,
    43.64959956783819,
    43.14753404652663,
    42.49843522518162,
    42.045995547819814,
    42.23040517043902,
    42.5515886107142,
    42.78913141640377,
    43.893875571319356,
    44.019572803963335,
    44.023383903642426,
    44.551779661799344,
    45.31491973238067,
    44.92019026875863,
    45.39631880756173,
    44.99900586953567,
    45.04264480493278,
    45.0668311767529,
    45.89826764850031,
    45.21451094809975,
    45.108369600585185,
    45.160416645619506,
    44.97784007473388,
    45.12981807032806,
    44.34188642766626,
    44.102230203399714,
    43.42051973860048,
    42.9922130253483,
    43.874805900410934,
    43.35223692675648,
    43.243391951889365,
    43.470772443681234,
    43.54254477737964,
    43.099688879706804,
    43.290163802077856,
    43.267836083440564,
    43.380049814718966,
    42.68121245677203,
    42.706918334812364,
    42.94095505874956,
    42.88711291647564,
    43.284770316355704,
    42.7678666282632,
    41.81376057755476,
    41.933745748207464,
    41.55679095967294,
    41.47214734249516,
    41.57287002566072,
    42.18774260346225,
    42.15872357045043,
    41.336829253497335,
    41.37223790054444,
    41.89444007581005,
    42.27175715097783,
    42.447785977819564,
    41.854360313588906,
    41.23615485047868,
    41.4665250635082,
    41.95879951099793,
    42.314005616795434,
    42.49980870385343,
    42.385621244126426,
    42.30501780462437,
    42.020697878177316,
    42.877504898914616,
    42.55758739796241,
    43.32359870630755,
    43.48527123010941,
    42.88330254618458,
    42.297647622637534,
    42.91005163970764,
    42.42634085067115,
    42.32261950210958,
    42.913313106341,
    43.21399757315195,
    43.31833586793481,
    43.95165950151453,
    43.921229324642795,
    42.78469367793014,
    42.87929501309082,
    43.31070209950623,
    42.80907263914295,
    43.18352335992891,
    44.03718254531893,
    45.23068362917319,
    45.157354025529514,
    46.261249357177824,
    46.78910278122585,
    46.54078011371382,
    46.39576385928843,
    45.878154313052704,
    45.818171995154735,
    46.31939852917294,
    46.607776739439615,
    46.25816381174354,
    46.81993104061172,
    45.88737779761807,
    45.8647076735755,
    45.72167721760776,
    45.203599538849105,
    45.08994699070379,
    45.56318606655461,
    45.49179522068646,
    45.41180206591781,
    44.700566752838164,
    45.09348526080431,
    44.56938206884148,
    45.3236616667954,
    45.15840860305054,
    44.845823888239906,
    44.97073414855049,
    45.79382280113614,
    45.711750059110194,
    45.842915203399585,
    45.506435486274015,
    45.5514674532075,
    46.30291433555422,
    46.39221737211009,
    46.185252732273796,
    46.51049014624204,
    45.4920111610989,
    45.60241137173238,
    46.42247517171334,
    45.91452307487471,
    45.22189323646448,
    44.482529915906625,
    45.14661159314077,
    45.79714256997443,
    45.238002224218306,
    46.49674025296125,
    47.492571785148016,
    47.02645771500695,
    46.29532704556017,
    46.178708792980075,
    45.55721035545737
  ],
  "actions": [],
  "observations": [
    1,
    1,
    1,
    1,
    1,
    1,
    1,
    1,
    1,
    1,
    1,
    1,
    1,
    1,
    1,
    1,
    1,
    1,
    1,
    1,
    1,
    1,
    1,
    1,
    1,
    1,
    1,
    1,
    1,
    1,
    1,
    1,
    1,
    0,
    0,
    0,
    0,
    0,
    0,
    0,
    0,
    0,
    0,
    0,
    0,
    0,
    0,
    0,
    0,
    0,
    0,
    0,
    1,
    1,
    1,
    1,
    1,
    0,
    0,
    0,
    0,
    0,
    0,
    0,
    0,
    0,
    0,
    0,
    0,
    0,
    0,
    0,
    0,
    0,
    0,
    0,
    0,
    0,
    1,
    0,
    1,
    0,
    1,
    1,
    1,
    1,
    1,
    1,
    0,
    1,
    0,
    0,
    0,
    0,
    0,
    0,
    0,
    0,
    0,
    0,
    0,
    0,
    0,
    0,
    0,
    0,
    0,
    0,
    0,
    0,
    0,
    0,
    0,
    0,
    0,
    0,
    0,
    0,
    0,
    0,
    0,
    0,
    0,
    0,
    0,
    0,
    0,
    0,
    0,
    0,
    0,
    0,
    0,
    0,
    0,
    0,
    0,
    0,
    0,
    0,
    0,
    0,
    0,
    0,
    0,
    0,
    0,
    0,
    0,
    0,
    1,
    1,
    1,
    1,
    1,
    1,
    1,
    1,
    1,
    1,
    1,
    1,
    1,
    1,
    1,
    1,
    1,
    1,
    1,
    1,
    0,
    1,
    0,
    1,
    1,
    0,
    0,
    1,
    1,
    1,
    1,
    1,
    1,
    1,
    1,
    1,
    1,
    1,
    1,
    1,
    1,
    0,
    1,
    1,
    1,
    1,
    1,
    1,
    1,
    1
  ],