{
  "timesteps": [
    0,
    1,
    2,
    3,
    4,
    5,
    6,
    7,
    8,
    9,
    10,
    11,
    12,
    13,
    14,
    15,
    16,
    17,
    18,
    19,
    20,
    21,
    22,
    23,
    24,
    25,
    26,
    27,
    28,
    29,
    30,
    31,
    32,
    33,
    34,
    35,
    36,
    37,
    38,
    39,
    40,
    41,
    42,
    43,
    44,
    45,
    46,
    47,
    48,
    49,
    50,
    51,
    52,
    53,
    54,
    55,
    56,
    57,
    58,
    59,
    60,
    61,
    62,
    63,
    64,
    65,
    66,
    67,
    68,
    69,
    70,
    71,
    72,
    73,
    74,
    75,
    76,
    77,
    78,
    79,
    80,
    81,
    82,
    83,
    84,
    85,
    86,
    87,
    88,
    89,
    90,
    91,
    92,
    93,
    94,
    95,
    96,
    97,
    98,
    99,
    100,
    101,
    102,
    103,
    104,
    105,
    106,
    107,
    108,
    109,
    110,
    111,
    112,
    113,
    114,
    115,
    116,
    117,
    118,
    119,
    120,
    121,
    122,
    123,
    124,
    125,
    126,
    127,
    128,
    129,
    130,
    131,
    132,
    133,
    134,
    135,
    136,
    137,
    138,
    139,
    140,
    141,
    142,
    143,
    144,
    145,
    146,
    147,
    148,
    149,
    150,
    151,
    152,
    153,
    154,
    155,
    156,
    157,
    158,
    159,
    160,
    161,
    162,
    163,
    164,
    165,
    166,
    167,
    168,
    169,
    170,
    171,
    172,
    173,
    174,
    175,
    176,
    177,
    178,
    179,
    180,
    181,
    182,
    183,
    184,
    185,
    186,
    187,
    188,
    189,
    190,
    191,
    192,
    193,
    194,
    195,
    196,
    197,
    198,
    199
  ],
  "states": [
    50.0,
    49.95522540008445,
    49.77720714996832,
    49.864750172677375,
    49.87121476575968,
    50.01935096227821,
    50.23206383765634,
    49.80278072380752,
    50.39272934541439,
    50.19702202375799,
    50.23046603486087,
    50.620679355721414,
    50.68169751436404,
    50.8338066257645,
    51.09630962959432,
    50.574517211882245,
    51.02371519949406,
    51.01735416348059,
    51.0821202118042,
    50.82882865296907,
    50.13174219129347,
    49.808425388928825,
    50.090114335446444,
    49.698938973445635,
    49.68999720966591,
    49.12980495456227,
    49.10203065792432,
    49.3399650653254,
    49.6278813592222,
    49.50797292194849,
    49.31436151364903,
    49.29872759272391,
    49.50281537884433,
    49.288624210351,
    49.33622810060917,
    48.769652956804464,
    48.90775004989218,
    49.04828642034127,
    48.99480666385802,
    48.29291114980131,
    47.833487774542526,
    47.48344738736258,
    47.936201051706085,
    48.2231453653313,
    47.756947159417415,
    48.27599874022431,
    48.851169276313136,
    48.94124862799972,
    49.005724278615894,
    49.53758118739976,
    49.150976714265255,
    49.27170578782559,
    49.1163560864508,
    49.357321994993086,
    49.620673943858996,
    50.19818890337415,
    50.343658753884554,
    50.20835725159382,
    50.31507324458302,
    50.532687224860275,
    50.652314413692594,
    50.13677297404441,
    49.64542263326741,
    49.764527508991755,
    49.743109837882564,
    49.378317595995306,
    49.408838798080374,
    49.28626659720205,
    49.27402391082964,
    48.93675242132257,
    49.197211226719084,
    49.38119796011117,
    49.543431912692235,
    50.40901707525114,
    50.25833099130815,
    50.088607005696474,
    50.20317334375941,
    50.14823576201799,
    50.14166994494831,
    50.71638940042417,
    51.01324110777547,
    50.51300078580426,
    50.2580926623162,
    50.51854461999043,
    50.50451826831661,
    50.41269548085084,
    49.81440591461965,
    50.175524742451024,
    50.137220830382425,
    50.365563987914356,
    50.57749013184576,
    50.02792278284519,
    49.55608088619033,
    49.35635396103516,
    49.387496608083225,
    49.84543895008219,
    49.9170441097896,
    49.71768019346089,
    50.29174509793548,
    50.341906581094015,
    50.261295088201315,
    50.19400155416079,
    50.650084749525426,
    51.0198215612968,
    50.73144658919957,
    50.32274135179252,
    50.6134001403838,
    50.99137077226376,
    51.244946517198045,
    50.99439219802534,
    50.94063753829127,
    51.40043550023271,
    51.03709782625195,
    50.88617922679723,
    50.52009056448278,
    50.887138877191845,
    50.68536488486126,
    50.36696748931936,
    50.392039854736296,
    50.19894017063411,
    49.945230291242304,
    49.47379632693358,
    49.70403781577253,
    49.61198660852653,
    49.4875467912189,
    49.36076297507468,
    49.10522568710982,
    49.14065228846474,
    48.9009481160945,
    48.8058707324656,
    48.50860471457105,
    48.0511643360044,
    48.58688370976565,
    48.66787092013658,
    48.88809054978752,
    49.343656531561834,
    48.90059578272896,
    48.77820299158098,
    48.692000396475244,
    48.86238425464566,
    49.00925240087899,
    49.2003757229655,
    48.689598349546515,
    48.86405569341456,
    48.91840379222773,
    48.98072995711544,
    49.35210278734955,
    49.027204773123444,
    49.25553052301059,
    48.976442481769666,
    48.91011537050618,
    48.62842775203136,
    48.767337399252845,
    48.647834257475836,
    48.60422083238739,
    48.79811544721546,
    49.294064246745556,
    49.25245952371479,
    50.207822133366335,
    49.48658458520313,
    49.357145713362804,
    49.76964605163835,
    49.62704565781974,
    49.59729472116959,
    50.25436191728684,
    50.66889888958664,
    50.50218242384256,
    49.81236498054106,
    49.87679295444326,
    49.635460918132004,
    49.968365067686705,
    49.81702656382617,
    49.95290990687092,
    50.077756295043606,
    50.18064671240159,
    50.151653404006616,
    50.102876523083566,
    49.88235233263823,
    49.380325287542114,
    49.021385711939175,
    48.67528565462312,
    48.39169038503671,
    48.199566742166276,
    48.406798924165514,
    48.03963538945354,
    47.899306040200244,
    47.983532414503976,
    48.65781044552164,
    49.2686347385736,
    49.45204465575955,
    50.13438472539327,
    49.64504046519568,
    49.33794471345917,
    49.23813768052454,
    49.23455597821931,
    49.548496964667784,
    49.49152729035027,
    49.83689628404992,
    49.77852928081055,
    49.424039806006675,
    48.88554425800487
  ],
  "actions": [],
  "observations": [
    1,
    1,
    1,
    1,
    1,
    1,
    1,
    1,
    1,
    1,
    1,
    1,
    1,
    1,
    1,
    1,
    1,
    1,
    1,
    1,
    1,
    1,
    1,
    1,
    1,
    1,
    1,
    1,
    1,
    1,
    1,
    1,
    1,
    1,
    1,
    1,
    1,
    1,
    1,
    1,
    1,
    1,
    1,
    1,
    1,
    1,
    1,
    1,
    1,
    1,
    1,
    1,
    1,
    1,
    1,
    1,
    1,
    1,
    1,
    1,
    1,
    1,
    1,
    1,
    1,
    1,
    1,
    1,
    1,
    1,
    1,
    1,
    1,
    1,
    1,
    1,
    1,
    1,
    1,
    1,
    1,
    1,
    1,
    1,
    1,
    1,
    1,
    1,
    1,
    1,
    1,
    1,
    1,
    1,
    1,
    1,
    1,
    1,
    1,
    1,
    1,
    1,
    1,
    1,
    1,
    1,
    1,
    1,
    1,
    1,
    1,
    1,
    1,
    1,
    1,
    1,
    1,
    1,
    1,
    1,
    1,
    1,
    1,
    1,
    1,
    1,
    1,
    1,
    1,
    1,
    1,
    1,
    1,
    1,
    1,
    1,
    1,
    1,
    1,
    1,
    1,
    1,
    1,
    1,
    1,
    1,
    1,
    1,
    1,
    1,
    1,
    1,
    1,
    1,
    1,
    1,
    1,
    1,
    1,
    1,
    1,
    1,
    1,
    1,
    1,
    1,
    1,
    1,
    1,
    1,
    1,
    1,
    1,
    1,
    1,
    1,
    1,
    1,
    1,
    1,
    1,
    1,
    1,
    1,
    1,
    1,
    1,
    1,
    1,
    1,
    1,
    1,
    1,
    1,
    1,
    1,
    1,
    1,
    1,
    1
  ],