{
  "timesteps": [
    0,
    1,
    2,
    3,
    4,
    5,
    6,
    7,
    8,
    9,
    10,
    11,
    12,
    13,
    14,
    15,
    16,
    17,
    18,
    19,
    20,
    21,
    22,
    23,
    24,
    25,
    26,
    27,
    28,
    29,
    30,
    31,
    32,
    33,
    34,
    35,
    36,
    37,
    38,
    39,
    40,
    41,
    42,
    43,
    44,
    45,
    46,
    47,
    48,
    49,
    50,
    51,
    52,
    53,
    54,
    55,
    56,
    57,
    58,
    59,
    60,
    61,
    62,
    63,
    64,
    65,
    66,
    67,
    68,
    69,
    70,
    71,
    72,
    73,
    74,
    75,
    76,
    77,
    78,
    79,
    80,
    81,
    82,
    83,
    84,
    85,
    86,
    87,
    88,
    89,
    90,
    91,
    92,
    93,
    94,
    95,
    96,
    97,
    98,
    99,
    100,
    101,
    102,
    103,
    104,
    105,
    106,
    107,
    108,
    109,
    110,
    111,
    112,
    113,
    114,
    115,
    116,
    117,
    118,
    119,
    120,
    121,
    122,
    123,
    124,
    125,
    126,
    127,
    128,
    129,
    130,
    131,
    132,
    133,
    134,
    135,
    136,
    137,
    138,
    139,
    140,
    141,
    142,
    143,
    144,
    145,
    146,
    147,
    148,
    149,
    150,
    151,
    152,
    153,
    154,
    155,
    156,
    157,
    158,
    159,
    160,
    161,
    162,
    163,
    164,
    165,
    166,
    167,
    168,
    169,
    170,
    171,
    172,
    173,
    174,
    175,
    176,
    177,
    178,
    179,
    180,
    181,
    182,
    183,
    184,
    185,
    186,
    187,
    188,
    189,
    190,
    191,
    192,
    193,
    194,
    195,
    196,
    197,
    198,
    199
  ],
  "states": [
    50.0,
    50.02851867858631,
    50.218953777375496,
    49.830087615065885,
    49.89160622243416,
    49.69147965890858,
    49.45117725214422,
    49.98289191626921,
    50.31687093388692,
    50.34857486586315,
    50.541148076097556,
    50.411346376329064,
    50.9214938502991,
    51.239134171700876,
    50.93653396452094,
    51.085344854912876,
    51.00972709579761,
    51.87695686584203,
    51.72045961892754,
    51.67807739970065,
    51.879579967648766,
    52.06708118973512,
    52.14656577724696,
    51.895046369170245,
    52.242601921460924,
    52.57008931594614,
    52.843890553015505,
    53.17771289355917,
    53.38802245666016,
    53.05460307877121,
    52.961185327826584,
    53.23625476482199,
    53.37261365298436,
    53.34906524589582,
    53.51042644434746,
    53.67513426843165,
    53.160769529791416,
    53.46413070182783,
    53.08453630566287,
    53.011921371179646,
    53.02821521170148,
    52.965882442494845,
    53.02881037943539,
    52.80377006716616,
    52.567111716255845,
    52.54514890327734,
    52.421530979014165,
    52.40566400979895,
    52.2409510360865,
    52.18720549037602,
    52.10292872039366,
    52.374050242575215,
    52.88257403183858,
    52.71599879517606,
    52.480528342603115,
    52.397774697780754,
    52.47298471340241,
    51.83227819588953,
    52.08275579928362,
    52.29868091087869,
    52.682393613175364,
    53.21690895744068,
    52.698287953126446,
    52.238794889039475,
    52.844801231159494,
    52.434144654577686,
    52.207307334836216,
    52.51002385363082,
    52.809629482345294,
    52.74394541569905,
    52.771906749837655,
    52.64930064759404,
    53.239931939320634,
    53.14740244858181,
    52.74222567006876,
    52.89054682133314,
    51.94138343183722,
    51.99347370204323,
    52.163795896775554,
    51.8432295105815,
    52.052281332729315,
    51.77706488296492,
    51.693979818133684,
    51.61090709561356,
    51.461366087373044,
    51.56779104248374,
    51.678458927933214,
    51.70437353064074,
    51.96368717150517,
    52.14676256583107,
    51.840920616012845,
    52.22690863395216,
    51.8748597944979,
    51.712174680430465,
    51.667404719478306,
    51.39161451947284,
    51.489114051935154,
    51.29217844843942,
    50.744973978584916,
    50.479292912648965,
    50.0366425692919,
    49.83367717367921,
    49.82989591625734,
    49.654723295890044,
    49.573926372752474,
    50.11119629187583,
    50.309490115439495,
    50.43286833942669,
    50.5789086298245,
    50.41933033396354,
    50.84529633648448,
    50.413916300237894,
    50.50157751900784,
    51.24826522632518,
    51.583064544639804,
    51.071152030369674,
    51.22994887890514,
    51.519499077323715,
    51.383849305089996,
    51.9618968555557,
    51.97368156991762,
    52.39301226040027,
    51.73909871042918,
    51.567114775624134,
    51.7996995728014,
    51.92826853260814,
    52.090359076698604,
    51.8366534021851,
    52.04868195045299,
    52.05435252352531,
    52.39081308523013,
    52.255408528021434,
    52.324885521251055,
    52.67572734164211,
    53.29213069871983,
    53.396589267658776,
    53.38507517113632,
    53.33236542586775,
    54.068954938282374,
    53.688918543303984,
    53.85848203817517,
    54.22822665592016,
    54.66396319035278,
    54.40201906971138,
    54.34843578881869,
    54.26274393422162,
    53.96925362828755,
    53.81994384070102,
    53.817261667281464,
    53.62963908135162,
    53.69464817367726,
    53.78641308947085,
    53.725611792534416,
    53.81215419743109,
    53.56103872906576,
    53.16780122907382,
    52.81966787807434,
    52.949221402941895,
    53.425828012350834,
    53.35237653553397,
    53.07498844980104,
    53.20136661789257,
    53.50079121085159,
    53.77372624687405,
    53.75942881658995,
    54.16991222282306,
    54.077181000308336,
    54.0386169595645,
    54.10962665590813,
    54.13072155132807,
    54.47485930978545,
    54.16022785977134,
    53.77277157673859,
    54.18877977653492,
    54.29090871713203,
    54.28648804040567,
    54.125700769623094,
    54.18887201868357,
    53.88042685568874,
    54.186410815456384,
    54.25675169822238,
    54.09657960817304,
    54.543558788482805,
    54.059789284608044,
    54.414598340756356,
    54.51375102210041,
    54.77818230035347,
    54.979606994545094,
    55.187522577275885,
    55.11407580505521,
    55.184607653445326,
    55.07500066323141,
    55.25502547494721,
    55.43932740143171,
    54.841267554163736,
    54.33300642778818,
    54.08320541664299,
    54.138961574908095,
    54.12715451584682,
    54.54232369434942,
    54.736849804711525
  ],
  "actions": [],
  "observations": [
    1,
    1,
    1,
    1,
    1,
    1,
    1,
    1,
    1,
    1,
    1,
    1,
    1,
    1,
    1,
    1,
    1,
    1,
    1,
    1,
    1,
    1,
    1,
    1,
    1,
    1,
    1,
    1,
    1,
    1,
    1,
    1,
    1,
    1,
    1,
    1,
    1,
    1,
    1,
    1,
    1,
    1,
    1,
    1,
    1,
    1,
    1,
    1,
    1,
    1,
    1,
    1,
    1,
    1,
    1,
    1,
    1,
    1,
    1,
    1,
    1,
    1,
    1,
    1,
    1,
    1,
    1,
    1,
    1,
    1,
    1,
    1,
    1,
    1,
    1,
    1,
    1,
    1,
    1,
    1,
    1,
    1,
    1,
    1,
    1,
    1,
    1,
    1,
    1,
    1,
    1,
    1,
    1,
    1,
    1,
    1,
    1,
    1,
    1,
    1,
    1,
    1,
    1,
    1,
    1,
    1,
    1,
    1,
    1,
    1,
    1,
    1,
    1,
    1,
    1,
    1,
    1,
    1,
    1,
    1,
    1,
    1,
    1,
    1,
    1,
    1,
    1,
    1,
    1,
    1,
    1,
    1,
    1,
    1,
    1,
    1,
    1,
    1,
    1,
    1,
    1,
    1,
    1,
    1,
    1,
    1,
    1,
    1,
    1,
    1,
    1,
    1,
    1,
    1,
    1,
    1,
    1,
    1,
    1,
    1,
    1,
    1,
    1,
    1,
    1,
    1,
    1,
    1,
    1,
    1,
    1,
    1,
    1,
    1,
    1,
    1,
    1,
    1,
    1,
    1,
    1,
    1,
    1,
    1,
    1,
    1,
    1,
    1,
    2,
    2,
    2,
    2,
    2,
    2,
    1,
    1,
    1,
    1,
    1,
    1
  ],