{
  "timesteps": [
    0,
    1,
    2,
    3,
    4,
    5,
    6,
    7,
    8,
    9,
    10,
    11,
    12,
    13,
    14,
    15,
    16,
    17,
    18,
    19,
    20,
    21,
    22,
    23,
    24,
    25,
    26,
    27,
    28,
    29,
    30,
    31,
    32,
    33,
    34,
    35,
    36,
    37,
    38,
    39,
    40,
    41,
    42,
    43,
    44,
    45,
    46,
    47,
    48,
    49,
    50,
    51,
    52,
    53,
    54,
    55,
    56,
    57,
    58,
    59,
    60,
    61,
    62,
    63,
    64,
    65,
    66,
    67,
    68,
    69,
    70,
    71,
    72,
    73,
    74,
    75,
    76,
    77,
    78,
    79,
    80,
    81,
    82,
    83,
    84,
    85,
    86,
    87,
    88,
    89,
    90,
    91,
    92,
    93,
    94,
    95,
    96,
    97,
    98,
    99,
    100,
    101,
    102,
    103,
    104,
    105,
    106,
    107,
    108,
    109,
    110,
    111,
    112,
    113,
    114,
    115,
    116,
    117,
    118,
    119,
    120,
    121,
    122,
    123,
    124,
    125,
    126,
    127,
    128,
    129,
    130,
    131,
    132,
    133,
    134,
    135,
    136,
    137,
    138,
    139,
    140,
    141,
    142,
    143,
    144,
    145,
    146,
    147,
    148,
    149,
    150,
    151,
    152,
    153,
    154,
    155,
    156,
    157,
    158,
    159,
    160,
    161,
    162,
    163,
    164,
    165,
    166,
    167,
    168,
    169,
    170,
    171,
    172,
    173,
    174,
    175,
    176,
    177,
    178,
    179,
    180,
    181,
    182,
    183,
    184,
    185,
    186,
    187,
    188,
    189,
    190,
    191,
    192,
    193,
    194,
    195,
    196,
    197,
    198,
    199
  ],
  "states": [
    50.0,
    49.953911268041715,
    50.08009479881549,
    49.80025037059568,
    50.16420815464821,
    50.22682753299628,
    49.983532088018,
    49.68108722606748,
    49.20790347888128,
    49.272620669545766,
    48.96479574960092,
    49.036475221130594,
    48.560745015886816,
    48.988457855623565,
    48.84401688813755,
    49.14160670733386,
    49.1723910895037,
    49.3851729722287,
    49.00470818057894,
    48.79520799553394,
    48.507515883128235,
    48.83236721148128,
    49.52945844894093,
    49.78532769739997,
    49.755359406899125,
    50.10907520915215,
    49.79952202747784,
    50.04474566703877,
    49.857805166128216,
    49.88940276807877,
    50.14725891152222,
    49.67992443036912,
    49.09932108207939,
    49.34083326507037,
    49.18428820604819,
    49.40487907156245,
    49.95942530663004,
    50.2242004274637,
    50.184592391617954,
    50.35818373401191,
    50.46523576167577,
    50.431251649753214,
    50.657102649141585,
    50.81274460055613,
    50.746224759114405,
    50.740237031759804,
    51.13225996756518,
    50.696412762179534,
    50.500379633443664,
    50.48925926522643,
    50.23439469422726,
    49.99188470228258,
    50.14428044532855,
    49.89048894417171,
    49.40248991946038,
    49.02561275397494,
    48.58735041824592,
    48.517462583855604,
    48.50408536799173,
    48.763171627304175,
    48.902718009026046,
    49.210340305753626,
    49.08629129872028,
    48.76718274624672,
    49.267246989438185,
    49.79820759506152,
    49.65441706203397,
    49.59982850556,
    49.92068632868455,
    50.133801998745085,
    50.604378467683524,
    50.83077605176967,
    50.961331477872385,
    51.3905578738032,
    50.80891063310585,
    50.994637415216296,
    51.27063879247261,
    51.084888831700034,
    50.93655854475298,
    51.633268077940116,
    52.0226666585739,
    52.312012796355376,
    52.10030126318824,
    52.05798829601556,
    52.02097498443218,
    51.64766933317281,
    51.86158424218695,
    51.767880052331634,
    51.57865720028901,
    51.72174493276325,
    51.84151953121152,
    51.47962750719296,
    51.433425622263506,
    51.68181053826207,
    51.261949820292074,
    50.99314814212084,
    50.80949760671568,
    50.95230564646067,
    51.06556087974129,
    51.4993643529841,
    51.80402769101369,
    52.03021353246058,
    52.71681619350271,
    52.32585053595589,
    52.52772986303,
    52.59626602340777,
    52.96868009734146,
    52.60425835223006,
    52.70775737544731,
    52.69181767148384,
    51.986011301567444,
    52.20062038341539,
    52.40692702340163,
    51.64253921196893,
    51.3274287370852,
    51.47771325282731,
    51.54028562339604,
    51.49631132805473,
    51.050724690580836,
    50.53368794155723,
    50.10100424157071,
    49.82975281694433,
    49.61827407083504,
    49.5410190700553,
    49.46243749313581,
    49.897440903357506,
    49.49099713820169,
    50.01671560197588,
    50.14249480202552,
    50.004036898579166,
    49.42824745676496,
    49.32312092713885,
    49.20834512109689,
    49.36859343989875,
    49.4588628476305,
    49.53843919443275,
    49.5122213340712,
    49.58297515562081,
    49.677630039919976,
    49.23336345800658,
    49.73658330588897,
    49.58287373662164,
    49.28672370552994,
    49.459276919619505,
    49.43617854546536,
    49.84279682057174,
    50.404037206352605,
    50.40001097162577,
    50.603474176630655,
    50.83251848237579,
    50.81494754788824,
    50.76883499416954,
    50.55909764780476,
    51.18001945191644,
    50.80463250223086,
    51.048946666786875,
    51.07252281945081,
    50.781525017028585,
    51.349337276924366,
    51.50402428855176,
    51.89081100973433,
    52.254907272158064,
    52.3167841000017,
    52.82375954082374,
    52.55581318614159,
    52.365003379721706,
    52.54835299005331,
    51.84924494312748,
    51.7838868255942,
    52.168618436219276,
    51.97429756648056,
    52.08905409055175,
    51.841783744293714,
    51.618055157161436,
    51.61266909969842,
    51.85282801841628,
    52.35947213589721,
    52.32092953496386,
    51.88041447316636,
    51.83373769890039,
    51.427919829449316,
    51.3958351480221,
    51.515589349492565,
    52.26087031731982,
    52.04982325902285,
    51.704998274178536,
    52.06862686591989,
    52.41932501969675,
    52.50494653827465,
    52.38670424741614,
    52.26933722115143,
    52.05643133883265,
    51.887034820399734,
    52.51682309057129,
    52.00953516835285,
    51.85142422766651,
    51.68352865900087,
    51.736298239649756,
    51.80579304604683,
    51.894892858346125,
    51.60060009348587
  ],
  "actions": [],
  "observations": [
    1,
    1,
    1,
    1,
    1,
    1,
    1,
    1,
    1,
    1,
    1,
    1,
    1,
    1,
    1,
    1,
    1,
    1,
    1,
    1,
    1,
    1,
    1,
    1,
    1,
    1,
    1,
    1,
    1,
    1,
    1,
    1,
    1,
    1,
    1,
    1,
    1,
    1,
    1,
    1,
    1,
    1,
    1,
    1,
    1,
    1,
    1,
    1,
    1,
    1,
    1,
    1,
    1,
    1,
    1,
    1,
    1,
    1,
    1,
    1,
    1,
    1,
    1,
    1,
    1,
    1,
    1,
    1,
    1,
    1,
    1,
    1,
    1,
    1,
    1,
    1,
    1,
    1,
    1,
    1,
    1,
    1,
    1,
    1,
    1,
    1,
    1,
    1,
    1,
    1,
    1,
    1,
    1,
    1,
    1,
    1,
    1,
    1,
    1,
    1,
    1,
    1,
    1,
    1,
    1,
    1,
    1,
    1,
    1,
    1,
    1,
    1,
    1,
    1,
    1,
    1,
    1,
    1,
    1,
    1,
    1,
    1,
    1,
    1,
    1,
    1,
    1,
    1,
    1,
    1,
    1,
    1,
    1,
    1,
    1,
    1,
    1,
    1,
    1,
    1,
    1,
    1,
    1,
    1,
    1,
    1,
    1,
    1,
    1,
    1,
    1,
    1,
    1,
    1,
    1,
    1,
    1,
    1,
    1,
    1,
    1,
    1,
    1,
    1,
    1,
    1,
    1,
    1,
    1,
    1,
    1,
    1,
    1,
    1,
    1,
    1,
    1,
    1,
    1,
    1,
    1,
    1,
    1,
    1,
    1,
    1,
    1,
    1,
    1,
    1,
    1,
    1,
    1,
    1,
    1,
    1,
    1,
    1,
    1,
    1
  ],