{
  "timesteps": [
    0,
    1,
    2,
    3,
    4,
    5,
    6,
    7,
    8,
    9,
    10,
    11,
    12,
    13,
    14,
    15,
    16,
    17,
    18,
    19,
    20,
    21,
    22,
    23,
    24,
    25,
    26,
    27,
    28,
    29,
    30,
    31,
    32,
    33,
    34,
    35,
    36,
    37,
    38,
    39,
    40,
    41,
    42,
    43,
    44,
    45,
    46,
    47,
    48,
    49,
    50,
    51,
    52,
    53,
    54,
    55,
    56,
    57,
    58,
    59,
    60,
    61,
    62,
    63,
    64,
    65,
    66,
    67,
    68,
    69,
    70,
    71,
    72,
    73,
    74,
    75,
    76,
    77,
    78,
    79,
    80,
    81,
    82,
    83,
    84,
    85,
    86,
    87,
    88,
    89,
    90,
    91,
    92,
    93,
    94,
    95,
    96,
    97,
    98,
    99,
    100,
    101,
    102,
    103,
    104,
    105,
    106,
    107,
    108,
    109,
    110,
    111,
    112,
    113,
    114,
    115,
    116,
    117,
    118,
    119,
    120,
    121,
    122,
    123,
    124,
    125,
    126,
    127,
    128,
    129,
    130,
    131,
    132,
    133,
    134,
    135,
    136,
    137,
    138,
    139,
    140,
    141,
    142,
    143,
    144,
    145,
    146,
    147,
    148,
    149,
    150,
    151,
    152,
    153,
    154,
    155,
    156,
    157,
    158,
    159,
    160,
    161,
    162,
    163,
    164,
    165,
    166,
    167,
    168,
    169,
    170,
    171,
    172,
    173,
    174,
    175,
    176,
    177,
    178,
    179,
    180,
    181,
    182,
    183,
    184,
    185,
    186,
    187,
    188,
    189,
    190,
    191,
    192,
    193,
    194,
    195,
    196,
    197,
    198,
    199
  ],
  "states": [
    50.0,
    50.18697646398452,
    49.934541635997896,
    50.44914692193592,
    49.62150722561097,
    50.064517279360004,
    50.17728247732403,
    50.286081320582454,
    50.47100088814502,
    50.48943611077407,
    51.32383313402507,
    51.29764464139292,
    50.96664434900108,
    50.76704252929781,
    51.1761007438473,
    50.25218511777797,
    50.400846482696565,
    49.885636622755015,
    49.94994079639366,
    50.9002947688193,
    51.00159676530848,
    50.17396649019676,
    50.01798974153869,
    49.714235035743485,
    49.74209981512728,
    48.832459101391365,
    48.17694927088549,
    47.94023156712381,
    48.62578811006244,
    48.02363911039809,
    48.317136029209394,
    49.15927227977018,
    49.5111613169445,
    50.0541044570298,
    51.83750714920249,
    51.9180943749217,
    51.5129877751772,
    51.76033332752484,
    52.204415484378934,
    51.61209513331036,
    51.89166154452575,
    52.31899065472583,
    52.20792728432447,
    52.34312523206941,
    52.55071423304461,
    52.28981441215757,
    52.02995677886789,
    51.82489731613238,
    51.992268650528665,
    52.789530705215164,
    53.00154095129031,
    53.15393158550496,
    53.731860964258296,
    54.80479604932862,
    56.410370077387,
    56.02758312180673,
    55.90141034215197,
    55.67967516933947,
    56.08318144853701,
    55.419724270640195,
    55.01391210893881,
    54.570968395803185,
    53.598999544279806,
    53.77316488222638,
    53.78198574938493,
    53.425013588950236,
    54.00826690912219,
    53.62069834459779,
    54.99628520106129,
    55.30289122346358,
    55.12006368638158,
    54.454709177881675,
    54.20413148324221,
    54.295566069689635,
    53.89775716973305,
    53.27843743556896,
    52.16737107946918,
    51.73035860389064,
    52.32987446135863,
    51.7784389342029,
    51.835466180288755,
    51.1801803773352,
    50.93480485746633,
    50.98639409577698,
    50.4620056390096,
    50.02159970251785,
    50.41813073464427,
    50.3146926589507,
    49.955926348918965,
    50.08497150919381,
    50.04636725991272,
    49.021012108803426,
    49.45228377923386,
    49.70780557877039,
    49.911910534976414,
    49.750982259441834,
    49.63908436493037,
    49.032096939400965,
    49.03990948820617,
    48.94105601615909,
    49.94733606355025,
    49.47752727134048,
    48.74462094967745,
    48.47830577560494,
    48.91869164134776,
    49.046177015561575,
    48.51189346774774,
    48.96179724024125,
    49.89573322043014,
    50.21311864792703,
    50.66204280297546,
    50.47147826931243,
    51.209632485503555,
    51.74138895653971,
    52.66656024818641,
    52.347799038943926,
    51.791438865918785,
    51.54674071703444,
    52.83305843297967,
    52.995675118940675,
    52.55256588246684,
    52.59551579079967,
    52.22909450039991,
    52.782633217453174,
    53.07070165847136,
    52.829548616027246,
    52.67317636611651,
    51.79888589529627,
    52.220966770892026,
    52.52131328964215,
    52.396586050669,
    51.55710133708114,
    51.292372335067846,
    52.06603981437558,
    51.34810622718582,
    51.58726190891221,
    51.785169253532196,
    52.33126072699907,
    52.51698790281376,
    52.69988778234515,
    52.798376511100976,
    53.03861604978412,
    52.56556404114274,
    52.57562730188019,
    52.66917124894454,
    52.99495861662042,
    52.67627806553478,
    52.95380819948625,
    53.015073014592595,
    52.80117384223731,
    53.666011355111095,
    53.8089376009744,
    54.20900496271844,
    54.175647329385335,
    55.199583755501905,
    55.50675066667192,
    55.23838746104477,
    54.798530229053746,
    54.58851763534013,
    54.56985498578559,
    54.103967712303536,
    53.79557968921728,
    53.709153424075865,
    53.85539905729026,
    54.194293292148096,
    54.233602027085446,
    54.09622613079677,
    54.74115830910071,
    54.80535239887139,
    54.844328598285834,
    55.08475289353013,
    54.90674325831065,
    54.76703535815627,
    54.10657202872013,
    54.26179364874311,
    54.233335240103614,
    54.462269485814154,
    54.109352749990556,
    53.06766966601882,
    53.83319066018727,
    53.970494541550636,
    52.85214188422263,
    53.31829890953156,
    53.773088350891165,
    54.008793212096144,
    54.142359674574,
    53.45560501976812,
    53.13480828386442,
    53.006688187297506,
    53.494185972358224,
    53.95299765305629,
    54.73355571206886,
    54.960452720052714,
    54.90878925563864,
    54.76390597623622,
    55.20349521435928,
    55.15304379766376,
    55.96196858515344,
    55.75753632484304,
    55.95748169218138,
    55.55380708626947
  ],
  "actions": [],
  "observations": [
    1,
    1,
    1,
    1,
    1,
    1,
    1,
    1,
    1,
    1,
    1,
    1,
    1,
    1,
    1,
    1,
    1,
    1,
    1,
    1,
    1,
    1,
    1,
    1,
    1,
    1,
    1,
    1,
    1,
    1,
    1,
    1,
    1,
    1,
    1,
    1,
    1,
    1,
    1,
    1,
    1,
    1,
    1,
    1,
    1,
    1,
    1,
    1,
    1,
    1,
    1,
    1,
    1,
    1,
    2,
    2,
    2,
    2,
    2,
    2,
    2,
    1,
    1,
    1,
    1,
    1,
    1,
    1,
    1,
    2,
    2,
    1,
    1,
    1,
    1,
    1,
    1,
    1,
    1,
    1,
    1,
    1,
    1,
    1,
    1,
    1,
    1,
    1,
    1,
    1,
    1,
    1,
    1,
    1,
    1,
    1,
    1,
    1,
    1,
    1,
    1,
    1,
    1,
    1,
    1,
    1,
    1,
    1,
    1,
    1,
    1,
    1,
    1,
    1,
    1,
    1,
    1,
    1,
    1,
    1,
    1,
    1,
    1,
    1,
    1,
    1,
    1,
    1,
    1,
    1,
    1,
    1,
    1,
    1,
    1,
    1,
    1,
    1,
    1,
    1,
    1,
    1,
    1,
    1,
    1,
    1,
    1,
    1,
    1,
    1,
    1,
    1,
    1,
    1,
    2,
    2,
    2,
    1,
    1,
    1,
    1,
    1,
    1,
    1,
    1,
    1,
    1,
    1,
    1,
    1,
    2,
    1,
    1,
    1,
    1,
    1,
    1,
    1,
    1,
    1,
    1,
    1,
    1,
    1,
    1,
    1,
    1,
    1,
    1,
    1,
    1,
    1,
    1,
    1,
    1,
    2,
    2,
    2,
    2,
    2
  ],