{
  "timesteps": [
    0,
    1,
    2,
    3,
    4,
    5,
    6,
    7,
    8,
    9,
    10,
    11,
    12,
    13,
    14,
    15,
    16,
    17,
    18,
    19,
    20,
    21,
    22,
    23,
    24,
    25,
    26,
    27,
    28,
    29,
    30,
    31,
    32,
    33,
    34,
    35,
    36,
    37,
    38,
    39,
    40,
    41,
    42,
    43,
    44,
    45,
    46,
    47,
    48,
    49,
    50,
    51,
    52,
    53,
    54,
    55,
    56,
    57,
    58,
    59,
    60,
    61,
    62,
    63,
    64,
    65,
    66,
    67,
    68,
    69,
    70,
    71,
    72,
    73,
    74,
    75,
    76,
    77,
    78,
    79,
    80,
    81,
    82,
    83,
    84,
    85,
    86,
    87,
    88,
    89,
    90,
    91,
    92,
    93,
    94,
    95,
    96,
    97,
    98,
    99,
    100,
    101,
    102,
    103,
    104,
    105,
    106,
    107,
    108,
    109,
    110,
    111,
    112,
    113,
    114,
    115,
    116,
    117,
    118,
    119,
    120,
    121,
    122,
    123,
    124,
    125,
    126,
    127,
    128,
    129,
    130,
    131,
    132,
    133,
    134,
    135,
    136,
    137,
    138,
    139,
    140,
    141,
    142,
    143,
    144,
    145,
    146,
    147,
    148,
    149,
    150,
    151,
    152,
    153,
    154,
    155,
    156,
    157,
    158,
    159,
    160,
    161,
    162,
    163,
    164,
    165,
    166,
    167,
    168,
    169,
    170,
    171,
    172,
    173,
    174,
    175,
    176,
    177,
    178,
    179,
    180,
    181,
    182,
    183,
    184,
    185,
    186,
    187,
    188,
    189,
    190,
    191,
    192,
    193,
    194,
    195,
    196,
    197,
    198,
    199
  ],
  "states": [
    50.0,
    50.22953182330887,
    50.10855270684014,
    50.15314583261868,
    51.00547261158519,
    50.96379806740286,
    50.852270856511595,
    51.25161858235068,
    51.103256126629304,
    51.64604376172223,
    52.20762053545469,
    52.44410271532435,
    52.077575188499054,
    51.75815131073721,
    50.88779740616993,
    50.3044820538827,
    50.05527535237809,
    50.685135366116505,
    50.37693115850774,
    50.74788706446627,
    51.0361533555318,
    50.31320795415112,
    50.86214889142724,
    50.42531997290159,
    50.355561123610066,
    50.60006936770472,
    50.74155730334811,
    51.1493445994288,
    51.28082155840088,
    51.014783006833376,
    51.799727061843505,
    51.87495083465343,
    51.872497503149305,
    52.61346601870875,
    52.3508365259459,
    51.71407535689239,
    50.70832193738367,
    50.92000001532565,
    51.00316315177239,
    50.57104227616881,
    50.54912781054906,
    50.40153833250763,
    49.976660957017984,
    49.98659364929712,
    50.54547589465731,
    50.00801317692618,
    49.31426959783736,
    49.39098408806024,
    49.11352867472243,
    49.95505302554764,
    49.12342573009665,
    49.108911011825555,
    48.588277093019414,
    48.514944854024385,
    47.787701306921946,
    47.61493549931821,
    46.676681279879574,
    47.335574199065114,
    47.89045939859613,
    47.378736638354596,
    47.554272997573364,
    47.506884260474926,
    46.67956248079027,
    46.47276084619947,
    46.069413906699715,
    45.780160793334076,
    45.20306621066755,
    45.86825459973268,
    45.60191361301558,
    45.93528902933818,
    45.44947444604256,
    45.79963185537032,
    46.41654075076651,
    46.037015097973374,
    45.762932240921266,
    44.93891891278274,
    44.76958285198035,
    44.48322218362719,
    43.767275177672744,
    42.85281260831121,
    42.74887948443682,
    43.26273234812515,
    43.324840827475015,
    43.921761392944006,
    44.42592720204222,
    44.826421601533596,
    44.977247958499746,
    44.57702527476656,
    44.23407665708451,
    44.208004043971336,
    43.701354540248865,
    43.86326845374028,
    43.828347241521506,
    44.269992651127566,
    44.06034635357386,
    44.01199645263956,
    43.47008187271634,
    44.09014175207306,
    44.4474308566224,
    45.12388544737335,
    46.33895748482858,
    46.29953687973125,
    46.14156423008994,
    45.47253683965223,
    45.447085297654326,
    45.75594246760638,
    45.19562163300007,
    45.069519039556916,
    45.01512966023963,
    44.67858561284127,
    44.32979378657112,
    43.92635196375055,
    44.35606763508443,
    45.35194497150406,
    45.52382974955478,
    45.596949529523314,
    45.879454190733306,
    46.056619748710894,
    46.094213459860995,
    46.7685727491851,
    46.836675368636435,
    46.84234279854555,
    45.89146978764026,
    44.799242375370866,
    45.19793615253964,
    44.707382104294915,
    44.090261317849624,
    44.03278072838406,
    42.80854886789606,
    42.357089821490526,
    42.33821906384873,
    42.0020067702578,
    42.51362382561517,
    43.06435643206628,
    43.333638198232634,
    43.435572322541645,
    43.7602492942799,
    43.53311588141931,
    43.36320421211295,
    43.80276542935637,
    45.477953102000484,
    45.499321150293895,
    44.74392964923449,
    43.5233706357998,
    43.98031570283306,
    43.59310288532156,
    43.109061120289155,
    42.691673419857715,
    41.54794289215336,
    41.07003293584573,
    40.932222321208506,
    40.99152970223904,
    42.11081108613352,
    43.391755175519144,
    42.76506360149291,
    42.192884961412105,
    42.2284397255075,
    42.8461969134585,
    42.013339794566576,
    42.09188565107236,
    41.653829794301785,
    42.300271527276564,
    42.24541967804486,
    42.88247312074338,
    42.54758664378113,
    43.01964661976661,
    43.548950309965456,
    43.83735934665205,
    43.94876427242056,
    44.556451937190566,
    43.42068915298475,
    43.1904751429833,
    42.4429614769224,
    42.093652592022686,
    42.045538137518506,
    42.32871424192058,
    42.42700008147442,
    42.82907071023671,
    42.93618071426612,
    42.919242268208485,
    42.53167720212825,
    43.16613692595061,
    42.198798389745896,
    42.82307890265406,
    42.8557694974199,
    41.91988197009857,
    41.21434765196373,
    41.00940664355714,
    40.5670232444779,
    40.47013859549227,
    40.23591326114773,
    39.08848133540817,
    38.76200429760044,
    38.283439870615055,
    38.25464314702369,
    38.2138394049977,
    37.96386701932366,
    37.73213506279807,
    38.078306574291524,
    37.89497734596995,
    37.972378712421786
  ],
  "actions": [],
  "observations": [
    1,
    1,
    1,
    1,
    1,
    1,
    1,
    1,
    1,
    1,
    1,
    1,
    1,
    1,
    1,
    1,
    1,
    1,
    1,
    1,
    1,
    1,
    1,
    1,
    1,
    1,
    1,
    1,
    1,
    1,
    1,
    1,
    1,
    1,
    1,
    1,
    1,
    1,
    1,
    1,
    1,
    1,
    1,
    1,
    1,
    1,
    1,
    1,
    1,
    1,
    1,
    1,
    1,
    1,
    1,
    1,
    1,
    1,
    1,
    1,
    1,
    1,
    1,
    1,
    1,
    1,
    1,
    1,
    1,
    1,
    1,
    1,
    1,
    1,
    1,
    0,
    0,
    0,
    0,
    0,
    0,
    0,
    0,
    0,
    0,
    0,
    0,
    0,
    0,
    0,
    0,
    0,
    0,
    0,
    0,
    0,
    0,
    0,
    0,
    1,
    1,
    1,
    1,
    1,
    1,
    1,
    1,
    1,
    1,
    0,
    0,
    0,
    0,
    1,
    1,
    1,
    1,
    1,
    1,
    1,
    1,
    1,
    1,
    0,
    1,
    0,
    0,
    0,
    0,
    0,
    0,
    0,
    0,
    0,
    0,
    0,
    0,
    0,
    0,
    0,
    1,
    1,
    0,
    0,
    0,
    0,
    0,
    0,
    0,
    0,
    0,
    0,
    0,
    0,
    0,
    0,
    0,
    0,
    0,
    0,
    0,
    0,
    0,
    0,
    0,
    0,
    0,
    0,
    0,
    0,
    0,
    0,
    0,
    0,
    0,
    0,
    0,
    0,
    0,
    0,
    0,
    0,
    0,
    0,
    0,
    0,
    0,
    0,
    0,
    0,
    0,
    0,
    0,
    0,
    0,
    0,
    0,
    0,
    0,
    0
  ],