{
  "timesteps": [
    0,
    1,
    2,
    3,
    4,
    5,
    6,
    7,
    8,
    9,
    10,
    11,
    12,
    13,
    14,
    15,
    16,
    17,
    18,
    19,
    20,
    21,
    22,
    23,
    24,
    25,
    26,
    27,
    28,
    29,
    30,
    31,
    32,
    33,
    34,
    35,
    36,
    37,
    38,
    39,
    40,
    41,
    42,
    43,
    44,
    45,
    46,
    47,
    48,
    49,
    50,
    51,
    52,
    53,
    54,
    55,
    56,
    57,
    58,
    59,
    60,
    61,
    62,
    63,
    64,
    65,
    66,
    67,
    68,
    69,
    70,
    71,
    72,
    73,
    74,
    75,
    76,
    77,
    78,
    79,
    80,
    81,
    82,
    83,
    84,
    85,
    86,
    87,
    88,
    89,
    90,
    91,
    92,
    93,
    94,
    95,
    96,
    97,
    98,
    99,
    100,
    101,
    102,
    103,
    104,
    105,
    106,
    107,
    108,
    109,
    110,
    111,
    112,
    113,
    114,
    115,
    116,
    117,
    118,
    119,
    120,
    121,
    122,
    123,
    124,
    125,
    126,
    127,
    128,
    129,
    130,
    131,
    132,
    133,
    134,
    135,
    136,
    137,
    138,
    139,
    140,
    141,
    142,
    143,
    144,
    145,
    146,
    147,
    148,
    149,
    150,
    151,
    152,
    153,
    154,
    155,
    156,
    157,
    158,
    159,
    160,
    161,
    162,
    163,
    164,
    165,
    166,
    167,
    168,
    169,
    170,
    171,
    172,
    173,
    174,
    175,
    176,
    177,
    178,
    179,
    180,
    181,
    182,
    183,
    184,
    185,
    186,
    187,
    188,
    189,
    190,
    191,
    192,
    193,
    194,
    195,
    196,
    197,
    198,
    199
  ],
  "states": [
    50.0,
    49.95624382063252,
    49.978378916073396,
    49.28405404061713,
    49.420690987120516,
    49.20313801094053,
    49.14566725433261,
    48.94980291933318,
    49.30352303744041,
    49.1970779534273,
    49.31363578964735,
    48.84973555414146,
    48.88840128104462,
    48.847641144561884,
    48.63361820408828,
    47.990641998660735,
    48.31585525929045,
    48.769330294971454,
    48.86113113299068,
    49.57342774204942,
    50.48328405783631,
    50.08881683371775,
    50.22686322648979,
    50.23525450933163,
    49.74603252218152,
    50.5673717623856,
    50.45813078907141,
    49.710859395753715,
    49.80780483039318,
    49.03150357718363,
    49.428834937558136,
    48.789320497740505,
    49.099488010173054,
    48.0364677068715,
    48.461090606705156,
    48.02723273319342,
    47.67883087072888,
    46.82763650233569,
    46.114621780663924,
    46.69220405879168,
    46.806192981587145,
    46.40584508870126,
    46.565294077864614,
    46.05897171875367,
    46.34337086811668,
    47.58827233581292,
    48.13933816304351,
    48.3497409657458,
    48.19948337120992,
    47.905509090141464,
    48.9108418763982,
    48.91077774216229,
    49.45846296687114,
    49.304646212933164,
    50.130325875405326,
    50.0227522133317,
    48.4124404872696,
    47.741570228575966,
    47.62744292669906,
    47.481504346259555,
    47.690544598921186,
    46.95475762213307,
    46.850861892608165,
    47.04331729322271,
    47.04666352048598,
    47.055287900437655,
    47.17841563132975,
    46.152308581273914,
    45.70568110979563,
    45.72725968862691,
    46.127712826590844,
    46.66387368215201,
    46.67215513972861,
    45.38330031130142,
    44.166072449662344,
    44.10562858843855,
    43.90260856629457,
    43.95607485799455,
    44.29669751009448,
    44.24191647243441,
    45.03268360484959,
    45.074431695795646,
    45.37229152280235,
    45.72414278865757,
    46.11044911763373,
    46.15021118146218,
    45.392633056657374,
    45.91731611965053,
    46.25103138040264,
    45.80421596637956,
    46.34530520545699,
    46.61515526928173,
    46.90093125153349,
    47.61166841128023,
    48.52950294453283,
    48.67231228953337,
    48.785291401974064,
    48.260314682288204,
    48.298098023788484,
    48.735701972616,
    48.77324084779969,
    48.901300612866514,
    48.388183365162455,
    48.900385796820494,
    48.24976505244044,
    48.06028623472393,
    47.56418657508953,
    47.43947223635366,
    48.00678622327184,
    48.60277504137752,
    47.89380472706371,
    48.0791468540311,
    47.16268444637401,
    47.031315091756966,
    47.422934954609076,
    47.1520077152468,
    47.20969524294911,
    47.788248772950716,
    48.78059210169073,
    48.68395419266915,
    48.36639989295099,
    47.73468692015686,
    47.27831758121043,
    47.80255461228053,
    48.15117256635712,
    48.33233643935019,
    48.179406860951964,
    48.18051903094843,
    47.34803294630308,
    47.350990961556896,
    47.4245649703807,
    47.014406658908854,
    47.01196403548569,
    47.94158821329182,
    47.05944898067194,
    46.74014396290035,
    48.1901189823614,
    48.30981635075624,
    49.031105407781226,
    49.009707898785486,
    49.88729261103136,
    50.754802133356044,
    50.269052983416536,
    49.708287782741024,
    49.644708894724445,
    49.98220601461013,
    49.69761367344701,
    50.07921949421033,
    50.64215855399491,
    51.22612489981647,
    50.75336455496676,
    50.581648321398255,
    50.82602320765646,
    51.36726477676756,
    51.21519471791506,
    50.709205089503634,
    51.002580905002866,
    51.41314718705078,
    50.96311690203186,
    51.92744970912063,
    52.04300631557453,
    52.72255805231876,
    52.12965268437285,
    53.224452133245556,
    53.34297874946292,
    52.960333741527194,
    53.046115940473165,
    53.992628110553056,
    53.16094775607429,
    53.516018837856244,
    53.14824194778053,
    53.56056574900576,
    54.55450941315146,
    54.73028948364372,
    53.98592225434686,
    54.177985167006334,
    53.909922163902614,
    54.10803119988915,
    53.93804406057625,
    54.24438664615444,
    53.944737611478544,
    53.79569806395089,
    53.661351488452155,
    52.99339139468535,
    52.495160545405646,
    52.531032560613156,
    52.66481068643647,
    52.837728338405626,
    52.555062424684124,
    52.61001974188013,
    52.67777038055822,
    53.02136905540823,
    52.66566900350002,
    52.70819640250406,
    52.86040873617594,
    52.67099300307692,
    52.51963318894451,
    52.3820498145346,
    52.4122371300013,
    53.4539411060071,
    53.703570895532515
  ],
  "actions": [],
  "observations": [
    1,
    1,
    1,
    1,
    1,
    1,
    1,
    1,
    1,
    1,
    1,
    1,
    1,
    1,
    1,
    1,
    1,
    1,
    1,
    1,
    1,
    1,
    1,
    1,
    1,
    1,
    1,
    1,
    1,
    1,
    1,
    1,
    1,
    1,
    1,
    1,
    1,
    1,
    1,
    1,
    1,
    1,
    1,
    1,
    1,
    1,
    1,
    1,
    1,
    1,
    1,
    1,
    1,
    1,
    1,
    1,
    1,
    1,
    1,
    1,
    1,
    1,
    1,
    1,
    1,
    1,
    1,
    1,
    1,
    1,
    1,
    1,
    1,
    1,
    0,
    0,
    0,
    0,
    0,
    0,
    1,
    1,
    1,
    1,
    1,
    1,
    1,
    1,
    1,
    1,
    1,
    1,
    1,
    1,
    1,
    1,
    1,
    1,
    1,
    1,
    1,
    1,
    1,
    1,
    1,
    1,
    1,
    1,
    1,
    1,
    1,
    1,
    1,
    1,
    1,
    1,
    1,
    1,
    1,
    1,
    1,
    1,
    1,
    1,
    1,
    1,
    1,
    1,
    1,
    1,
    1,
    1,
    1,
    1,
    1,
    1,
    1,
    1,
    1,
    1,
    1,
    1,
    1,
    1,
    1,
    1,
    1,
    1,
    1,
    1,
    1,
    1,
    1,
    1,
    1,
    1,
    1,
    1,
    1,
    1,
    1,
    1,
    1,
    1,
    1,
    1,
    1,
    1,
    1,
    1,
    1,
    1,
    1,
    1,
    1,
    1,
    1,
    1,
    1,
    1,
    1,
    1,
    1,
    1,
    1,
    1,
    1,
    1,
    1,
    1,
    1,
    1,
    1,
    1,
    1,
    1,
    1,
    1,
    1,
    1
  ],