{
  "timesteps": [
    0,
    1,
    2,
    3,
    4,
    5,
    6,
    7,
    8,
    9,
    10,
    11,
    12,
    13,
    14,
    15,
    16,
    17,
    18,
    19,
    20,
    21,
    22,
    23,
    24,
    25,
    26,
    27,
    28,
    29,
    30,
    31,
    32,
    33,
    34,
    35,
    36,
    37,
    38,
    39,
    40,
    41,
    42,
    43,
    44,
    45,
    46,
    47,
    48,
    49,
    50,
    51,
    52,
    53,
    54,
    55,
    56,
    57,
    58,
    59,
    60,
    61,
    62,
    63,
    64,
    65,
    66,
    67,
    68,
    69,
    70,
    71,
    72,
    73,
    74,
    75,
    76,
    77,
    78,
    79,
    80,
    81,
    82,
    83,
    84,
    85,
    86,
    87,
    88,
    89,
    90,
    91,
    92,
    93,
    94,
    95,
    96,
    97,
    98,
    99,
    100,
    101,
    102,
    103,
    104,
    105,
    106,
    107,
    108,
    109,
    110,
    111,
    112,
    113,
    114,
    115,
    116,
    117,
    118,
    119,
    120,
    121,
    122,
    123,
    124,
    125,
    126,
    127,
    128,
    129,
    130,
    131,
    132,
    133,
    134,
    135,
    136,
    137,
    138,
    139,
    140,
    141,
    142,
    143,
    144,
    145,
    146,
    147,
    148,
    149,
    150,
    151,
    152,
    153,
    154,
    155,
    156,
    157,
    158,
    159,
    160,
    161,
    162,
    163,
    164,
    165,
    166,
    167,
    168,
    169,
    170,
    171,
    172,
    173,
    174,
    175,
    176,
    177,
    178,
    179,
    180,
    181,
    182,
    183,
    184,
    185,
    186,
    187,
    188,
    189,
    190,
    191,
    192,
    193,
    194,
    195,
    196,
    197,
    198,
    199
  ],
  "states": [
    50.0,
    50.23416804085984,
    50.9986105424739,
    50.82738804858924,
    51.09781784188545,
    50.71939678729367,
    51.7789742194482,
    51.71396369131832,
    52.093697898576785,
    51.88710423924953,
    51.89312436989663,
    51.26518052731986,
    49.792532082363046,
    50.25667621238912,
    50.667763593804295,
    50.8051613680675,
    49.881913236612775,
    49.60750545255493,
    51.13991335136514,
    51.50028243744822,
    51.59281481584373,
    53.1518272791934,
    53.582736577583596,
    52.39478350409211,
    52.13698624156275,
    52.65148811760859,
    52.7908498533715,
    52.97088067686176,
    52.749454922732816,
    53.80929638108695,
    55.65504124301591,
    55.30197386558765,
    54.04823544511596,
    54.31770220966296,
    53.72307303034114,
    55.47954615219814,
    56.55277517798088,
    56.27893538427555,
    55.74705331939076,
    55.4001395385421,
    54.45159670365449,
    54.27591348210502,
    54.53652252678676,
    54.33360058590712,
    54.52910058954829,
    54.006687639503625,
    54.04367097699652,
    52.37768150100248,
    51.85433963140938,
    51.61241724323861,
    51.85029899137222,
    51.222694444715955,
    50.212714214657254,
    49.14444152354252,
    49.61453170778289,
    49.67307250993675,
    49.052845332730804,
    47.95208619117677,
    49.15057718194168,
    49.87510230032094,
    50.04165425976391,
    50.04976454626323,
    51.97166451526581,
    52.927787199694166,
    52.6102153669183,
    52.98358854716879,
    51.86311199345192,
    51.385502496762406,
    50.23279960303782,
    50.592320502804185,
    50.96635182562188,
    49.81160758319587,
    49.911890416315316,
    50.945095314908386,
    51.28888410695956,
    51.62149947766582,
    49.78244886057436,
    48.94807513624758,
    49.269696412747884,
    49.03532773434497,
    48.5144938875806,
    48.69446614632632,
    49.58751778019395,
    47.110957218064584,
    45.68591818544035,
    46.64338868956146,
    46.25977917592612,
    45.90905942693273,
    45.467448271093254,
    44.82217463955383,
    44.3017388414935,
    43.69800234637591,
    43.70377526226743,
    42.71134679102226,
    43.31652094791139,
    43.31689843573259,
    44.247149845467646,
    43.83832954213503,
    44.6067146607286,
    44.898637224551535,
    45.577123085149196,
    45.36111869673227,
    45.43622462549905,
    45.366971714327136,
    45.804325542865115,
    46.32191182565748,
    45.935632102657536,
    44.21779192633954,
    43.55121559853814,
    43.20069095940192,
    43.66403713710015,
    43.57899208781683,
    41.664972654560394,
    40.12799249679915,
    40.239879970180226,
    41.0887705354042,
    42.2946024822465,
    41.77014681670089,
    42.38988683575666,
    40.73086197679975,
    40.94439424745357,
    42.52888124114863,
    42.089635713479915,
    42.508491974172394,
    42.85594067152694,
    42.50850906878351,
    43.503320010219454,
    45.081292507947786,
    44.32361843708779,
    43.82281954923613,
    44.51494517014547,
    44.00221203869575,
    44.85204918514212,
    43.13764518690503,
    43.34231569834619,
    44.20235922791888,
    43.85773831610118,
    44.69067675591854,
    44.36690550285022,
    43.62065061732315,
    43.74067072251431,
    44.09833073659553,
    45.203125161579756,
    45.606081490464206,
    45.45113680218371,
    45.12403375479494,
    44.54071324801252,
    43.89481207923582,
    43.8712883738739,
    42.96887210014607,
    44.07856006686527,
    44.27713261311583,
    43.63370365087867,
    42.246228311168295,
    41.107509186884386,
    41.27561317174702,
    41.85408675257757,
    41.15057393031992,
    40.29794648898178,
    39.9350121641225,
    38.52826712554662,
    38.44301490088222,
    38.83303249356662,
    37.231511656020004,
    37.03541411416352,
    38.57092236509436,
    39.79255929111397,
    40.69001727399081,
    40.16724184782864,
    39.98340663339679,
    40.610348834943046,
    40.68081420223594,
    39.77873746539387,
    40.66393569032653,
    41.190158884147294,
    40.96619726805784,
    42.13018635686019,
    40.73225640114241,
    39.8330676759461,
    39.97858648401198,
    40.148969880235924,
    40.904473031873835,
    41.542439987985404,
    41.50696036183634,
    41.82203483983507,
    42.34069949037765,
    43.14419893036431,
    43.89414240326538,
    45.220197979677664,
    46.79157598533674,
    45.577377058057436,
    46.430309647067936,
    46.112383681273826,
    46.291077210840086,
    46.978838915234405,
    46.15187044702779,
    47.27707460234565,
    47.27290567496,
    48.61088470984712,
    48.21118931700807,
    48.06232079427594
  ],
  "actions": [],
  "observations": [
    1,
    1,
    1,
    1,
    1,
    1,
    1,
    1,
    1,
    1,
    1,
    1,
    1,
    1,
    1,
    1,
    1,
    1,
    1,
    1,
    1,
    1,
    1,
    1,
    1,
    1,
    1,
    1,
    1,
    1,
    2,
    2,
    1,
    1,
    1,
    2,
    2,
    2,
    2,
    2,
    1,
    1,
    1,
    1,
    1,
    1,
    1,
    1,
    1,
    1,
    1,
    1,
    1,
    1,
    1,
    1,
    1,
    1,
    1,
    1,
    1,
    1,
    1,
    1,
    1,
    1,
    1,
    1,
    1,
    1,
    1,
    1,
    1,
    1,
    1,
    1,
    1,
    1,
    1,
    1,
    1,
    1,
    1,
    1,
    1,
    1,
    1,
    1,
    1,
    0,
    0,
    0,
    0,
    0,
    0,
    0,
    0,
    0,
    0,
    0,
    1,
    1,
    1,
    1,
    1,
    1,
    1,
    0,
    0,
    0,
    0,
    0,
    0,
    0,
    0,
    0,
    0,
    0,
    0,
    0,
    0,
    0,
    0,
    0,
    0,
    0,
    0,
    1,
    0,
    0,
    0,
    0,
    0,
    0,
    0,
    0,
    0,
    0,
    0,
    0,
    0,
    0,
    1,
    1,
    1,
    1,
    0,
    0,
    0,
    0,
    0,
    0,
    0,
    0,
    0,
    0,
    0,
    0,
    0,
    0,
    0,
    0,
    0,
    0,
    0,
    0,
    0,
    0,
    0,
    0,
    0,
    0,
    0,
    0,
    0,
    0,
    0,
    0,
    0,
    0,
    0,
    0,
    0,
    0,
    0,
    0,
    0,
    0,
    1,
    1,
    1,
    1,
    1,
    1,
    1,
    1,
    1,
    1,
    1,
    1
  ],