{
  "timesteps": [
    0,
    1,
    2,
    3,
    4,
    5,
    6,
    7,
    8,
    9,
    10,
    11,
    12,
    13,
    14,
    15,
    16,
    17,
    18,
    19,
    20,
    21,
    22,
    23,
    24,
    25,
    26,
    27,
    28,
    29,
    30,
    31,
    32,
    33,
    34,
    35,
    36,
    37,
    38,
    39,
    40,
    41,
    42,
    43,
    44,
    45,
    46,
    47,
    48,
    49,
    50,
    51,
    52,
    53,
    54,
    55,
    56,
    57,
    58,
    59,
    60,
    61,
    62,
    63,
    64,
    65,
    66,
    67,
    68,
    69,
    70,
    71,
    72,
    73,
    74,
    75,
    76,
    77,
    78,
    79,
    80,
    81,
    82,
    83,
    84,
    85,
    86,
    87,
    88,
    89,
    90,
    91,
    92,
    93,
    94,
    95,
    96,
    97,
    98,
    99,
    100,
    101,
    102,
    103,
    104,
    105,
    106,
    107,
    108,
    109,
    110,
    111,
    112,
    113,
    114,
    115,
    116,
    117,
    118,
    119,
    120,
    121,
    122,
    123,
    124,
    125,
    126,
    127,
    128,
    129,
    130,
    131,
    132,
    133,
    134,
    135,
    136,
    137,
    138,
    139,
    140,
    141,
    142,
    143,
    144,
    145,
    146,
    147,
    148,
    149,
    150,
    151,
    152,
    153,
    154,
    155,
    156,
    157,
    158,
    159,
    160,
    161,
    162,
    163,
    164,
    165,
    166,
    167,
    168,
    169,
    170,
    171,
    172,
    173,
    174,
    175,
    176,
    177,
    178,
    179,
    180,
    181,
    182,
    183,
    184,
    185,
    186,
    187,
    188,
    189,
    190,
    191,
    192,
    193,
    194,
    195,
    196,
    197,
    198,
    199
  ],
  "states": [
    50.0,
    50.16983329094108,
    50.69867514050948,
    50.4401628240845,
    50.24673690147284,
    49.91249896682302,
    49.568924764801146,
    50.027418483951806,
    49.77264456931353,
    49.72919848882078,
    49.61738326276881,
    49.8684112132315,
    49.83323550096812,
    49.63508049497115,
    49.81356392964458,
    49.69973624381497,
    49.4450735972471,
    49.05975448853766,
    48.51611296314962,
    48.43565416325823,
    48.78534801456245,
    48.49038827230173,
    48.558233063673114,
    48.12707885415559,
    48.43014896671524,
    48.56159167968011,
    48.79684205943027,
    48.26147015496608,
    48.50342887217117,
    48.87255468114632,
    49.48148282874858,
    49.90796084052689,
    50.051143034376665,
    50.02220105689334,
    50.42336334278676,
    50.083443869233896,
    50.24499713159382,
    50.48770169223371,
    50.538109152750465,
    50.773694016807205,
    51.04916588477489,
    51.00078891818649,
    51.310704938124076,
    50.92574104936756,
    50.72895401459687,
    50.61340574184969,
    50.30680108209268,
    49.9911392555164,
    49.90830140004035,
    49.54376468412495,
    49.054071790435565,
    49.088169632289244,
    48.68677268029502,
    48.741889264609384,
    48.9074992596164,
    48.91041569712872,
    49.16436986733098,
    49.06856776220184,
    49.06486883391506,
    49.45566362862631,
    49.37100336931916,
    49.507165027262076,
    49.80775134263452,
    50.031468027231135,
    50.20171682411602,
    50.59126044976113,
    50.763068015305194,
    50.85494809847879,
    50.41393123700827,
    50.40045909336642,
    49.91070725625827,
    49.8975446609688,
    49.7631795598868,
    49.64438468728073,
    49.348270581905844,
    48.78553780362248,
    48.38072001716332,
    48.01172013010432,
    47.906250340314244,
    48.12938626618757,
    48.37543425556232,
    48.55611502444543,
    48.018478792609905,
    48.49361637567867,
    48.33671032395971,
    48.12386709032569,
    48.25831376883932,
    48.36535776137912,
    47.8154480204444,
    47.89375300022613,
    47.79713754457609,
    48.01119050041509,
    48.312194079992544,
    48.48107068873715,
    48.32000693869847,
    48.63297582083857,
    48.39866065857434,
    48.569547697166236,
    48.344098747021334,
    48.370495917276614,
    48.67210924141003,
    48.561803798782925,
    48.203349906841666,
    48.02504498646165,
    47.59644023338299,
    46.93646308243409,
    46.86498780307137,
    46.746442330282406,
    47.14007918491025,
    47.11527251631133,
    46.809879432327136,
    46.92868423858437,
    46.73166937486182,
    46.97386847827351,
    46.76682268444477,
    46.02356095292954,
    45.7174455829439,
    45.39421140488412,
    45.76993819462042,
    45.515960240911106,
    45.607713630198596,
    45.853440841349475,
    45.29893778134677,
    45.53576287933368,
    45.34609031596995,
    44.92893545981563,
    44.634732930202006,
    44.45618975075353,
    44.5269820393461,
    44.16758997131056,
    43.76616979042384,
    43.77952651693238,
    44.270363790847895,
    43.91685125873832,
    43.760434665087544,
    43.38785775462249,
    43.656751197044116,
    43.84220944985425,
    43.707902620354815,
    43.355724801571675,
    42.864921126903546,
    42.681340982869536,
    43.043935160995474,
    42.21079077756185,
    42.413027292400784,
    42.54482781578934,
    42.323571223635454,
    42.261477772237996,
    42.096862168931196,
    42.12439552294698,
    42.32157545828816,
    42.51422338224774,
    42.21732160510672,
    41.61589792811558,
    41.737408734190346,
    41.8267774782075,
    41.482116154377046,
    41.87880133104225,
    42.26725986341063,
    41.722763821520545,
    42.77072746520412,
    42.577186734645416,
    42.607365274816445,
    41.98133615784202,
    42.29938822591458,
    42.22452126298136,
    42.05847901956562,
    42.2427740815553,
    42.50397964188563,
    41.76821916476862,
    41.638611058134394,
    41.32519382332279,
    41.35407488382591,
    41.45523779020544,
    41.251263995035,
    41.651693400621255,
    41.47864187640089,
    41.63344401561588,
    41.60671803101975,
    41.68024855702593,
    41.81893774486154,
    41.912883579557544,
    41.42591725008745,
    41.42442672874454,
    41.84165048742583,
    41.691306210798004,
    41.51016481915884,
    41.399724774429046,
    41.6322505312564,
    41.55997948907102,
    41.61678543759039,
    41.55457264235514,
    41.64338754480619,
    41.86396860279766,
    41.729124214491456,
    41.57291568160367,
    41.587562178785916,
    41.740979488412584,
    41.8631183930026,
    41.67589726589353,
    42.15188967215189
  ],
  "actions": [],
  "observations": [
    1,
    1,
    1,
    1,
    1,
    1,
    1,
    1,
    1,
    1,
    1,
    1,
    1,
    1,
    1,
    1,
    1,
    1,
    1,
    1,
    1,
    1,
    1,
    1,
    1,
    1,
    1,
    1,
    1,
    1,
    1,
    1,
    1,
    1,
    1,
    1,
    1,
    1,
    1,
    1,
    1,
    1,
    1,
    1,
    1,
    1,
    1,
    1,
    1,
    1,
    1,
    1,
    1,
    1,
    1,
    1,
    1,
    1,
    1,
    1,
    1,
    1,
    1,
    1,
    1,
    1,
    1,
    1,
    1,
    1,
    1,
    1,
    1,
    1,
    1,
    1,
    1,
    1,
    1,
    1,
    1,
    1,
    1,
    1,
    1,
    1,
    1,
    1,
    1,
    1,
    1,
    1,
    1,
    1,
    1,
    1,
    1,
    1,
    1,
    1,
    1,
    1,
    1,
    1,
    1,
    1,
    1,
    1,
    1,
    1,
    1,
    1,
    1,
    1,
    1,
    1,
    1,
    1,
    1,
    1,
    1,
    1,
    1,
    1,
    1,
    0,
    0,
    0,
    0,
    0,
    0,
    0,
    0,
    0,
    0,
    0,
    0,
    0,
    0,
    0,
    0,
    0,
    0,
    0,
    0,
    0,
    0,
    0,
    0,
    0,
    0,
    0,
    0,
    0,
    0,
    0,
    0,
    0,
    0,
    0,
    0,
    0,
    0,
    0,
    0,
    0,
    0,
    0,
    0,
    0,
    0,
    0,
    0,
    0,
    0,
    0,
    0,
    0,
    0,
    0,
    0,
    0,
    0,
    0,
    0,
    0,
    0,
    0,
    0,
    0,
    0,
    0,
    0,
    0,
    0,
    0,
    0,
    0,
    0,
    0
  ],