{
  "timesteps": [
    0,
    1,
    2,
    3,
    4,
    5,
    6,
    7,
    8,
    9,
    10,
    11,
    12,
    13,
    14,
    15,
    16,
    17,
    18,
    19,
    20,
    21,
    22,
    23,
    24,
    25,
    26,
    27,
    28,
    29,
    30,
    31,
    32,
    33,
    34,
    35,
    36,
    37,
    38,
    39,
    40,
    41,
    42,
    43,
    44,
    45,
    46,
    47,
    48,
    49,
    50,
    51,
    52,
    53,
    54,
    55,
    56,
    57,
    58,
    59,
    60,
    61,
    62,
    63,
    64,
    65,
    66,
    67,
    68,
    69,
    70,
    71,
    72,
    73,
    74,
    75,
    76,
    77,
    78,
    79,
    80,
    81,
    82,
    83,
    84,
    85,
    86,
    87,
    88,
    89,
    90,
    91,
    92,
    93,
    94,
    95,
    96,
    97,
    98,
    99,
    100,
    101,
    102,
    103,
    104,
    105,
    106,
    107,
    108,
    109,
    110,
    111,
    112,
    113,
    114,
    115,
    116,
    117,
    118,
    119,
    120,
    121,
    122,
    123,
    124,
    125,
    126,
    127,
    128,
    129,
    130,
    131,
    132,
    133,
    134,
    135,
    136,
    137,
    138,
    139,
    140,
    141,
    142,
    143,
    144,
    145,
    146,
    147,
    148,
    149,
    150,
    151,
    152,
    153,
    154,
    155,
    156,
    157,
    158,
    159,
    160,
    161,
    162,
    163,
    164,
    165,
    166,
    167,
    168,
    169,
    170,
    171,
    172,
    173,
    174,
    175,
    176,
    177,
    178,
    179,
    180,
    181,
    182,
    183,
    184,
    185,
    186,
    187,
    188,
    189,
    190,
    191,
    192,
    193,
    194,
    195,
    196,
    197,
    198,
    199
  ],
  "states": [
    50.0,
    48.90781228494851,
    46.849313483075434,
    47.48051518804917,
    49.0149967005727,
    49.35735446281319,
    51.56438300986079,
    53.16057090335676,
    52.38911815257055,
    51.18245162325736,
    50.48476097330003,
    51.65889128421343,
    53.041225738467496,
    53.25591611262694,
    54.13138344610715,
    55.75589921376733,
    56.31561474898453,
    56.38599688906316,
    56.75108306307779,
    56.5517215410787,
    57.22617697143139,
    57.39138951858926,
    56.03433991093021,
    56.67503736453655,
    58.29503002404237,
    58.689298750718585,
    57.81554225934333,
    58.775202282965196,
    59.012932728447986,
    58.66724259630398,
    58.6813886551553,
    58.407038173448456,
    58.82509943417984,
    58.29493042475959,
    59.70785769143297,
    60.479096923617114,
    62.080443465861855,
    62.547191733310235,
    60.68495489521382,
    61.03316154233276,
    61.19650378069768,
    61.85574624831408,
    61.091760952178426,
    60.32489152668221,
    61.809386297194536,
    62.1984782334539,
    62.34016309432913,
    61.04005390748633,
    60.37383704240009,
    60.5274904386967,
    60.79794833734577,
    61.34656202310066,
    60.83116709181569,
    63.29047583485158,
    61.68992283167716,
    61.80518974845001,
    62.85628008242354,
    63.11790569762123,
    61.92622432563752,
    62.8928387573886,
    62.88213689410757,
    62.48556669898968,
    62.98052754472653,
    63.59197134879997,
    63.82058527154173,
    63.14579182717803,
    63.000824335905705,
    62.7867622336347,
    63.504908769743885,
    63.99676610805959,
    63.57254420439405,
    62.24163621682578,
    62.915058099744236,
    63.75586791654128,
    64.12490543985862,
    63.61059449538353,
    63.346535224085265,
    62.44878212369454,
    61.16197631866404,
    61.28562344475388,
    62.62629304143983,
    62.024243630038335,
    60.94110113841816,
    61.76922667286235,
    62.20040444733308,
    64.08480180492082,
    66.07165367953273,
    65.58609609838022,
    64.99036011638371,
    64.24528774327194,
    64.37911771089746,
    65.9406822766547,
    66.48941853041495,
    67.05794127203879,
    68.03333124634166,
    70.00780725796517,
    70.23673638547878,
    68.88299874833066,
    69.17419066034464,
    69.06598864072735,
    67.94275001811856,
    67.24877037756043,
    66.58601836527832,
    66.91601159555734,
    66.61724215099655,
    65.43891021713534,
    67.13323632636029,
    66.00587808051012,
    66.1250250232896,
    66.1118656499434,
    65.16637769999313,
    66.03081751052386,
    65.68360134665438,
    65.90598137711987,
    67.82941260808438,
    65.90606310858823,
    66.26788785913084,
    65.37863767661192,
    63.22368760139153,
    63.071556491687645,
    63.87525111991121,
    64.3525642879759,
    65.28521808804987,
    64.91387656519403,
    65.79201467791135,
    66.03175050259645,
    67.33074087447892,
    68.2008319368742,
    66.84845416444705,
    67.73526005243325,
    69.98167104379428,
    69.8937512956872,
    70.64156302295342,
    70.44304315777815,
    70.8298173650271,
    70.68034167004197,
    70.04076002833243,
    69.58521407466898,
    69.53515622073233,
    70.18412856009117,
    68.5703305746975,
    66.91596584201163,
    66.62417172601151,
    67.85046648965124,
    68.81030590731709,
    68.19912838905609,
    67.99731978739243,
    66.83438279764637,
    65.6084633350256,
    63.76350339921903,
    63.99297601213891,
    63.80961615448344,
    63.258975166089236,
    63.95131164837124,
    64.50080487813578,
    64.2437292931128,
    64.50927130281796,
    63.70023006416519,
    64.55542862315141,
    64.44885202286731,
    64.51677189657923,
    64.06705726904092,
    63.44423141740315,
    62.8507128787597,
    62.147866998848,
    62.09670342175055,
    62.24786048728247,
    62.10215734304628,
    62.58853990001662,
    61.17856451821946,
    61.24508412889576,
    60.60293892192869,
    61.013108631647526,
    60.337505160654146,
    61.25403196695259,
    61.241048014917915,
    61.207149034233126,
    61.283123688980076,
    60.89767388262626,
    61.02811752674499,
    63.16696559801169,
    63.98882378146679,
    63.87275167410898,
    62.149209337799384,
    62.18736243635954,
    62.388938418618935,
    62.14155710391659,
    62.527865226465345,
    63.0410676636805,
    62.959959722156945,
    63.00677241720455,
    64.1256738761712,
    63.612437839926166,
    64.68125704190497,
    65.07125111593174,
    63.14979412963833,
    62.56490581511658,
    61.77466576649967,
    63.46764238104779,
    63.51273303425466,
    62.36149523860764
  ],
  "actions": [],
  "observations": [
    1,
    1,
    1,
    1,
    1,
    1,
    1,
    1,
    1,
    1,
    1,
    1,
    1,
    1,
    1,
    2,
    2,
    2,
    2,
    2,
    2,
    2,
    2,
    2,
    2,
    2,
    2,
    2,
    2,
    2,
    2,
    2,
    2,
    2,
    2,
    2,
    2,
    2,
    2,
    2,
    2,
    2,
    2,
    2,
    2,
    2,
    2,
    2,
    2,
    2,
    2,
    2,
    2,
    2,
    2,
    2,
    2,
    2,
    2,
    2,
    2,
    2,
    2,
    2,
    2,
    2,
    2,
    2,
    2,
    2,
    2,
    2,
    2,
    2,
    2,
    2,
    2,
    2,
    2,
    2,
    2,
    2,
    2,
    2,
    2,
    2,
    2,
    2,
    2,
    2,
    2,
    2,
    2,
    2,
    2,
    2,
    2,
    2,
    2,
    2,
    2,
    2,
    2,
    2,
    2,
    2,
    2,
    2,
    2,
    2,
    2,
    2,
    2,
    2,
    2,
    2,
    2,
    2,
    2,
    2,
    2,
    2,
    2,
    2,
    2,
    2,
    2,
    2,
    2,
    2,
    2,
    2,
    2,
    2,
    2,
    2,
    2,
    2,
    2,
    2,
    2,
    2,
    2,
    2,
    2,
    2,
    2,
    2,
    2,
    2,
    2,
    2,
    2,
    2,
    2,
    2,
    2,
    2,
    2,
    2,
    2,
    2,
    2,
    2,
    2,
    2,
    2,
    2,
    2,
    2,
    2,
    2,
    2,
    2,
    2,
    2,
    2,
    2,
    2,
    2,
    2,
    2,
    2,
    2,
    2,
    2,
    2,
    2,
    2,
    2,
    2,
    2,
    2,
    2,
    2,
    2,
    2,
    2,
    2,
    2
  ],