{
  "timesteps": [
    0,
    1,
    2,
    3,
    4,
    5,
    6,
    7,
    8,
    9,
    10,
    11,
    12,
    13,
    14,
    15,
    16,
    17,
    18,
    19,
    20,
    21,
    22,
    23,
    24,
    25,
    26,
    27,
    28,
    29,
    30,
    31,
    32,
    33,
    34,
    35,
    36,
    37,
    38,
    39,
    40,
    41,
    42,
    43,
    44,
    45,
    46,
    47,
    48,
    49,
    50,
    51,
    52,
    53,
    54,
    55,
    56,
    57,
    58,
    59,
    60,
    61,
    62,
    63,
    64,
    65,
    66,
    67,
    68,
    69,
    70,
    71,
    72,
    73,
    74,
    75,
    76,
    77,
    78,
    79,
    80,
    81,
    82,
    83,
    84,
    85,
    86,
    87,
    88,
    89,
    90,
    91,
    92,
    93,
    94,
    95,
    96,
    97,
    98,
    99,
    100,
    101,
    102,
    103,
    104,
    105,
    106,
    107,
    108,
    109,
    110,
    111,
    112,
    113,
    114,
    115,
    116,
    117,
    118,
    119,
    120,
    121,
    122,
    123,
    124,
    125,
    126,
    127,
    128,
    129,
    130,
    131,
    132,
    133,
    134,
    135,
    136,
    137,
    138,
    139,
    140,
    141,
    142,
    143,
    144,
    145,
    146,
    147,
    148,
    149,
    150,
    151,
    152,
    153,
    154,
    155,
    156,
    157,
    158,
    159,
    160,
    161,
    162,
    163,
    164,
    165,
    166,
    167,
    168,
    169,
    170,
    171,
    172,
    173,
    174,
    175,
    176,
    177,
    178,
    179,
    180,
    181,
    182,
    183,
    184,
    185,
    186,
    187,
    188,
    189,
    190,
    191,
    192,
    193,
    194,
    195,
    196,
    197,
    198,
    199
  ],
  "states": [
    50.0,
    49.42904064007075,
    48.34092837844752,
    48.89618788167554,
    49.59569112527804,
    50.202039070971686,
    50.186756943975396,
    50.57991099165147,
    50.212573319785506,
    51.01961703777494,
    49.98994477408449,
    49.5673382291087,
    50.97983248061,
    51.96284590692484,
    51.901322081737554,
    51.89561572558224,
    51.08947680782767,
    50.14340615388227,
    49.9719177400538,
    49.286322007677775,
    48.044524306727254,
    48.329364664726135,
    48.933316032780645,
    48.41156796915744,
    49.66913034513429,
    50.39745260519686,
    51.13177005346196,
    52.1109686372524,
    51.86466358098218,
    52.19028000731947,
    52.04126923095281,
    51.05261290803417,
    53.1607243065279,
    52.19453746927859,
    50.36969840425846,
    49.24183749850686,
    48.96804630955974,
    48.746117098200216,
    48.25291144528513,
    48.21236461214077,
    47.36437641198606,
    48.28561427936766,
    46.66693785583016,
    45.31618820391077,
    44.49627255375369,
    44.432468713969286,
    45.27438078485349,
    45.36851370257839,
    45.47064168770984,
    46.158708168284505,
    46.741378094340135,
    46.55062027452148,
    46.04922966186161,
    45.41762327246605,
    43.81150263829725,
    40.53024161999862,
    41.75578847774085,
    41.158740541169905,
    41.91282106124662,
    41.738069534955336,
    42.34983018686873,
    40.31476282337967,
    40.647237257823384,
    40.07296468374294,
    38.63427700275152,
    38.90098355815491,
    39.31960576600053,
    38.03410240939677,
    39.88972979978161,
    40.156023306388995,
    41.94041952916112,
    41.4766243384276,
    42.41129009813904,
    42.75326827177101,
    44.10836296295214,
    44.50544118186992,
    43.38993860841648,
    43.742078856335155,
    45.53698147958079,
    44.842752707264516,
    43.9748945695623,
    44.58462870738913,
    43.78500715999763,
    44.16809006717117,
    46.271159593434156,
    46.75998337912967,
    45.057481047426116,
    45.12050690840418,
    44.69485739654012,
    45.548139664527234,
    43.59140398669521,
    43.98173564540993,
    43.23407536113315,
    42.153412971665524,
    42.80127988438605,
    44.139425491702475,
    44.41292518379217,
    44.033734105748906,
    45.740468064450376,
    45.304243175942936,
    45.18907319410624,
    43.668603741636,
    43.32896037106067,
    41.89026630248357,
    42.42062130833405,
    43.837352880204605,
    43.28864536574176,
    43.4627885647743,
    43.832400962051636,
    42.902939930156684,
    42.820442377866065,
    42.35843983365109,
    41.49285566040167,
    41.756649517594624,
    41.84220519693351,
    41.79268627590435,
    41.99401135463714,
    43.38412160946032,
    43.63228545357419,
    44.2114632711518,
    45.60739495021222,
    44.115415537416006,
    43.53615749592164,
    42.97629247120136,
    43.725748456994985,
    42.86416654428537,
    41.944828322631615,
    43.30968946430746,
    44.82197439416207,
    45.15270325994189,
    45.48052867777726,
    46.36590459753812,
    46.68585366923576,
    46.693501949825794,
    46.94228097728707,
    47.100661432253716,
    46.60029714430104,
    47.24675154997169,
    48.40257209029876,
    48.85451439928448,
    48.640771409316415,
    47.89632242944898,
    47.54110681186018,
    46.17689793339521,
    46.90253965510827,
    46.05535136475597,
    46.25123803377252,
    45.81880990931002,
    46.31711054202647,
    45.346221987618556,
    45.37620262824527,
    45.841582708923475,
    46.07673395102382,
    47.16904990584077,
    48.29124099857131,
    47.49499617346268,
    48.27056155784341,
    48.75051118788183,
    49.211456817088944,
    50.58065919869342,
    49.393723796334434,
    47.030600144277,
    48.42331899749625,
    48.582918752992626,
    48.537588693477105,
    49.308614815333875,
    48.92375616613472,
    50.86555940267521,
    49.96820407839018,
    50.5352553878933,
    49.484830271820314,
    48.72456050192238,
    49.534416946823214,
    47.834096175009755,
    48.25266033722065,
    48.06417658852602,
    47.242012870751324,
    45.42449443587479,
    45.17113546566039,
    44.98700965893557,
    44.73850255439566,
    43.15524916778787,
    45.068144783946295,
    44.391407389601554,
    43.26511343052529,
    42.320153032754476,
    42.03829114245753,
    40.40095491951108,
    40.08371844327112,
    40.11760702194796,
    41.19796561100763,
    38.73202428607289,
    38.79574643215336,
    40.94740977104708,
    38.99094248408286,
    39.14450067081234,
    38.65591610259077,
    37.43610104690947,
    36.80072942113268,
    36.76033572959838,
    36.90801335817929
  ],
  "actions": [],
  "observations": [
    1,
    1,
    1,
    1,
    1,
    1,
    1,
    1,
    1,
    1,
    1,
    1,
    1,
    1,
    1,
    1,
    1,
    1,
    1,
    1,
    1,
    1,
    1,
    1,
    1,
    1,
    1,
    1,
    1,
    1,
    1,
    1,
    1,
    1,
    1,
    1,
    1,
    1,
    1,
    1,
    1,
    1,
    1,
    1,
    0,
    0,
    1,
    1,
    1,
    1,
    1,
    1,
    1,
    1,
    0,
    0,
    0,
    0,
    0,
    0,
    0,
    0,
    0,
    0,
    0,
    0,
    0,
    0,
    0,
    0,
    0,
    0,
    0,
    0,
    0,
    0,
    0,
    0,
    1,
    0,
    0,
    0,
    0,
    0,
    1,
    1,
    1,
    1,
    0,
    1,
    0,
    0,
    0,
    0,
    0,
    0,
    0,
    0,
    1,
    1,
    1,
    0,
    0,
    0,
    0,
    0,
    0,
    0,
    0,
    0,
    0,
    0,
    0,
    0,
    0,
    0,
    0,
    0,
    0,
    0,
    1,
    0,
    0,
    0,
    0,
    0,
    0,
    0,
    0,
    1,
    1,
    1,
    1,
    1,
    1,
    1,
    1,
    1,
    1,
    1,
    1,
    1,
    1,
    1,
    1,
    1,
    1,
    1,
    1,
    1,
    1,
    1,
    1,
    1,
    1,
    1,
    1,
    1,
    1,
    1,
    1,
    1,
    1,
    1,
    1,
    1,
    1,
    1,
    1,
    1,
    1,
    1,
    1,
    1,
    1,
    1,
    1,
    1,
    1,
    0,
    0,
    0,
    1,
    0,
    0,
    0,
    0,
    0,
    0,
    0,
    0,
    0,
    0,
    0,
    0,
    0,
    0,
    0,
    0,
    0
  ],