{
  "timesteps": [
    0,
    1,
    2,
    3,
    4,
    5,
    6,
    7,
    8,
    9,
    10,
    11,
    12,
    13,
    14,
    15,
    16,
    17,
    18,
    19,
    20,
    21,
    22,
    23,
    24,
    25,
    26,
    27,
    28,
    29,
    30,
    31,
    32,
    33,
    34,
    35,
    36,
    37,
    38,
    39,
    40,
    41,
    42,
    43,
    44,
    45,
    46,
    47,
    48,
    49,
    50,
    51,
    52,
    53,
    54,
    55,
    56,
    57,
    58,
    59,
    60,
    61,
    62,
    63,
    64,
    65,
    66,
    67,
    68,
    69,
    70,
    71,
    72,
    73,
    74,
    75,
    76,
    77,
    78,
    79,
    80,
    81,
    82,
    83,
    84,
    85,
    86,
    87,
    88,
    89,
    90,
    91,
    92,
    93,
    94,
    95,
    96,
    97,
    98,
    99,
    100,
    101,
    102,
    103,
    104,
    105,
    106,
    107,
    108,
    109,
    110,
    111,
    112,
    113,
    114,
    115,
    116,
    117,
    118,
    119,
    120,
    121,
    122,
    123,
    124,
    125,
    126,
    127,
    128,
    129,
    130,
    131,
    132,
    133,
    134,
    135,
    136,
    137,
    138,
    139,
    140,
    141,
    142,
    143,
    144,
    145,
    146,
    147,
    148,
    149,
    150,
    151,
    152,
    153,
    154,
    155,
    156,
    157,
    158,
    159,
    160,
    161,
    162,
    163,
    164,
    165,
    166,
    167,
    168,
    169,
    170,
    171,
    172,
    173,
    174,
    175,
    176,
    177,
    178,
    179,
    180,
    181,
    182,
    183,
    184,
    185,
    186,
    187,
    188,
    189,
    190,
    191,
    192,
    193,
    194,
    195,
    196,
    197,
    198,
    199
  ],
  "states": [
    50.0,
    50.46310831638193,
    51.04389728472253,
    50.717058165674096,
    51.18236285552979,
    52.84725269468444,
    51.99995392461027,
    54.425581871238165,
    53.61743463620345,
    53.62461183423759,
    51.53625555550873,
    51.003566273356135,
    53.23118740212337,
    53.28787819872766,
    53.21428256827357,
    53.72324602561238,
    53.89606081228938,
    54.61829455195885,
    53.26504177341822,
    53.687915954216926,
    54.22522716768486,
    53.97490300497304,
    53.80237468823753,
    52.13630472455445,
    52.79592446398685,
    51.2449831041346,
    52.137017886488216,
    53.07460368308069,
    51.22258027777082,
    50.098218726061106,
    49.471857519372826,
    50.18250608467685,
    51.01105495995806,
    49.99964298671301,
    50.403776169131454,
    50.6243606579685,
    49.91952396428005,
    51.54682923331034,
    53.2318023671357,
    52.64123539518324,
    52.28549050824708,
    51.90828642848018,
    52.85114957628066,
    53.42786340569782,
    53.18292582279275,
    52.936511874952224,
    51.43515561835157,
    50.608779415852744,
    49.73154078177012,
    50.983809780249885,
    49.473280281973146,
    49.483481876008156,
    50.85691740988457,
    50.46987618657698,
    50.117509712089756,
    49.454120445201475,
    48.030284110793104,
    46.196696613174495,
    46.14893787281416,
    46.14794410104086,
    47.6248171077776,
    48.63929575731833,
    47.95770450962181,
    47.449513704646975,
    45.96492354546456,
    46.14274595112228,
    46.42526669035929,
    46.292511736184736,
    45.40105520926902,
    44.668078495341724,
    43.77073191464367,
    42.92069364720129,
    42.29020116066933,
    42.9413887464486,
    43.347361874516984,
    42.7766861848468,
    43.61449380266588,
    44.31274079254663,
    44.527565649181106,
    43.10027276412346,
    43.5410979195756,
    43.47520594100974,
    43.71603939834276,
    43.63808071133951,
    43.641570304973875,
    44.50909256912187,
    45.21634309691003,
    45.75906180300366,
    45.482472652987305,
    44.80826179627213,
    44.28753556900373,
    44.510978739849804,
    45.00506249953042,
    46.4117597880942,
    45.457954985493515,
    47.33738309323346,
    46.708317020534444,
    47.00041414380578,
    47.21722894041073,
    47.315751909518646,
    47.314149176627005,
    46.19454615685867,
    47.23976941135878,
    48.09800570095956,
    48.96617440732419,
    49.08315413050185,
    49.71295379796906,
    48.59013507966539,
    48.36096678192169,
    48.781502344119836,
    48.30281200235796,
    48.689031745780774,
    49.23601868324184,
    48.241716899607724,
    47.15933961666909,
    46.34037570894518,
    43.85816983627343,
    46.233584839906065,
    46.285046345469446,
    46.205167929191695,
    45.39124309840567,
    45.593690231814875,
    45.32014868617311,
    45.1144090883942,
    44.80236932402916,
    43.188135167677125,
    43.22082230918792,
    42.91609532958169,
    42.45912089576772,
    43.46325044513707,
    44.23885174610338,
    42.875609313457595,
    43.136586325639314,
    43.03008216771707,
    42.20946380999379,
    42.69791275721151,
    42.35739124845414,
    43.17265002601572,
    43.577538217819374,
    43.258463111971665,
    45.11070861247519,
    45.01742266841665,
    45.72871088100811,
    45.26958382916588,
    45.51273737074152,
    45.62139887559555,
    46.16957806556807,
    47.862504455002004,
    48.194428919534325,
    46.76574006372542,
    46.177797121072594,
    46.78669656071796,
    45.77791942798309,
    44.973691224315296,
    45.12220081648045,
    44.42312839399943,
    45.928668622853515,
    47.1302317367113,
    46.00124947065119,
    45.628769437894434,
    45.549100097585274,
    45.96818410763573,
    46.45371135269874,
    46.1840149915937,
    44.85496650204959,
    45.06555171871405,
    42.82027491594374,
    44.19774612595396,
    44.359626564287005,
    44.83607577726093,
    44.225846588963115,
    43.525379838803765,
    45.423415020895185,
    43.233341533919635,
    44.33350027804766,
    44.51891121107278,
    44.79756522769163,
    43.61433835905222,
    43.046097455779496,
    43.79331998451303,
    44.02225422868281,
    43.4613757312389,
    43.87929065229082,
    44.7753600671698,
    43.340271398752265,
    43.28656721708702,
    42.92574149247578,
    43.465538567721524,
    42.047494907595485,
    41.12087442698243,
    42.333340889547095,
    42.66753291732608,
    41.31102621710939,
    41.38831366074782,
    40.31731729334226,
    39.12204230214418,
    40.30092628170665,
    40.973088051119035,
    40.15339820149203,
    41.77261200780221,
    41.474130613664826
  ],
  "actions": [],
  "observations": [
    1,
    1,
    1,
    1,
    1,
    1,
    1,
    1,
    1,
    1,
    1,
    1,
    1,
    1,
    1,
    1,
    1,
    1,
    1,
    1,
    1,
    1,
    1,
    1,
    1,
    1,
    1,
    1,
    1,
    1,
    1,
    1,
    1,
    1,
    1,
    1,
    1,
    1,
    1,
    1,
    1,
    1,
    1,
    1,
    1,
    1,
    1,
    1,
    1,
    1,
    1,
    1,
    1,
    1,
    1,
    1,
    1,
    1,
    1,
    1,
    1,
    1,
    1,
    1,
    1,
    1,
    1,
    1,
    1,
    0,
    0,
    0,
    0,
    0,
    0,
    0,
    0,
    0,
    0,
    0,
    0,
    0,
    0,
    0,
    0,
    0,
    1,
    1,
    1,
    0,
    0,
    0,
    1,
    1,
    1,
    1,
    1,
    1,
    1,
    1,
    1,
    1,
    1,
    1,
    1,
    1,
    1,
    1,
    1,
    1,
    1,
    1,
    1,
    1,
    1,
    1,
    0,
    1,
    1,
    1,
    1,
    1,
    1,
    1,
    0,
    0,
    0,
    0,
    0,
    0,
    0,
    0,
    0,
    0,
    0,
    0,
    0,
    0,
    0,
    0,
    1,
    1,
    1,
    1,
    1,
    1,
    1,
    1,
    1,
    1,
    1,
    1,
    1,
    0,
    1,
    0,
    1,
    1,
    1,
    1,
    1,
    1,
    1,
    1,
    0,
    1,
    0,
    0,
    0,
    0,
    0,
    0,
    1,
    0,
    0,
    0,
    0,
    0,
    0,
    0,
    0,
    0,
    0,
    0,
    0,
    0,
    0,
    0,
    0,
    0,
    0,
    0,
    0,
    0,
    0,
    0,
    0,
    0,
    0,
    0
  ],