{
  "timesteps": [
    0,
    1,
    2,
    3,
    4,
    5,
    6,
    7,
    8,
    9,
    10,
    11,
    12,
    13,
    14,
    15,
    16,
    17,
    18,
    19,
    20,
    21,
    22,
    23,
    24,
    25,
    26,
    27,
    28,
    29,
    30,
    31,
    32,
    33,
    34,
    35,
    36,
    37,
    38,
    39,
    40,
    41,
    42,
    43,
    44,
    45,
    46,
    47,
    48,
    49,
    50,
    51,
    52,
    53,
    54,
    55,
    56,
    57,
    58,
    59,
    60,
    61,
    62,
    63,
    64,
    65,
    66,
    67,
    68,
    69,
    70,
    71,
    72,
    73,
    74,
    75,
    76,
    77,
    78,
    79,
    80,
    81,
    82,
    83,
    84,
    85,
    86,
    87,
    88,
    89,
    90,
    91,
    92,
    93,
    94,
    95,
    96,
    97,
    98,
    99,
    100,
    101,
    102,
    103,
    104,
    105,
    106,
    107,
    108,
    109,
    110,
    111,
    112,
    113,
    114,
    115,
    116,
    117,
    118,
    119,
    120,
    121,
    122,
    123,
    124,
    125,
    126,
    127,
    128,
    129,
    130,
    131,
    132,
    133,
    134,
    135,
    136,
    137,
    138,
    139,
    140,
    141,
    142,
    143,
    144,
    145,
    146,
    147,
    148,
    149,
    150,
    151,
    152,
    153,
    154,
    155,
    156,
    157,
    158,
    159,
    160,
    161,
    162,
    163,
    164,
    165,
    166,
    167,
    168,
    169,
    170,
    171,
    172,
    173,
    174,
    175,
    176,
    177,
    178,
    179,
    180,
    181,
    182,
    183,
    184,
    185,
    186,
    187,
    188,
    189,
    190,
    191,
    192,
    193,
    194,
    195,
    196,
    197,
    198,
    199
  ],
  "states": [
    50.0,
    48.98574032910113,
    50.73366361773855,
    50.17652836523222,
    50.86249965444014,
    50.51180772563889,
    48.457418428761244,
    47.51948573810475,
    48.96097288388083,
    50.925681419496435,
    50.815846043667854,
    51.562274033220056,
    51.96399626463758,
    51.363034749882,
    51.29241099754128,
    51.69130172358237,
    53.909261782970034,
    53.84281606190135,
    54.08970822770823,
    55.39334062948426,
    54.83835238934213,
    54.0785758487665,
    52.47428482670809,
    52.293596004766826,
    52.5167814267553,
    52.070551267992286,
    53.19485969127976,
    51.91193543213992,
    53.1469277386579,
    52.8446065177095,
    51.74220257461685,
    51.429997795670765,
    51.70274248387405,
    50.88876239558169,
    51.71936612831755,
    50.651759942910054,
    50.01533711008602,
    50.144202604514845,
    49.64256153677654,
    48.185293524652934,
    48.80021574234551,
    50.320479402063036,
    50.61459165979973,
    49.403210081319315,
    49.25368869885841,
    49.707057311714216,
    49.520477475924814,
    50.442178129493975,
    49.66643333190785,
    49.68237580641416,
    49.912208254378626,
    49.30292190162674,
    48.01162096708441,
    47.4675806656708,
    46.60825650462174,
    46.610348028843276,
    45.76644250497627,
    45.20436048497773,
    44.60021882427263,
    43.3052090158793,
    44.535103017417725,
    44.54628191164968,
    45.81018602543307,
    45.9853652491425,
    46.30539010983775,
    47.02633673088083,
    44.812541915226404,
    44.7874522189969,
    45.34326210865941,
    46.775004732933155,
    47.26789276537959,
    47.428923064271444,
    47.15053672208473,
    48.08714781809364,
    47.02629083770968,
    47.58325573642276,
    48.827563303070924,
    47.438138602531104,
    48.699633973862596,
    48.58749391677419,
    47.24690598015146,
    47.414726099208266,
    46.64209506339696,
    46.66991043927963,
    46.71827212163711,
    46.791704428111444,
    45.48419752437479,
    44.850577899035734,
    43.99272028494197,
    44.5641610216251,
    44.00452535988722,
    44.07570035049948,
    45.45280752227791,
    45.136337084875194,
    45.036030207966675,
    45.21821670314374,
    45.57476554958649,
    45.29687716323983,
    46.139434308407985,
    45.585267249483095,
    46.84320404684209,
    46.98834392719744,
    46.72627767623412,
    46.3522547177607,
    47.736312160464294,
    46.25828761655087,
    47.40640026556873,
    49.15468012533273,
    49.327597940589094,
    48.25830766341324,
    47.92833584541731,
    47.63533944593168,
    49.596962813606126,
    50.079819434649025,
    49.902297824810866,
    50.6742743679526,
    50.499477038367885,
    50.597112582052425,
    52.274837608027006,
    49.19398089387619,
    47.77496639501233,
    48.173245339028306,
    47.98287825815776,
    48.8232457610679,
    49.06455385601907,
    48.19348313873104,
    48.19306117404079,
    48.10867652361429,
    47.18732346959227,
    45.85994283452979,
    45.26135539930873,
    46.12955465366928,
    46.563840751103974,
    46.17671978673654,
    47.213461131834805,
    46.66179211087858,
    47.807237447051,
    49.506850697533494,
    50.23404572849125,
    49.05785924286319,
    46.78630511696037,
    47.11843632928792,
    47.901840511747146,
    48.4170404667374,
    49.07153893503802,
    48.11800978544918,
    48.03741056665181,
    46.95718077479804,
    46.715296832934214,
    46.55762581339784,
    46.82800624540491,
    47.4686157007993,
    47.717166416593415,
    45.42130075250038,
    46.181335846265185,
    45.55735182196296,
    44.611821276433616,
    46.29402105832457,
    46.82482956783023,
    45.51530971727185,
    46.82239612461257,
    47.839242171209065,
    48.442518730605805,
    47.16235801690742,
    47.80362867990618,
    50.07590320508045,
    49.140156291572886,
    49.3709861448523,
    50.08379497167431,
    51.903743757916075,
    53.4501697415223,
    52.442811334103304,
    53.291317044152166,
    54.719163367008726,
    54.56075893175391,
    53.852821539624244,
    54.23380077171988,
    53.710547905440485,
    52.67954219336941,
    52.3541279456755,
    53.45122117728007,
    53.38237055750881,
    52.9919868057395,
    52.52589618846644,
    51.75194755156808,
    53.18252381435603,
    51.55832694989781,
    50.93380614027692,
    50.98772623808289,
    51.835108424873965,
    51.17910408647782,
    51.00844661518251,
    50.296273550718794,
    50.75708072548227,
    50.374686733842296,
    51.659474720863074,
    50.96686686698545,
    49.95358899533666,
    49.05044628505246,
    49.34557059259369,
    48.62589661339033
  ],
  "actions": [],
  "observations": [
    1,
    1,
    1,
    1,
    1,
    1,
    1,
    1,
    1,
    1,
    1,
    1,
    1,
    1,
    1,
    1,
    1,
    1,
    1,
    2,
    1,
    1,
    1,
    1,
    1,
    1,
    1,
    1,
    1,
    1,
    1,
    1,
    1,
    1,
    1,
    1,
    1,
    1,
    1,
    1,
    1,
    1,
    1,
    1,
    1,
    1,
    1,
    1,
    1,
    1,
    1,
    1,
    1,
    1,
    1,
    1,
    1,
    1,
    0,
    0,
    0,
    0,
    1,
    1,
    1,
    1,
    0,
    0,
    1,
    1,
    1,
    1,
    1,
    1,
    1,
    1,
    1,
    1,
    1,
    1,
    1,
    1,
    1,
    1,
    1,
    1,
    1,
    0,
    0,
    0,
    0,
    0,
    1,
    1,
    1,
    1,
    1,
    1,
    1,
    1,
    1,
    1,
    1,
    1,
    1,
    1,
    1,
    1,
    1,
    1,
    1,
    1,
    1,
    1,
    1,
    1,
    1,
    1,
    1,
    1,
    1,
    1,
    1,
    1,
    1,
    1,
    1,
    1,
    1,
    1,
    1,
    1,
    1,
    1,
    1,
    1,
    1,
    1,
    1,
    1,
    1,
    1,
    1,
    1,
    1,
    1,
    1,
    1,
    1,
    1,
    1,
    1,
    1,
    1,
    1,
    1,
    0,
    1,
    1,
    1,
    1,
    1,
    1,
    1,
    1,
    1,
    1,
    1,
    1,
    1,
    1,
    1,
    1,
    1,
    1,
    1,
    1,
    1,
    1,
    1,
    1,
    1,
    1,
    1,
    1,
    1,
    1,
    1,
    1,
    1,
    1,
    1,
    1,
    1,
    1,
    1,
    1,
    1,
    1,
    1
  ],