{
  "timesteps": [
    0,
    1,
    2,
    3,
    4,
    5,
    6,
    7,
    8,
    9,
    10,
    11,
    12,
    13,
    14,
    15,
    16,
    17,
    18,
    19,
    20,
    21,
    22,
    23,
    24,
    25,
    26,
    27,
    28,
    29,
    30,
    31,
    32,
    33,
    34,
    35,
    36,
    37,
    38,
    39,
    40,
    41,
    42,
    43,
    44,
    45,
    46,
    47,
    48,
    49,
    50,
    51,
    52,
    53,
    54,
    55,
    56,
    57,
    58,
    59,
    60,
    61,
    62,
    63,
    64,
    65,
    66,
    67,
    68,
    69,
    70,
    71,
    72,
    73,
    74,
    75,
    76,
    77,
    78,
    79,
    80,
    81,
    82,
    83,
    84,
    85,
    86,
    87,
    88,
    89,
    90,
    91,
    92,
    93,
    94,
    95,
    96,
    97,
    98,
    99,
    100,
    101,
    102,
    103,
    104,
    105,
    106,
    107,
    108,
    109,
    110,
    111,
    112,
    113,
    114,
    115,
    116,
    117,
    118,
    119,
    120,
    121,
    122,
    123,
    124,
    125,
    126,
    127,
    128,
    129,
    130,
    131,
    132,
    133,
    134,
    135,
    136,
    137,
    138,
    139,
    140,
    141,
    142,
    143,
    144,
    145,
    146,
    147,
    148,
    149,
    150,
    151,
    152,
    153,
    154,
    155,
    156,
    157,
    158,
    159,
    160,
    161,
    162,
    163,
    164,
    165,
    166,
    167,
    168,
    169,
    170,
    171,
    172,
    173,
    174,
    175,
    176,
    177,
    178,
    179,
    180,
    181,
    182,
    183,
    184,
    185,
    186,
    187,
    188,
    189,
    190,
    191,
    192,
    193,
    194,
    195,
    196,
    197,
    198,
    199
  ],
  "states": [
    50.0,
    47.61438817237854,
    48.21929417370018,
    50.40560882088258,
    51.96667443833283,
    51.15068936419332,
    54.062620840587044,
    52.84681226833328,
    51.926485173605975,
    51.29313852100661,
    54.26769128396775,
    54.8358631833511,
    53.52835811028136,
    54.68063537294583,
    54.6934842849695,
    53.27939832244908,
    53.78790699567394,
    55.58657639452042,
    57.75744916943779,
    57.67295897218848,
    60.44398986848756,
    61.14135124317048,
    63.17332176355412,
    66.31124375757928,
    65.41021185047201,
    64.17125362838735,
    65.48706127681255,
    66.00510552165827,
    64.78165185401365,
    63.531761588817375,
    64.48073724282317,
    66.25541814601971,
    68.47047001148479,
    70.62750044920897,
    68.95896473453047,
    70.50028722061462,
    71.38255679869924,
    72.03722787126293,
    73.11379667519935,
    70.86965859406014,
    73.09241550726907,
    73.38231893509688,
    72.31933465475909,
    72.91152553428823,
    73.92528363198602,
    75.10598206844192,
    75.0917195587556,
    74.56292976859338,
    72.73419272079795,
    71.00167453848618,
    69.15412239649042,
    69.17510790424164,
    70.48845549960558,
    70.15294990692733,
    69.89578727459363,
    70.89414510891396,
    72.2173563145054,
    75.65493412020815,
    76.47691920194985,
    77.98525054051706,
    80.27281189738954,
    80.76380002119951,
    79.84719720244706,
    80.86172542904681,
    78.1249422036175,
    78.0915790500796,
    76.27519484864045,
    76.58676387594765,
    75.20602739863185,
    75.52826856638058,
    74.70995892868349,
    74.75611162365985,
    74.03270180336696,
    75.04753482949332,
    75.10372622242977,
    75.60477851589341,
    74.9580733068625,
    74.8994838894609,
    72.78581853243041,
    73.24215811792567,
    69.60421417144255,
    68.83487725550994,
    68.82733880446311,
    69.25792552507612,
    72.1624272031252,
    73.36653741974239,
    73.09040641519691,
    71.10915783525607,
    69.52798122940948,
    70.21672692191706,
    69.16388852247674,
    69.4876159215225,
    69.82296436368563,
    68.52371044919535,
    67.9295104034146,
    69.72755302741946,
    69.13107715551568,
    69.09869378004467,
    70.00220268748437,
    69.05514943920852,
    68.72019594206265,
    68.58662211006455,
    70.09080937874401,
    68.93072492524941,
    69.13176729513658,
    69.98220548503193,
    70.06748039599871,
    71.64575173781915,
    72.80575829225187,
    70.84957903660482,
    68.21625573926539,
    68.06107849255689,
    67.31045418007925,
    68.52359896623031,
    70.30438460206811,
    69.0777569294552,
    71.0890528027697,
    71.84232177215075,
    69.70115302967969,
    69.76058672631594,
    70.32555889953474,
    70.76800373035094,
    70.29772608738212,
    71.06769312345732,
    70.02147004632329,
    68.99159185465689,
    69.2696854099657,
    69.68380022945645,
    70.81547067640123,
    71.59137407318778,
    69.33829417550966,
    70.78921189585137,
    70.73891311100965,
    72.31040490825096,
    72.35832884013388,
    72.25962487270262,
    72.40853835469372,
    70.51561627486605,
    69.78843575165637,
    67.64401659888655,
    67.42217016797608,
    67.91039459273796,
    67.79098201295437,
    68.2605108129968,
    67.81841319379411,
    65.550683757717,
    64.55911924413634,
    64.80030865624214,
    63.90429750613494,
    63.86891357360949,
    63.9907556974481,
    64.007773017458,
    63.90892395531777,
    66.93919960013716,
    65.92302808415397,
    63.326160440239285,
    63.32880230050275,
    63.70828306184078,
    62.24675066504056,
    64.73956906869752,
    65.03500789295855,
    64.54715884474221,
    64.36663690184257,
    64.41022251409818,
    65.22561086333643,
    65.16558910533129,
    67.22379371351262,
    65.74534087105596,
    65.16719731690694,
    64.46071202552886,
    62.91423786226429,
    61.79382798845343,
    63.71742868431106,
    64.02689487772686,
    66.33602801639069,
    65.76979993995428,
    64.37737743754003,
    65.99773570863167,
    66.48538622345848,
    64.36556302102099,
    67.53187867425171,
    69.21339370863973,
    68.50998224661876,
    68.69191969445306,
    68.87764467281761,
    68.74795782963189,
    68.73786991289376,
    69.03047988784577,
    69.39052231184016,
    67.78663579096467,
    67.57606370689652,
    66.4100266073274,
    68.02367211605134,
    65.9800717916724,
    64.32025633571699,
    63.91195139209197,
    61.87901706284537,
    64.76975045355202,
    66.3605827013428,
    63.67743508561288,
    63.540824360850024
  ],
  "actions": [],
  "observations": [
    1,
    1,
    1,
    1,
    1,
    1,
    1,
    1,
    1,
    1,
    1,
    1,
    1,
    1,
    1,
    1,
    1,
    2,
    2,
    2,
    2,
    2,
    2,
    2,
    2,
    2,
    2,
    2,
    2,
    2,
    2,
    2,
    2,
    2,
    2,
    2,
    2,
    2,
    2,
    2,
    2,
    2,
    2,
    2,
    2,
    2,
    2,
    2,
    2,
    2,
    2,
    2,
    2,
    2,
    2,
    2,
    2,
    2,
    2,
    2,
    2,
    2,
    2,
    2,
    2,
    2,
    2,
    2,
    2,
    2,
    2,
    2,
    2,
    2,
    2,
    2,
    2,
    2,
    2,
    2,
    2,
    2,
    2,
    2,
    2,
    2,
    2,
    2,
    2,
    2,
    2,
    2,
    2,
    2,
    2,
    2,
    2,
    2,
    2,
    2,
    2,
    2,
    2,
    2,
    2,
    2,
    2,
    2,
    2,
    2,
    2,
    2,
    2,
    2,
    2,
    2,
    2,
    2,
    2,
    2,
    2,
    2,
    2,
    2,
    2,
    2,
    2,
    2,
    2,
    2,
    2,
    2,
    2,
    2,
    2,
    2,
    2,
    2,
    2,
    2,
    2,
    2,
    2,
    2,
    2,
    2,
    2,
    2,
    2,
    2,
    2,
    2,
    2,
    2,
    2,
    2,
    2,
    2,
    2,
    2,
    2,
    2,
    2,
    2,
    2,
    2,
    2,
    2,
    2,
    2,
    2,
    2,
    2,
    2,
    2,
    2,
    2,
    2,
    2,
    2,
    2,
    2,
    2,
    2,
    2,
    2,
    2,
    2,
    2,
    2,
    2,
    2,
    2,
    2,
    2,
    2,
    2,
    2,
    2,
    2
  ],