{
  "timesteps": [
    0,
    1,
    2,
    3,
    4,
    5,
    6,
    7,
    8,
    9,
    10,
    11,
    12,
    13,
    14,
    15,
    16,
    17,
    18,
    19,
    20,
    21,
    22,
    23,
    24,
    25,
    26,
    27,
    28,
    29,
    30,
    31,
    32,
    33,
    34,
    35,
    36,
    37,
    38,
    39,
    40,
    41,
    42,
    43,
    44,
    45,
    46,
    47,
    48,
    49,
    50,
    51,
    52,
    53,
    54,
    55,
    56,
    57,
    58,
    59,
    60,
    61,
    62,
    63,
    64,
    65,
    66,
    67,
    68,
    69,
    70,
    71,
    72,
    73,
    74,
    75,
    76,
    77,
    78,
    79,
    80,
    81,
    82,
    83,
    84,
    85,
    86,
    87,
    88,
    89,
    90,
    91,
    92,
    93,
    94,
    95,
    96,
    97,
    98,
    99,
    100,
    101,
    102,
    103,
    104,
    105,
    106,
    107,
    108,
    109,
    110,
    111,
    112,
    113,
    114,
    115,
    116,
    117,
    118,
    119,
    120,
    121,
    122,
    123,
    124,
    125,
    126,
    127,
    128,
    129,
    130,
    131,
    132,
    133,
    134,
    135,
    136,
    137,
    138,
    139,
    140,
    141,
    142,
    143,
    144,
    145,
    146,
    147,
    148,
    149,
    150,
    151,
    152,
    153,
    154,
    155,
    156,
    157,
    158,
    159,
    160,
    161,
    162,
    163,
    164,
    165,
    166,
    167,
    168,
    169,
    170,
    171,
    172,
    173,
    174,
    175,
    176,
    177,
    178,
    179,
    180,
    181,
    182,
    183,
    184,
    185,
    186,
    187,
    188,
    189,
    190,
    191,
    192,
    193,
    194,
    195,
    196,
    197,
    198,
    199
  ],
  "states": [
    50.0,
    50.02222091140885,
    50.105705556751964,
    50.740594603033294,
    50.57913503131104,
    50.29327697500699,
    50.12179255819157,
    50.23328757061939,
    50.04003060097786,
    50.53093022632759,
    50.61950233462557,
    50.79942376820222,
    50.89580527905147,
    50.62711521370204,
    50.604382378981214,
    50.18531297624386,
    50.200237722298986,
    50.280941979261634,
    50.23409468054239,
    50.07593900316932,
    49.5379758452172,
    49.39798438839178,
    48.72426034828508,
    48.50292422913185,
    48.22953948089218,
    48.09849734706927,
    48.35209522539714,
    48.94646007184178,
    49.37789370935945,
    49.426347440888186,
    50.19209305811053,
    49.6708229412369,
    49.62298341477572,
    50.04193785845798,
    49.872012710011134,
    49.73419116626911,
    50.17646391350084,
    50.291741228065106,
    50.680362721788825,
    50.8193861175926,
    50.7069299440203,
    50.76176717702944,
    50.747160741486425,
    50.655213033492785,
    49.97438819946766,
    50.137711663873795,
    50.267036495400326,
    50.49618957844362,
    49.95232828957467,
    49.44816011473192,
    49.702281387222676,
    49.11238708036909,
    48.62094504419368,
    48.13812798866405,
    48.09202491896575,
    47.99516703519446,
    48.24957322240067,
    48.25604420781515,
    48.72420184155705,
    48.64397040285158,
    48.654829542213,
    48.544388274327346,
    48.30875353631017,
    48.097108427066665,
    48.62356161914444,
    48.8325257382394,
    48.587780162029645,
    48.307152071185875,
    48.83161834644943,
    48.83871074900434,
    48.7400821399343,
    48.3513423245719,
    47.8689741395219,
    48.23767790826934,
    48.49895855448029,
    48.82301579189447,
    48.600632046683224,
    48.72215276568127,
    48.1770502580578,
    47.98692869979149,
    47.83199269295904,
    47.99457509930182,
    47.307355589216044,
    47.063728492976516,
    47.17781663560185,
    47.4020679501603,
    47.062230147776326,
    47.03650129737962,
    47.02779684756058,
    47.15153996174637,
    47.81986916393795,
    47.65676818251056,
    48.0106332547412,
    48.5005946466173,
    48.73195805739911,
    48.61223588293998,
    49.04913077706088,
    49.550417848460505,
    49.46728253817816,
    49.47822277064178,
    49.55682291360696,
    49.17425503024164,
    49.20897756562086,
    49.36920197178282,
    49.45214412349498,
    49.65665651525095,
    49.90600637752392,
    49.73174939406769,
    49.753101838516514,
    49.70761012880632,
    49.04479778375383,
    48.95742830518925,
    49.25879618572696,
    49.38870683209309,
    49.44802415043078,
    49.81649969871586,
    50.01118535949913,
    50.01408462847193,
    49.90141005565719,
    49.75399351135446,
    50.30995574977031,
    50.38571431822909,
    50.09848554860462,
    49.96801031529261,
    49.37274865358438,
    49.48452158107355,
    49.57068323620924,
    49.05653047869085,
    48.46834324117495,
    48.03555041685447,
    48.676419234147325,
    48.35332116868668,
    48.44931781156612,
    48.476026300248925,
    48.258483724899435,
    48.204887872118704,
    48.035591864403465,
    48.0114230354163,
    48.17874309982862,
    48.27158297696793,
    48.06823135779002,
    48.43988546311806,
    48.116266649619206,
    47.87248869219999,
    47.87134762899041,
    48.13183168308091,
    48.61969999122576,
    48.68092169945529,
    48.6310259238362,
    48.91858876180268,
    48.80428791568423,
    48.8663679350681,
    48.35643963425767,
    48.22621031281185,
    48.38711776761523,
    48.69386809381388,
    49.258179111293224,
    48.944380404947815,
    48.82278670476667,
    49.12425692235073,
    48.987118609576015,
    48.79876777852363,
    48.55765356169,
    48.615512179482785,
    48.73857734876124,
    49.2124823797691,
    48.957490513630546,
    48.617717803850574,
    49.03945495169141,
    49.120801643831186,
    49.216924920452975,
    48.80353394456163,
    48.66383970715237,
    48.747352502408866,
    48.636553165862544,
    49.48595458745612,
    49.32666219770605,
    49.408512689520826,
    49.232374783413064,
    49.41518007224329,
    49.66748199993673,
    49.727769236877926,
    49.6872414874436,
    49.464403501733784,
    48.9170173433148,
    48.98976978462362,
    48.788123782667995,
    49.371643708692154,
    49.39149836582991,
    48.97135013335699,
    49.07248480625993,
    49.591045905600495,
    49.672967273736425,
    49.65651410385824,
    49.76827664422241,
    49.95910722688604,
    49.92769456472783,
    49.69211151413749,
    49.53779764685068,
    49.698748132734735,
    49.50794497977583
  ],
  "actions": [],
  "observations": [
    1,
    1,
    1,
    1,
    1,
    1,
    1,
    1,
    1,
    1,
    1,
    1,
    1,
    1,
    1,
    1,
    1,
    1,
    1,
    1,
    1,
    1,
    1,
    1,
    1,
    1,
    1,
    1,
    1,
    1,
    1,
    1,
    1,
    1,
    1,
    1,
    1,
    1,
    1,
    1,
    1,
    1,
    1,
    1,
    1,
    1,
    1,
    1,
    1,
    1,
    1,
    1,
    1,
    1,
    1,
    1,
    1,
    1,
    1,
    1,
    1,
    1,
    1,
    1,
    1,
    1,
    1,
    1,
    1,
    1,
    1,
    1,
    1,
    1,
    1,
    1,
    1,
    1,
    1,
    1,
    1,
    1,
    1,
    1,
    1,
    1,
    1,
    1,
    1,
    1,
    1,
    1,
    1,
    1,
    1,
    1,
    1,
    1,
    1,
    1,
    1,
    1,
    1,
    1,
    1,
    1,
    1,
    1,
    1,
    1,
    1,
    1,
    1,
    1,
    1,
    1,
    1,
    1,
    1,
    1,
    1,
    1,
    1,
    1,
    1,
    1,
    1,
    1,
    1,
    1,
    1,
    1,
    1,
    1,
    1,
    1,
    1,
    1,
    1,
    1,
    1,
    1,
    1,
    1,
    1,
    1,
    1,
    1,
    1,
    1,
    1,
    1,
    1,
    1,
    1,
    1,
    1,
    1,
    1,
    1,
    1,
    1,
    1,
    1,
    1,
    1,
    1,
    1,
    1,
    1,
    1,
    1,
    1,
    1,
    1,
    1,
    1,
    1,
    1,
    1,
    1,
    1,
    1,
    1,
    1,
    1,
    1,
    1,
    1,
    1,
    1,
    1,
    1,
    1,
    1,
    1,
    1,
    1,
    1,
    1
  ],