{
  "timesteps": [
    0,
    1,
    2,
    3,
    4,
    5,
    6,
    7,
    8,
    9,
    10,
    11,
    12,
    13,
    14,
    15,
    16,
    17,
    18,
    19,
    20,
    21,
    22,
    23,
    24,
    25,
    26,
    27,
    28,
    29,
    30,
    31,
    32,
    33,
    34,
    35,
    36,
    37,
    38,
    39,
    40,
    41,
    42,
    43,
    44,
    45,
    46,
    47,
    48,
    49,
    50,
    51,
    52,
    53,
    54,
    55,
    56,
    57,
    58,
    59,
    60,
    61,
    62,
    63,
    64,
    65,
    66,
    67,
    68,
    69,
    70,
    71,
    72,
    73,
    74,
    75,
    76,
    77,
    78,
    79,
    80,
    81,
    82,
    83,
    84,
    85,
    86,
    87,
    88,
    89,
    90,
    91,
    92,
    93,
    94,
    95,
    96,
    97,
    98,
    99,
    100,
    101,
    102,
    103,
    104,
    105,
    106,
    107,
    108,
    109,
    110,
    111,
    112,
    113,
    114,
    115,
    116,
    117,
    118,
    119,
    120,
    121,
    122,
    123,
    124,
    125,
    126,
    127,
    128,
    129,
    130,
    131,
    132,
    133,
    134,
    135,
    136,
    137,
    138,
    139,
    140,
    141,
    142,
    143,
    144,
    145,
    146,
    147,
    148,
    149,
    150,
    151,
    152,
    153,
    154,
    155,
    156,
    157,
    158,
    159,
    160,
    161,
    162,
    163,
    164,
    165,
    166,
    167,
    168,
    169,
    170,
    171,
    172,
    173,
    174,
    175,
    176,
    177,
    178,
    179,
    180,
    181,
    182,
    183,
    184,
    185,
    186,
    187,
    188,
    189,
    190,
    191,
    192,
    193,
    194,
    195,
    196,
    197,
    198,
    199
  ],
  "states": [
    50.0,
    50.32532632373669,
    49.25696704823594,
    49.620600033782004,
    50.184862459800996,
    49.310940305893375,
    49.5879833498875,
    49.54408192236243,
    50.498504820323966,
    50.64755049840131,
    49.87766353489556,
    49.4289297803497,
    48.73202703306364,
    48.63313262608979,
    48.36930913514729,
    48.464326964846066,
    48.58536080216717,
    48.41514508698025,
    47.91817843850601,
    47.964349958200415,
    48.46366425913209,
    48.11364355513476,
    48.25107281802403,
    48.55835096513441,
    48.97319321225459,
    49.11604230476487,
    49.020235607288306,
    49.72326725169499,
    49.96235268883661,
    50.61124048115329,
    50.71351939419421,
    50.888541059335125,
    50.979935036358725,
    51.00931755188453,
    50.972484133078495,
    50.34506866501506,
    51.19835868133413,
    51.82662190765925,
    51.95036416478528,
    51.08079379279482,
    51.55384429462382,
    51.372606429275045,
    51.44211031191606,
    51.14082872141666,
    51.8293181746604,
    52.39724444525561,
    52.89446576985505,
    52.49022170025944,
    52.458434420396294,
    52.15944334636045,
    51.34606836047992,
    49.71749040982838,
    49.86688337784925,
    50.11230599867381,
    49.64562512364935,
    49.97436756908268,
    49.53820476190041,
    48.31850468051432,
    48.35643022173438,
    48.220553256623774,
    48.60763456088559,
    48.989467567030026,
    48.99317575662857,
    49.44681092350456,
    48.26628365444105,
    48.56894162260568,
    47.70613290458918,
    47.568180098141084,
    48.46268318207018,
    48.76853386413876,
    47.85041599989411,
    47.74081933585052,
    48.06921377113594,
    47.285107288929446,
    47.64173338435444,
    47.160613558549144,
    46.12900808642172,
    45.85203210693911,
    45.132929879293506,
    45.78573788121323,
    45.02983059674394,
    44.50943525826466,
    44.29926630878983,
    44.24724994702066,
    45.03973434380723,
    45.77811383798178,
    46.05290158076546,
    46.21571342958339,
    46.34762629988505,
    46.14030684607722,
    46.38451367655906,
    46.353591554551606,
    45.84529859864271,
    45.8174090432213,
    46.063788148734446,
    47.24751995454001,
    48.07425718951392,
    46.771134653641134,
    47.13047738634443,
    47.642768077839264,
    48.163595123321365,
    48.91540474288619,
    49.59928287845064,
    50.61193010970547,
    50.19800560487433,
    50.21171786333835,
    49.50566285947028,
    50.09301087411674,
    49.54984301756437,
    50.03033670389318,
    50.05092292758042,
    50.74211546241116,
    51.02054583464359,
    50.75024082290604,
    50.505400517593785,
    50.47274838994143,
    50.340439820355186,
    50.55868283772957,
    49.79777203548475,
    49.432261763984684,
    49.27201790053238,
    49.60843214454401,
    49.53008612845908,
    49.71724465013978,
    50.091081898402855,
    50.24616338735106,
    50.55948767896323,
    50.887664494969414,
    51.360981795361546,
    51.225671554110484,
    50.386526710720254,
    51.02802154376244,
    50.71695959268216,
    49.9521966225451,
    49.81013154509055,
    50.136469223341585,
    50.95578489568823,
    50.705180130328,
    51.24161032359244,
    51.94666509262299,
    51.65998739911623,
    52.71458834881043,
    52.46344849989346,
    52.836598786406746,
    52.91820931724304,
    53.246241549982905,
    52.57538746063928,
    52.1888521735958,
    51.86049876741692,
    51.8073726101741,
    52.18175186532203,
    52.480649970880776,
    52.03666348506112,
    52.15218297942569,
    53.006679076836704,
    52.97942400309514,
    52.38507467996071,
    53.08322640912444,
    52.63401479176324,
    53.191427018740676,
    53.88879721696033,
    54.28176999329599,
    54.51995847918489,
    54.890717104988525,
    54.73059950355502,
    54.919968497431974,
    55.333938175308724,
    55.215448209006034,
    55.696586971227745,
    56.25352734000685,
    57.66953446963199,
    56.989895296648974,
    57.52376551339861,
    56.86384460342888,
    56.41753888725289,
    56.84534358508202,
    57.29864460774459,
    57.31511890862542,
    57.83947645031605,
    57.70060829597212,
    58.18000901640267,
    58.31741524671447,
    57.72032392128955,
    58.596626874180785,
    58.27549896875969,
    58.58189680176455,
    59.34260079325982,
    59.46866497720431,
    59.448615163358376,
    59.15900953332336,
    59.546267533900966,
    59.17480190336112,
    59.1386510814113,
    58.290369146603545,
    57.62279263608335,
    56.83796429513879,
    57.68647924232521,
    57.83341301370702,
    58.83171410950329,
    58.869437839746496,
    59.18110610006216
  ],
  "actions": [],
  "observations": [
    1,
    1,
    1,
    1,
    1,
    1,
    1,
    1,
    1,
    1,
    1,
    1,
    1,
    1,
    1,
    1,
    1,
    1,
    1,
    1,
    1,
    1,
    1,
    1,
    1,
    1,
    1,
    1,
    1,
    1,
    1,
    1,
    1,
    1,
    1,
    1,
    1,
    1,
    1,
    1,
    1,
    1,
    1,
    1,
    1,
    1,
    1,
    1,
    1,
    1,
    1,
    1,
    1,
    1,
    1,
    1,
    1,
    1,
    1,
    1,
    1,
    1,
    1,
    1,
    1,
    1,
    1,
    1,
    1,
    1,
    1,
    1,
    1,
    1,
    1,
    1,
    1,
    1,
    1,
    1,
    1,
    0,
    0,
    0,
    1,
    1,
    1,
    1,
    1,
    1,
    1,
    1,
    1,
    1,
    1,
    1,
    1,
    1,
    1,
    1,
    1,
    1,
    1,
    1,
    1,
    1,
    1,
    1,
    1,
    1,
    1,
    1,
    1,
    1,
    1,
    1,
    1,
    1,
    1,
    1,
    1,
    1,
    1,
    1,
    1,
    1,
    1,
    1,
    1,
    1,
    1,
    1,
    1,
    1,
    1,
    1,
    1,
    1,
    1,
    1,
    1,
    1,
    1,
    1,
    1,
    1,
    1,
    1,
    1,
    1,
    1,
    1,
    1,
    1,
    1,
    1,
    1,
    1,
    1,
    1,
    1,
    1,
    1,
    1,
    1,
    1,
    2,
    2,
    2,
    2,
    2,
    2,
    2,
    2,
    2,
    2,
    2,
    2,
    2,
    2,
    2,
    2,
    2,
    2,
    2,
    2,
    2,
    2,
    2,
    2,
    2,
    2,
    2,
    2,
    2,
    2,
    2,
    2,
    2,
    2
  ],