{
  "timesteps": [
    0,
    1,
    2,
    3,
    4,
    5,
    6,
    7,
    8,
    9,
    10,
    11,
    12,
    13,
    14,
    15,
    16,
    17,
    18,
    19,
    20,
    21,
    22,
    23,
    24,
    25,
    26,
    27,
    28,
    29,
    30,
    31,
    32,
    33,
    34,
    35,
    36,
    37,
    38,
    39,
    40,
    41,
    42,
    43,
    44,
    45,
    46,
    47,
    48,
    49,
    50,
    51,
    52,
    53,
    54,
    55,
    56,
    57,
    58,
    59,
    60,
    61,
    62,
    63,
    64,
    65,
    66,
    67,
    68,
    69,
    70,
    71,
    72,
    73,
    74,
    75,
    76,
    77,
    78,
    79,
    80,
    81,
    82,
    83,
    84,
    85,
    86,
    87,
    88,
    89,
    90,
    91,
    92,
    93,
    94,
    95,
    96,
    97,
    98,
    99,
    100,
    101,
    102,
    103,
    104,
    105,
    106,
    107,
    108,
    109,
    110,
    111,
    112,
    113,
    114,
    115,
    116,
    117,
    118,
    119,
    120,
    121,
    122,
    123,
    124,
    125,
    126,
    127,
    128,
    129,
    130,
    131,
    132,
    133,
    134,
    135,
    136,
    137,
    138,
    139,
    140,
    141,
    142,
    143,
    144,
    145,
    146,
    147,
    148,
    149,
    150,
    151,
    152,
    153,
    154,
    155,
    156,
    157,
    158,
    159,
    160,
    161,
    162,
    163,
    164,
    165,
    166,
    167,
    168,
    169,
    170,
    171,
    172,
    173,
    174,
    175,
    176,
    177,
    178,
    179,
    180,
    181,
    182,
    183,
    184,
    185,
    186,
    187,
    188,
    189,
    190,
    191,
    192,
    193,
    194,
    195,
    196,
    197,
    198,
    199
  ],
  "states": [
    50.0,
    50.21017784715387,
    50.959453569423324,
    51.50749470570969,
    51.304040204402625,
    50.491007377064065,
    50.93917442027767,
    50.558362722236886,
    50.18390988546562,
    50.507771597282265,
    49.95323068210517,
    48.980017029407854,
    49.17950671537719,
    48.98737186135014,
    48.69206765933323,
    49.619260351591684,
    49.47557012200623,
    48.22555929223401,
    48.63294531362116,
    49.36985052249251,
    49.30383785256481,
    49.02830032391774,
    49.73873117129459,
    49.228297601333864,
    49.07988298676424,
    49.660038075576914,
    49.62495939758206,
    50.01555820363994,
    51.024627171604116,
    50.05983127775634,
    49.266283231108865,
    49.73530767407317,
    49.5332095712272,
    49.42328542244419,
    49.232745107673146,
    49.13307534228244,
    48.946303402459044,
    49.46668728996012,
    49.6235552922211,
    49.56372029352468,
    50.50637015017334,
    50.17751952723205,
    49.8732190363645,
    49.20816849231699,
    49.644654845007835,
    50.07575889914452,
    50.51445805697943,
    50.6360529696222,
    51.191294237610734,
    51.34603051539672,
    51.327105628784985,
    50.708411723378084,
    51.044426892340404,
    51.79686050463772,
    51.400436475152254,
    50.29254965516091,
    50.31421396438531,
    51.62627199603118,
    50.50605267437641,
    50.65254354056761,
    51.46722879740745,
    51.83197357995966,
    51.21388655878203,
    50.27981129720352,
    49.66575790926392,
    50.279523317042106,
    50.75884881257857,
    50.81400307078651,
    50.93098053314808,
    51.203465778158716,
    50.593158805883064,
    50.90677503169984,
    51.407915547151205,
    51.31442745143304,
    52.644853502707335,
    53.229589437882865,
    53.24708108390534,
    52.921240424685756,
    53.40905848470578,
    53.621826792244256,
    52.84809457983625,
    53.2936840557147,
    53.79811024754018,
    54.322139001437144,
    53.55961046900056,
    53.48141598992227,
    53.51894509633736,
    52.17840767030346,
    51.78704922428225,
    51.77118924097085,
    52.19248548808704,
    52.186316125995674,
    52.192303611765574,
    51.5736293567508,
    52.3351207770563,
    52.18980491039769,
    52.790435660971774,
    52.95428883741076,
    53.11809885038413,
    53.05540692832622,
    53.924309878523,
    54.50089118798684,
    54.88700304348577,
    54.4290545390847,
    53.52163249671488,
    53.573842652005006,
    54.164746625080305,
    54.47693721771946,
    54.088095559795484,
    54.18524418864841,
    54.185586006236484,
    54.993182368345614,
    53.92013936498852,
    53.89569607097767,
    54.19600968330525,
    54.262207653013746,
    53.35856649095717,
    52.64747077503326,
    51.40611329640601,
    52.04243723029514,
    51.62822510870592,
    51.7572751955984,
    51.50239585025133,
    51.738306668425075,
    51.964414321935834,
    51.681366989445095,
    52.062762848459684,
    52.51965129339207,
    52.58568913856345,
    52.40100232727838,
    52.41072164624767,
    52.805337304092774,
    52.64667749176431,
    52.24493927828342,
    52.69717861969634,
    52.45884331732964,
    51.81791900558406,
    51.29999093935531,
    51.21902655773369,
    50.42708405579094,
    51.477421915837354,
    51.91967196785406,
    51.69197758063058,
    51.46390847212637,
    51.173996707541356,
    51.99142941266725,
    52.30579171535924,
    52.06452820169404,
    52.84573261964421,
    52.53920103087487,
    52.335348373365115,
    52.10462649378984,
    52.00500207924981,
    51.80013316860737,
    52.26517497227411,
    52.42970081812203,
    52.38241950970033,
    51.93568572913931,
    52.443470336172304,
    52.37589610354598,
    51.84909327244149,
    51.7312863063028,
    51.68208980423788,
    51.543657758622246,
    51.377223014531964,
    51.206091088397386,
    51.69438504950792,
    51.94693530929155,
    52.33775533544696,
    52.252110215263066,
    52.46939222252408,
    52.11937386673917,
    52.293333812332,
    51.382303840138306,
    51.60863097837737,
    52.21024333480145,
    52.394394944684166,
    52.61560410242786,
    52.93635195527709,
    52.54493537570368,
    52.26307177052418,
    51.080600635722384,
    51.491355929791276,
    51.79178906933692,
    50.73296107948946,
    51.7075958413539,
    51.71175331076272,
    51.903373252000016,
    52.24111319832412,
    52.39919222830318,
    52.80616411236405,
    52.30053547650362,
    52.95200011660154,
    53.3675671370107,
    51.88106832744194,
    51.90079412352026,
    52.875763188484136,
    52.61291912789169,
    52.24763933464509,
    52.46647584570059,
    51.60721777925505
  ],
  "actions": [],
  "observations": [
    1,
    1,
    1,
    1,
    1,
    1,
    1,
    1,
    1,
    1,
    1,
    1,
    1,
    1,
    1,
    1,
    1,
    1,
    1,
    1,
    1,
    1,
    1,
    1,
    1,
    1,
    1,
    1,
    1,
    1,
    1,
    1,
    1,
    1,
    1,
    1,
    1,
    1,
    1,
    1,
    1,
    1,
    1,
    1,
    1,
    1,
    1,
    1,
    1,
    1,
    1,
    1,
    1,
    1,
    1,
    1,
    1,
    1,
    1,
    1,
    1,
    1,
    1,
    1,
    1,
    1,
    1,
    1,
    1,
    1,
    1,
    1,
    1,
    1,
    1,
    1,
    1,
    1,
    1,
    1,
    1,
    1,
    1,
    1,
    1,
    1,
    1,
    1,
    1,
    1,
    1,
    1,
    1,
    1,
    1,
    1,
    1,
    1,
    1,
    1,
    1,
    1,
    1,
    1,
    1,
    1,
    1,
    1,
    1,
    1,
    1,
    1,
    1,
    1,
    1,
    1,
    1,
    1,
    1,
    1,
    1,
    1,
    1,
    1,
    1,
    1,
    1,
    1,
    1,
    1,
    1,
    1,
    1,
    1,
    1,
    1,
    1,
    1,
    1,
    1,
    1,
    1,
    1,
    1,
    1,
    1,
    1,
    1,
    1,
    1,
    1,
    1,
    1,
    1,
    1,
    1,
    1,
    1,
    1,
    1,
    1,
    1,
    1,
    1,
    1,
    1,
    1,
    1,
    1,
    1,
    1,
    1,
    1,
    1,
    1,
    1,
    1,
    1,
    1,
    1,
    1,
    1,
    1,
    1,
    1,
    1,
    1,
    1,
    1,
    1,
    1,
    1,
    1,
    1,
    1,
    1,
    1,
    1,
    1,
    1
  ],