{
  "timesteps": [
    0,
    1,
    2,
    3,
    4,
    5,
    6,
    7,
    8,
    9,
    10,
    11,
    12,
    13,
    14,
    15,
    16,
    17,
    18,
    19,
    20,
    21,
    22,
    23,
    24,
    25,
    26,
    27,
    28,
    29,
    30,
    31,
    32,
    33,
    34,
    35,
    36,
    37,
    38,
    39,
    40,
    41,
    42,
    43,
    44,
    45,
    46,
    47,
    48,
    49,
    50,
    51,
    52,
    53,
    54,
    55,
    56,
    57,
    58,
    59,
    60,
    61,
    62,
    63,
    64,
    65,
    66,
    67,
    68,
    69,
    70,
    71,
    72,
    73,
    74,
    75,
    76,
    77,
    78,
    79,
    80,
    81,
    82,
    83,
    84,
    85,
    86,
    87,
    88,
    89,
    90,
    91,
    92,
    93,
    94,
    95,
    96,
    97,
    98,
    99,
    100,
    101,
    102,
    103,
    104,
    105,
    106,
    107,
    108,
    109,
    110,
    111,
    112,
    113,
    114,
    115,
    116,
    117,
    118,
    119,
    120,
    121,
    122,
    123,
    124,
    125,
    126,
    127,
    128,
    129,
    130,
    131,
    132,
    133,
    134,
    135,
    136,
    137,
    138,
    139,
    140,
    141,
    142,
    143,
    144,
    145,
    146,
    147,
    148,
    149,
    150,
    151,
    152,
    153,
    154,
    155,
    156,
    157,
    158,
    159,
    160,
    161,
    162,
    163,
    164,
    165,
    166,
    167,
    168,
    169,
    170,
    171,
    172,
    173,
    174,
    175,
    176,
    177,
    178,
    179,
    180,
    181,
    182,
    183,
    184,
    185,
    186,
    187,
    188,
    189,
    190,
    191,
    192,
    193,
    194,
    195,
    196,
    197,
    198,
    199
  ],
  "states": [
    50.0,
    51.43391968142421,
    53.55715537729907,
    51.232578839422175,
    49.76714430638283,
    48.2250531020685,
    46.01260187704246,
    46.349272864420186,
    46.47447722265715,
    47.30483858668371,
    47.83355038479812,
    47.643762412226174,
    46.902589465283434,
    47.943600453254746,
    48.80236072308135,
    49.84335188323537,
    48.035546583668115,
    48.110651679179945,
    49.46525621564096,
    50.54989852768954,
    51.527109253493386,
    50.83574063111196,
    51.2166406718897,
    51.371853680123124,
    51.77326017485062,
    52.619641206020674,
    50.64895555447134,
    50.88629695362215,
    49.77589780628793,
    50.635474345257784,
    49.92966816068687,
    47.64107587322907,
    48.52107177050521,
    46.618640359604974,
    46.406614375690836,
    44.822090768867625,
    47.3960486585153,
    47.60734851776407,
    47.19936014871491,
    46.7946207475581,
    46.05388900069845,
    46.88113708371488,
    48.33060157554508,
    46.89662184443049,
    48.75839517620987,
    50.76979840624636,
    50.97355153174181,
    50.95745895828254,
    49.704987648209915,
    50.3820787099286,
    52.13898087439721,
    50.817815105088506,
    50.18380023973,
    50.56469109395737,
    53.179416850966604,
    51.8310181586837,
    52.47134646934659,
    50.9795675495335,
    51.36726951088687,
    52.23952650923357,
    53.27515093846678,
    51.244049790715785,
    50.003823846374445,
    49.70430281116755,
    49.66856132591199,
    49.78190986481825,
    49.66842610975678,
    52.724057655075704,
    50.80302835339946,
    49.37752827745362,
    48.02762470800238,
    46.08112134167845,
    46.02877597127462,
    45.24803828923548,
    44.328699815346056,
    42.85313920102368,
    44.03993245264279,
    42.86527570443461,
    44.02377572720824,
    41.696555135655565,
    40.258501962510856,
    40.460040148397425,
    39.97246204788927,
    39.93401882648878,
    39.76824979878704,
    40.55277480625928,
    39.93194696399623,
    40.01881913373507,
    38.85138458443967,
    38.18804847414302,
    40.014666222859674,
    39.37693888787194,
    40.229569429520424,
    40.32167336075929,
    39.64957833152721,
    38.61401822853531,
    39.795769690335,
    39.884888863392476,
    40.67073090716822,
    40.61868229547748,
    38.02307930804711,
    37.10781455273633,
    38.90829753249254,
    37.70711996608004,
    36.91649340124026,
    37.85562102828134,
    38.91152024247161,
    39.42622498068353,
    38.14917844805584,
    38.98047670450902,
    37.63610096859506,
    37.869091616475416,
    37.15670039385199,
    37.54695511623004,
    37.64364250715502,
    36.772326576239685,
    36.73720496504324,
    33.77292449122463,
    34.18451666731559,
    35.383026651598776,
    33.73504032344217,
    34.74867745708621,
    34.18278294441478,
    33.75095507686382,
    32.8427997325847,
    31.57583973536934,
    30.936408465722092,
    29.666447509566368,
    31.65094360594211,
    29.82900224831329,
    29.019869474953136,
    29.272232234349804,
    29.628406562278705,
    29.542660332517357,
    29.580641745104074,
    29.69689645825009,
    30.52375935993489,
    30.115811161752394,
    31.370603050774136,
    31.269823345499038,
    31.22853241115422,
    33.22019552010403,
    34.17081015599382,
    33.75585595223119,
    33.00478782113489,
    31.55640184830416,
    30.54297661761912,
    30.987125965416702,
    31.38479627263806,
    31.052752916063753,
    29.784928281190286,
    29.19455332425922,
    30.372224662474025,
    31.270961782142397,
    32.48907978520057,
    30.23537483226932,
    31.872889968883648,
    31.929483630971518,
    31.729090301626126,
    33.89602474318446,
    33.702131965030546,
    33.88387282017734,
    34.91057394792521,
    35.99973586656447,
    33.36130098704476,
    34.67619084013135,
    33.919032096663955,
    34.265310290400556,
    33.207153842487244,
    32.50503201644368,
    31.66569368864689,
    31.619460530733548,
    30.309324864552686,
    30.468128741435923,
    32.90916999604204,
    34.253668000402435,
    34.24497673772043,
    33.54799913385392,
    35.26293454728406,
    34.887371373490296,
    35.991212164198195,
    36.458146421655535,
    35.12939903834589,
    34.62326013779051,
    34.7814196236656,
    33.79541539898288,
    33.39149044570126,
    33.60705088084267,
    33.86407380278607,
    33.30604030015761,
    34.00073162951367,
    34.16013200316424,
    34.091682803895864,
    35.25312023832536,
    36.273320621075975,
    34.948627667344134,
    36.79371517955702,
    35.702332296385165,
    34.01839829059854,
    34.190780094497086,
    34.538213206738284
  ],
  "actions": [],
  "observations": [
    1,
    1,
    1,
    1,
    1,
    1,
    1,
    1,
    1,
    1,
    1,
    1,
    1,
    1,
    1,
    1,
    1,
    1,
    1,
    1,
    1,
    1,
    1,
    1,
    1,
    1,
    1,
    1,
    1,
    1,
    1,
    1,
    1,
    1,
    1,
    0,
    1,
    1,
    1,
    1,
    1,
    1,
    1,
    1,
    1,
    1,
    1,
    1,
    1,
    1,
    1,
    1,
    1,
    1,
    1,
    1,
    1,
    1,
    1,
    1,
    1,
    1,
    1,
    1,
    1,
    1,
    1,
    1,
    1,
    1,
    1,
    1,
    1,
    1,
    0,
    0,
    0,
    0,
    0,
    0,
    0,
    0,
    0,
    0,
    0,
    0,
    0,
    0,
    0,
    0,
    0,
    0,
    0,
    0,
    0,
    0,
    0,
    0,
    0,
    0,
    0,
    0,
    0,
    0,
    0,
    0,
    0,
    0,
    0,
    0,
    0,
    0,
    0,
    0,
    0,
    0,
    0,
    0,
    0,
    0,
    0,
    0,
    0,
    0,
    0,
    0,
    0,
    0,
    0,
    0,
    0,
    0,
    0,
    0,
    0,
    0,
    0,
    0,
    0,
    0,
    0,
    0,
    0,
    0,
    0,
    0,
    0,
    0,
    0,
    0,
    0,
    0,
    0,
    0,
    0,
    0,
    0,
    0,
    0,
    0,
    0,
    0,
    0,
    0,
    0,
    0,
    0,
    0,
    0,
    0,
    0,
    0,
    0,
    0,
    0,
    0,
    0,
    0,
    0,
    0,
    0,
    0,
    0,
    0,
    0,
    0,
    0,
    0,
    0,
    0,
    0,
    0,
    0,
    0,
    0,
    0,
    0,
    0,
    0,
    0
  ],