{
  "timesteps": [
    0,
    1,
    2,
    3,
    4,
    5,
    6,
    7,
    8,
    9,
    10,
    11,
    12,
    13,
    14,
    15,
    16,
    17,
    18,
    19,
    20,
    21,
    22,
    23,
    24,
    25,
    26,
    27,
    28,
    29,
    30,
    31,
    32,
    33,
    34,
    35,
    36,
    37,
    38,
    39,
    40,
    41,
    42,
    43,
    44,
    45,
    46,
    47,
    48,
    49,
    50,
    51,
    52,
    53,
    54,
    55,
    56,
    57,
    58,
    59,
    60,
    61,
    62,
    63,
    64,
    65,
    66,
    67,
    68,
    69,
    70,
    71,
    72,
    73,
    74,
    75,
    76,
    77,
    78,
    79,
    80,
    81,
    82,
    83,
    84,
    85,
    86,
    87,
    88,
    89,
    90,
    91,
    92,
    93,
    94,
    95,
    96,
    97,
    98,
    99,
    100,
    101,
    102,
    103,
    104,
    105,
    106,
    107,
    108,
    109,
    110,
    111,
    112,
    113,
    114,
    115,
    116,
    117,
    118,
    119,
    120,
    121,
    122,
    123,
    124,
    125,
    126,
    127,
    128,
    129,
    130,
    131,
    132,
    133,
    134,
    135,
    136,
    137,
    138,
    139,
    140,
    141,
    142,
    143,
    144,
    145,
    146,
    147,
    148,
    149,
    150,
    151,
    152,
    153,
    154,
    155,
    156,
    157,
    158,
    159,
    160,
    161,
    162,
    163,
    164,
    165,
    166,
    167,
    168,
    169,
    170,
    171,
    172,
    173,
    174,
    175,
    176,
    177,
    178,
    179,
    180,
    181,
    182,
    183,
    184,
    185,
    186,
    187,
    188,
    189,
    190,
    191,
    192,
    193,
    194,
    195,
    196,
    197,
    198,
    199
  ],
  "states": [
    50.0,
    49.27342174615313,
    52.63171014150354,
    50.47428326908569,
    49.540765806199204,
    50.131645391013,
    52.4512643858994,
    51.221858098419055,
    51.13074370138875,
    53.27730293075532,
    52.20859235074356,
    51.28554881675277,
    53.110574905702926,
    51.505219188000304,
    50.4041899848729,
    48.781114684415215,
    48.560078264487586,
    47.79321710458337,
    49.067113527982194,
    49.90201825156268,
    48.21432950428143,
    47.02418841006903,
    47.538126154744475,
    49.16225328360992,
    47.0341433050906,
    47.85727964960457,
    48.56028249424556,
    48.07512658582692,
    46.212154053053816,
    45.13734883578671,
    44.16500094449224,
    49.17018140849399,
    50.743129804990154,
    52.76752887748174,
    52.45959031239893,
    54.20236163920546,
    50.65624119284715,
    52.39509591230259,
    51.32807619020925,
    54.03297237849941,
    53.157659750045745,
    53.274484248379665,
    56.184776708007284,
    57.69522084319357,
    56.348361222448666,
    53.44123374569504,
    56.81565815678359,
    56.64320630007507,
    57.20324649725779,
    56.37656812418484,
    53.439288448205815,
    53.81307179470193,
    54.09613018406521,
    56.808171468689174,
    54.61050654758903,
    52.00018456566912,
    53.811883676286534,
    53.756102225222364,
    57.29213915515014,
    58.61309461320536,
    61.125702730212936,
    60.17533220615942,
    57.586324898736805,
    57.43086482571171,
    54.1903513536925,
    52.408215274799964,
    49.58943657382053,
    51.08626928529249,
    49.13698743579435,
    45.81272957357804,
    43.171810496230314,
    42.552171121263406,
    42.513396929652444,
    44.14369387047242,
    43.46497087488762,
    43.85430924504957,
    45.628997171622075,
    45.826883205664544,
    48.10717049334688,
    50.41781195150331,
    49.56337717815157,
    49.73995477686734,
    52.224255279957426,
    53.80254585434769,
    52.372658031081016,
    50.62223042255787,
    52.963965355795345,
    52.7386265958068,
    54.32436467784564,
    53.07363923512173,
    50.585490843815954,
    51.85262097442507,
    51.58701375170528,
    53.200542021355794,
    54.98500194520251,
    51.67550309860292,
    52.37902237196857,
    53.6556119514595,
    53.046188736759696,
    55.15915492557083,
    52.17306059982119,
    49.61732918040169,
    50.00532300470209,
    52.390743273447626,
    49.63669997690194,
    49.049994556775204,
    50.46888051748946,
    49.97663118972574,
    50.08303215132687,
    49.894386060419464,
    50.94579929217884,
    48.099179929710736,
    48.355644388558794,
    48.53465038216766,
    49.00835107636015,
    47.730019084320524,
    48.55338410238799,
    48.915562080413444,
    46.89187970896393,
    47.86919864681388,
    48.16539071993087,
    48.885020909028185,
    50.69599119341399,
    51.08672160838754,
    52.635785753093806,
    51.325019824000506,
    50.21458773794887,
    52.733609004297676,
    50.6188566043525,
    53.60342610895697,
    55.97575656191315,
    54.501834348509064,
    54.14922911232779,
    55.0252910079492,
    52.90449193749019,
    51.56622249539508,
    52.40233292874318,
    54.24485866373133,
    51.94031487955898,
    49.25186361515818,
    48.257662302119286,
    50.192269081827696,
    47.01016648746438,
    45.18570868068821,
    43.44512233055969,
    41.52010457082748,
    43.57282227164941,
    44.37901934640403,
    43.181017693221584,
    44.024067096632436,
    48.52985388463117,
    48.05156440825112,
    47.85304913747816,
    48.290917947426436,
    47.30939370024809,
    47.03286970656914,
    45.09507342484796,
    46.61162950500436,
    46.48046562561679,
    45.904423174237486,
    46.5583512571099,
    47.93056681792362,
    49.31168849406821,
    49.696242395958116,
    47.36627576410729,
    46.70399572621776,
    45.88937377223801,
    46.93714159797698,
    47.830408088465404,
    46.973994684439,
    45.292404706319736,
    43.77693608931189,
    39.945219075401816,
    40.19976617487586,
    40.61911410414092,
    41.34996265510425,
    39.317918019968374,
    40.45219453989537,
    42.586090332400026,
    42.614479109519344,
    43.53979788086873,
    43.450356926116875,
    44.29855766134698,
    42.3232950733991,
    46.2295557462049,
    49.74897194795036,
    51.10188399295046,
    54.56643423906017,
    52.17160911893606,
    53.177138802293356,
    53.88133036422142,
    56.680251768423766,
    53.66330272448445,
    52.45151783210147,
    48.342385376852036,
    47.010949742221555,
    45.8314539851012,
    44.84352858479072,
    43.9274665055922,
    43.9846983049027,
    42.370480763543036
  ],
  "actions": [],
  "observations": [
    1,
    1,
    1,
    1,
    1,
    1,
    1,
    1,
    1,
    1,
    1,
    1,
    1,
    1,
    1,
    1,
    1,
    1,
    1,
    1,
    1,
    1,
    1,
    1,
    1,
    1,
    1,
    1,
    1,
    1,
    0,
    1,
    1,
    1,
    1,
    1,
    1,
    1,
    1,
    1,
    1,
    1,
    2,
    2,
    2,
    1,
    2,
    2,
    2,
    2,
    1,
    1,
    1,
    2,
    1,
    1,
    1,
    1,
    2,
    2,
    2,
    2,
    2,
    2,
    1,
    1,
    1,
    1,
    1,
    1,
    0,
    0,
    0,
    0,
    0,
    0,
    1,
    1,
    1,
    1,
    1,
    1,
    1,
    1,
    1,
    1,
    1,
    1,
    1,
    1,
    1,
    1,
    1,
    1,
    1,
    1,
    1,
    1,
    1,
    2,
    1,
    1,
    1,
    1,
    1,
    1,
    1,
    1,
    1,
    1,
    1,
    1,
    1,
    1,
    1,
    1,
    1,
    1,
    1,
    1,
    1,
    1,
    1,
    1,
    1,
    1,
    1,
    1,
    1,
    1,
    2,
    1,
    1,
    2,
    1,
    1,
    1,
    1,
    1,
    1,
    1,
    1,
    1,
    1,
    0,
    0,
    0,
    0,
    0,
    0,
    1,
    1,
    1,
    1,
    1,
    1,
    1,
    1,
    1,
    1,
    1,
    1,
    1,
    1,
    1,
    1,
    1,
    1,
    1,
    1,
    1,
    0,
    0,
    0,
    0,
    0,
    0,
    0,
    0,
    0,
    0,
    0,
    0,
    0,
    1,
    1,
    1,
    1,
    1,
    1,
    1,
    2,
    1,
    1,
    1,
    1,
    1,
    0,
    0,
    0
  ],