{
  "timesteps": [
    0,
    1,
    2,
    3,
    4,
    5,
    6,
    7,
    8,
    9,
    10,
    11,
    12,
    13,
    14,
    15,
    16,
    17,
    18,
    19,
    20,
    21,
    22,
    23,
    24,
    25,
    26,
    27,
    28,
    29,
    30,
    31,
    32,
    33,
    34,
    35,
    36,
    37,
    38,
    39,
    40,
    41,
    42,
    43,
    44,
    45,
    46,
    47,
    48,
    49,
    50,
    51,
    52,
    53,
    54,
    55,
    56,
    57,
    58,
    59,
    60,
    61,
    62,
    63,
    64,
    65,
    66,
    67,
    68,
    69,
    70,
    71,
    72,
    73,
    74,
    75,
    76,
    77,
    78,
    79,
    80,
    81,
    82,
    83,
    84,
    85,
    86,
    87,
    88,
    89,
    90,
    91,
    92,
    93,
    94,
    95,
    96,
    97,
    98,
    99,
    100,
    101,
    102,
    103,
    104,
    105,
    106,
    107,
    108,
    109,
    110,
    111,
    112,
    113,
    114,
    115,
    116,
    117,
    118,
    119,
    120,
    121,
    122,
    123,
    124,
    125,
    126,
    127,
    128,
    129,
    130,
    131,
    132,
    133,
    134,
    135,
    136,
    137,
    138,
    139,
    140,
    141,
    142,
    143,
    144,
    145,
    146,
    147,
    148,
    149,
    150,
    151,
    152,
    153,
    154,
    155,
    156,
    157,
    158,
    159,
    160,
    161,
    162,
    163,
    164,
    165,
    166,
    167,
    168,
    169,
    170,
    171,
    172,
    173,
    174,
    175,
    176,
    177,
    178,
    179,
    180,
    181,
    182,
    183,
    184,
    185,
    186,
    187,
    188,
    189,
    190,
    191,
    192,
    193,
    194,
    195,
    196,
    197,
    198,
    199
  ],
  "states": [
    50.0,
    47.525435029815405,
    47.41833209097932,
    49.43253284528683,
    48.79448390200251,
    49.156187751995404,
    51.06313355079053,
    49.17793547603544,
    51.3732184339032,
    50.59125974966858,
    50.028282348351375,
    54.34551938390785,
    50.915591497252755,
    51.541060628069694,
    52.101428041534334,
    53.159939181781226,
    50.84782114361033,
    53.048918792672744,
    52.13600930826764,
    53.560537849142165,
    53.99464490448588,
    53.435686091273595,
    53.80079266290699,
    55.58094494597726,
    53.78109232070346,
    55.90131217935454,
    54.881967765909096,
    55.266168272705535,
    56.12711123744399,
    52.90966590453912,
    47.874173323551055,
    47.73732472995223,
    44.87251383929349,
    45.803977349939714,
    44.39417495645223,
    45.05800752491183,
    45.247144981243345,
    44.80164711908573,
    46.76818137097997,
    47.92970685641208,
    50.19304424223751,
    50.47871895736277,
    53.673915765327166,
    51.338728911556906,
    50.630225884547485,
    49.705317488838894,
    47.37634729912048,
    47.18181580056383,
    46.94844546798845,
    48.89245530006189,
    51.81345699875213,
    51.44206956059056,
    50.924108110682475,
    53.189820177267066,
    51.53353536352479,
    50.78154256380997,
    49.66397600969956,
    49.926983164371016,
    51.0258210405893,
    51.21281213263686,
    53.24411656800544,
    51.10695414458572,
    49.58554998270158,
    50.3940795309751,
    48.784648081347655,
    49.2722308358275,
    49.73689162547156,
    50.02177807155999,
    51.62839175369505,
    54.26727552487749,
    53.04953122008122,
    55.3167835614797,
    54.99659466761216,
    55.24003601238093,
    54.60355839263233,
    57.346724853216415,
    57.37967111352598,
    56.896434846782796,
    57.02988601234929,
    54.74002074272143,
    53.802524129106345,
    53.041993029380976,
    51.57362461981981,
    53.2165960167093,
    53.839215383437384,
    54.15505250356513,
    51.64030526257713,
    53.63014076092569,
    54.202618236745685,
    54.74676263488056,
    54.14375976180309,
    54.32377911958925,
    55.450250144326766,
    52.44324757341648,
    50.91717128956702,
    48.99371258554029,
    48.959173451365906,
    51.89034216749683,
    49.94014487408622,
    53.403784864800315,
    53.006051900475676,
    56.10954217458335,
    56.53972016523234,
    57.38581130533466,
    59.244987380213004,
    64.04950052604121,
    59.951921815153895,
    62.09789091160024,
    63.99438887808062,
    66.31797274761824,
    69.8817204302189,
    67.05022537396677,
    66.78324284592982,
    66.09984743651147,
    65.63797149474242,
    66.89412100521794,
    66.88417582207849,
    64.50100019482197,
    65.23840978596435,
    64.98582755157801,
    66.61651918230457,
    65.06746648846183,
    67.49904600868905,
    70.45380652952022,
    68.09660016105994,
    70.70010542088275,
    72.7766061467061,
    72.96135231842148,
    72.851844836376,
    76.39630744151138,
    74.95976311457106,
    75.99923675507254,
    77.26867761434868,
    80.58247073794679,
    80.22626891530916,
    80.01929524015637,
    79.07110543571658,
    81.22564486748198,
    81.20878152003354,
    78.91144951843134,
    83.29262617561893,
    85.47070344321281,
    86.02110313126809,
    86.81322920794658,
    85.04216494981144,
    83.61300597969368,
    84.92735402862537,
    84.26952114163579,
    82.57384936094105,
    76.81078176787382,
    80.23829796861044,
    80.49494628659482,
    80.88197829017166,
    82.61500862784614,
    82.43804980152808,
    82.122938396344,
    77.94038011921235,
    78.1040680565884,
    78.58205173467333,
    78.54516847261898,
    78.83347972639777,
    77.90786422142281,
    75.7128256387015,
    80.81892441446989,
    82.6899899097012,
    84.3378785233627,
    84.25329174183035,
    81.49824717914832,
    80.11330277851407,
    79.60245850891472,
    80.30913863450444,
    78.10831801815094,
    78.07136539586223,
    80.11908627783858,
    78.45455391767905,
    79.82125299980373,
    79.64427432520671,
    78.77799981265596,
    77.40925563389929,
    77.52851748774962,
    78.47632492997361,
    77.26219687786781,
    79.05506434556196,
    78.56818711733624,
    78.20817044490553,
    77.0965816819079,
    76.59799932227516,
    78.3306065775222,
    75.61633718984636,
    76.62546048511784,
    77.84054210707014,
    78.16454520951177,
    77.24433411701123,
    76.1847917619426,
    74.07462493088909,
    71.70052715599131,
    68.8007594095312,
    70.09545677662544,
    70.0108535117337,
    69.04964708676495,
    68.16795470653348
  ],
  "actions": [],
  "observations": [
    1,
    1,
    1,
    1,
    1,
    1,
    1,
    1,
    1,
    1,
    1,
    1,
    1,
    1,
    1,
    1,
    1,
    1,
    1,
    1,
    1,
    1,
    1,
    2,
    1,
    2,
    1,
    2,
    2,
    1,
    1,
    1,
    0,
    1,
    0,
    1,
    1,
    0,
    1,
    1,
    1,
    1,
    1,
    1,
    1,
    1,
    1,
    1,
    1,
    1,
    1,
    1,
    1,
    1,
    1,
    1,
    1,
    1,
    1,
    1,
    1,
    1,
    1,
    1,
    1,
    1,
    1,
    1,
    1,
    1,
    1,
    2,
    1,
    2,
    1,
    2,
    2,
    2,
    2,
    1,
    1,
    1,
    1,
    1,
    1,
    1,
    1,
    1,
    1,
    1,
    1,
    1,
    2,
    1,
    1,
    1,
    1,
    1,
    1,
    1,
    1,
    2,
    2,
    2,
    2,
    2,
    2,
    2,
    2,
    2,
    2,
    2,
    2,
    2,
    2,
    2,
    2,
    2,
    2,
    2,
    2,
    2,
    2,
    2,
    2,
    2,
    2,
    2,
    2,
    2,
    2,
    2,
    2,
    2,
    2,
    2,
    2,
    2,
    2,
    2,
    2,
    2,
    2,
    2,
    2,
    2,
    2,
    2,
    2,
    2,
    2,
    2,
    2,
    2,
    2,
    2,
    2,
    2,
    2,
    2,
    2,
    2,
    2,
    2,
    2,
    2,
    2,
    2,
    2,
    2,
    2,
    2,
    2,
    2,
    2,
    2,
    2,
    2,
    2,
    2,
    2,
    2,
    2,
    2,
    2,
    2,
    2,
    2,
    2,
    2,
    2,
    2,
    2,
    2,
    2,
    2,
    2,
    2,
    2,
    2
  ],