{
  "timesteps": [
    0,
    1,
    2,
    3,
    4,
    5,
    6,
    7,
    8,
    9,
    10,
    11,
    12,
    13,
    14,
    15,
    16,
    17,
    18,
    19,
    20,
    21,
    22,
    23,
    24,
    25,
    26,
    27,
    28,
    29,
    30,
    31,
    32,
    33,
    34,
    35,
    36,
    37,
    38,
    39,
    40,
    41,
    42,
    43,
    44,
    45,
    46,
    47,
    48,
    49,
    50,
    51,
    52,
    53,
    54,
    55,
    56,
    57,
    58,
    59,
    60,
    61,
    62,
    63,
    64,
    65,
    66,
    67,
    68,
    69,
    70,
    71,
    72,
    73,
    74,
    75,
    76,
    77,
    78,
    79,
    80,
    81,
    82,
    83,
    84,
    85,
    86,
    87,
    88,
    89,
    90,
    91,
    92,
    93,
    94,
    95,
    96,
    97,
    98,
    99,
    100,
    101,
    102,
    103,
    104,
    105,
    106,
    107,
    108,
    109,
    110,
    111,
    112,
    113,
    114,
    115,
    116,
    117,
    118,
    119,
    120,
    121,
    122,
    123,
    124,
    125,
    126,
    127,
    128,
    129,
    130,
    131,
    132,
    133,
    134,
    135,
    136,
    137,
    138,
    139,
    140,
    141,
    142,
    143,
    144,
    145,
    146,
    147,
    148,
    149,
    150,
    151,
    152,
    153,
    154,
    155,
    156,
    157,
    158,
    159,
    160,
    161,
    162,
    163,
    164,
    165,
    166,
    167,
    168,
    169,
    170,
    171,
    172,
    173,
    174,
    175,
    176,
    177,
    178,
    179,
    180,
    181,
    182,
    183,
    184,
    185,
    186,
    187,
    188,
    189,
    190,
    191,
    192,
    193,
    194,
    195,
    196,
    197,
    198,
    199
  ],
  "states": [
    50.0,
    51.218908309293454,
    50.83413042375846,
    53.14155240725067,
    52.62196463722843,
    54.08112891441891,
    55.0133918557817,
    56.99250919890268,
    56.42172569250692,
    56.078856967378854,
    57.420571226775664,
    60.43474992570625,
    61.33620929095268,
    61.3678300928636,
    62.53299897898974,
    61.27191970233383,
    61.24244058066374,
    61.11456214227014,
    63.11201162254148,
    62.34737022348219,
    63.660055197287285,
    63.50951507011527,
    63.39964807781614,
    63.62283240599225,
    60.986743883832034,
    61.24611095502121,
    60.591237262027484,
    59.899374976686765,
    60.97194158956862,
    61.584680074095765,
    62.95169334828159,
    63.841899873524305,
    65.05591729556349,
    66.3938534112843,
    66.6833795648302,
    64.01541147023943,
    67.34383030744073,
    69.64665316578872,
    68.71349167806171,
    64.841195805682,
    62.43943244328231,
    62.32368270428727,
    60.484578101229204,
    61.547281908256736,
    59.02484619147289,
    59.80139490225412,
    55.92631725177135,
    55.90358676173807,
    55.22419383790777,
    54.752068123526236,
    55.83793578460368,
    54.39059279210449,
    55.030542748047225,
    58.23884869022945,
    56.239611095870124,
    58.745958261874435,
    57.092476498404366,
    55.642715833503374,
    54.028132282967306,
    52.24982173105736,
    53.440591997451776,
    54.42323900663714,
    56.89985874285986,
    54.30849260250737,
    53.994085612233675,
    53.37679398527327,
    52.45254755523681,
    53.9764914486487,
    48.94049527893709,
    47.013927865430205,
    46.59636807458182,
    49.098309303411305,
    51.14054016004809,
    54.630119307075596,
    53.92538615609022,
    50.54159177208337,
    48.693904224427335,
    47.52028969450157,
    45.4990935030879,
    47.04515393133861,
    44.56051804364867,
    45.75348216991953,
    48.534582085976496,
    49.23463355363679,
    47.09158463961663,
    46.02734190348505,
    43.37570157868556,
    44.22062271158767,
    45.226439028137484,
    46.27391549044428,
    45.43677415459765,
    46.11586381415774,
    48.24283940526946,
    47.97666102544133,
    47.369470622187194,
    46.29327722175842,
    46.40164378350104,
    46.737020969860204,
    47.934916585051695,
    48.215002398231576,
    51.38742161896556,
    54.11450763999307,
    53.450551285488515,
    52.240369406928814,
    48.793495287988094,
    45.48102263012931,
    47.550079791176465,
    50.358214294526945,
    50.093070760590024,
    49.06466927980001,
    46.22728850974902,
    43.810339754224024,
    44.225140268820596,
    46.93040523323069,
    49.106194092896416,
    50.677037228530956,
    49.126761837785345,
    50.48244679276447,
    50.14062713640393,
    51.217619818736,
    50.742274542647756,
    49.94413440083298,
    48.729386461723344,
    49.06151817249395,
    48.88402404852214,
    48.8508921403991,
    46.68490132347337,
    47.044828551618515,
    45.425535307207355,
    41.86137689440751,
    42.00373512632787,
    44.417360282368,
    43.20327283868673,
    44.6607902364185,
    43.61504471020721,
    42.91911621325878,
    40.81916620112853,
    40.78592175417756,
    40.94923208280803,
    40.370018249237006,
    38.873596589625485,
    40.06217274614677,
    40.66497163435389,
    42.04684071063813,
    40.82391455545345,
    42.93844141013541,
    42.04857220831494,
    40.09550129026585,
    41.241388938087546,
    40.541729261422994,
    41.490247196160425,
    42.688762850081496,
    41.33574788902298,
    39.957202297695616,
    40.04509290081448,
    41.5374646140351,
    41.157505194315334,
    41.310026724418364,
    42.8387501316626,
    43.38882613847983,
    43.886572367016086,
    44.623018219001565,
    42.927025793027234,
    41.02317558188839,
    44.49393918086052,
    45.79009184044928,
    42.3423810962126,
    42.90487136780247,
    39.76297630703037,
    39.004710421057005,
    41.124574055159286,
    40.40800352047499,
    44.949422910725005,
    45.04627196849831,
    47.380115954720075,
    45.48454932484527,
    45.047433039711244,
    43.51971167172995,
    42.79135054400219,
    43.397222821251276,
    44.715024225883255,
    44.66632597797951,
    44.82173061787806,
    47.14200235363823,
    48.62743060650599,
    50.24437847642119,
    50.47683813334379,
    49.39209268456893,
    48.83498605949735,
    44.9103871272658,
    43.88380890599456,
    41.73165792224829,
    39.83111625028675,
    42.748927223020814,
    45.06727518584964,
    45.83038270659892,
    45.36801501783357,
    47.47364220450759,
    44.899949474059206,
    46.07691248158198,
    46.57966983501467
  ],
  "actions": [],
  "observations": [
    1,
    1,
    1,
    1,
    1,
    1,
    2,
    2,
    2,
    2,
    2,
    2,
    2,
    2,
    2,
    2,
    2,
    2,
    2,
    2,
    2,
    2,
    2,
    2,
    2,
    2,
    2,
    2,
    2,
    2,
    2,
    2,
    2,
    2,
    2,
    2,
    2,
    2,
    2,
    2,
    2,
    2,
    2,
    2,
    2,
    2,
    2,
    2,
    2,
    1,
    2,
    1,
    2,
    2,
    2,
    2,
    2,
    2,
    1,
    1,
    1,
    1,
    2,
    1,
    1,
    1,
    1,
    1,
    1,
    1,
    1,
    1,
    1,
    1,
    1,
    1,
    1,
    1,
    1,
    1,
    0,
    1,
    1,
    1,
    1,
    1,
    0,
    0,
    1,
    1,
    1,
    1,
    1,
    1,
    1,
    1,
    1,
    1,
    1,
    1,
    1,
    1,
    1,
    1,
    1,
    1,
    1,
    1,
    1,
    1,
    1,
    0,
    0,
    1,
    1,
    1,
    1,
    1,
    1,
    1,
    1,
    1,
    1,
    1,
    1,
    1,
    1,
    1,
    1,
    0,
    0,
    0,
    0,
    0,
    0,
    0,
    0,
    0,
    0,
    0,
    0,
    0,
    0,
    0,
    0,
    0,
    0,
    0,
    0,
    0,
    0,
    0,
    0,
    0,
    0,
    0,
    0,
    0,
    0,
    0,
    0,
    0,
    0,
    0,
    0,
    1,
    0,
    0,
    0,
    0,
    0,
    0,
    0,
    1,
    1,
    1,
    1,
    0,
    0,
    0,
    0,
    0,
    0,
    1,
    1,
    1,
    1,
    1,
    1,
    0,
    0,
    0,
    0,
    0,
    1,
    1,
    1,
    1,
    0,
    1
  ],