{
  "timesteps": [
    0,
    1,
    2,
    3,
    4,
    5,
    6,
    7,
    8,
    9,
    10,
    11,
    12,
    13,
    14,
    15,
    16,
    17,
    18,
    19,
    20,
    21,
    22,
    23,
    24,
    25,
    26,
    27,
    28,
    29,
    30,
    31,
    32,
    33,
    34,
    35,
    36,
    37,
    38,
    39,
    40,
    41,
    42,
    43,
    44,
    45,
    46,
    47,
    48,
    49,
    50,
    51,
    52,
    53,
    54,
    55,
    56,
    57,
    58,
    59,
    60,
    61,
    62,
    63,
    64,
    65,
    66,
    67,
    68,
    69,
    70,
    71,
    72,
    73,
    74,
    75,
    76,
    77,
    78,
    79,
    80,
    81,
    82,
    83,
    84,
    85,
    86,
    87,
    88,
    89,
    90,
    91,
    92,
    93,
    94,
    95,
    96,
    97,
    98,
    99,
    100,
    101,
    102,
    103,
    104,
    105,
    106,
    107,
    108,
    109,
    110,
    111,
    112,
    113,
    114,
    115,
    116,
    117,
    118,
    119,
    120,
    121,
    122,
    123,
    124,
    125,
    126,
    127,
    128,
    129,
    130,
    131,
    132,
    133,
    134,
    135,
    136,
    137,
    138,
    139,
    140,
    141,
    142,
    143,
    144,
    145,
    146,
    147,
    148,
    149,
    150,
    151,
    152,
    153,
    154,
    155,
    156,
    157,
    158,
    159,
    160,
    161,
    162,
    163,
    164,
    165,
    166,
    167,
    168,
    169,
    170,
    171,
    172,
    173,
    174,
    175,
    176,
    177,
    178,
    179,
    180,
    181,
    182,
    183,
    184,
    185,
    186,
    187,
    188,
    189,
    190,
    191,
    192,
    193,
    194,
    195,
    196,
    197,
    198,
    199
  ],
  "states": [
    50.0,
    50.892853127801025,
    50.49765167180972,
    49.31761193275584,
    49.17438246354941,
    50.55280350545733,
    50.64537431545626,
    51.73674578228657,
    49.925517442055146,
    52.06457132616521,
    51.758470837897725,
    52.45407096443528,
    52.39626939738814,
    51.12601498449119,
    51.24399765036018,
    48.18309944404987,
    48.162518944038595,
    49.662833210090625,
    48.437368100344415,
    46.46403804356411,
    48.782617434772135,
    50.61364430499093,
    53.481515837554156,
    53.78340928849581,
    50.20142384925974,
    51.50342493719358,
    53.49464563662318,
    52.23730693170759,
    53.20563797637231,
    48.387164050900736,
    49.654393092252256,
    49.50232848862789,
    50.12922800227979,
    51.93141529535918,
    50.67266894853528,
    50.58440618776999,
    47.33270920699301,
    48.11219730160117,
    48.13528779828522,
    47.83416628115737,
    44.2004910254382,
    43.79445445046255,
    40.90745125618762,
    39.86720538735822,
    40.214656573677175,
    38.43630739926574,
    44.384005372359894,
    45.532901022739416,
    46.50968862160249,
    48.44272719059285,
    48.99737532937529,
    51.14425374890638,
    50.44325165650286,
    48.58107794240755,
    49.814324611263025,
    48.93952339125639,
    46.112352821524425,
    44.1551841795263,
    45.45813596472378,
    44.98918719236444,
    43.18845126921106,
    42.23583911866179,
    41.66402251957288,
    42.81362928564041,
    43.0774368232303,
    42.27897931814961,
    39.85385645561668,
    41.04049417085572,
    40.377798435816935,
    36.25740128726037,
    35.42032696250108,
    37.31233747881442,
    40.79754851934031,
    40.11202411702183,
    39.24218315067066,
    39.164422590883454,
    39.26417463561123,
    40.808642090319296,
    40.06277740332862,
    37.6033189725943,
    42.070653055371956,
    44.41541838193017,
    44.960852286508995,
    45.51086837677108,
    48.0765240276705,
    45.411242893042115,
    41.896922020603064,
    41.261640983440486,
    40.08080988926234,
    38.64540168264832,
    40.0901498284608,
    38.67611524129652,
    40.05559888590471,
    38.66277033514999,
    40.67444089014031,
    38.641170759430345,
    38.08060962627131,
    37.07458922544646,
    38.431464204081806,
    37.48503115693491,
    40.9250638713351,
    37.54402609223655,
    36.8578847270536,
    35.985620913987766,
    38.43954190317669,
    38.508259776383596,
    38.72665505693598,
    37.49767352491799,
    37.44769002832641,
    36.17967843429125,
    36.31212623048086,
    37.04395066735501,
    41.33278815082343,
    40.34998579114696,
    36.99119080852897,
    35.70002599169172,
    36.5443315340684,
    38.26557816696682,
    39.50879153048939,
    35.890040542259506,
    32.76790562010504,
    30.97469979164512,
    29.453557637200703,
    30.327573643235006,
    29.252359633327988,
    29.032375973988756,
    31.948395574758052,
    32.65358203574709,
    29.83889267088296,
    28.893098006569446,
    28.13119740369525,
    26.699917176839225,
    28.371283245221395,
    27.40369403693383,
    25.162252290141673,
    26.08837642039191,
    24.804245442020456,
    26.57838520733742,
    25.50641049443138,
    26.565780239657613,
    26.751053189311207,
    26.467515675666014,
    27.028281737341636,
    27.026531400942314,
    27.945927890743977,
    24.458804387547534,
    25.037493532644998,
    29.699226245924933,
    33.44317316840006,
    34.073218601155936,
    32.688611610733474,
    31.01623940096403,
    32.55736158490571,
    32.68830771517776,
    30.623863089788316,
    29.36133990451112,
    28.733677910680115,
    27.723347409977634,
    25.789352891689106,
    25.592815741476752,
    26.747584192678428,
    26.913120167050607,
    27.466132856257385,
    25.639127122566375,
    25.60408751849696,
    24.13168255657301,
    23.271889735803285,
    23.288389450835897,
    25.934438103055594,
    29.641795717484076,
    30.33786436631099,
    28.97115508279886,
    29.366660652044906,
    28.043978587427326,
    31.095721409237672,
    29.084333653751894,
    30.266538530795618,
    31.784977462292254,
    33.604824726255494,
    31.272142288190476,
    30.78938213929839,
    30.995656197543408,
    33.744637587957435,
    34.27434437709393,
    34.04012997889517,
    32.65204122547717,
    31.988149383550756,
    31.186049361117753,
    30.215161166454838,
    26.219298961474017,
    25.201087753231292,
    20.79772115443766,
    21.118232374263645,
    20.323011676696755,
    19.599601817212733,
    21.648061523413972,
    22.62868363465833,
    22.64282330163653,
    20.883965326384732,
    23.231886789042612,
    24.93632671465309
  ],
  "actions": [],
  "observations": [
    1,
    1,
    1,
    1,
    1,
    1,
    1,
    1,
    1,
    1,
    1,
    1,
    1,
    1,
    1,
    1,
    1,
    1,
    1,
    1,
    1,
    1,
    1,
    1,
    1,
    1,
    1,
    1,
    1,
    1,
    1,
    1,
    1,
    1,
    1,
    1,
    1,
    1,
    1,
    1,
    0,
    0,
    0,
    0,
    0,
    0,
    0,
    1,
    1,
    1,
    1,
    1,
    1,
    1,
    1,
    1,
    1,
    0,
    1,
    0,
    0,
    0,
    0,
    0,
    0,
    0,
    0,
    0,
    0,
    0,
    0,
    0,
    0,
    0,
    0,
    0,
    0,
    0,
    0,
    0,
    0,
    0,
    0,
    1,
    1,
    1,
    0,
    0,
    0,
    0,
    0,
    0,
    0,
    0,
    0,
    0,
    0,
    0,
    0,
    0,
    0,
    0,
    0,
    0,
    0,
    0,
    0,
    0,
    0,
    0,
    0,
    0,
    0,
    0,
    0,
    0,
    0,
    0,
    0,
    0,
    0,
    0,
    0,
    0,
    0,
    0,
    0,
    0,
    0,
    0,
    0,
    0,
    0,
    0,
    0,
    0,
    0,
    0,
    0,
    0,
    0,
    0,
    0,
    0,
    0,
    0,
    0,
    0,
    0,
    0,
    0,
    0,
    0,
    0,
    0,
    0,
    0,
    0,
    0,
    0,
    0,
    0,
    0,
    0,
    0,
    0,
    0,
    0,
    0,
    0,
    0,
    0,
    0,
    0,
    0,
    0,
    0,
    0,
    0,
    0,
    0,
    0,
    0,
    0,
    0,
    0,
    0,
    0,
    0,
    0,
    0,
    0,
    0,
    0,
    0,
    0,
    0,
    0,
    0,
    0
  ],