{
  "timesteps": [
    0,
    1,
    2,
    3,
    4,
    5,
    6,
    7,
    8,
    9,
    10,
    11,
    12,
    13,
    14,
    15,
    16,
    17,
    18,
    19,
    20,
    21,
    22,
    23,
    24,
    25,
    26,
    27,
    28,
    29,
    30,
    31,
    32,
    33,
    34,
    35,
    36,
    37,
    38,
    39,
    40,
    41,
    42,
    43,
    44,
    45,
    46,
    47,
    48,
    49,
    50,
    51,
    52,
    53,
    54,
    55,
    56,
    57,
    58,
    59,
    60,
    61,
    62,
    63,
    64,
    65,
    66,
    67,
    68,
    69,
    70,
    71,
    72,
    73,
    74,
    75,
    76,
    77,
    78,
    79,
    80,
    81,
    82,
    83,
    84,
    85,
    86,
    87,
    88,
    89,
    90,
    91,
    92,
    93,
    94,
    95,
    96,
    97,
    98,
    99,
    100,
    101,
    102,
    103,
    104,
    105,
    106,
    107,
    108,
    109,
    110,
    111,
    112,
    113,
    114,
    115,
    116,
    117,
    118,
    119,
    120,
    121,
    122,
    123,
    124,
    125,
    126,
    127,
    128,
    129,
    130,
    131,
    132,
    133,
    134,
    135,
    136,
    137,
    138,
    139,
    140,
    141,
    142,
    143,
    144,
    145,
    146,
    147,
    148,
    149,
    150,
    151,
    152,
    153,
    154,
    155,
    156,
    157,
    158,
    159,
    160,
    161,
    162,
    163,
    164,
    165,
    166,
    167,
    168,
    169,
    170,
    171,
    172,
    173,
    174,
    175,
    176,
    177,
    178,
    179,
    180,
    181,
    182,
    183,
    184,
    185,
    186,
    187,
    188,
    189,
    190,
    191,
    192,
    193,
    194,
    195,
    196,
    197,
    198,
    199
  ],
  "states": [
    50.0,
    51.13966893128155,
    49.64399618835109,
    51.167792745956284,
    51.60239026616367,
    48.87063953267157,
    48.34718466265933,
    48.62827437200932,
    46.47200152488223,
    44.763797868692386,
    45.90252370339459,
    45.52815074242592,
    47.13881096932542,
    45.01835533510979,
    45.2134731777076,
    46.11759757261221,
    43.2879753455424,
    44.52619152945773,
    44.27406013400011,
    45.8033115455692,
    44.81138521816736,
    44.24876993904287,
    44.412414990123054,
    46.82088122518895,
    43.92172719439189,
    46.99711158485017,
    47.062084345713345,
    49.67908490465268,
    51.15419198339846,
    52.92879359617347,
    52.32344476607504,
    51.23736361652238,
    52.1483096860556,
    52.39597511553189,
    53.55281688747656,
    52.10025837475555,
    51.88307174150287,
    51.44975498661198,
    54.07570216859453,
    53.96543533331484,
    56.61401526921626,
    55.92844718481413,
    53.69052259360017,
    56.273326522119206,
    55.50077169600914,
    57.372349800323704,
    55.630708243047856,
    55.32624953705492,
    55.936890351820495,
    54.78858596516982,
    53.355858932230625,
    52.42428605322756,
    50.44539664894323,
    52.68330406386572,
    53.116310482747316,
    53.33489513943847,
    52.191824624192385,
    53.23406176151774,
    53.212111141463296,
    55.92268598754634,
    56.561180829741154,
    55.478854377058795,
    56.58048122982025,
    56.919197768256296,
    58.29003214427217,
    61.564768994315976,
    63.27787119912516,
    61.868157556737536,
    61.694036163317854,
    61.144133920712974,
    61.7627034941604,
    63.831252197485,
    62.467345269587625,
    61.530748043024815,
    63.09629482655066,
    62.70234261217391,
    65.10772026678143,
    64.40594662546397,
    65.65924696799266,
    66.51604521341585,
    69.04266652852229,
    69.4011241705966,
    70.66577878984769,
    71.31513355576014,
    69.90090173856939,
    71.63692248601609,
    73.18418512798591,
    73.61373454066273,
    68.58103863888718,
    64.89064075128918,
    62.56318550619494,
    62.51886701119936,
    59.47207578939187,
    58.29362352243482,
    56.406784905081324,
    55.21265146359974,
    54.04903672022821,
    56.05139364779021,
    56.969802826673344,
    57.217045891960844,
    59.132267936783585,
    59.33814954467045,
    59.71624507818246,
    61.27359395312021,
    60.53361735575969,
    58.229883323266975,
    59.38657230669121,
    61.07740462119593,
    62.956303015544876,
    65.25878518363044,
    63.56938891448274,
    65.06045067645053,
    65.85378494468098,
    67.0497738877906,
    64.72742910764602,
    68.12184845664751,
    67.8805932414828,
    69.25569385031466,
    68.3800375611306,
    66.09940641662287,
    67.90828948320016,
    71.31380656263268,
    69.34717207302585,
    70.53023049274454,
    71.61470172974447,
    69.66210893377047,
    68.8947352216723,
    71.65940595532841,
    71.05355503657681,
    72.20663387188729,
    76.30787486630766,
    74.37793686173902,
    73.93306568343407,
    76.91942822283603,
    74.1993975186883,
    74.42418289025561,
    74.46609083232323,
    70.23015139079861,
    69.38246276519992,
    66.62886813286566,
    69.24740409893788,
    69.22954260990493,
    68.00759031393358,
    66.44663055291358,
    65.54102615303144,
    68.58065957829773,
    68.51856187599647,
    69.16379821133044,
    67.77840211801826,
    63.86983885382717,
    63.55932144319518,
    61.2976090756377,
    59.90800851561573,
    57.17904380797136,
    57.92498425746122,
    57.73292657349633,
    57.5382844238371,
    56.434337461221524,
    57.92222196060146,
    59.96432774699364,
    58.97826996702345,
    61.864096780856265,
    64.50071928411911,
    65.12720692612244,
    65.92814403520367,
    65.39949155225148,
    68.15246403947378,
    66.97184840596739,
    64.54149510162387,
    63.76721794370756,
    60.33679123587485,
    60.422314525547385,
    59.58159788416378,
    58.90652446127041,
    57.39932866823881,
    59.731493243469146,
    58.67118331327348,
    55.70271347890863,
    54.17617466039117,
    52.62080454859674,
    53.09613975721309,
    53.86765325788117,
    53.45328881355691,
    55.27035375433503,
    55.44504906525762,
    56.39236092186555,
    57.68854982292959,
    56.7331468284559,
    56.76674601863471,
    59.001732802183035,
    58.09709693155689,
    57.611001558414124,
    55.646318313955405,
    53.08511405715159,
    52.48693077181714,
    53.777397822216166,
    53.75318581620228,
    51.584838948799664,
    54.6238539215578,
    53.4779372395829,
    53.01635465278389
  ],
  "actions": [],
  "observations": [
    1,
    1,
    1,
    1,
    1,
    1,
    1,
    1,
    1,
    0,
    1,
    1,
    1,
    1,
    1,
    1,
    0,
    0,
    0,
    1,
    0,
    0,
    0,
    1,
    0,
    1,
    1,
    1,
    1,
    1,
    1,
    1,
    1,
    1,
    1,
    1,
    1,
    1,
    1,
    1,
    2,
    2,
    1,
    2,
    2,
    2,
    2,
    2,
    2,
    1,
    1,
    1,
    1,
    1,
    1,
    1,
    1,
    1,
    1,
    2,
    2,
    2,
    2,
    2,
    2,
    2,
    2,
    2,
    2,
    2,
    2,
    2,
    2,
    2,
    2,
    2,
    2,
    2,
    2,
    2,
    2,
    2,
    2,
    2,
    2,
    2,
    2,
    2,
    2,
    2,
    2,
    2,
    2,
    2,
    2,
    2,
    1,
    2,
    2,
    2,
    2,
    2,
    2,
    2,
    2,
    2,
    2,
    2,
    2,
    2,
    2,
    2,
    2,
    2,
    2,
    2,
    2,
    2,
    2,
    2,
    2,
    2,
    2,
    2,
    2,
    2,
    2,
    2,
    2,
    2,
    2,
    2,
    2,
    2,
    2,
    2,
    2,
    2,
    2,
    2,
    2,
    2,
    2,
    2,
    2,
    2,
    2,
    2,
    2,
    2,
    2,
    2,
    2,
    2,
    2,
    2,
    2,
    2,
    2,
    2,
    2,
    2,
    2,
    2,
    2,
    2,
    2,
    2,
    2,
    2,
    2,
    2,
    2,
    2,
    2,
    2,
    2,
    2,
    1,
    1,
    1,
    1,
    1,
    2,
    2,
    2,
    2,
    2,
    2,
    2,
    2,
    2,
    2,
    1,
    1,
    1,
    1,
    1,
    1,
    1
  ],