{
  "timesteps": [
    0,
    1,
    2,
    3,
    4,
    5,
    6,
    7,
    8,
    9,
    10,
    11,
    12,
    13,
    14,
    15,
    16,
    17,
    18,
    19,
    20,
    21,
    22,
    23,
    24,
    25,
    26,
    27,
    28,
    29,
    30,
    31,
    32,
    33,
    34,
    35,
    36,
    37,
    38,
    39,
    40,
    41,
    42,
    43,
    44,
    45,
    46,
    47,
    48,
    49,
    50,
    51,
    52,
    53,
    54,
    55,
    56,
    57,
    58,
    59,
    60,
    61,
    62,
    63,
    64,
    65,
    66,
    67,
    68,
    69,
    70,
    71,
    72,
    73,
    74,
    75,
    76,
    77,
    78,
    79,
    80,
    81,
    82,
    83,
    84,
    85,
    86,
    87,
    88,
    89,
    90,
    91,
    92,
    93,
    94,
    95,
    96,
    97,
    98,
    99,
    100,
    101,
    102,
    103,
    104,
    105,
    106,
    107,
    108,
    109,
    110,
    111,
    112,
    113,
    114,
    115,
    116,
    117,
    118,
    119,
    120,
    121,
    122,
    123,
    124,
    125,
    126,
    127,
    128,
    129,
    130,
    131,
    132,
    133,
    134,
    135,
    136,
    137,
    138,
    139,
    140,
    141,
    142,
    143,
    144,
    145,
    146,
    147,
    148,
    149,
    150,
    151,
    152,
    153,
    154,
    155,
    156,
    157,
    158,
    159,
    160,
    161,
    162,
    163,
    164,
    165,
    166,
    167,
    168,
    169,
    170,
    171,
    172,
    173,
    174,
    175,
    176,
    177,
    178,
    179,
    180,
    181,
    182,
    183,
    184,
    185,
    186,
    187,
    188,
    189,
    190,
    191,
    192,
    193,
    194,
    195,
    196,
    197,
    198,
    199
  ],
  "states": [
    50.0,
    49.79415342676245,
    52.272707472768225,
    50.83140518360643,
    52.492199940543,
    50.08432974260147,
    51.299369094761374,
    51.85199801505141,
    50.2679845655735,
    51.15929230897336,
    46.79251298669577,
    47.67809421313466,
    49.565518516244246,
    49.51403474433169,
    50.44161799851249,
    51.02913062873245,
    53.26399539724148,
    54.09629992359121,
    52.729371359471216,
    50.55789444782305,
    49.574514501580694,
    50.443321511404534,
    48.44145885236346,
    48.323559254299205,
    46.2535235821372,
    45.67222392036716,
    46.07643426352021,
    41.276575364511736,
    44.61446777653348,
    46.96142540735108,
    47.84835764085471,
    49.32749579230268,
    51.45529116675161,
    53.782289216322795,
    55.78593124253408,
    56.853764102698406,
    56.85272674137752,
    58.533033403028114,
    60.136194103554246,
    60.01860881554815,
    57.444649857697684,
    58.02531105402808,
    57.05144848319368,
    57.326743881939194,
    55.09870352803676,
    54.88690664419907,
    55.300324381286714,
    54.35928846618311,
    54.321305170271295,
    55.22481369770668,
    54.83307042219441,
    54.367359835262434,
    53.732346590990936,
    51.31104029845781,
    52.249275733027986,
    50.58600799075718,
    52.221657595970676,
    49.682475012600946,
    48.02366533537412,
    49.40435798655436,
    49.57976316980216,
    47.646917693074606,
    50.0330032268344,
    50.29423442130583,
    51.67750337597356,
    53.82429657481592,
    56.02736056980275,
    55.52169991034323,
    55.5365062307478,
    52.1044087923204,
    54.139315285987756,
    55.28045966364269,
    55.89426464220675,
    57.81215411375906,
    58.16675351194132,
    56.887877396901864,
    53.75808646039305,
    56.03474222027795,
    54.69441560449682,
    54.36010394552261,
    52.84864464201877,
    52.00614422189058,
    55.765122285648296,
    55.124537170242455,
    55.76755264222562,
    55.163521459077245,
    52.63988831015783,
    51.90188511636601,
    51.28494473938663,
    51.262818979891776,
    51.47439426784734,
    54.35177693108076,
    57.604028385987576,
    56.58279097901291,
    57.0262901777058,
    56.03828034800384,
    56.70247862218126,
    56.35588041309524,
    57.36365673500012,
    57.93910391604612,
    57.54765548044834,
    58.04383272755025,
    59.2110817491475,
    63.346589223308314,
    65.28873573589733,
    67.00683175074302,
    68.35646005027179,
    69.35318402893444,
    67.40238395025234,
    68.08531929890938,
    71.07680730641677,
    69.80019524751879,
    70.97886032420912,
    70.31633363175747,
    69.36252831308715,
    69.45185545238571,
    70.6675705957572,
    74.35387745081024,
    73.84847302769602,
    73.99667431603682,
    76.82523770073122,
    76.06783305471008,
    76.24091378167661,
    76.0127912035665,
    73.18536509217247,
    71.62545070687909,
    70.81883423748421,
    69.82126571642101,
    70.7312235186891,
    71.95962453737224,
    71.08956592802632,
    71.33578762611376,
    73.28759211592124,
    75.9841793078781,
    78.37432168649038,
    80.41227943353799,
    77.30522352541358,
    78.93463334010298,
    79.06976026217829,
    77.69243635504895,
    76.25866384410644,
    75.91226774024285,
    76.10326946140532,
    73.92847973108155,
    73.27792389196438,
    72.52109261341424,
    71.64320311224793,
    70.9953700456547,
    70.07700218778388,
    68.595058649704,
    67.0716403952256,
    65.41986450923454,
    66.2414443326641,
    64.8034837082789,
    63.74582475731087,
    66.14478538554647,
    69.42557412214927,
    68.2175213517959,
    67.52508054869249,
    67.65851412910793,
    69.24234423255687,
    69.74366334925574,
    71.34742494291409,
    68.83473416365081,
    70.07771967819833,
    69.962172693301,
    68.49064226176745,
    66.81076239201779,
    67.934194396453,
    67.67145275597125,
    68.59978422556179,
    68.68784691826681,
    66.86238236380352,
    67.07643353361281,
    68.4488994904184,
    70.58203488651274,
    69.78199436774644,
    70.40880641841005,
    70.35466707522642,
    72.40153600747384,
    72.40942196806894,
    71.09964763809562,
    70.48095685875631,
    71.03190950370016,
    72.28247798506781,
    72.54085079238342,
    70.53764851123516,
    70.50716419035078,
    70.78847243295552,
    72.80388891813706,
    73.55426592624784,
    73.81213569561996,
    71.09983366704935,
    70.31422391578248,
    73.32008836463787,
    75.28385559824923,
    74.40800874344153,
    74.5785459300902,
    77.09194623322419,
    75.01496543785163,
    75.2411232008399
  ],
  "actions": [],
  "observations": [
    1,
    1,
    1,
    1,
    1,
    1,
    1,
    1,
    1,
    1,
    1,
    1,
    1,
    1,
    1,
    1,
    1,
    1,
    1,
    1,
    1,
    1,
    1,
    1,
    1,
    1,
    1,
    0,
    0,
    1,
    1,
    1,
    1,
    1,
    2,
    2,
    2,
    2,
    2,
    2,
    2,
    2,
    2,
    2,
    2,
    1,
    2,
    1,
    1,
    2,
    1,
    1,
    1,
    1,
    1,
    1,
    1,
    1,
    1,
    1,
    1,
    1,
    1,
    1,
    1,
    1,
    2,
    2,
    2,
    1,
    1,
    2,
    2,
    2,
    2,
    2,
    1,
    2,
    1,
    1,
    1,
    1,
    2,
    2,
    2,
    2,
    1,
    1,
    1,
    1,
    1,
    1,
    2,
    2,
    2,
    2,
    2,
    2,
    2,
    2,
    2,
    2,
    2,
    2,
    2,
    2,
    2,
    2,
    2,
    2,
    2,
    2,
    2,
    2,
    2,
    2,
    2,
    2,
    2,
    2,
    2,
    2,
    2,
    2,
    2,
    2,
    2,
    2,
    2,
    2,
    2,
    2,
    2,
    2,
    2,
    2,
    2,
    2,
    2,
    2,
    2,
    2,
    2,
    2,
    2,
    2,
    2,
    2,
    2,
    2,
    2,
    2,
    2,
    2,
    2,
    2,
    2,
    2,
    2,
    2,
    2,
    2,
    2,
    2,
    2,
    2,
    2,
    2,
    2,
    2,
    2,
    2,
    2,
    2,
    2,
    2,
    2,
    2,
    2,
    2,
    2,
    2,
    2,
    2,
    2,
    2,
    2,
    2,
    2,
    2,
    2,
    2,
    2,
    2,
    2,
    2,
    2,
    2,
    2,
    2
  ],