{
  "timesteps": [
    0,
    1,
    2,
    3,
    4,
    5,
    6,
    7,
    8,
    9,
    10,
    11,
    12,
    13,
    14,
    15,
    16,
    17,
    18,
    19,
    20,
    21,
    22,
    23,
    24,
    25,
    26,
    27,
    28,
    29,
    30,
    31,
    32,
    33,
    34,
    35,
    36,
    37,
    38,
    39,
    40,
    41,
    42,
    43,
    44,
    45,
    46,
    47,
    48,
    49,
    50,
    51,
    52,
    53,
    54,
    55,
    56,
    57,
    58,
    59,
    60,
    61,
    62,
    63,
    64,
    65,
    66,
    67,
    68,
    69,
    70,
    71,
    72,
    73,
    74,
    75,
    76,
    77,
    78,
    79,
    80,
    81,
    82,
    83,
    84,
    85,
    86,
    87,
    88,
    89,
    90,
    91,
    92,
    93,
    94,
    95,
    96,
    97,
    98,
    99,
    100,
    101,
    102,
    103,
    104,
    105,
    106,
    107,
    108,
    109,
    110,
    111,
    112,
    113,
    114,
    115,
    116,
    117,
    118,
    119,
    120,
    121,
    122,
    123,
    124,
    125,
    126,
    127,
    128,
    129,
    130,
    131,
    132,
    133,
    134,
    135,
    136,
    137,
    138,
    139,
    140,
    141,
    142,
    143,
    144,
    145,
    146,
    147,
    148,
    149,
    150,
    151,
    152,
    153,
    154,
    155,
    156,
    157,
    158,
    159,
    160,
    161,
    162,
    163,
    164,
    165,
    166,
    167,
    168,
    169,
    170,
    171,
    172,
    173,
    174,
    175,
    176,
    177,
    178,
    179,
    180,
    181,
    182,
    183,
    184,
    185,
    186,
    187,
    188,
    189,
    190,
    191,
    192,
    193,
    194,
    195,
    196,
    197,
    198,
    199
  ],
  "states": [
    50.0,
    51.011280784600935,
    51.8157244526086,
    53.19297250730165,
    53.97543755730522,
    53.92956344826568,
    55.17593975494381,
    54.702397256869574,
    55.16633292049248,
    53.91685672211841,
    52.41547366373154,
    53.6502222470522,
    54.134036327494556,
    54.29555234745771,
    53.094057311330445,
    52.750967748831535,
    53.378513428076104,
    53.1677448809995,
    52.44813203382683,
    53.063568224713336,
    52.31418001564854,
    51.94618685344218,
    52.357260562376126,
    52.5671644244333,
    54.3097375626148,
    54.19814607471102,
    55.26013431894502,
    54.366433852621554,
    52.42666542922457,
    50.69212520371407,
    51.382689285491246,
    50.75303541693264,
    49.74162818914982,
    49.96554233515595,
    49.40628049259756,
    49.28780617903347,
    51.43733024322846,
    50.90922254702424,
    50.87025741731659,
    51.05371065320807,
    51.835344107119504,
    52.09198599637276,
    52.454625462576004,
    51.99288581182836,
    50.7151620114773,
    51.552136188434176,
    52.08901715271888,
    51.406173328115905,
    52.2415630702126,
    54.07426396224074,
    54.06842635360486,
    54.545242734805186,
    54.478872219313075,
    53.39146759059562,
    53.51237343152579,
    52.887520780466566,
    51.306060937362695,
    52.075408163329804,
    51.2211267031471,
    51.536099744078165,
    51.60002515582462,
    50.58508708823257,
    51.289366523394776,
    52.447030931994284,
    53.94670418391793,
    54.11918438577288,
    54.544260074965784,
    54.325698410345915,
    54.02243072774244,
    54.43605932165897,
    55.423441445671976,
    55.57887304631978,
    56.86095264278799,
    56.21361692770272,
    55.773023292840726,
    57.07046890107454,
    56.80981616471912,
    55.41416278918563,
    56.49093049469979,
    54.77486013158251,
    55.11519407348774,
    54.47948125670018,
    53.94993189159272,
    53.945231876312896,
    53.509465226800366,
    55.492988199126486,
    55.30534816797355,
    55.006238895887186,
    56.05804330097,
    56.042186833447595,
    55.63574166711921,
    54.09851714516144,
    53.08853297447235,
    54.45154449856457,
    54.81518980334041,
    55.50543976139884,
    55.159520003384976,
    54.413019261654966,
    53.422689002756336,
    53.73550437926596,
    51.88567984027049,
    53.605287890733045,
    53.1894080424599,
    53.31664504589247,
    52.805352680356705,
    52.839873815574094,
    50.81687880561615,
    50.34033911623105,
    49.41612771635047,
    50.81000019018981,
    51.53601226283641,
    53.37025563332388,
    52.637206515656,
    53.22034128311307,
    53.616515696444,
    53.728532228447726,
    53.77508320142634,
    54.11591833289759,
    54.168188094280936,
    54.62890936518923,
    55.06128342347665,
    53.606994897592095,
    52.99327969484871,
    53.46907202842793,
    54.110815259785454,
    55.507082639244565,
    54.776647771477634,
    54.49838093013807,
    54.68729719459115,
    54.84185073267932,
    54.520882708759494,
    54.108604563254154,
    52.62048830678417,
    52.030606042203594,
    51.54847292575995,
    52.32622449742835,
    50.571360315759726,
    49.2527567790073,
    48.420976735111076,
    48.40156023825763,
    48.74869768360082,
    49.510664880440615,
    50.205613237996374,
    50.54334350331048,
    50.2271667810143,
    52.09877490424979,
    52.62842406772608,
    52.71346521678221,
    50.555073732656034,
    48.94511435528216,
    49.5752772675084,
    49.33195607000298,
    49.47073616195652,
    48.95212146487389,
    47.425040656498325,
    48.208148929774424,
    47.672364415328325,
    46.95702459021712,
    46.7437624861595,
    47.83739682180632,
    48.034496868590246,
    48.18046535710649,
    48.19185241433215,
    46.60778184990059,
    47.117577554734254,
    47.66051390221001,
    46.83757412918388,
    48.297264095104374,
    47.96544344081306,
    47.53496410825327,
    47.89452601599835,
    48.92155343286774,
    49.12439284173023,
    48.27687586083168,
    47.4703033606087,
    48.045107084061016,
    48.20350247661892,
    48.59488128705764,
    48.450911919324454,
    48.55576359335148,
    47.0335468058534,
    46.97991111243727,
    45.37545083982703,
    46.292546045208844,
    44.382634919131995,
    43.48840399318746,
    43.27108591128687,
    42.123445680582236,
    41.598172772737186,
    40.882541145410315,
    41.309434832045845,
    40.36087221167461,
    39.67498811816096,
    37.941237503928264,
    37.752528529362884,
    37.68647390662141,
    37.79734671596779,
    38.2095135544396,
    36.60350800724949,
    36.67000378181815,
    38.23311840107335
  ],
  "actions": [],
  "observations": [
    1,
    1,
    1,
    1,
    1,
    1,
    2,
    1,
    2,
    1,
    1,
    1,
    1,
    1,
    1,
    1,
    1,
    1,
    1,
    1,
    1,
    1,
    1,
    1,
    1,
    1,
    2,
    1,
    1,
    1,
    1,
    1,
    1,
    1,
    1,
    1,
    1,
    1,
    1,
    1,
    1,
    1,
    1,
    1,
    1,
    1,
    1,
    1,
    1,
    1,
    1,
    1,
    1,
    1,
    1,
    1,
    1,
    1,
    1,
    1,
    1,
    1,
    1,
    1,
    1,
    1,
    1,
    1,
    1,
    1,
    2,
    2,
    2,
    2,
    2,
    2,
    2,
    2,
    2,
    1,
    2,
    1,
    1,
    1,
    1,
    2,
    2,
    2,
    2,
    2,
    2,
    1,
    1,
    1,
    1,
    2,
    2,
    1,
    1,
    1,
    1,
    1,
    1,
    1,
    1,
    1,
    1,
    1,
    1,
    1,
    1,
    1,
    1,
    1,
    1,
    1,
    1,
    1,
    1,
    1,
    2,
    1,
    1,
    1,
    1,
    2,
    1,
    1,
    1,
    1,
    1,
    1,
    1,
    1,
    1,
    1,
    1,
    1,
    1,
    1,
    1,
    1,
    1,
    1,
    1,
    1,
    1,
    1,
    1,
    1,
    1,
    1,
    1,
    1,
    1,
    1,
    1,
    1,
    1,
    1,
    1,
    1,
    1,
    1,
    1,
    1,
    1,
    1,
    1,
    1,
    1,
    1,
    1,
    1,
    1,
    1,
    1,
    1,
    1,
    1,
    1,
    1,
    1,
    1,
    0,
    0,
    0,
    0,
    0,
    0,
    0,
    0,
    0,
    0,
    0,
    0,
    0,
    0,
    0,
    0
  ],