{
  "timesteps": [
    0,
    1,
    2,
    3,
    4,
    5,
    6,
    7,
    8,
    9,
    10,
    11,
    12,
    13,
    14,
    15,
    16,
    17,
    18,
    19,
    20,
    21,
    22,
    23,
    24,
    25,
    26,
    27,
    28,
    29,
    30,
    31,
    32,
    33,
    34,
    35,
    36,
    37,
    38,
    39,
    40,
    41,
    42,
    43,
    44,
    45,
    46,
    47,
    48,
    49,
    50,
    51,
    52,
    53,
    54,
    55,
    56,
    57,
    58,
    59,
    60,
    61,
    62,
    63,
    64,
    65,
    66,
    67,
    68,
    69,
    70,
    71,
    72,
    73,
    74,
    75,
    76,
    77,
    78,
    79,
    80,
    81,
    82,
    83,
    84,
    85,
    86,
    87,
    88,
    89,
    90,
    91,
    92,
    93,
    94,
    95,
    96,
    97,
    98,
    99,
    100,
    101,
    102,
    103,
    104,
    105,
    106,
    107,
    108,
    109,
    110,
    111,
    112,
    113,
    114,
    115,
    116,
    117,
    118,
    119,
    120,
    121,
    122,
    123,
    124,
    125,
    126,
    127,
    128,
    129,
    130,
    131,
    132,
    133,
    134,
    135,
    136,
    137,
    138,
    139,
    140,
    141,
    142,
    143,
    144,
    145,
    146,
    147,
    148,
    149,
    150,
    151,
    152,
    153,
    154,
    155,
    156,
    157,
    158,
    159,
    160,
    161,
    162,
    163,
    164,
    165,
    166,
    167,
    168,
    169,
    170,
    171,
    172,
    173,
    174,
    175,
    176,
    177,
    178,
    179,
    180,
    181,
    182,
    183,
    184,
    185,
    186,
    187,
    188,
    189,
    190,
    191,
    192,
    193,
    194,
    195,
    196,
    197,
    198,
    199
  ],
  "states": [
    50.0,
    48.513837710920576,
    48.474496380079664,
    51.233957524749535,
    50.08933225832731,
    49.976251339468824,
    50.97671109803297,
    50.732616293581636,
    49.00737095852788,
    50.25019650979894,
    49.564692300453494,
    47.898145143995585,
    46.59637211279577,
    47.6648165826883,
    50.34901317039108,
    52.41238992112372,
    51.18790674092762,
    51.71101962331387,
    53.37092813666641,
    50.21841980768918,
    49.51336936981211,
    49.68207396977135,
    47.86031282193173,
    48.230777869939935,
    49.69735039312418,
    47.53273713233065,
    47.899474745247495,
    48.23969174631069,
    47.39272613747762,
    46.36471757621416,
    43.88997484102406,
    44.386017498261126,
    41.50815778704906,
    39.870781961864104,
    40.16973982559837,
    38.00264442022235,
    36.36766219411341,
    35.8119473119124,
    34.66023297703898,
    35.36613207892852,
    37.00506781447697,
    36.5439807859079,
    36.56891282588826,
    37.52455585894602,
    37.398823216069374,
    38.26083743486626,
    35.90038384922441,
    35.83109128609827,
    36.381345940997896,
    35.637744948605985,
    34.883996927831696,
    36.164298993674635,
    36.29518918156468,
    33.43426701151746,
    31.459955806330587,
    31.25887839083958,
    31.96613175761983,
    34.62739231344067,
    34.13208245785087,
    34.078941661503954,
    32.44131138783597,
    31.975475933334504,
    30.314427166390065,
    30.866333924380033,
    30.144857159188813,
    29.168946495300215,
    28.743369505697228,
    29.045405289588807,
    29.76446032464825,
    28.83605563468538,
    29.967373731902153,
    28.976804471596346,
    29.771362773813824,
    27.503424400859142,
    27.667949664040815,
    26.418138117671848,
    26.534303103656868,
    26.43224766495556,
    26.47817182446449,
    28.482282060717907,
    28.855943560473825,
    28.552696719764096,
    28.67227543347456,
    27.749644539301322,
    27.26368875020939,
    26.524611910282793,
    26.749392830360925,
    24.72007999753388,
    25.076647068774186,
    26.38593486520658,
    26.140599645982277,
    26.848879037033445,
    29.340671416165847,
    28.97144876028702,
    29.657152181003237,
    28.775143952806733,
    27.55747351210811,
    27.115528004960797,
    29.024260824646813,
    26.77889687054446,
    26.537051634215928,
    26.568067910438636,
    24.646896826719438,
    23.545400225700654,
    22.975083063842547,
    21.94064884561904,
    22.41537543500072,
    21.66142772006204,
    23.172702467833957,
    23.655862731995313,
    23.988440779150398,
    22.90870865544115,
    22.585794518978137,
    23.85839837786183,
    25.92247620343724,
    27.11001032881227,
    28.05098017191477,
    25.780098137042362,
    26.410154170066065,
    26.797564145394038,
    27.21008736047688,
    27.200652332485113,
    28.387784285808575,
    28.916337779091425,
    27.79085982724945,
    30.3384776121542,
    31.290669333288665,
    31.042464762274342,
    33.579347819881626,
    34.993191983573034,
    36.01602174102672,
    34.57489399920164,
    32.83694683542493,
    32.37854245228712,
    29.63146544864132,
    27.52717150582385,
    27.34416884887915,
    26.359243748676512,
    27.718289280691856,
    27.761023283876202,
    27.847340108430856,
    28.986695849250907,
    28.20221530554368,
    27.676477262132764,
    24.65150032160433,
    26.579115465965923,
    25.367441330715863,
    25.243092456666517,
    27.733247657906634,
    28.91392707078913,
    27.710514446120285,
    26.282012392909518,
    23.603824488196945,
    23.158208978029563,
    23.27954196877364,
    23.907334079691765,
    25.612380239377927,
    27.709300802667432,
    26.83115383110103,
    26.503705565572254,
    25.494217192634792,
    26.565860651752608,
    26.05120827048642,
    26.460710883927916,
    29.113936504048223,
    29.687857466584326,
    29.583978104515122,
    29.62642745539276,
    31.529778131077023,
    31.497853351163904,
    27.72726102037248,
    27.197047579423575,
    24.837252004505388,
    25.193092834343624,
    25.256436332333855,
    23.929418783334338,
    23.552384406677337,
    23.113783352776014,
    23.402051736485078,
    22.36381670824128,
    22.00716334211208,
    24.415641209177377,
    24.71692861776717,
    26.39906512837498,
    27.713055872075845,
    28.973762797433128,
    30.037661703941883,
    30.3525864162562,
    26.935533779643826,
    26.917389231794008,
    28.468642524658584,
    28.49024461062504,
    28.88367462265522,
    27.234130018320997,
    26.838955799165625,
    25.756161392281797,
    23.336224481526614,
    23.79374474055294,
    23.166836208070837,
    19.35238658818929,
    19.67598306299607
  ],
  "actions": [],
  "observations": [
    1,
    1,
    1,
    1,
    1,
    1,
    1,
    1,
    1,
    1,
    1,
    1,
    1,
    1,
    1,
    1,
    1,
    1,
    1,
    1,
    1,
    1,
    1,
    1,
    1,
    1,
    1,
    1,
    1,
    1,
    0,
    0,
    0,
    0,
    0,
    0,
    0,
    0,
    0,
    0,
    0,
    0,
    0,
    0,
    0,
    0,
    0,
    0,
    0,
    0,
    0,
    0,
    0,
    0,
    0,
    0,
    0,
    0,
    0,
    0,
    0,
    0,
    0,
    0,
    0,
    0,
    0,
    0,
    0,
    0,
    0,
    0,
    0,
    0,
    0,
    0,
    0,
    0,
    0,
    0,
    0,
    0,
    0,
    0,
    0,
    0,
    0,
    0,
    0,
    0,
    0,
    0,
    0,
    0,
    0,
    0,
    0,
    0,
    0,
    0,
    0,
    0,
    0,
    0,
    0,
    0,
    0,
    0,
    0,
    0,
    0,
    0,
    0,
    0,
    0,
    0,
    0,
    0,
    0,
    0,
    0,
    0,
    0,
    0,
    0,
    0,
    0,
    0,
    0,
    0,
    0,
    0,
    0,
    0,
    0,
    0,
    0,
    0,
    0,
    0,
    0,
    0,
    0,
    0,
    0,
    0,
    0,
    0,
    0,
    0,
    0,
    0,
    0,
    0,
    0,
    0,
    0,
    0,
    0,
    0,
    0,
    0,
    0,
    0,
    0,
    0,
    0,
    0,
    0,
    0,
    0,
    0,
    0,
    0,
    0,
    0,
    0,
    0,
    0,
    0,
    0,
    0,
    0,
    0,
    0,
    0,
    0,
    0,
    0,
    0,
    0,
    0,
    0,
    0,
    0,
    0,
    0,
    0,
    0,
    0
  ],