{
  "timesteps": [
    0,
    1,
    2,
    3,
    4,
    5,
    6,
    7,
    8,
    9,
    10,
    11,
    12,
    13,
    14,
    15,
    16,
    17,
    18,
    19,
    20,
    21,
    22,
    23,
    24,
    25,
    26,
    27,
    28,
    29,
    30,
    31,
    32,
    33,
    34,
    35,
    36,
    37,
    38,
    39,
    40,
    41,
    42,
    43,
    44,
    45,
    46,
    47,
    48,
    49,
    50,
    51,
    52,
    53,
    54,
    55,
    56,
    57,
    58,
    59,
    60,
    61,
    62,
    63,
    64,
    65,
    66,
    67,
    68,
    69,
    70,
    71,
    72,
    73,
    74,
    75,
    76,
    77,
    78,
    79,
    80,
    81,
    82,
    83,
    84,
    85,
    86,
    87,
    88,
    89,
    90,
    91,
    92,
    93,
    94,
    95,
    96,
    97,
    98,
    99,
    100,
    101,
    102,
    103,
    104,
    105,
    106,
    107,
    108,
    109,
    110,
    111,
    112,
    113,
    114,
    115,
    116,
    117,
    118,
    119,
    120,
    121,
    122,
    123,
    124,
    125,
    126,
    127,
    128,
    129,
    130,
    131,
    132,
    133,
    134,
    135,
    136,
    137,
    138,
    139,
    140,
    141,
    142,
    143,
    144,
    145,
    146,
    147,
    148,
    149,
    150,
    151,
    152,
    153,
    154,
    155,
    156,
    157,
    158,
    159,
    160,
    161,
    162,
    163,
    164,
    165,
    166,
    167,
    168,
    169,
    170,
    171,
    172,
    173,
    174,
    175,
    176,
    177,
    178,
    179,
    180,
    181,
    182,
    183,
    184,
    185,
    186,
    187,
    188,
    189,
    190,
    191,
    192,
    193,
    194,
    195,
    196,
    197,
    198,
    199
  ],
  "states": [
    50.0,
    49.928107432483344,
    49.88398668678435,
    50.095291919495594,
    49.637078828577025,
    49.809324831354054,
    50.0345774882835,
    49.92987717227358,
    49.51159088204438,
    49.90139359752617,
    49.43314963346684,
    49.29891310788874,
    49.58856521868929,
    49.26295371359472,
    48.762249951070636,
    48.2161472093233,
    48.2750410067218,
    47.999791824916144,
    47.840002274703636,
    48.2937760309908,
    48.216515466046545,
    48.18040195340191,
    48.211522873536495,
    48.050971101362485,
    48.43694256863445,
    48.39027483834493,
    48.224405189922166,
    48.224737398470445,
    48.36056288825371,
    48.63218888823748,
    48.36901238847439,
    48.20003863585597,
    47.79766314009503,
    47.9129882235206,
    47.85224574162575,
    47.88362422315102,
    48.42895505893858,
    48.227240628285735,
    48.22381034060789,
    47.51981423946691,
    47.123881282753025,
    46.88727629306831,
    46.85471048383423,
    46.841675010144826,
    46.96988214805266,
    46.76851572176345,
    46.845577935041966,
    47.0995444102096,
    47.174479768951265,
    47.20716274607192,
    47.01203520899394,
    46.93757573913759,
    46.394803225032234,
    46.34646532916226,
    45.72830463184357,
    45.78664829008686,
    46.19579985637824,
    46.12649944841098,
    46.022409062638665,
    45.861001821054984,
    45.95866595333493,
    45.96942750412786,
    45.30421187229457,
    45.301485738670756,
    45.18049517620601,
    44.49889027995983,
    44.75086365912834,
    44.61964100170862,
    44.79884182351366,
    45.415660838761006,
    45.95205043266145,
    46.123767079877325,
    45.6681815128281,
    45.76061103880158,
    45.59195382932171,
    45.95552002937235,
    46.03995881302912,
    45.859530938437466,
    45.89076207325122,
    45.79741181331008,
    46.163256401163984,
    46.15858527852642,
    46.19870698754064,
    45.79068550716479,
    45.60378405198405,
    45.45234386358994,
    45.5878382154345,
    45.477485235976715,
    45.290715202623424,
    45.27573801717236,
    45.063542224280496,
    45.62216777925162,
    45.17299258417666,
    44.503006860834674,
    44.06918517413487,
    43.82369532293948,
    44.08151215350494,
    43.67791071238373,
    43.306174729768756,
    43.72412356858027,
    43.95906619770273,
    44.20052431865297,
    44.77873256072761,
    44.898957973704206,
    45.12961247121095,
    45.374674666801326,
    45.21141413461373,
    45.34694560755291,
    45.76108091441382,
    45.8513693423784,
    46.113940808680724,
    45.91760797556561,
    46.302445072675425,
    45.604286716272,
    45.461094327292344,
    44.990565423753246,
    45.59199742845537,
    45.71366159333168,
    45.75736000206965,
    45.693303378372725,
    45.488517590760935,
    45.74539050786633,
    45.84348134339512,
    45.692878856767656,
    45.73192073624468,
    46.010002394845074,
    45.92144420428168,
    46.31046847701667,
    46.446305600297805,
    46.355384463409074,
    47.03154165856312,
    47.20895459652516,
    47.768036844909986,
    47.825000717389756,
    47.575993449431984,
    47.268693320723074,
    47.0243496869492,
    47.20051833096969,
    47.269357303254985,
    47.24122674933579,
    47.33223962057478,
    47.840272137870485,
    47.543374111081974,
    47.98734478631156,
    48.4504069829252,
    48.4137501433001,
    48.20174078711845,
    49.12714436591947,
    49.7847902918913,
    50.05989342810495,
    50.26344301888978,
    50.507536532137216,
    50.24145240332644,
    50.51096611571538,
    50.22538656533375,
    50.0455762271797,
    50.155547007037434,
    50.37732470329615,
    50.599378028138695,
    50.49359599565194,
    50.640929552057855,
    50.447519570917336,
    49.98810885664779,
    49.80483496049944,
    49.69859464732627,
    49.67861504534576,
    50.11050672590251,
    49.824159618553466,
    49.85971525344777,
    50.34113004221885,
    50.323228492246194,
    50.46188178037513,
    50.367407643117865,
    50.81267369664616,
    50.05243240265854,
    50.16959314269284,
    50.514845260771395,
    50.209134259095165,
    50.07306511272218,
    50.20391534924073,
    50.51471513547939,
    50.30670471024514,
    50.322555789462555,
    50.52033014900948,
    50.69208374455996,
    50.98703522287129,
    51.446969371276346,
    51.62288448058998,
    52.146543376588596,
    52.36474423222522,
    52.431375954550326,
    52.74785000233937,
    53.28398297758941,
    53.41773313573726,
    53.303877857564224,
    52.68593401836751,
    52.502105682383586,
    52.374563368606005,
    52.428885195338104,
    52.33828728874587,
    52.4863999287684
  ],
  "actions": [],
  "observations": [
    1,
    1,
    1,
    1,
    1,
    1,
    1,
    1,
    1,
    1,
    1,
    1,
    1,
    1,
    1,
    1,
    1,
    1,
    1,
    1,
    1,
    1,
    1,
    1,
    1,
    1,
    1,
    1,
    1,
    1,
    1,
    1,
    1,
    1,
    1,
    1,
    1,
    1,
    1,
    1,
    1,
    1,
    1,
    1,
    1,
    1,
    1,
    1,
    1,
    1,
    1,
    1,
    1,
    1,
    1,
    1,
    1,
    1,
    1,
    1,
    1,
    1,
    1,
    1,
    1,
    0,
    0,
    0,
    0,
    1,
    1,
    1,
    1,
    1,
    1,
    1,
    1,
    1,
    1,
    1,
    1,
    1,
    1,
    1,
    1,
    1,
    1,
    1,
    1,
    1,
    1,
    1,
    1,
    0,
    0,
    0,
    0,
    0,
    0,
    0,
    0,
    0,
    0,
    0,
    1,
    1,
    1,
    1,
    1,
    1,
    1,
    1,
    1,
    1,
    1,
    0,
    1,
    1,
    1,
    1,
    1,
    1,
    1,
    1,
    1,
    1,
    1,
    1,
    1,
    1,
    1,
    1,
    1,
    1,
    1,
    1,
    1,
    1,
    1,
    1,
    1,
    1,
    1,
    1,
    1,
    1,
    1,
    1,
    1,
    1,
    1,
    1,
    1,
    1,
    1,
    1,
    1,
    1,
    1,
    1,
    1,
    1,
    1,
    1,
    1,
    1,
    1,
    1,
    1,
    1,
    1,
    1,
    1,
    1,
    1,
    1,
    1,
    1,
    1,
    1,
    1,
    1,
    1,
    1,
    1,
    1,
    1,
    1,
    1,
    1,
    1,
    1,
    1,
    1,
    1,
    1,
    1,
    1,
    1,
    1
  ],