{
  "timesteps": [
    0,
    1,
    2,
    3,
    4,
    5,
    6,
    7,
    8,
    9,
    10,
    11,
    12,
    13,
    14,
    15,
    16,
    17,
    18,
    19,
    20,
    21,
    22,
    23,
    24,
    25,
    26,
    27,
    28,
    29,
    30,
    31,
    32,
    33,
    34,
    35,
    36,
    37,
    38,
    39,
    40,
    41,
    42,
    43,
    44,
    45,
    46,
    47,
    48,
    49,
    50,
    51,
    52,
    53,
    54,
    55,
    56,
    57,
    58,
    59,
    60,
    61,
    62,
    63,
    64,
    65,
    66,
    67,
    68,
    69,
    70,
    71,
    72,
    73,
    74,
    75,
    76,
    77,
    78,
    79,
    80,
    81,
    82,
    83,
    84,
    85,
    86,
    87,
    88,
    89,
    90,
    91,
    92,
    93,
    94,
    95,
    96,
    97,
    98,
    99,
    100,
    101,
    102,
    103,
    104,
    105,
    106,
    107,
    108,
    109,
    110,
    111,
    112,
    113,
    114,
    115,
    116,
    117,
    118,
    119,
    120,
    121,
    122,
    123,
    124,
    125,
    126,
    127,
    128,
    129,
    130,
    131,
    132,
    133,
    134,
    135,
    136,
    137,
    138,
    139,
    140,
    141,
    142,
    143,
    144,
    145,
    146,
    147,
    148,
    149,
    150,
    151,
    152,
    153,
    154,
    155,
    156,
    157,
    158,
    159,
    160,
    161,
    162,
    163,
    164,
    165,
    166,
    167,
    168,
    169,
    170,
    171,
    172,
    173,
    174,
    175,
    176,
    177,
    178,
    179,
    180,
    181,
    182,
    183,
    184,
    185,
    186,
    187,
    188,
    189,
    190,
    191,
    192,
    193,
    194,
    195,
    196,
    197,
    198,
    199
  ],
  "states": [
    50.0,
    50.07638280386042,
    49.92041764734441,
    49.925158775789534,
    49.99922818737987,
    49.88692126873932,
    49.93796509151999,
    50.034682122650885,
    49.98961037974497,
    49.97739198900695,
    49.94687392918868,
    49.99909700884341,
    49.99325202876949,
    49.944740139800146,
    49.8648124752709,
    49.71174048574195,
    49.870528353806115,
    49.71622376863079,
    49.655533091535325,
    49.601500011823376,
    49.666085179343206,
    49.713862952426396,
    49.635181033059155,
    49.76136152181368,
    49.709528713220685,
    49.763302681727836,
    49.80886544421392,
    49.84745780990382,
    49.76223919677696,
    49.86754954257291,
    49.94142886319565,
    49.85402047914582,
    49.92980649846121,
    49.929986542310175,
    50.029620268177624,
    50.02972119483123,
    50.067377191544054,
    49.79563953781585,
    49.84389847807331,
    49.749721867518026,
    49.95523451884438,
    49.79694174006889,
    49.81729658388179,
    49.85665211600334,
    49.832978484969914,
    49.88074369490787,
    49.86885643878314,
    49.792662285352904,
    50.004750351216124,
    49.99129757737795,
    50.03945327137692,
    50.24155938977819,
    50.225824765035576,
    50.26326839091077,
    50.24792986179615,
    50.23284868462552,
    50.20636417097533,
    50.12031718976153,
    50.10254429211948,
    50.11944452659591,
    50.12735667922173,
    50.05064702576535,
    50.09567698085963,
    50.098408022453256,
    50.16567183338968,
    50.25993485600361,
    50.368701974360036,
    50.347667491010654,
    50.48140680000183,
    50.542710002762156,
    50.66000409400693,
    50.624540442625374,
    50.514366688064584,
    50.414293691340475,
    50.362706392885194,
    50.31249812042713,
    50.269944351571745,
    49.9867707608525,
    49.80181154137723,
    49.872879086061936,
    49.76789253614538,
    49.738617044672004,
    49.60930402977137,
    49.487386341792806,
    49.4058628661338,
    49.48641868953713,
    49.55414290314647,
    49.4767747331241,
    49.49896376644069,
    49.25381103257673,
    49.15650341686884,
    49.16437170929942,
    49.189101265215854,
    49.24605665807427,
    49.2596150315136,
    49.26030310432137,
    49.18206787818823,
    49.19815080324246,
    49.214890590439914,
    49.029401844362376,
    49.065431907501996,
    49.161904297238515,
    49.25025589415488,
    49.34115573199365,
    49.34081742799575,
    49.42012497831593,
    49.443434194595405,
    49.54252769528633,
    49.601662398546615,
    49.587717700363484,
    49.520648718153,
    49.5169551277742,
    49.57555102513209,
    49.68963520256841,
    49.728835149693275,
    49.833473848658734,
    49.753645083250966,
    49.82673935357829,
    49.980754677021125,
    49.85339359748832,
    49.857174288301046,
    49.79112610417457,
    49.7332547274375,
    49.8094520501347,
    49.80149390546081,
    49.817667525402065,
    49.85000373374787,
    49.954086720694704,
    49.94658075542335,
    49.92552767750241,
    49.79343031740459,
    49.912076274965585,
    49.88973476358341,
    49.84487896963488,
    49.77740005096172,
    50.02990929252036,
    49.95852622421142,
    49.94618791630845,
    49.95116945209777,
    49.8055932111681,
    49.75238788371009,
    49.79727388536972,
    49.791017062272495,
    49.81361101354592,
    49.97295755810092,
    49.969776445361774,
    49.976785627323636,
    50.085333853674726,
    50.00125129604692,
    49.9386609613484,
    50.0379828448432,
    50.127524512278924,
    50.04425868502839,
    50.18389249673242,
    50.22921565491912,
    50.29246718675991,
    50.36232475315205,
    50.54674415089659,
    50.689521841793685,
    50.671925017967986,
    50.67901882811563,
    50.61582817714443,
    50.65543615091369,
    50.686264665918706,
    50.352804342591256,
    50.36339703083467,
    50.61129176991767,
    50.61192094852081,
    50.52218158579312,
    50.461115353219796,
    50.441636666649245,
    50.48691383110593,
    50.36317934593957,
    50.46665379753427,
    50.448540791638315,
    50.36301453719674,
    50.378085430426964,
    50.3042981512219,
    50.132872673283046,
    50.049671553273456,
    49.98560003595558,
    50.09056343104533,
    49.84178471488292,
    49.949849666041494,
    50.02563054762926,
    50.00870897546722,
    50.04313987445325,
    49.98943465173663,
    50.04035347911054,
    50.04955052378228,
    50.06280731241555,
    50.00562885246439,
    50.03547556088777,
    50.24924965879793,
    50.24844727022897,
    50.252257278329466,
    50.25140813143631,
    50.22111166593472,
    50.07879963007824,
    50.107683830761104,
    50.15763392291783
  ],
  "actions": [],
  "observations": [
    1,
    1,
    1,
    1,
    1,
    1,
    1,
    1,
    1,
    1,
    1,
    1,
    1,
    1,
    1,
    1,
    1,
    1,
    1,
    1,
    1,
    1,
    1,
    1,
    1,
    1,
    1,
    1,
    1,
    1,
    1,
    1,
    1,
    1,
    1,
    1,
    1,
    1,
    1,
    1,
    1,
    1,
    1,
    1,
    1,
    1,
    1,
    1,
    1,
    1,
    1,
    1,
    1,
    1,
    1,
    1,
    1,
    1,
    1,
    1,
    1,
    1,
    1,
    1,
    1,
    1,
    1,
    1,
    1,
    1,
    1,
    1,
    1,
    1,
    1,
    1,
    1,
    1,
    1,
    1,
    1,
    1,
    1,
    1,
    1,
    1,
    1,
    1,
    1,
    1,
    1,
    1,
    1,
    1,
    1,
    1,
    1,
    1,
    1,
    1,
    1,
    1,
    1,
    1,
    1,
    1,
    1,
    1,
    1,
    1,
    1,
    1,
    1,
    1,
    1,
    1,
    1,
    1,
    1,
    1,
    1,
    1,
    1,
    1,
    1,
    1,
    1,
    1,
    1,
    1,
    1,
    1,
    1,
    1,
    1,
    1,
    1,
    1,
    1,
    1,
    1,
    1,
    1,
    1,
    1,
    1,
    1,
    1,
    1,
    1,
    1,
    1,
    1,
    1,
    1,
    1,
    1,
    1,
    1,
    1,
    1,
    1,
    1,
    1,
    1,
    1,
    1,
    1,
    1,
    1,
    1,
    1,
    1,
    1,
    1,
    1,
    1,
    1,
    1,
    1,
    1,
    1,
    1,
    1,
    1,
    1,
    1,
    1,
    1,
    1,
    1,
    1,
    1,
    1,
    1,
    1,
    1,
    1,
    1,
    1
  ],