{
  "timesteps": [
    0,
    1,
    2,
    3,
    4,
    5,
    6,
    7,
    8,
    9,
    10,
    11,
    12,
    13,
    14,
    15,
    16,
    17,
    18,
    19,
    20,
    21,
    22,
    23,
    24,
    25,
    26,
    27,
    28,
    29,
    30,
    31,
    32,
    33,
    34,
    35,
    36,
    37,
    38,
    39,
    40,
    41,
    42,
    43,
    44,
    45,
    46,
    47,
    48,
    49,
    50,
    51,
    52,
    53,
    54,
    55,
    56,
    57,
    58,
    59,
    60,
    61,
    62,
    63,
    64,
    65,
    66,
    67,
    68,
    69,
    70,
    71,
    72,
    73,
    74,
    75,
    76,
    77,
    78,
    79,
    80,
    81,
    82,
    83,
    84,
    85,
    86,
    87,
    88,
    89,
    90,
    91,
    92,
    93,
    94,
    95,
    96,
    97,
    98,
    99,
    100,
    101,
    102,
    103,
    104,
    105,
    106,
    107,
    108,
    109,
    110,
    111,
    112,
    113,
    114,
    115,
    116,
    117,
    118,
    119,
    120,
    121,
    122,
    123,
    124,
    125,
    126,
    127,
    128,
    129,
    130,
    131,
    132,
    133,
    134,
    135,
    136,
    137,
    138,
    139,
    140,
    141,
    142,
    143,
    144,
    145,
    146,
    147,
    148,
    149,
    150,
    151,
    152,
    153,
    154,
    155,
    156,
    157,
    158,
    159,
    160,
    161,
    162,
    163,
    164,
    165,
    166,
    167,
    168,
    169,
    170,
    171,
    172,
    173,
    174,
    175,
    176,
    177,
    178,
    179,
    180,
    181,
    182,
    183,
    184,
    185,
    186,
    187,
    188,
    189,
    190,
    191,
    192,
    193,
    194,
    195,
    196,
    197,
    198,
    199
  ],
  "states": [
    50.0,
    50.06260868932316,
    50.086883186561025,
    50.27716806455384,
    50.23733323262874,
    50.327395503821,
    50.206906877762364,
    50.257889473449,
    50.216650305063865,
    50.208228621201435,
    50.18294833961925,
    50.19460623444425,
    50.13809713251073,
    50.066272747627636,
    49.99801227136694,
    50.03299392096001,
    50.00571274006967,
    50.08324470914838,
    50.12167554866723,
    50.105113864041364,
    50.05114271855652,
    50.01129522491687,
    49.99896990212324,
    49.970461254493145,
    49.87621950388678,
    49.651165558183536,
    49.71768427293045,
    49.75221098108677,
    49.67859273787895,
    49.71364406915172,
    49.862578152091864,
    49.903465904551126,
    49.883944577815186,
    49.88516339871359,
    49.91089300846047,
    49.97367172518403,
    49.68126927751162,
    49.65064685646459,
    49.57991285342841,
    49.55031681240998,
    49.61995442123893,
    49.62700504482198,
    49.58480912442855,
    49.530760053288034,
    49.4106453555289,
    49.638949214172435,
    49.62086317380936,
    49.565167925440406,
    49.61103920096796,
    49.59011099673753,
    49.55625963202718,
    49.45363602103813,
    49.30966985537132,
    49.477848650774476,
    49.61939629575841,
    49.54545683621832,
    49.387062182556875,
    49.27322615274289,
    49.34241986560941,
    49.19358149048201,
    49.18040381683555,
    49.181736417057344,
    49.11818567061394,
    49.03795069054,
    49.06567229985948,
    48.8206421808065,
    48.8390760338052,
    48.884245126724764,
    48.81930094969612,
    49.027679728123175,
    49.00710627259058,
    49.12306178922828,
    49.0665821290452,
    48.916987608573976,
    48.88968631412839,
    48.82933082994035,
    48.96859686436407,
    49.00148185472826,
    48.827058056364606,
    48.85551291275704,
    48.90533441207248,
    48.83931420268185,
    48.7071648112887,
    48.74061415937131,
    48.63016247981316,
    48.52035694600562,
    48.5694135712606,
    48.29504936565998,
    48.41344238084242,
    48.414567593845774,
    48.47578942700154,
    48.51147977473855,
    48.37558716612122,
    48.42321963858915,
    48.37987217106525,
    48.533464886692094,
    48.66659831898977,
    48.70893010892998,
    48.83029842359109,
    48.82897788441257,
    48.8151681026546,
    49.00106532860073,
    49.1064547378094,
    49.06969092554445,
    49.24014439000663,
    49.14864716578065,
    49.056249138460764,
    48.94624277632568,
    48.86081015166935,
    48.96083194851196,
    48.942391532331804,
    48.840151365953204,
    48.89444831655534,
    48.854742663634994,
    48.768941096449446,
    48.77237158012347,
    48.74357806197828,
    48.777759909943015,
    48.744607473564386,
    48.65394996153148,
    48.59019934969767,
    48.6460269034933,
    48.78442659835593,
    48.63746909964185,
    48.70517720827947,
    48.911070871328626,
    49.03351298900526,
    49.22606191207359,
    49.32565493929678,
    49.271309217498654,
    49.090536165869274,
    48.951702508321176,
    48.97227357557704,
    48.868144291385725,
    48.84203254563436,
    48.91168464368824,
    48.76522112763247,
    48.77055241788012,
    48.58751411968171,
    48.80291385975201,
    48.83981878450758,
    48.94443658899599,
    48.996643977723046,
    49.02350626287383,
    49.058014324644894,
    49.06606274619112,
    49.13003288071518,
    49.167102628155945,
    49.17676029655007,
    49.20977870952917,
    49.25282989579189,
    49.29486121935638,
    49.39778989458791,
    49.406462975595026,
    49.78746294221335,
    49.7754182334091,
    49.783783667107556,
    49.5458472865988,
    49.585704213503064,
    49.69228220721176,
    49.75202700997502,
    49.8105729535482,
    49.88110530458289,
    49.73100866912506,
    49.75319700357964,
    49.793324257543105,
    49.8035457119839,
    49.74378181999012,
    49.7595706985833,
    49.87344138849859,
    49.79298620839786,
    49.7711093885985,
    49.709218005405205,
    49.75362721886917,
    49.768449210685134,
    49.85981889208108,
    49.86544911295584,
    49.667700287851474,
    49.68420956392235,
    49.561685382811994,
    49.47089258877157,
    49.56922574177475,
    49.682894520565355,
    49.740592419891414,
    49.85110393805,
    49.966953648952654,
    49.7819034485149,
    49.75774243434118,
    49.82139659915973,
    49.693731530949684,
    49.7216677736619,
    49.84611234476122,
    49.704063782365154,
    49.72165406328973,
    49.61422407388632,
    49.48211195055898,
    49.37736403850638,
    49.30844238652822,
    49.060038046874375,
    49.08405177040888,
    49.12338948643577
  ],
  "actions": [],
  "observations": [
    1,
    1,
    1,
    1,
    1,
    1,
    1,
    1,
    1,
    1,
    1,
    1,
    1,
    1,
    1,
    1,
    1,
    1,
    1,
    1,
    1,
    1,
    1,
    1,
    1,
    1,
    1,
    1,
    1,
    1,
    1,
    1,
    1,
    1,
    1,
    1,
    1,
    1,
    1,
    1,
    1,
    1,
    1,
    1,
    1,
    1,
    1,
    1,
    1,
    1,
    1,
    1,
    1,
    1,
    1,
    1,
    1,
    1,
    1,
    1,
    1,
    1,
    1,
    1,
    1,
    1,
    1,
    1,
    1,
    1,
    1,
    1,
    1,
    1,
    1,
    1,
    1,
    1,
    1,
    1,
    1,
    1,
    1,
    1,
    1,
    1,
    1,
    1,
    1,
    1,
    1,
    1,
    1,
    1,
    1,
    1,
    1,
    1,
    1,
    1,
    1,
    1,
    1,
    1,
    1,
    1,
    1,
    1,
    1,
    1,
    1,
    1,
    1,
    1,
    1,
    1,
    1,
    1,
    1,
    1,
    1,
    1,
    1,
    1,
    1,
    1,
    1,
    1,
    1,
    1,
    1,
    1,
    1,
    1,
    1,
    1,
    1,
    1,
    1,
    1,
    1,
    1,
    1,
    1,
    1,
    1,
    1,
    1,
    1,
    1,
    1,
    1,
    1,
    1,
    1,
    1,
    1,
    1,
    1,
    1,
    1,
    1,
    1,
    1,
    1,
    1,
    1,
    1,
    1,
    1,
    1,
    1,
    1,
    1,
    1,
    1,
    1,
    1,
    1,
    1,
    1,
    1,
    1,
    1,
    1,
    1,
    1,
    1,
    1,
    1,
    1,
    1,
    1,
    1,
    1,
    1,
    1,
    1,
    1,
    1
  ],