{
  "timesteps": [
    0,
    1,
    2,
    3,
    4,
    5,
    6,
    7,
    8,
    9,
    10,
    11,
    12,
    13,
    14,
    15,
    16,
    17,
    18,
    19,
    20,
    21,
    22,
    23,
    24,
    25,
    26,
    27,
    28,
    29,
    30,
    31,
    32,
    33,
    34,
    35,
    36,
    37,
    38,
    39,
    40,
    41,
    42,
    43,
    44,
    45,
    46,
    47,
    48,
    49,
    50,
    51,
    52,
    53,
    54,
    55,
    56,
    57,
    58,
    59,
    60,
    61,
    62,
    63,
    64,
    65,
    66,
    67,
    68,
    69,
    70,
    71,
    72,
    73,
    74,
    75,
    76,
    77,
    78,
    79,
    80,
    81,
    82,
    83,
    84,
    85,
    86,
    87,
    88,
    89,
    90,
    91,
    92,
    93,
    94,
    95,
    96,
    97,
    98,
    99,
    100,
    101,
    102,
    103,
    104,
    105,
    106,
    107,
    108,
    109,
    110,
    111,
    112,
    113,
    114,
    115,
    116,
    117,
    118,
    119,
    120,
    121,
    122,
    123,
    124,
    125,
    126,
    127,
    128,
    129,
    130,
    131,
    132,
    133,
    134,
    135,
    136,
    137,
    138,
    139,
    140,
    141,
    142,
    143,
    144,
    145,
    146,
    147,
    148,
    149,
    150,
    151,
    152,
    153,
    154,
    155,
    156,
    157,
    158,
    159,
    160,
    161,
    162,
    163,
    164,
    165,
    166,
    167,
    168,
    169,
    170,
    171,
    172,
    173,
    174,
    175,
    176,
    177,
    178,
    179,
    180,
    181,
    182,
    183,
    184,
    185,
    186,
    187,
    188,
    189,
    190,
    191,
    192,
    193,
    194,
    195,
    196,
    197,
    198,
    199
  ],
  "states": [
    50.0,
    47.856983241350505,
    45.687675323803305,
    43.308981047350315,
    41.89745268090189,
    43.16929413988199,
    44.751944222234236,
    47.40129671382407,
    44.054665032293116,
    44.69638608083342,
    43.71091145460797,
    43.76443461936442,
    38.713140511696736,
    33.69730024444387,
    32.26039025589593,
    33.6821652855888,
    30.221521143737476,
    30.43150708809995,
    32.37529832616629,
    30.13452340401629,
    30.697347183690297,
    29.287449055849002,
    27.90505940535004,
    26.818709593677333,
    26.995041933508407,
    24.887551107030085,
    28.162347733557695,
    27.834080775451415,
    27.716405896808684,
    25.533297676211493,
    26.051440250958475,
    27.296776766284623,
    24.130460226524672,
    26.301547989934242,
    26.738105708490075,
    30.40745896386064,
    32.6757536859335,
    31.524739496178814,
    32.790060624781475,
    29.373376253383174,
    27.72258160266468,
    32.46803699731219,
    36.049781548425194,
    36.79255657128789,
    35.92147784583454,
    37.22918892488267,
    37.91992953104393,
    38.98318315830528,
    38.9594310295254,
    37.95897224572124,
    38.95700899687905,
    40.66313365150857,
    37.772595937660284,
    37.12026616362706,
    37.49021857260738,
    37.81128504991324,
    37.13448796138637,
    40.26009076064445,
    34.49021258345959,
    33.972642936242394,
    35.503551972671474,
    37.682538845236635,
    37.78664502758913,
    43.18839420656726,
    45.43019217925756,
    47.47970997361262,
    48.44983075481312,
    49.62754764221335,
    49.39046334185797,
    48.47521950553328,
    53.47718735880264,
    51.131869675740354,
    49.5237866420613,
    52.20282593939649,
    53.69817683361328,
    52.58727663608779,
    49.990317770141004,
    45.79250221029413,
    42.446397206938336,
    46.70968454346621,
    49.051331359997995,
    49.5025401933544,
    48.031655327902214,
    49.573330719831894,
    52.343789787780516,
    52.25456141480203,
    52.65083825647428,
    52.33675683645152,
    50.80610427981122,
    53.00020483215323,
    49.014353373229056,
    49.45256851684721,
    46.96698808539861,
    48.95849409946771,
    49.01486605306037,
    49.9546215506396,
    48.34405490470358,
    49.33723502207634,
    48.97635124535868,
    46.205131693853815,
    43.53411708178663,
    45.45210222622283,
    49.1392093860925,
    49.1814889362199,
    52.73537419594874,
    53.80657857273941,
    55.033719940050304,
    53.876148651057406,
    53.95973188320231,
    54.508803669048305,
    58.52229906694485,
    59.47781299009361,
    58.974156103945894,
    61.250430297539964,
    60.863100222525745,
    62.749233504304534,
    66.13191148065427,
    65.36366394084192,
    64.2102378754805,
    63.582602904084744,
    63.51148191068463,
    64.98270870238831,
    62.95388513983679,
    64.09068081288504,
    59.906456216429696,
    60.01817483467256,
    58.73059385758375,
    57.653020012356336,
    58.85251990893647,
    58.689342663048805,
    59.0473537979904,
    56.56948352093839,
    57.767472810591144,
    60.859972536837404,
    57.05951541591504,
    58.74025202715884,
    58.83780967894523,
    59.181718084563634,
    58.88552348970909,
    57.433275118879656,
    56.554149820355015,
    53.0078721838236,
    50.86126255357108,
    47.2802818890123,
    45.420176553382504,
    44.532598080140176,
    41.12186435176163,
    39.97512353073086,
    40.551314921584506,
    40.60485527301597,
    40.41344577277165,
    39.44275796400607,
    38.84805220533961,
    37.31790976047959,
    36.03468487522717,
    33.72295488021189,
    34.4240275491811,
    33.549096562188694,
    31.432130029930676,
    30.03976430950935,
    26.786142632645042,
    29.158359432097228,
    29.605755895373573,
    29.80856173622248,
    25.19539512415274,
    24.802575149513988,
    23.470971127862626,
    21.76142306500278,
    20.932399361945354,
    21.003197035709086,
    21.462549214159953,
    20.446217106330792,
    20.59655444896263,
    19.969233496132187,
    19.224801069189166,
    17.0596244537962,
    15.534660559231206,
    15.880143723147029,
    16.26847583196441,
    19.061703544484658,
    16.293953972539427,
    13.982205418522495,
    14.387740583814278,
    15.452268976320621,
    14.517558699807159,
    15.51458251414686,
    16.468398031103895,
    17.9964919502329,
    13.884279585372319,
    17.441567589942903,
    17.961985719195276,
    18.143285981402897,
    17.16775679159454,
    15.930638789845482,
    17.502277364192302,
    16.70458274288789,
    16.203625570096577,
    16.450381402650294,
    18.938900774276462,
    20.32014048623457,
    23.584445958386564
  ],
  "actions": [],
  "observations": [
    1,
    1,
    1,
    0,
    0,
    0,
    0,
    1,
    0,
    0,
    0,
    0,
    0,
    0,
    0,
    0,
    0,
    0,
    0,
    0,
    0,
    0,
    0,
    0,
    0,
    0,
    0,
    0,
    0,
    0,
    0,
    0,
    0,
    0,
    0,
    0,
    0,
    0,
    0,
    0,
    0,
    0,
    0,
    0,
    0,
    0,
    0,
    0,
    0,
    0,
    0,
    0,
    0,
    0,
    0,
    0,
    0,
    0,
    0,
    0,
    0,
    0,
    0,
    0,
    1,
    1,
    1,
    1,
    1,
    1,
    1,
    1,
    1,
    1,
    1,
    1,
    1,
    1,
    0,
    1,
    1,
    1,
    1,
    1,
    1,
    1,
    1,
    1,
    1,
    1,
    1,
    1,
    1,
    1,
    1,
    1,
    1,
    1,
    1,
    1,
    0,
    1,
    1,
    1,
    1,
    1,
    2,
    1,
    1,
    1,
    2,
    2,
    2,
    2,
    2,
    2,
    2,
    2,
    2,
    2,
    2,
    2,
    2,
    2,
    2,
    2,
    2,
    2,
    2,
    2,
    2,
    2,
    2,
    2,
    2,
    2,
    2,
    2,
    2,
    2,
    2,
    1,
    1,
    1,
    1,
    0,
    0,
    0,
    0,
    0,
    0,
    0,
    0,
    0,
    0,
    0,
    0,
    0,
    0,
    0,
    0,
    0,
    0,
    0,
    0,
    0,
    0,
    0,
    0,
    0,
    0,
    0,
    0,
    0,
    0,
    0,
    0,
    0,
    0,
    0,
    0,
    0,
    0,
    0,
    0,
    0,
    0,
    0,
    0,
    0,
    0,
    0,
    0,
    0,
    0,
    0,
    0,
    0,
    0,
    0
  ],