{
  "timesteps": [
    0,
    1,
    2,
    3,
    4,
    5,
    6,
    7,
    8,
    9,
    10,
    11,
    12,
    13,
    14,
    15,
    16,
    17,
    18,
    19,
    20,
    21,
    22,
    23,
    24,
    25,
    26,
    27,
    28,
    29,
    30,
    31,
    32,
    33,
    34,
    35,
    36,
    37,
    38,
    39,
    40,
    41,
    42,
    43,
    44,
    45,
    46,
    47,
    48,
    49,
    50,
    51,
    52,
    53,
    54,
    55,
    56,
    57,
    58,
    59,
    60,
    61,
    62,
    63,
    64,
    65,
    66,
    67,
    68,
    69,
    70,
    71,
    72,
    73,
    74,
    75,
    76,
    77,
    78,
    79,
    80,
    81,
    82,
    83,
    84,
    85,
    86,
    87,
    88,
    89,
    90,
    91,
    92,
    93,
    94,
    95,
    96,
    97,
    98,
    99,
    100,
    101,
    102,
    103,
    104,
    105,
    106,
    107,
    108,
    109,
    110,
    111,
    112,
    113,
    114,
    115,
    116,
    117,
    118,
    119,
    120,
    121,
    122,
    123,
    124,
    125,
    126,
    127,
    128,
    129,
    130,
    131,
    132,
    133,
    134,
    135,
    136,
    137,
    138,
    139,
    140,
    141,
    142,
    143,
    144,
    145,
    146,
    147,
    148,
    149,
    150,
    151,
    152,
    153,
    154,
    155,
    156,
    157,
    158,
    159,
    160,
    161,
    162,
    163,
    164,
    165,
    166,
    167,
    168,
    169,
    170,
    171,
    172,
    173,
    174,
    175,
    176,
    177,
    178,
    179,
    180,
    181,
    182,
    183,
    184,
    185,
    186,
    187,
    188,
    189,
    190,
    191,
    192,
    193,
    194,
    195,
    196,
    197,
    198,
    199
  ],
  "states": [
    50.0,
    51.14339082292466,
    52.02990089303263,
    48.7992504318988,
    45.905584602601365,
    45.09141362342917,
    45.714884956158784,
    43.5590062750651,
    48.13570027097737,
    47.833945496579844,
    45.04664326011795,
    43.31587965867596,
    47.17075443150391,
    47.43593704717071,
    48.2004222135285,
    50.29739835580415,
    52.34968217173229,
    51.33998882355031,
    53.65585625630888,
    52.63999868336131,
    52.83732445908964,
    54.63359008217559,
    55.2992037408251,
    55.139712710749166,
    54.61334798929319,
    57.06585494588353,
    54.54867880357633,
    52.97572060787615,
    48.44166006560324,
    48.038721534875236,
    45.9542704067165,
    46.18873309363147,
    48.586705038865475,
    46.27772212077472,
    46.369911331282715,
    44.64908073972669,
    42.90324525383241,
    41.26546777156432,
    42.78184831007786,
    45.96791367127976,
    44.770265623956234,
    42.54433454497722,
    39.08601663509407,
    36.27797631079286,
    33.39227603519049,
    32.102261260874144,
    28.226517101747493,
    25.616751416005904,
    24.610010628399667,
    25.684969529206928,
    23.07919102682976,
    26.357806133550973,
    29.766436462897836,
    27.45985849075526,
    30.37394725033173,
    29.656580900422504,
    30.755828173891437,
    30.28455893065737,
    29.533998154847474,
    25.66773621073877,
    26.416156065235906,
    26.45931146983742,
    27.189194607211775,
    25.462967264739863,
    25.460760454747707,
    25.83715125082734,
    24.77135869565823,
    22.50705934849455,
    24.931611255390052,
    24.82374086899561,
    24.002119100694234,
    24.92323876923827,
    23.69005962775767,
    22.82842760695873,
    20.90717377148285,
    23.11185237846397,
    21.697299725409223,
    23.821338970311956,
    24.712689613707976,
    23.954272260459362,
    24.866729826363727,
    26.18629599037411,
    29.81420911774552,
    30.354112818374745,
    31.679488380398922,
    31.377811372484473,
    30.00797032461943,
    28.371823212262353,
    27.375473053083322,
    26.117331237080897,
    28.344956821105963,
    29.264769901969814,
    28.9129015666655,
    28.992428214576147,
    30.770376295534483,
    28.52702709112897,
    30.50085927688856,
    30.66509331845311,
    27.285176362451992,
    28.988832972663747,
    26.36011108171457,
    26.998096717365755,
    27.48192055506488,
    26.36918146861711,
    28.315169473151432,
    25.946396304296282,
    28.375016242047955,
    26.145803376266564,
    28.189146609176753,
    27.39789991334815,
    27.33146007301537,
    27.892977385828036,
    27.14507471018591,
    26.092037595039294,
    29.471575638812823,
    28.382373750353196,
    28.44201594162526,
    30.103141043133387,
    32.30514907137325,
    33.982725546769515,
    35.02727108848491,
    37.21620267867355,
    34.22357945591426,
    30.004623034669375,
    32.76170262827815,
    33.34717544322238,
    30.775300779328205,
    32.31846213065675,
    29.95732315821943,
    27.97463822536654,
    25.70179350997204,
    27.817433330021476,
    26.927446657342355,
    27.377695234968492,
    25.49149604952561,
    24.20608020995598,
    25.192013008632927,
    25.969573389592032,
    25.248602549331054,
    30.485668793963054,
    30.020053299240015,
    31.0851874052158,
    33.32550930348642,
    30.387921977844737,
    30.19700170733575,
    29.478997552623632,
    30.019046404365724,
    31.92559771360716,
    31.607342662295448,
    32.28387300952882,
    30.617535869599816,
    30.78662103593436,
    31.65303185593831,
    29.56609279739103,
    29.807427664061752,
    29.030487394488468,
    29.031240175188607,
    29.28878152217358,
    28.662400896587954,
    30.501182194533595,
    32.730876089815055,
    30.148782460437022,
    31.15986032888139,
    33.818161202494075,
    36.073924409207336,
    38.655799034407245,
    38.86734229114108,
    39.13674877694672,
    40.57946567852489,
    40.54463617715097,
    42.23948880279188,
    43.5826109754423,
    43.063178335757016,
    44.17217724731769,
    39.937667461431175,
    42.855922059807824,
    45.312154284786246,
    43.79968027569682,
    44.529708348282085,
    44.50767070420196,
    44.82812932658209,
    47.46878207484513,
    42.35277265960901,
    38.00607591953573,
    35.89257584752458,
    35.888936344680126,
    36.70598397910789,
    35.49780728912788,
    35.63035976830713,
    38.61050620696825,
    36.51057982932865,
    32.817867947821355,
    34.278394432450916,
    31.98786992572517,
    29.57893731551059,
    33.82583824309909,
    31.52126803617965,
    34.18326139390202,
    33.12106251745073,
    35.00518198049848,
    33.62768134239773
  ],
  "actions": [],
  "observations": [
    1,
    1,
    1,
    1,
    1,
    1,
    1,
    0,
    1,
    1,
    1,
    0,
    1,
    1,
    1,
    1,
    1,
    1,
    1,
    1,
    1,
    1,
    2,
    2,
    1,
    2,
    1,
    1,
    1,
    1,
    1,
    1,
    1,
    1,
    1,
    0,
    0,
    0,
    0,
    1,
    0,
    0,
    0,
    0,
    0,
    0,
    0,
    0,
    0,
    0,
    0,
    0,
    0,
    0,
    0,
    0,
    0,
    0,
    0,
    0,
    0,
    0,
    0,
    0,
    0,
    0,
    0,
    0,
    0,
    0,
    0,
    0,
    0,
    0,
    0,
    0,
    0,
    0,
    0,
    0,
    0,
    0,
    0,
    0,
    0,
    0,
    0,
    0,
    0,
    0,
    0,
    0,
    0,
    0,
    0,
    0,
    0,
    0,
    0,
    0,
    0,
    0,
    0,
    0,
    0,
    0,
    0,
    0,
    0,
    0,
    0,
    0,
    0,
    0,
    0,
    0,
    0,
    0,
    0,
    0,
    0,
    0,
    0,
    0,
    0,
    0,
    0,
    0,
    0,
    0,
    0,
    0,
    0,
    0,
    0,
    0,
    0,
    0,
    0,
    0,
    0,
    0,
    0,
    0,
    0,
    0,
    0,
    0,
    0,
    0,
    0,
    0,
    0,
    0,
    0,
    0,
    0,
    0,
    0,
    0,
    0,
    0,
    0,
    0,
    0,
    0,
    0,
    0,
    0,
    0,
    0,
    0,
    0,
    0,
    0,
    0,
    1,
    0,
    0,
    0,
    0,
    1,
    0,
    0,
    0,
    0,
    0,
    0,
    0,
    0,
    0,
    0,
    0,
    0,
    0,
    0,
    0,
    0,
    0,
    0
  ],