{
  "timesteps": [
    0,
    1,
    2,
    3,
    4,
    5,
    6,
    7,
    8,
    9,
    10,
    11,
    12,
    13,
    14,
    15,
    16,
    17,
    18,
    19,
    20,
    21,
    22,
    23,
    24,
    25,
    26,
    27,
    28,
    29,
    30,
    31,
    32,
    33,
    34,
    35,
    36,
    37,
    38,
    39,
    40,
    41,
    42,
    43,
    44,
    45,
    46,
    47,
    48,
    49,
    50,
    51,
    52,
    53,
    54,
    55,
    56,
    57,
    58,
    59,
    60,
    61,
    62,
    63,
    64,
    65,
    66,
    67,
    68,
    69,
    70,
    71,
    72,
    73,
    74,
    75,
    76,
    77,
    78,
    79,
    80,
    81,
    82,
    83,
    84,
    85,
    86,
    87,
    88,
    89,
    90,
    91,
    92,
    93,
    94,
    95,
    96,
    97,
    98,
    99,
    100,
    101,
    102,
    103,
    104,
    105,
    106,
    107,
    108,
    109,
    110,
    111,
    112,
    113,
    114,
    115,
    116,
    117,
    118,
    119,
    120,
    121,
    122,
    123,
    124,
    125,
    126,
    127,
    128,
    129,
    130,
    131,
    132,
    133,
    134,
    135,
    136,
    137,
    138,
    139,
    140,
    141,
    142,
    143,
    144,
    145,
    146,
    147,
    148,
    149,
    150,
    151,
    152,
    153,
    154,
    155,
    156,
    157,
    158,
    159,
    160,
    161,
    162,
    163,
    164,
    165,
    166,
    167,
    168,
    169,
    170,
    171,
    172,
    173,
    174,
    175,
    176,
    177,
    178,
    179,
    180,
    181,
    182,
    183,
    184,
    185,
    186,
    187,
    188,
    189,
    190,
    191,
    192,
    193,
    194,
    195,
    196,
    197,
    198,
    199
  ],
  "states": [
    50.0,
    52.186787364582884,
    50.59696240800243,
    47.76153224310709,
    46.54617993004783,
    49.36798585723886,
    45.79325716293805,
    45.25983620029319,
    46.01365327591933,
    48.41685759601215,
    46.8578783563347,
    48.03334565955037,
    47.67654205561671,
    51.85285228587988,
    50.635990315388376,
    49.802491383812914,
    53.24725457943552,
    51.710901045614776,
    51.00530597345017,
    50.324457330102334,
    50.11010629129585,
    48.80498421198584,
    48.62940002382875,
    47.21880008363771,
    47.84075297734875,
    49.26911433852922,
    47.91460775367953,
    47.11181818410365,
    46.6125083393136,
    42.694843204382224,
    42.06756243612198,
    41.42000937913802,
    40.23258257303031,
    41.04911810216223,
    42.15735591613716,
    41.98721224832144,
    41.327895468018056,
    43.06261104994651,
    40.97093324120549,
    44.9856084338911,
    43.784833285424504,
    43.395686524380075,
    44.779537885151576,
    47.56713734117712,
    49.27548543315584,
    47.95372187231143,
    51.30284407025798,
    49.55339883010919,
    50.26846148474499,
    48.12646017738629,
    50.08352760255576,
    47.806796342149354,
    48.978417107471955,
    49.101408034621265,
    50.34041286277675,
    49.06092607615535,
    45.660836739111986,
    48.96329231693887,
    50.63742429664291,
    49.805013341248795,
    48.02440365797894,
    47.509060216346796,
    43.446677536151306,
    43.67489923551504,
    43.350984816146344,
    45.48952732918905,
    43.610116355716194,
    41.712475871223084,
    40.29654951500119,
    40.63266497756742,
    43.040642288826355,
    44.35988385939972,
    44.04960066375001,
    43.31697233010506,
    43.29817963214967,
    44.73188906142515,
    44.09587759825976,
    45.287522212896015,
    44.76847228202241,
    43.06410921831661,
    43.76966521150098,
    40.57455738633588,
    41.53848342647013,
    41.415437206760565,
    45.91181856322368,
    45.56628838266979,
    48.9334363375658,
    49.403811825004695,
    49.029396005318475,
    53.8005786560854,
    53.28164579859388,
    57.109992212237735,
    59.843568279023195,
    63.345153546991554,
    61.473739706000266,
    63.7416558502998,
    62.768670019458206,
    63.7841753933309,
    62.946406896330586,
    60.430615455010596,
    61.35799782658563,
    62.16081362917725,
    59.43238368089639,
    61.8375793016792,
    64.72904112274968,
    65.79609192599806,
    61.46539939971862,
    57.80687466508367,
    54.10868115060334,
    54.977050722246695,
    56.14369332717757,
    53.3072849117591,
    52.36357794599273,
    53.23015975498805,
    50.53515935307367,
    48.73424050192008,
    47.87605940728572,
    45.25880643543918,
    45.76427398524878,
    46.45285153631967,
    46.064703239489326,
    48.47025412236831,
    49.92426900349112,
    49.26833534049448,
    48.31516099408549,
    50.22332686431664,
    54.2184235193157,
    55.991815815241715,
    59.05351490024524,
    59.82126101675216,
    62.647418803668195,
    60.49284166651135,
    61.66124727092057,
    63.421129345470746,
    66.4677865210515,
    67.89104749246835,
    69.83341551726915,
    67.79961769306948,
    67.88085181935497,
    68.0988734314828,
    65.19717311361697,
    68.25457956669246,
    69.37639013006877,
    69.93882606700332,
    67.82293911263976,
    66.61944275299095,
    68.93072026857784,
    69.69836815195683,
    68.15680759185466,
    69.16762247791759,
    69.74284967344502,
    69.59749566591971,
    69.30148082026788,
    66.9260611186101,
    67.8025366230114,
    64.82332729925929,
    63.82072764897635,
    64.47049472608188,
    61.79287268729403,
    61.030019336999,
    60.077239277911914,
    58.75578776495151,
    58.443488012081616,
    59.9098778494522,
    58.936551709054285,
    58.54098437914786,
    58.095537561805315,
    55.97645196897468,
    55.5329092410826,
    57.5923528879165,
    58.37659315531606,
    56.83688978202515,
    56.67690599922755,
    54.19341172563599,
    51.95512613938926,
    50.19814796150372,
    48.66734853406247,
    48.7774332539214,
    45.14229648969651,
    50.260890413245974,
    53.42804875736596,
    52.588466666625045,
    52.21335026270752,
    53.487128851089544,
    57.27116109144888,
    59.490197843412375,
    60.10249392688971,
    60.912172379150434,
    63.093195396807374,
    62.77665071022306,
    63.743197690743415,
    63.54321582029873,
    62.306824889062455,
    59.72509268995249,
    60.774556701399895,
    61.43905534778489,
    59.874909041198094,
    60.36305462489068,
    57.6222690737693,
    60.380774314119215,
    61.00105131058579
  ],
  "actions": [],
  "observations": [
    1,
    1,
    1,
    1,
    1,
    1,
    1,
    1,
    1,
    1,
    1,
    1,
    1,
    1,
    1,
    1,
    1,
    1,
    1,
    1,
    1,
    1,
    1,
    1,
    1,
    1,
    1,
    1,
    1,
    0,
    0,
    0,
    0,
    0,
    0,
    0,
    0,
    0,
    0,
    0,
    0,
    0,
    0,
    1,
    1,
    1,
    1,
    1,
    1,
    1,
    1,
    1,
    1,
    1,
    1,
    1,
    1,
    1,
    1,
    1,
    1,
    1,
    0,
    0,
    0,
    1,
    0,
    0,
    0,
    0,
    0,
    0,
    0,
    0,
    0,
    0,
    0,
    1,
    0,
    0,
    0,
    0,
    0,
    0,
    1,
    1,
    1,
    1,
    1,
    1,
    1,
    2,
    2,
    2,
    2,
    2,
    2,
    2,
    2,
    2,
    2,
    2,
    2,
    2,
    2,
    2,
    2,
    2,
    1,
    1,
    2,
    1,
    1,
    1,
    1,
    1,
    1,
    1,
    1,
    1,
    1,
    1,
    1,
    1,
    1,
    1,
    1,
    2,
    2,
    2,
    2,
    2,
    2,
    2,
    2,
    2,
    2,
    2,
    2,
    2,
    2,
    2,
    2,
    2,
    2,
    2,
    2,
    2,
    2,
    2,
    2,
    2,
    2,
    2,
    2,
    2,
    2,
    2,
    2,
    2,
    2,
    2,
    2,
    2,
    2,
    2,
    2,
    2,
    2,
    2,
    2,
    2,
    2,
    1,
    1,
    1,
    1,
    1,
    1,
    1,
    1,
    1,
    1,
    1,
    2,
    2,
    2,
    2,
    2,
    2,
    2,
    2,
    2,
    2,
    2,
    2,
    2,
    2,
    2,
    2
  ],