{
  "timesteps": [
    0,
    1,
    2,
    3,
    4,
    5,
    6,
    7,
    8,
    9,
    10,
    11,
    12,
    13,
    14,
    15,
    16,
    17,
    18,
    19,
    20,
    21,
    22,
    23,
    24,
    25,
    26,
    27,
    28,
    29,
    30,
    31,
    32,
    33,
    34,
    35,
    36,
    37,
    38,
    39,
    40,
    41,
    42,
    43,
    44,
    45,
    46,
    47,
    48,
    49,
    50,
    51,
    52,
    53,
    54,
    55,
    56,
    57,
    58,
    59,
    60,
    61,
    62,
    63,
    64,
    65,
    66,
    67,
    68,
    69,
    70,
    71,
    72,
    73,
    74,
    75,
    76,
    77,
    78,
    79,
    80,
    81,
    82,
    83,
    84,
    85,
    86,
    87,
    88,
    89,
    90,
    91,
    92,
    93,
    94,
    95,
    96,
    97,
    98,
    99,
    100,
    101,
    102,
    103,
    104,
    105,
    106,
    107,
    108,
    109,
    110,
    111,
    112,
    113,
    114,
    115,
    116,
    117,
    118,
    119,
    120,
    121,
    122,
    123,
    124,
    125,
    126,
    127,
    128,
    129,
    130,
    131,
    132,
    133,
    134,
    135,
    136,
    137,
    138,
    139,
    140,
    141,
    142,
    143,
    144,
    145,
    146,
    147,
    148,
    149,
    150,
    151,
    152,
    153,
    154,
    155,
    156,
    157,
    158,
    159,
    160,
    161,
    162,
    163,
    164,
    165,
    166,
    167,
    168,
    169,
    170,
    171,
    172,
    173,
    174,
    175,
    176,
    177,
    178,
    179,
    180,
    181,
    182,
    183,
    184,
    185,
    186,
    187,
    188,
    189,
    190,
    191,
    192,
    193,
    194,
    195,
    196,
    197,
    198,
    199
  ],
  "states": [
    50.0,
    49.961060929124265,
    49.6226976519453,
    49.32450091217399,
    49.73477787698546,
    49.01498385328598,
    49.06215511422135,
    48.84253409406282,
    48.84905775263675,
    48.938571934117725,
    48.740292445763444,
    49.155092403681216,
    49.587491512302854,
    49.89020416307476,
    49.81590045745539,
    49.69402545669096,
    48.8494283654653,
    48.671577135806444,
    48.624330409329275,
    48.28312334970608,
    48.56984056725069,
    48.6881087594639,
    48.423703836363,
    48.65441778463521,
    48.70597950832048,
    48.40985071552939,
    48.47913673165577,
    47.93458911337789,
    48.329324398591716,
    48.44908207251461,
    48.56002515702437,
    48.04460742189077,
    47.64418205990712,
    47.31160470920635,
    47.70481157179567,
    48.07749266168791,
    48.04158245148953,
    47.81609423489913,
    47.80705207737524,
    47.12174210571128,
    47.47269542644749,
    47.57846344742558,
    47.49832630570536,
    47.306995350972144,
    47.026204604592344,
    47.17253560337044,
    46.900006638587584,
    46.656650891048805,
    46.53523650503203,
    46.37457099134158,
    46.52081752069728,
    46.161829098904704,
    46.20951004728762,
    46.92004731286572,
    46.5099188961899,
    46.48707760001586,
    46.48698252936904,
    46.07100537823453,
    46.25733163959954,
    46.235359616688854,
    46.243621733047945,
    46.085733537645346,
    45.790668488220916,
    45.78301360734873,
    45.91366320762817,
    45.332523400305796,
    45.16654946520131,
    45.315163958041694,
    45.46034881453774,
    45.433314060791595,
    45.784616124351345,
    45.451234100623104,
    44.9528336253891,
    45.71895697374058,
    45.948422938260606,
    45.69895691780332,
    45.68031662915561,
    45.552552081798936,
    45.91550496920867,
    45.982755648758385,
    46.33064747435983,
    45.924826146308135,
    45.463509105120785,
    45.516189519994334,
    44.91036422208428,
    45.001494909223744,
    45.11615027749213,
    45.756367983430366,
    45.643923815506675,
    45.69261945505894,
    45.63523514560965,
    45.82647731164984,
    45.88232690355679,
    45.69707798359833,
    45.71660588273713,
    45.97458881608818,
    45.92161543217966,
    45.7801214693669,
    45.55751272657804,
    46.11913883123377,
    46.130064725814485,
    46.18783013701176,
    46.948975963944996,
    46.73271816020727,
    47.02059436321451,
    47.31853795008727,
    47.59739292451909,
    47.90849761861072,
    47.901829463651495,
    47.865581360585935,
    47.9139311502718,
    48.23501945326032,
    48.013637975248805,
    47.917257198668985,
    47.85457742074883,
    48.18328887200348,
    48.09003014371771,
    48.234007942109095,
    48.569395449242876,
    48.5232279427271,
    48.244227066100635,
    47.703073287938615,
    47.09697650154787,
    47.27022444371572,
    47.474275899151756,
    47.85743391764689,
    48.30663194862799,
    47.672863629679604,
    47.876231254919624,
    47.45863121062955,
    47.575357030516514,
    47.60771412905222,
    47.57298716620633,
    47.434534310748205,
    47.29115718586395,
    46.86095305774978,
    47.20406549416554,
    47.23138701391913,
    47.1762547522046,
    46.693606813697855,
    46.81212328639354,
    46.96433051268972,
    47.142008760343785,
    46.855815360165835,
    46.82371907363776,
    46.926416387539746,
    46.42223190865809,
    46.45692522162934,
    46.79107143121771,
    46.41270039883862,
    46.58970240536622,
    46.61895792292648,
    46.69339853365279,
    47.20319183133239,
    47.2399145284531,
    47.5346762828093,
    47.2862927038699,
    47.42546582291638,
    47.18438146184616,
    47.332073771283454,
    47.52051988846701,
    47.418564464857944,
    47.36381182782118,
    47.613610622909405,
    47.43310645818893,
    47.351739035064035,
    47.5194967117347,
    46.930627756969756,
    46.60006782303032,
    46.83127355129609,
    47.31891866404889,
    47.02061733548953,
    47.000428075213534,
    47.63511209919061,
    47.80507056710634,
    47.84823486377859,
    47.7630414339916,
    47.85918676519885,
    47.898074829517256,
    47.66975310866028,
    47.955336677934135,
    48.2691035745569,
    47.85474692100834,
    47.377646822161736,
    47.43699857751446,
    47.57932387876487,
    47.83482429507692,
    48.40582552552939,
    48.50620319516862,
    48.6206227178656,
    48.46109390587012,
    48.52316703475331,
    48.20054638714196,
    48.21187238293865,
    48.3840025115332,
    48.030472676504736,
    47.95732177129314,
    48.13947297426948,
    48.324982022182525,
    48.45921365939593,
    48.24630909030733
  ],
  "actions": [],
  "observations": [
    1,
    1,
    1,
    1,
    1,
    1,
    1,
    1,
    1,
    1,
    1,
    1,
    1,
    1,
    1,
    1,
    1,
    1,
    1,
    1,
    1,
    1,
    1,
    1,
    1,
    1,
    1,
    1,
    1,
    1,
    1,
    1,
    1,
    1,
    1,
    1,
    1,
    1,
    1,
    1,
    1,
    1,
    1,
    1,
    1,
    1,
    1,
    1,
    1,
    1,
    1,
    1,
    1,
    1,
    1,
    1,
    1,
    1,
    1,
    1,
    1,
    1,
    1,
    1,
    1,
    1,
    1,
    1,
    1,
    1,
    1,
    1,
    0,
    1,
    1,
    1,
    1,
    1,
    1,
    1,
    1,
    1,
    1,
    1,
    0,
    1,
    1,
    1,
    1,
    1,
    1,
    1,
    1,
    1,
    1,
    1,
    1,
    1,
    1,
    1,
    1,
    1,
    1,
    1,
    1,
    1,
    1,
    1,
    1,
    1,
    1,
    1,
    1,
    1,
    1,
    1,
    1,
    1,
    1,
    1,
    1,
    1,
    1,
    1,
    1,
    1,
    1,
    1,
    1,
    1,
    1,
    1,
    1,
    1,
    1,
    1,
    1,
    1,
    1,
    1,
    1,
    1,
    1,
    1,
    1,
    1,
    1,
    1,
    1,
    1,
    1,
    1,
    1,
    1,
    1,
    1,
    1,
    1,
    1,
    1,
    1,
    1,
    1,
    1,
    1,
    1,
    1,
    1,
    1,
    1,
    1,
    1,
    1,
    1,
    1,
    1,
    1,
    1,
    1,
    1,
    1,
    1,
    1,
    1,
    1,
    1,
    1,
    1,
    1,
    1,
    1,
    1,
    1,
    1,
    1,
    1,
    1,
    1,
    1,
    1
  ],