{
  "timesteps": [
    0,
    1,
    2,
    3,
    4,
    5,
    6,
    7,
    8,
    9,
    10,
    11,
    12,
    13,
    14,
    15,
    16,
    17,
    18,
    19,
    20,
    21,
    22,
    23,
    24,
    25,
    26,
    27,
    28,
    29,
    30,
    31,
    32,
    33,
    34,
    35,
    36,
    37,
    38,
    39,
    40,
    41,
    42,
    43,
    44,
    45,
    46,
    47,
    48,
    49,
    50,
    51,
    52,
    53,
    54,
    55,
    56,
    57,
    58,
    59,
    60,
    61,
    62,
    63,
    64,
    65,
    66,
    67,
    68,
    69,
    70,
    71,
    72,
    73,
    74,
    75,
    76,
    77,
    78,
    79,
    80,
    81,
    82,
    83,
    84,
    85,
    86,
    87,
    88,
    89,
    90,
    91,
    92,
    93,
    94,
    95,
    96,
    97,
    98,
    99,
    100,
    101,
    102,
    103,
    104,
    105,
    106,
    107,
    108,
    109,
    110,
    111,
    112,
    113,
    114,
    115,
    116,
    117,
    118,
    119,
    120,
    121,
    122,
    123,
    124,
    125,
    126,
    127,
    128,
    129,
    130,
    131,
    132,
    133,
    134,
    135,
    136,
    137,
    138,
    139,
    140,
    141,
    142,
    143,
    144,
    145,
    146,
    147,
    148,
    149,
    150,
    151,
    152,
    153,
    154,
    155,
    156,
    157,
    158,
    159,
    160,
    161,
    162,
    163,
    164,
    165,
    166,
    167,
    168,
    169,
    170,
    171,
    172,
    173,
    174,
    175,
    176,
    177,
    178,
    179,
    180,
    181,
    182,
    183,
    184,
    185,
    186,
    187,
    188,
    189,
    190,
    191,
    192,
    193,
    194,
    195,
    196,
    197,
    198,
    199
  ],
  "states": [
    50.0,
    49.652101645325224,
    49.263064753847296,
    49.54483268257491,
    50.341879636918755,
    49.38535279181808,
    50.04867742930029,
    50.5611258331783,
    52.854707366272386,
    50.85477452291747,
    51.09381832181609,
    53.18449506933854,
    54.079065181005745,
    53.06233313545087,
    51.56596131693931,
    49.39760685545339,
    51.39319617792971,
    49.22738109119468,
    48.54823292360977,
    46.6064500234486,
    46.96353256271334,
    48.184951868991554,
    50.48836653220867,
    51.419025618811865,
    49.88706878155501,
    51.4300089385246,
    52.845307777962745,
    50.90760870030235,
    49.61578746836443,
    51.02876921470657,
    51.597213723423806,
    52.1725812750163,
    51.10345402895088,
    50.58163184695659,
    52.6828455399888,
    51.77758990554757,
    51.80950548682784,
    54.271165434962384,
    55.5890009433722,
    56.678976112232526,
    58.28431173736539,
    56.221453640911484,
    55.06670098561642,
    54.45985243301683,
    55.85728858094828,
    55.61038378865921,
    55.151087392172016,
    54.68623759548589,
    52.34196797503211,
    52.57488847010906,
    50.513817013735064,
    51.906665105207885,
    51.834762292779416,
    51.366467760749394,
    49.81175605837042,
    49.814282772925566,
    47.220250342408754,
    47.74667164641949,
    47.60037855390195,
    49.00956264563882,
    50.39229375781699,
    49.77829235995442,
    50.401959957218466,
    51.20350974154326,
    52.09869395326034,
    52.12789666587012,
    52.17739600767783,
    53.227988896195185,
    55.166852053517154,
    57.216629150411904,
    58.493802728463905,
    60.637857545460676,
    61.71422397636507,
    63.53386778249633,
    65.83014555582938,
    66.52241587083664,
    68.3159928818828,
    68.47587419132884,
    67.97457295161895,
    65.91541060868492,
    65.36436923381092,
    62.90478058888836,
    61.75257976326552,
    62.5698206263546,
    63.18148132729656,
    62.935973902521106,
    63.57909941756142,
    64.34230615324171,
    65.29109118823224,
    63.23609184445943,
    63.844424482786806,
    63.679319697048044,
    64.41325793939582,
    65.4853911471001,
    65.66213593793307,
    67.19455847999208,
    64.97902153281161,
    63.67602827388447,
    64.13132862550542,
    64.26394059843722,
    62.03012373321731,
    62.63152493642066,
    61.53290989673839,
    62.647798126893775,
    65.31624289431515,
    63.9887914087851,
    64.37179595982538,
    62.97272730061906,
    62.14765052972318,
    62.89941063759363,
    63.11655239123305,
    62.9579000381296,
    62.749103406536804,
    64.37971079871608,
    65.65827698250699,
    66.72149595565786,
    68.70207037847602,
    68.06388381419033,
    68.77032728832319,
    67.85199447787399,
    67.98798181618713,
    68.08675029522736,
    66.95909269551314,
    67.74043988939603,
    69.21392706400457,
    68.21722977266471,
    70.5728348300116,
    71.70159810446415,
    73.10763342794124,
    74.72510287746817,
    75.18977751275041,
    77.23311975472274,
    77.19306203003222,
    76.96188569410265,
    76.5702760392571,
    76.50109438581707,
    78.7579199536714,
    78.18295917813697,
    77.44694316019323,
    76.26973756464879,
    77.64043253269537,
    77.90472005832082,
    75.94753399340743,
    74.59560923893851,
    73.36334384408491,
    72.0435682684496,
    72.66807365939893,
    74.45405235030063,
    72.47697406533626,
    70.44179790199021,
    70.86384108092454,
    71.83804882486547,
    72.18541821804688,
    75.67402971049745,
    77.05643593125274,
    76.94397276031397,
    77.4553287141647,
    78.23557592739094,
    78.89991101168499,
    80.5606622496224,
    79.88307361559113,
    79.5103323513702,
    80.51110037087832,
    79.76990540307258,
    81.72352533316935,
    80.58039070084018,
    80.38437231910927,
    79.46443018294563,
    81.20182683995887,
    81.43454166207432,
    82.17371339727949,
    80.28706133816293,
    82.29895192734807,
    82.44612682590132,
    80.89402954607584,
    81.56834121586235,
    80.42139594881156,
    79.63797256619003,
    80.10265099476173,
    78.43889156070108,
    79.31253392470454,
    76.74138481757804,
    77.70927540940292,
    78.25415404633318,
    80.08994549461323,
    79.41561909964074,
    79.67710941078009,
    81.42291553996422,
    81.5641080796544,
    81.41684194410652,
    81.98130170921543,
    83.14940309957291,
    82.46492840816924,
    84.03085739982372,
    83.39527086443213,
    84.7508821398833,
    83.7133347716966,
    83.79728744482507,
    81.33644020058152,
    81.87729090117656,
    83.81963487670647
  ],
  "actions": [],
  "observations": [
    1,
    1,
    1,
    1,
    1,
    1,
    1,
    1,
    1,
    1,
    1,
    1,
    1,
    1,
    1,
    1,
    1,
    1,
    1,
    1,
    1,
    1,
    1,
    1,
    1,
    1,
    1,
    1,
    1,
    1,
    1,
    1,
    1,
    1,
    1,
    1,
    1,
    1,
    2,
    2,
    2,
    2,
    2,
    1,
    2,
    2,
    2,
    1,
    1,
    1,
    1,
    1,
    1,
    1,
    1,
    1,
    1,
    1,
    1,
    1,
    1,
    1,
    1,
    1,
    1,
    1,
    1,
    1,
    2,
    2,
    2,
    2,
    2,
    2,
    2,
    2,
    2,
    2,
    2,
    2,
    2,
    2,
    2,
    2,
    2,
    2,
    2,
    2,
    2,
    2,
    2,
    2,
    2,
    2,
    2,
    2,
    2,
    2,
    2,
    2,
    2,
    2,
    2,
    2,
    2,
    2,
    2,
    2,
    2,
    2,
    2,
    2,
    2,
    2,
    2,
    2,
    2,
    2,
    2,
    2,
    2,
    2,
    2,
    2,
    2,
    2,
    2,
    2,
    2,
    2,
    2,
    2,
    2,
    2,
    2,
    2,
    2,
    2,
    2,
    2,
    2,
    2,
    2,
    2,
    2,
    2,
    2,
    2,
    2,
    2,
    2,
    2,
    2,
    2,
    2,
    2,
    2,
    2,
    2,
    2,
    2,
    2,
    2,
    2,
    2,
    2,
    2,
    2,
    2,
    2,
    2,
    2,
    2,
    2,
    2,
    2,
    2,
    2,
    2,
    2,
    2,
    2,
    2,
    2,
    2,
    2,
    2,
    2,
    2,
    2,
    2,
    2,
    2,
    2,
    2,
    2,
    2,
    2,
    2,
    2
  ],