{
  "timesteps": [
    0,
    1,
    2,
    3,
    4,
    5,
    6,
    7,
    8,
    9,
    10,
    11,
    12,
    13,
    14,
    15,
    16,
    17,
    18,
    19,
    20,
    21,
    22,
    23,
    24,
    25,
    26,
    27,
    28,
    29,
    30,
    31,
    32,
    33,
    34,
    35,
    36,
    37,
    38,
    39,
    40,
    41,
    42,
    43,
    44,
    45,
    46,
    47,
    48,
    49,
    50,
    51,
    52,
    53,
    54,
    55,
    56,
    57,
    58,
    59,
    60,
    61,
    62,
    63,
    64,
    65,
    66,
    67,
    68,
    69,
    70,
    71,
    72,
    73,
    74,
    75,
    76,
    77,
    78,
    79,
    80,
    81,
    82,
    83,
    84,
    85,
    86,
    87,
    88,
    89,
    90,
    91,
    92,
    93,
    94,
    95,
    96,
    97,
    98,
    99,
    100,
    101,
    102,
    103,
    104,
    105,
    106,
    107,
    108,
    109,
    110,
    111,
    112,
    113,
    114,
    115,
    116,
    117,
    118,
    119,
    120,
    121,
    122,
    123,
    124,
    125,
    126,
    127,
    128,
    129,
    130,
    131,
    132,
    133,
    134,
    135,
    136,
    137,
    138,
    139,
    140,
    141,
    142,
    143,
    144,
    145,
    146,
    147,
    148,
    149,
    150,
    151,
    152,
    153,
    154,
    155,
    156,
    157,
    158,
    159,
    160,
    161,
    162,
    163,
    164,
    165,
    166,
    167,
    168,
    169,
    170,
    171,
    172,
    173,
    174,
    175,
    176,
    177,
    178,
    179,
    180,
    181,
    182,
    183,
    184,
    185,
    186,
    187,
    188,
    189,
    190,
    191,
    192,
    193,
    194,
    195,
    196,
    197,
    198,
    199
  ],
  "states": [
    50.0,
    50.99489561652594,
    54.85120262258445,
    57.16209675901288,
    56.44242345000505,
    56.27546103019097,
    54.20999808247481,
    51.742793405254886,
    52.53534041085786,
    50.7124290390787,
    49.80546775122452,
    51.35973694606502,
    53.15886936001229,
    53.8551944568193,
    57.41368771830322,
    55.09410251741938,
    53.24258526278237,
    56.12656942054908,
    53.914934432632876,
    53.404269674921906,
    54.08514735555882,
    51.26418167448313,
    52.09136161863195,
    53.32410576872736,
    49.890854276348676,
    48.18294730958022,
    45.56825441774802,
    47.605528162434965,
    47.50788327557383,
    48.05410069059457,
    48.9314663584835,
    49.909089932742376,
    50.994547264103886,
    48.52660984560583,
    48.068517401294095,
    51.429573030539316,
    51.174412788503574,
    51.14729354683791,
    54.08089780590231,
    52.67574191110333,
    51.825741053164904,
    54.73584572731537,
    53.1674048581224,
    54.81340754707437,
    53.16856238530488,
    53.25804848983192,
    53.533561485947395,
    54.44014367859651,
    55.894532615995615,
    54.866531096359786,
    53.59538200330436,
    53.98921989284329,
    54.94440022211371,
    54.3359520407396,
    54.62684138449376,
    53.31931747644362,
    53.25330737467613,
    53.431596318042814,
    53.24648831075509,
    50.502564019905456,
    52.31267976589649,
    50.67905761851388,
    52.27753638593451,
    50.86846590398654,
    51.525826630064685,
    51.12043688613747,
    51.057772710005565,
    50.11566028107908,
    50.798400265070484,
    51.06761638640498,
    49.03579290161308,
    50.55323793229514,
    49.154182256110076,
    48.83267856941528,
    46.3991871171446,
    46.317537553657374,
    43.872953589530056,
    39.91745229408144,
    38.60962697702971,
    39.85383512281433,
    37.41224975712766,
    34.872751361967794,
    36.86561338489595,
    38.273563640880944,
    39.08486049121135,
    41.42843860230136,
    45.6771981662845,
    46.19440164413854,
    46.59621632204148,
    41.67158619677782,
    45.08359636231611,
    50.76678608418528,
    54.71746542365777,
    54.18442101959967,
    56.175785223957334,
    56.84342602977661,
    57.298764569769396,
    53.95131106179283,
    54.03864722330596,
    53.094089085694726,
    50.591648569419434,
    48.8971294823376,
    47.26821441826491,
    45.598402799194496,
    42.9829016441228,
    43.82187675140667,
    45.86152839936692,
    46.88232704213289,
    47.18577380010087,
    47.098891487830066,
    49.99975325089411,
    50.82644433204614,
    50.23723149783338,
    52.526384057463055,
    52.31370177389823,
    49.894623525473435,
    48.56248369139337,
    48.5002899916494,
    47.54575739566712,
    49.99799736327794,
    46.27519122017497,
    46.19186380154841,
    49.493208305338534,
    49.50001436994289,
    49.661847845571224,
    48.99064681528656,
    49.113183030520496,
    46.44201157886682,
    48.6860730553196,
    46.72369046137828,
    48.10345255753513,
    49.97808699244723,
    47.41246549156206,
    47.24352074103854,
    50.22721764953405,
    48.061893592445465,
    51.66137101510319,
    51.41861814016162,
    51.9203214757684,
    50.808752354285176,
    50.90565700635513,
    50.12613826322539,
    48.84868678760324,
    47.60206627474567,
    47.6895024543298,
    47.57545191770207,
    48.274192654750806,
    51.51342507779186,
    50.21668690187667,
    48.05127175385379,
    47.47485890027334,
    48.0911061463525,
    46.93995518095691,
    46.950154875682315,
    49.4691771221931,
    46.436924058856306,
    42.058187540777666,
    43.199505581600874,
    41.84348814090122,
    43.65065556418065,
    43.586910855552134,
    41.69149320380051,
    43.00037299761331,
    43.99981521841331,
    43.69850755118894,
    42.53137088374934,
    45.68793511672842,
    46.85860354117042,
    44.69347084091702,
    43.65599227717813,
    46.15751872276205,
    47.66104611795811,
    46.813592715286894,
    47.01043495661309,
    48.60328716852365,
    45.87164187710426,
    45.445258603674745,
    47.12502985493454,
    47.49698361127997,
    47.543294830386756,
    47.80596393331098,
    49.004016289228225,
    46.73282347423947,
    46.955223236525875,
    49.354030791665025,
    48.39959053963736,
    47.73553137570594,
    45.54374222136567,
    47.64258376977436,
    44.44374088860677,
    46.3917158801649,
    50.36426154533162,
    53.04991886591906,
    53.00586167801695,
    54.37287872926233,
    55.140400580363696,
    55.56304436215561,
    57.980746317138994,
    58.416159870923224,
    57.82329404373838,
    58.35589507759517
  ],
  "actions": [],
  "observations": [
    1,
    1,
    1,
    2,
    2,
    2,
    1,
    1,
    1,
    1,
    1,
    1,
    1,
    1,
    2,
    2,
    1,
    2,
    1,
    1,
    1,
    1,
    1,
    1,
    1,
    1,
    1,
    1,
    1,
    1,
    1,
    1,
    1,
    1,
    1,
    1,
    1,
    1,
    1,
    1,
    1,
    1,
    1,
    1,
    1,
    1,
    1,
    1,
    2,
    1,
    1,
    1,
    1,
    1,
    1,
    1,
    1,
    1,
    1,
    1,
    1,
    1,
    1,
    1,
    1,
    1,
    1,
    1,
    1,
    1,
    1,
    1,
    1,
    1,
    1,
    1,
    0,
    0,
    0,
    0,
    0,
    0,
    0,
    0,
    0,
    0,
    1,
    1,
    1,
    0,
    1,
    1,
    1,
    1,
    2,
    2,
    2,
    1,
    1,
    1,
    1,
    1,
    1,
    1,
    0,
    0,
    1,
    1,
    1,
    1,
    1,
    1,
    1,
    1,
    1,
    1,
    1,
    1,
    1,
    1,
    1,
    1,
    1,
    1,
    1,
    1,
    1,
    1,
    1,
    1,
    1,
    1,
    1,
    1,
    1,
    1,
    1,
    1,
    1,
    1,
    1,
    1,
    1,
    1,
    1,
    1,
    1,
    1,
    1,
    1,
    1,
    1,
    1,
    1,
    1,
    1,
    0,
    0,
    0,
    0,
    0,
    0,
    0,
    0,
    0,
    0,
    1,
    1,
    0,
    0,
    1,
    1,
    1,
    1,
    1,
    1,
    1,
    1,
    1,
    1,
    1,
    1,
    1,
    1,
    1,
    1,
    1,
    1,
    1,
    0,
    1,
    1,
    1,
    1,
    1,
    2,
    2,
    2,
    2,
    2
  ],