{
  "timesteps": [
    0,
    1,
    2,
    3,
    4,
    5,
    6,
    7,
    8,
    9,
    10,
    11,
    12,
    13,
    14,
    15,
    16,
    17,
    18,
    19,
    20,
    21,
    22,
    23,
    24,
    25,
    26,
    27,
    28,
    29,
    30,
    31,
    32,
    33,
    34,
    35,
    36,
    37,
    38,
    39,
    40,
    41,
    42,
    43,
    44,
    45,
    46,
    47,
    48,
    49,
    50,
    51,
    52,
    53,
    54,
    55,
    56,
    57,
    58,
    59,
    60,
    61,
    62,
    63,
    64,
    65,
    66,
    67,
    68,
    69,
    70,
    71,
    72,
    73,
    74,
    75,
    76,
    77,
    78,
    79,
    80,
    81,
    82,
    83,
    84,
    85,
    86,
    87,
    88,
    89,
    90,
    91,
    92,
    93,
    94,
    95,
    96,
    97,
    98,
    99,
    100,
    101,
    102,
    103,
    104,
    105,
    106,
    107,
    108,
    109,
    110,
    111,
    112,
    113,
    114,
    115,
    116,
    117,
    118,
    119,
    120,
    121,
    122,
    123,
    124,
    125,
    126,
    127,
    128,
    129,
    130,
    131,
    132,
    133,
    134,
    135,
    136,
    137,
    138,
    139,
    140,
    141,
    142,
    143,
    144,
    145,
    146,
    147,
    148,
    149,
    150,
    151,
    152,
    153,
    154,
    155,
    156,
    157,
    158,
    159,
    160,
    161,
    162,
    163,
    164,
    165,
    166,
    167,
    168,
    169,
    170,
    171,
    172,
    173,
    174,
    175,
    176,
    177,
    178,
    179,
    180,
    181,
    182,
    183,
    184,
    185,
    186,
    187,
    188,
    189,
    190,
    191,
    192,
    193,
    194,
    195,
    196,
    197,
    198,
    199
  ],
  "states": [
    50.0,
    48.445798590468314,
    47.18769398568657,
    49.37290731145407,
    48.76349482753647,
    51.16779057114647,
    50.22340140900293,
    48.85947622104235,
    49.5214900784672,
    47.993363712282864,
    47.70371429836583,
    47.692384265043586,
    49.8344072391152,
    50.959081858917514,
    49.02937106029985,
    49.585788554057025,
    49.47358939294875,
    50.696595224686554,
    47.26714666399547,
    48.12136691148226,
    46.65769061658493,
    49.344930425035045,
    50.51165599512773,
    49.855893490183846,
    52.91815738587742,
    49.80256805458609,
    53.39685242289503,
    56.19079853021339,
    57.23575590135429,
    59.255348295365266,
    58.6265249224905,
    59.11632885128813,
    57.47136882326236,
    56.378868428474696,
    55.88250299963848,
    55.81068367526894,
    55.57421615269174,
    57.61052683744473,
    58.77084644482841,
    57.499251982246186,
    58.38747445133177,
    55.84491608316161,
    56.40896204480922,
    56.27421062741545,
    53.2399596798605,
    51.21550118194085,
    52.20125504685374,
    51.391618143577965,
    50.9490961479655,
    50.76608634165464,
    46.82500798553406,
    43.99924508317311,
    43.80126692124177,
    46.25883851041263,
    47.633706374091155,
    46.750171089670054,
    48.12283779848718,
    48.249185582831416,
    50.08421815743245,
    51.421208119388616,
    49.500410311754216,
    51.76274619171493,
    52.69581342526712,
    56.2663865269435,
    54.63833897187252,
    55.98042134906375,
    57.434054116042006,
    55.43288518897595,
    55.33547033675376,
    55.860463433986766,
    54.86375641474312,
    53.35177741925064,
    53.2364637227002,
    49.07020392995356,
    50.165580596432285,
    52.726460607843336,
    56.14649445536892,
    54.989466931072336,
    56.78302111334416,
    56.65759727384786,
    56.43915467429548,
    57.489171190360636,
    54.97057767588647,
    54.2643454499611,
    56.47633326632193,
    54.847703932715575,
    55.34964344611384,
    57.67808708506423,
    59.63298444810155,
    60.22797422013408,
    61.87916563425199,
    62.14560389671623,
    63.249567746029705,
    61.84576089154449,
    62.68581069834993,
    61.08585628243601,
    62.78186673800029,
    60.99518937028822,
    62.586813946383394,
    65.35928707395432,
    67.26195184128429,
    65.6922924570449,
    65.87051191825893,
    68.20353790569146,
    71.10965401475568,
    68.1204219745024,
    67.28266371676857,
    68.15415044425937,
    69.45854387423955,
    67.9578585998152,
    68.41373272597953,
    68.13868867969116,
    69.89073925894186,
    73.00967066376238,
    71.96198338949648,
    73.38492132621874,
    75.07354835778911,
    74.38064041794402,
    70.78292652625487,
    68.63792100308537,
    71.0516296259688,
    73.46726392199987,
    71.81128013966351,
    71.61056572127816,
    72.35351668858719,
    72.29561346197649,
    70.75707067795001,
    71.99928201734913,
    73.4219204468469,
    73.8481679442602,
    74.1524706743642,
    73.2362869203226,
    72.69035661614572,
    74.23444697654392,
    72.01087431668071,
    72.50499491712276,
    71.29178107999806,
    71.78746355086308,
    69.35415952405259,
    69.4305954220762,
    68.45054036715962,
    72.46206946040921,
    72.56224546247134,
    69.43455596281939,
    71.48653709043589,
    72.44785074545142,
    76.26846520391902,
    73.41844491136779,
    73.0683103968677,
    72.00724305131307,
    73.38810488159625,
    73.97072235121175,
    76.11709553565112,
    80.2251010333113,
    80.39550403256293,
    77.5976601225382,
    74.8973428432163,
    72.45479369537603,
    71.23141396427025,
    71.57956209741076,
    74.14588447253607,
    74.305865028417,
    72.03207976547581,
    69.54779399399746,
    70.8008051792937,
    72.71105087336657,
    73.11992068831123,
    72.28167950932347,
    74.24981327466253,
    73.23593145013325,
    73.51013414017972,
    73.83340619283618,
    69.60717276032777,
    70.33728270521368,
    68.1057449796231,
    65.84681037301095,
    68.8721915297181,
    66.64319185547491,
    69.00400477752449,
    67.62111365640183,
    65.01609251539384,
    64.03562447460085,
    62.99425515513413,
    63.39539216205054,
    63.68456760429247,
    65.96319580313603,
    67.78732204375731,
    66.9406081800404,
    68.35544941948808,
    67.98806847213201,
    71.02551111243372,
    70.44881382246423,
    75.33135442723793,
    75.25175101773607,
    74.0332796362887,
    74.21998248598356,
    74.56014739366825,
    77.68523425658185,
    79.37980243518776,
    80.2180956257349,
    80.3599413852703
  ],
  "actions": [],
  "observations": [
    1,
    1,
    1,
    1,
    1,
    1,
    1,
    1,
    1,
    1,
    1,
    1,
    1,
    1,
    1,
    1,
    1,
    1,
    1,
    1,
    1,
    1,
    1,
    1,
    1,
    1,
    1,
    2,
    2,
    2,
    2,
    2,
    2,
    2,
    2,
    2,
    2,
    2,
    2,
    2,
    2,
    2,
    2,
    2,
    1,
    1,
    1,
    1,
    1,
    1,
    1,
    0,
    0,
    1,
    1,
    1,
    1,
    1,
    1,
    1,
    1,
    1,
    1,
    2,
    1,
    2,
    2,
    2,
    2,
    2,
    1,
    1,
    1,
    1,
    1,
    1,
    2,
    1,
    2,
    2,
    2,
    2,
    1,
    1,
    2,
    1,
    2,
    2,
    2,
    2,
    2,
    2,
    2,
    2,
    2,
    2,
    2,
    2,
    2,
    2,
    2,
    2,
    2,
    2,
    2,
    2,
    2,
    2,
    2,
    2,
    2,
    2,
    2,
    2,
    2,
    2,
    2,
    2,
    2,
    2,
    2,
    2,
    2,
    2,
    2,
    2,
    2,
    2,
    2,
    2,
    2,
    2,
    2,
    2,
    2,
    2,
    2,
    2,
    2,
    2,
    2,
    2,
    2,
    2,
    2,
    2,
    2,
    2,
    2,
    2,
    2,
    2,
    2,
    2,
    2,
    2,
    2,
    2,
    2,
    2,
    2,
    2,
    2,
    2,
    2,
    2,
    2,
    2,
    2,
    2,
    2,
    2,
    2,
    2,
    2,
    2,
    2,
    2,
    2,
    2,
    2,
    2,
    2,
    2,
    2,
    2,
    2,
    2,
    2,
    2,
    2,
    2,
    2,
    2,
    2,
    2,
    2,
    2,
    2,
    2
  ],