{
  "timesteps": [
    0,
    1,
    2,
    3,
    4,
    5,
    6,
    7,
    8,
    9,
    10,
    11,
    12,
    13,
    14,
    15,
    16,
    17,
    18,
    19,
    20,
    21,
    22,
    23,
    24,
    25,
    26,
    27,
    28,
    29,
    30,
    31,
    32,
    33,
    34,
    35,
    36,
    37,
    38,
    39,
    40,
    41,
    42,
    43,
    44,
    45,
    46,
    47,
    48,
    49,
    50,
    51,
    52,
    53,
    54,
    55,
    56,
    57,
    58,
    59,
    60,
    61,
    62,
    63,
    64,
    65,
    66,
    67,
    68,
    69,
    70,
    71,
    72,
    73,
    74,
    75,
    76,
    77,
    78,
    79,
    80,
    81,
    82,
    83,
    84,
    85,
    86,
    87,
    88,
    89,
    90,
    91,
    92,
    93,
    94,
    95,
    96,
    97,
    98,
    99,
    100,
    101,
    102,
    103,
    104,
    105,
    106,
    107,
    108,
    109,
    110,
    111,
    112,
    113,
    114,
    115,
    116,
    117,
    118,
    119,
    120,
    121,
    122,
    123,
    124,
    125,
    126,
    127,
    128,
    129,
    130,
    131,
    132,
    133,
    134,
    135,
    136,
    137,
    138,
    139,
    140,
    141,
    142,
    143,
    144,
    145,
    146,
    147,
    148,
    149,
    150,
    151,
    152,
    153,
    154,
    155,
    156,
    157,
    158,
    159,
    160,
    161,
    162,
    163,
    164,
    165,
    166,
    167,
    168,
    169,
    170,
    171,
    172,
    173,
    174,
    175,
    176,
    177,
    178,
    179,
    180,
    181,
    182,
    183,
    184,
    185,
    186,
    187,
    188,
    189,
    190,
    191,
    192,
    193,
    194,
    195,
    196,
    197,
    198,
    199
  ],
  "states": [
    50.0,
    51.732422447115425,
    52.94331558588611,
    50.378404050095284,
    50.44789563342589,
    52.30434675624959,
    53.282242569947336,
    54.32446675333059,
    54.741099307157185,
    53.27661744744531,
    53.408523197112736,
    53.9007170528098,
    55.5831825555058,
    57.144282616507454,
    56.82277041412088,
    55.92840630364694,
    56.69679313128134,
    55.59418757908765,
    55.22043069930805,
    56.326610551062714,
    58.790574555720966,
    59.35242217156137,
    58.6229976822791,
    57.9244689270743,
    57.15544723529295,
    56.93961310896835,
    57.93097487865073,
    57.61452097124145,
    57.813844802638364,
    57.90090451342183,
    58.38078502160699,
    57.47511147646859,
    56.07326267680343,
    55.621351049121614,
    54.7072940664794,
    55.85578709483092,
    56.75611741495041,
    55.16088371197808,
    54.92231210423007,
    55.18999763058412,
    51.22043131457345,
    52.31042220725584,
    53.09117215857491,
    52.7249990822997,
    53.02416519278118,
    53.3817261061912,
    55.56775029018652,
    56.279328324316154,
    57.256682848279084,
    56.73967535061126,
    57.352979897918004,
    56.350303439434235,
    55.42011822848934,
    55.76778685429742,
    57.86011171689561,
    59.25842771865231,
    60.920342595964186,
    60.75673022460986,
    61.97753189629618,
    60.89559226527948,
    59.21049156406947,
    58.40415665297006,
    56.539695729559426,
    56.24448149296503,
    55.336018481922174,
    55.11024966799181,
    56.49937484153869,
    55.40255587898817,
    54.11141472537436,
    51.9225150292067,
    51.788236120269616,
    51.38998813457755,
    51.475789730097546,
    51.096526828886745,
    52.36867770055452,
    54.085349996249484,
    56.28053234979154,
    56.50639467191575,
    56.28045393742942,
    55.89206692088565,
    56.26606472932925,
    56.841282865243684,
    57.15887067606872,
    58.90921340841521,
    61.015621776389025,
    60.28626157519185,
    58.194295073804156,
    57.76450184286085,
    57.70708753289598,
    59.028413824376585,
    58.51956584364714,
    58.141391223604785,
    58.22598365158899,
    58.75498614739328,
    60.02637719026828,
    59.14552751674155,
    56.526730459041254,
    56.20330576338641,
    56.72127511276655,
    58.50963347084322,
    56.96944721429956,
    54.86271404694177,
    53.04784632600519,
    51.65986628214454,
    51.62515491725172,
    53.764433874254664,
    52.86114419261345,
    53.21752628072981,
    53.80481679849685,
    56.20823554379728,
    57.59453835148329,
    55.19716670944276,
    55.92551661829037,
    57.01018699925634,
    58.09927043404202,
    57.41508090280599,
    58.053604088858854,
    58.12469391042972,
    56.86988501881306,
    56.88543465398488,
    58.04566178425315,
    58.22439528467804,
    56.63736100825125,
    57.41220237678737,
    59.53110090617948,
    59.13622336649652,
    60.40504588292992,
    61.3811957321742,
    60.40794840669785,
    61.79618521878255,
    61.69595817884044,
    62.2756136290894,
    63.68642037815606,
    65.45359606699239,
    65.32461612092092,
    65.35534049807926,
    65.68252210847196,
    66.01328041280618,
    68.54262150592753,
    71.70323554839979,
    72.47703641613882,
    71.20849127680945,
    69.6884681148015,
    70.47095489844092,
    69.99799403552304,
    69.30937715859798,
    70.38672947857522,
    71.64545059249768,
    70.86530902317251,
    69.32138233381794,
    67.75178533659981,
    69.3449581588782,
    69.66489067837207,
    71.25506819166722,
    71.00600327873741,
    71.99314825559313,
    70.63049836697776,
    68.45625545247412,
    68.45784895281098,
    69.15430260491321,
    69.43462665185403,
    68.98627457387069,
    68.57087003237694,
    68.68946366753154,
    69.05894021487474,
    68.72659126918599,
    69.03189844811858,
    68.28491825469229,
    67.69624320801776,
    68.54263095938063,
    68.75590690304604,
    69.6776611425203,
    71.04847266990373,
    71.90472146195437,
    70.81516703514501,
    71.99331859070482,
    71.26712859333122,
    71.84446081132953,
    71.78479584643222,
    71.14726340690083,
    71.93887442857039,
    73.06792073514112,
    74.31900923411578,
    73.3058911122808,
    75.06514333970723,
    74.27600408659399,
    74.2206246010011,
    74.65257626094677,
    76.88218970626332,
    78.08231119203383,
    78.01323943684588,
    76.34479474063555,
    76.09166272408707,
    76.09460193898768,
    77.230164339522,
    74.1975356177828,
    72.11417806928971,
    72.27755454204761,
    71.1427846366182,
    70.68524592021626,
    71.06409415898037
  ],
  "actions": [],
  "observations": [
    1,
    1,
    1,
    1,
    1,
    1,
    1,
    1,
    1,
    1,
    1,
    1,
    2,
    2,
    2,
    2,
    2,
    2,
    2,
    2,
    2,
    2,
    2,
    2,
    2,
    2,
    2,
    2,
    2,
    2,
    2,
    2,
    2,
    2,
    1,
    2,
    2,
    2,
    1,
    2,
    1,
    1,
    1,
    1,
    1,
    1,
    2,
    2,
    2,
    2,
    2,
    2,
    2,
    2,
    2,
    2,
    2,
    2,
    2,
    2,
    2,
    2,
    2,
    2,
    2,
    2,
    2,
    2,
    1,
    1,
    1,
    1,
    1,
    1,
    1,
    1,
    2,
    2,
    2,
    2,
    2,
    2,
    2,
    2,
    2,
    2,
    2,
    2,
    2,
    2,
    2,
    2,
    2,
    2,
    2,
    2,
    2,
    2,
    2,
    2,
    2,
    1,
    1,
    1,
    1,
    1,
    1,
    1,
    1,
    2,
    2,
    2,
    2,
    2,
    2,
    2,
    2,
    2,
    2,
    2,
    2,
    2,
    2,
    2,
    2,
    2,
    2,
    2,
    2,
    2,
    2,
    2,
    2,
    2,
    2,
    2,
    2,
    2,
    2,
    2,
    2,
    2,
    2,
    2,
    2,
    2,
    2,
    2,
    2,
    2,
    2,
    2,
    2,
    2,
    2,
    2,
    2,
    2,
    2,
    2,
    2,
    2,
    2,
    2,
    2,
    2,
    2,
    2,
    2,
    2,
    2,
    2,
    2,
    2,
    2,
    2,
    2,
    2,
    2,
    2,
    2,
    2,
    2,
    2,
    2,
    2,
    2,
    2,
    2,
    2,
    2,
    2,
    2,
    2,
    2,
    2,
    2,
    2,
    2,
    2
  ],