{
  "timesteps": [
    0,
    1,
    2,
    3,
    4,
    5,
    6,
    7,
    8,
    9,
    10,
    11,
    12,
    13,
    14,
    15,
    16,
    17,
    18,
    19,
    20,
    21,
    22,
    23,
    24,
    25,
    26,
    27,
    28,
    29,
    30,
    31,
    32,
    33,
    34,
    35,
    36,
    37,
    38,
    39,
    40,
    41,
    42,
    43,
    44,
    45,
    46,
    47,
    48,
    49,
    50,
    51,
    52,
    53,
    54,
    55,
    56,
    57,
    58,
    59,
    60,
    61,
    62,
    63,
    64,
    65,
    66,
    67,
    68,
    69,
    70,
    71,
    72,
    73,
    74,
    75,
    76,
    77,
    78,
    79,
    80,
    81,
    82,
    83,
    84,
    85,
    86,
    87,
    88,
    89,
    90,
    91,
    92,
    93,
    94,
    95,
    96,
    97,
    98,
    99,
    100,
    101,
    102,
    103,
    104,
    105,
    106,
    107,
    108,
    109,
    110,
    111,
    112,
    113,
    114,
    115,
    116,
    117,
    118,
    119,
    120,
    121,
    122,
    123,
    124,
    125,
    126,
    127,
    128,
    129,
    130,
    131,
    132,
    133,
    134,
    135,
    136,
    137,
    138,
    139,
    140,
    141,
    142,
    143,
    144,
    145,
    146,
    147,
    148,
    149,
    150,
    151,
    152,
    153,
    154,
    155,
    156,
    157,
    158,
    159,
    160,
    161,
    162,
    163,
    164,
    165,
    166,
    167,
    168,
    169,
    170,
    171,
    172,
    173,
    174,
    175,
    176,
    177,
    178,
    179,
    180,
    181,
    182,
    183,
    184,
    185,
    186,
    187,
    188,
    189,
    190,
    191,
    192,
    193,
    194,
    195,
    196,
    197,
    198,
    199
  ],
  "states": [
    50.0,
    51.81317141784077,
    51.672699222622015,
    51.71434225457022,
    50.504802157197275,
    50.657922375407466,
    49.683995907604064,
    48.67949551104564,
    50.18790507492471,
    50.324929154864016,
    51.49481761373598,
    54.78822561273784,
    55.196764427051164,
    57.48347917510364,
    57.540777943054515,
    55.23171530257975,
    56.24264754280528,
    54.39980261606849,
    54.5730819520398,
    53.403002764743334,
    53.18821054289304,
    54.513028544665175,
    55.64861264807991,
    55.638285639336345,
    54.99723182917332,
    54.754505757020766,
    54.69641107987306,
    55.15062824572643,
    54.081845643948526,
    54.642481373560955,
    55.90906579394833,
    54.998983711832835,
    54.6761599417278,
    55.520142532872974,
    54.25451338826661,
    54.43038192211277,
    53.468881751078264,
    53.673088914728176,
    52.10109795220943,
    50.622758805151946,
    50.313563129424324,
    48.69337121171871,
    49.294200342380854,
    46.869926680513316,
    48.08277691345771,
    46.349525245749504,
    45.15532277996061,
    45.08279358723531,
    46.326452993078945,
    44.71443598953147,
    45.29879980416654,
    45.67300358600769,
    44.65957114743864,
    43.03359431311511,
    41.35458481855254,
    40.39484051531788,
    41.14613984886346,
    39.5507209243122,
    37.94919637908589,
    38.985062174736555,
    39.23831966711049,
    41.156630587619595,
    42.11594985840286,
    41.793839580684356,
    43.38287556756585,
    45.29723194133237,
    42.949721107059474,
    41.32837431254765,
    42.457047756059694,
    41.91577184903246,
    42.84025549996992,
    42.34251559699473,
    39.9369598226455,
    42.07777887954405,
    40.969709571812714,
    40.509047406940056,
    39.49343832796065,
    37.83502153384263,
    38.83756331993837,
    37.2278204742436,
    38.66899202282415,
    39.917429377989606,
    40.76634088582195,
    42.088307269864295,
    41.707188736438766,
    43.114430388541216,
    43.39437494490255,
    44.29487425511197,
    43.67469818046742,
    42.56547676872457,
    43.78077434638945,
    42.98886211038494,
    41.02578039033217,
    43.02072752374144,
    44.13680026620775,
    44.44707716994314,
    44.6031429698035,
    44.70618287897375,
    43.7119230542499,
    42.93457924819134,
    43.86097353620218,
    41.3372798481876,
    40.912921424806264,
    40.77264877439516,
    41.88938978900437,
    42.49115902638335,
    44.173176890961116,
    44.00276846215091,
    43.7899679542764,
    43.048394246188685,
    41.773562397657535,
    43.266569358186565,
    44.529507246081394,
    44.35109967750605,
    45.017647248744396,
    44.35357293755025,
    43.3243985895144,
    42.179474306202664,
    42.158507641612744,
    42.164977862311396,
    41.89074843152104,
    42.758352925349975,
    42.5251209248944,
    43.343628679550115,
    42.12159040662187,
    41.783757874190826,
    40.9118678608546,
    41.79405707996371,
    41.89631524131602,
    42.5043573176487,
    41.03079301403438,
    39.88624776176085,
    37.66630275577574,
    37.07257305807854,
    38.58835797421108,
    36.91788660393788,
    37.201831802735256,
    36.220229972194744,
    35.28900975934419,
    36.36898230551491,
    37.613028873082136,
    38.8761675257908,
    41.16668018192617,
    41.96930678158133,
    41.94370563865482,
    41.648732638663155,
    42.479667226842864,
    42.29942782648734,
    43.1065728507614,
    45.278446328809586,
    45.14521161922493,
    45.78977735343826,
    46.296893371272404,
    45.69477792940405,
    45.03198941691581,
    45.049824643614464,
    42.61202551949651,
    43.02400434246826,
    42.70194973250458,
    43.62897977984406,
    42.314694427913,
    44.222187680939186,
    43.23562118479918,
    40.794563403083174,
    40.00503065517469,
    40.92438853438105,
    42.57259100115761,
    43.16299658491763,
    41.55482286378369,
    41.369343611370205,
    39.68410427349902,
    39.93760282787542,
    40.15082065506261,
    40.709977837965376,
    39.86213408933119,
    39.8409508251392,
    39.19624710311027,
    36.599183396380006,
    35.33861792239035,
    34.31371822840589,
    33.87922766122668,
    33.98627186024558,
    34.913600927718,
    34.91764097141766,
    34.63093003476229,
    36.61927328183507,
    36.32180522199256,
    34.453654271075955,
    34.96717615963301,
    34.18792374823244,
    33.8747942261896,
    35.15661942209169,
    36.147091778063135,
    34.3648079673066,
    34.52920744299757,
    32.89657188585111,
    33.26893272207934,
    32.585363934445276,
    31.87783625036957,
    31.03156158213437,
    32.57168237362271
  ],
  "actions": [],
  "observations": [
    1,
    1,
    1,
    1,
    1,
    1,
    1,
    1,
    1,
    1,
    1,
    1,
    2,
    2,
    2,
    2,
    2,
    1,
    1,
    1,
    1,
    1,
    2,
    2,
    1,
    1,
    1,
    2,
    1,
    1,
    2,
    1,
    1,
    2,
    1,
    1,
    1,
    1,
    1,
    1,
    1,
    1,
    1,
    1,
    1,
    1,
    1,
    1,
    1,
    0,
    1,
    1,
    0,
    0,
    0,
    0,
    0,
    0,
    0,
    0,
    0,
    0,
    0,
    0,
    0,
    1,
    0,
    0,
    0,
    0,
    0,
    0,
    0,
    0,
    0,
    0,
    0,
    0,
    0,
    0,
    0,
    0,
    0,
    0,
    0,
    0,
    0,
    0,
    0,
    0,
    0,
    0,
    0,
    0,
    0,
    0,
    0,
    0,
    0,
    0,
    0,
    0,
    0,
    0,
    0,
    0,
    0,
    0,
    0,
    0,
    0,
    0,
    0,
    0,
    1,
    0,
    0,
    0,
    0,
    0,
    0,
    0,
    0,
    0,
    0,
    0,
    0,
    0,
    0,
    0,
    0,
    0,
    0,
    0,
    0,
    0,
    0,
    0,
    0,
    0,
    0,
    0,
    0,
    0,
    0,
    0,
    0,
    0,
    0,
    1,
    1,
    1,
    1,
    1,
    1,
    1,
    0,
    0,
    0,
    0,
    0,
    0,
    0,
    0,
    0,
    0,
    0,
    0,
    0,
    0,
    0,
    0,
    0,
    0,
    0,
    0,
    0,
    0,
    0,
    0,
    0,
    0,
    0,
    0,
    0,
    0,
    0,
    0,
    0,
    0,
    0,
    0,
    0,
    0,
    0,
    0,
    0,
    0,
    0,
    0
  ],