{
  "timesteps": [
    0,
    1,
    2,
    3,
    4,
    5,
    6,
    7,
    8,
    9,
    10,
    11,
    12,
    13,
    14,
    15,
    16,
    17,
    18,
    19,
    20,
    21,
    22,
    23,
    24,
    25,
    26,
    27,
    28,
    29,
    30,
    31,
    32,
    33,
    34,
    35,
    36,
    37,
    38,
    39,
    40,
    41,
    42,
    43,
    44,
    45,
    46,
    47,
    48,
    49,
    50,
    51,
    52,
    53,
    54,
    55,
    56,
    57,
    58,
    59,
    60,
    61,
    62,
    63,
    64,
    65,
    66,
    67,
    68,
    69,
    70,
    71,
    72,
    73,
    74,
    75,
    76,
    77,
    78,
    79,
    80,
    81,
    82,
    83,
    84,
    85,
    86,
    87,
    88,
    89,
    90,
    91,
    92,
    93,
    94,
    95,
    96,
    97,
    98,
    99,
    100,
    101,
    102,
    103,
    104,
    105,
    106,
    107,
    108,
    109,
    110,
    111,
    112,
    113,
    114,
    115,
    116,
    117,
    118,
    119,
    120,
    121,
    122,
    123,
    124,
    125,
    126,
    127,
    128,
    129,
    130,
    131,
    132,
    133,
    134,
    135,
    136,
    137,
    138,
    139,
    140,
    141,
    142,
    143,
    144,
    145,
    146,
    147,
    148,
    149,
    150,
    151,
    152,
    153,
    154,
    155,
    156,
    157,
    158,
    159,
    160,
    161,
    162,
    163,
    164,
    165,
    166,
    167,
    168,
    169,
    170,
    171,
    172,
    173,
    174,
    175,
    176,
    177,
    178,
    179,
    180,
    181,
    182,
    183,
    184,
    185,
    186,
    187,
    188,
    189,
    190,
    191,
    192,
    193,
    194,
    195,
    196,
    197,
    198,
    199
  ],
  "states": [
    50.0,
    49.28237888914492,
    50.48477485668941,
    50.52506647275781,
    50.53947183809697,
    51.66588798867454,
    51.13091107970186,
    51.61609507738651,
    52.77523513316857,
    51.899647390853524,
    52.47793422158543,
    52.14733660538558,
    53.39146724610901,
    51.89421452882014,
    50.5886494891652,
    50.04127010605874,
    49.54782845505203,
    49.675148334310265,
    51.21587558626144,
    50.765468134393565,
    50.073882263964634,
    49.28481060029775,
    51.12509142154708,
    52.084595884696604,
    51.165971142813326,
    52.97213212743727,
    51.85480917563291,
    48.574175959566055,
    48.705009254871,
    49.46145115552885,
    51.0872945199299,
    50.40715997373384,
    49.512929227726595,
    47.92934016125606,
    47.46024668654965,
    46.26848255249773,
    46.34473794476955,
    47.459592553721386,
    46.87628299929311,
    46.628763377190836,
    46.37683882754556,
    47.37625584771249,
    45.68102588155929,
    45.1401714369788,
    45.117642516567955,
    46.41053890544759,
    48.36168908560837,
    50.46245265952798,
    48.1219937459947,
    48.178469825348614,
    46.12867244649003,
    48.004034314225706,
    47.272032813822804,
    48.49417959685171,
    49.86303486591671,
    50.30289974380844,
    50.62282406259039,
    51.946685172720365,
    50.503826523647,
    48.96072890994498,
    47.559082784524605,
    46.673454369936046,
    47.82258707657139,
    48.766303179346075,
    48.69648202974829,
    49.273212242440295,
    48.06638677752046,
    48.95897471412736,
    47.47292164778626,
    46.048038513400385,
    46.99974511130161,
    49.243446513247015,
    51.1116859357427,
    50.55444610506273,
    50.32534535016858,
    50.89098517117751,
    50.05909477675528,
    51.64495390494969,
    53.528823503041224,
    53.43774390669032,
    53.57328858008349,
    54.64637932910002,
    54.60574176778212,
    53.56079458134532,
    53.98445599449587,
    52.71321837844218,
    54.46381890020778,
    53.7298039104044,
    53.228344639312354,
    53.03250697808571,
    51.911654760499026,
    53.69559456182421,
    54.5585145631095,
    56.27543771529269,
    56.925528461447506,
    58.45330938806116,
    56.46582171130871,
    56.581053559011316,
    57.50924789832922,
    57.66078500899207,
    58.363938751956546,
    57.21811033263339,
    57.189480165416626,
    55.83469498855588,
    54.18751945006751,
    54.61699963840835,
    53.87308446429854,
    55.00721043127098,
    53.98686581723347,
    51.44792493448735,
    52.1553906916778,
    49.952508265301,
    50.174169846532905,
    48.89593634559565,
    48.80756237616899,
    48.484910256336796,
    50.18829607927875,
    51.13606422718396,
    52.60570652431043,
    53.388959867353826,
    53.025043210438064,
    52.83538010057424,
    51.37139281739558,
    52.53619835245051,
    51.13751109008097,
    50.16527738161483,
    48.34377432714252,
    48.74600978265573,
    48.678636786997345,
    45.889209995373555,
    46.19469754605373,
    45.71742976326104,
    46.48614138081301,
    45.571945605972324,
    45.53273244881306,
    44.60877436520363,
    42.68168800499469,
    43.33030773968567,
    45.20355440801413,
    45.86365130564746,
    45.45976555201224,
    45.870964467534804,
    47.055336014123256,
    47.60756936182678,
    47.85648832429197,
    48.854302396196296,
    49.35562409351531,
    49.41550782971882,
    50.17932034680077,
    51.57138696528954,
    51.46325854502387,
    52.642684907832084,
    53.32874795438274,
    54.40503123862688,
    56.339444687839794,
    57.68515729595356,
    57.17699325648897,
    58.12124826793246,
    57.813048044856856,
    59.24800617284523,
    59.68394961000592,
    58.58826472609976,
    57.79573473383333,
    57.45126023241664,
    58.60111853772702,
    59.28587423002747,
    58.097489259650295,
    57.45483105065188,
    56.69692077012388,
    56.41744111048027,
    56.638531899062556,
    58.7154551825484,
    59.523985879862,
    58.186876564475526,
    57.87235826836033,
    57.90764717820154,
    57.848801927452854,
    58.5222842018426,
    60.26249303400722,
    61.85716226666218,
    62.62230077685756,
    63.8330788867009,
    63.52660350765234,
    62.08103320669472,
    60.79224145795143,
    60.39280954212141,
    62.046941671882,
    61.913785818587606,
    61.45130171227111,
    60.470115632866005,
    61.549866321256495,
    60.5621470788624,
    59.945379767812796,
    59.710038700750275,
    58.00837289036412,
    57.67250669011737,
    55.86914867049378,
    55.8604843592088,
    54.81316014958033,
    54.80666623566526,
    53.4297434017148
  ],
  "actions": [],
  "observations": [
    1,
    1,
    1,
    1,
    1,
    1,
    1,
    1,
    1,
    1,
    1,
    1,
    1,
    1,
    1,
    1,
    1,
    1,
    1,
    1,
    1,
    1,
    1,
    1,
    1,
    1,
    1,
    1,
    1,
    1,
    1,
    1,
    1,
    1,
    1,
    1,
    1,
    1,
    1,
    1,
    1,
    1,
    1,
    1,
    1,
    1,
    1,
    1,
    1,
    1,
    1,
    1,
    1,
    1,
    1,
    1,
    1,
    1,
    1,
    1,
    1,
    1,
    1,
    1,
    1,
    1,
    1,
    1,
    1,
    1,
    1,
    1,
    1,
    1,
    1,
    1,
    1,
    1,
    1,
    1,
    1,
    1,
    1,
    1,
    1,
    1,
    1,
    1,
    1,
    1,
    1,
    1,
    1,
    2,
    2,
    2,
    2,
    2,
    2,
    2,
    2,
    2,
    2,
    2,
    1,
    1,
    1,
    2,
    1,
    1,
    1,
    1,
    1,
    1,
    1,
    1,
    1,
    1,
    1,
    1,
    1,
    1,
    1,
    1,
    1,
    1,
    1,
    1,
    1,
    1,
    1,
    1,
    1,
    1,
    1,
    0,
    0,
    0,
    1,
    1,
    1,
    1,
    1,
    1,
    1,
    1,
    1,
    1,
    1,
    1,
    1,
    1,
    1,
    1,
    2,
    2,
    2,
    2,
    2,
    2,
    2,
    2,
    2,
    2,
    2,
    2,
    2,
    2,
    2,
    2,
    2,
    2,
    2,
    2,
    2,
    2,
    2,
    2,
    2,
    2,
    2,
    2,
    2,
    2,
    2,
    2,
    2,
    2,
    2,
    2,
    2,
    2,
    2,
    2,
    2,
    2,
    2,
    2,
    1,
    1
  ],