{
  "timesteps": [
    0,
    1,
    2,
    3,
    4,
    5,
    6,
    7,
    8,
    9,
    10,
    11,
    12,
    13,
    14,
    15,
    16,
    17,
    18,
    19,
    20,
    21,
    22,
    23,
    24,
    25,
    26,
    27,
    28,
    29,
    30,
    31,
    32,
    33,
    34,
    35,
    36,
    37,
    38,
    39,
    40,
    41,
    42,
    43,
    44,
    45,
    46,
    47,
    48,
    49,
    50,
    51,
    52,
    53,
    54,
    55,
    56,
    57,
    58,
    59,
    60,
    61,
    62,
    63,
    64,
    65,
    66,
    67,
    68,
    69,
    70,
    71,
    72,
    73,
    74,
    75,
    76,
    77,
    78,
    79,
    80,
    81,
    82,
    83,
    84,
    85,
    86,
    87,
    88,
    89,
    90,
    91,
    92,
    93,
    94,
    95,
    96,
    97,
    98,
    99,
    100,
    101,
    102,
    103,
    104,
    105,
    106,
    107,
    108,
    109,
    110,
    111,
    112,
    113,
    114,
    115,
    116,
    117,
    118,
    119,
    120,
    121,
    122,
    123,
    124,
    125,
    126,
    127,
    128,
    129,
    130,
    131,
    132,
    133,
    134,
    135,
    136,
    137,
    138,
    139,
    140,
    141,
    142,
    143,
    144,
    145,
    146,
    147,
    148,
    149,
    150,
    151,
    152,
    153,
    154,
    155,
    156,
    157,
    158,
    159,
    160,
    161,
    162,
    163,
    164,
    165,
    166,
    167,
    168,
    169,
    170,
    171,
    172,
    173,
    174,
    175,
    176,
    177,
    178,
    179,
    180,
    181,
    182,
    183,
    184,
    185,
    186,
    187,
    188,
    189,
    190,
    191,
    192,
    193,
    194,
    195,
    196,
    197,
    198,
    199
  ],
  "states": [
    50.0,
    49.322415330966265,
    49.55384084611351,
    49.258894417058045,
    49.10898526687926,
    49.14810494081034,
    49.568520652185335,
    48.62153043064499,
    49.45606617460159,
    48.64011542037247,
    49.523459623951304,
    49.62402888495272,
    49.47632430692968,
    49.08418862843634,
    49.5031435893762,
    48.2128201029729,
    48.74493545613198,
    48.47153182144709,
    48.541403923376485,
    49.313387818316386,
    49.3611463374416,
    48.45382461423044,
    48.32409043592861,
    47.380949032209486,
    48.2338964062978,
    50.19904777017626,
    47.71294574717297,
    48.79592901585453,
    49.35064017826981,
    48.81259867484364,
    49.024548660440715,
    48.55195997721848,
    46.2212900138755,
    44.151442485112845,
    43.82129651384697,
    43.30796593006836,
    44.0194881430999,
    44.682541671749576,
    43.532499800643464,
    45.888647396881055,
    45.45685582964926,
    45.105314608968435,
    43.6190737010742,
    44.20956028416671,
    43.11094012959973,
    43.61646587631215,
    43.96389604616866,
    46.092386661633455,
    45.34270791103937,
    43.583877368074646,
    42.89994560068396,
    44.57999622916233,
    42.67088512869066,
    41.57358241366596,
    40.95448860955572,
    40.141636312675246,
    38.85357888838186,
    38.73170677368952,
    39.1953702809466,
    41.47879968869441,
    40.636786754516145,
    41.42989942306031,
    42.997810760426766,
    43.19014888142198,
    42.089008307517375,
    43.310930168955814,
    45.28460430278378,
    46.44870989019645,
    46.06312006333283,
    47.577468662554516,
    48.25629249572455,
    46.26787477176778,
    46.77400414232668,
    47.23075498056925,
    47.44219652681158,
    47.30762226932306,
    46.79190001998218,
    47.445133730496345,
    46.09739961247426,
    46.349727235458566,
    47.08739256321011,
    48.26269906713577,
    48.936431509468974,
    50.68902932956213,
    51.927143271983226,
    53.53397770906674,
    55.22482243096596,
    55.43447358988999,
    54.92457041730314,
    53.13624439629705,
    52.90613644553683,
    51.555121973888475,
    51.064458004316634,
    50.73823869368764,
    49.91805562928124,
    48.60351527384048,
    49.151820300513144,
    47.51815899108265,
    47.34752149050976,
    48.145631023396085,
    47.98268904248828,
    48.39113256503689,
    48.23903586701346,
    48.1922099383329,
    48.86492007618892,
    48.943123596558976,
    49.02306283407726,
    48.56010635138173,
    48.38531859595036,
    47.70047655197344,
    48.59262166571956,
    49.88892480857661,
    49.07447113463728,
    48.75397286039864,
    48.62407875285036,
    48.44305996217057,
    49.36013430524393,
    48.103094954963424,
    49.3423238691528,
    49.43220987993224,
    49.248363372523954,
    49.26483563897552,
    50.56918453412033,
    49.55407709353213,
    51.89028067967208,
    52.77004643396472,
    53.15477517539183,
    51.651034044922824,
    51.80635655844262,
    50.93070976447611,
    51.529306797786255,
    49.33801657608809,
    50.67784567022745,
    50.794524466907596,
    48.70559246256374,
    49.66599193242048,
    49.63631854202142,
    47.75923099068568,
    49.12340517434333,
    48.238902367581034,
    47.54815492065246,
    46.75358569918446,
    45.832300728334815,
    47.173643644921,
    47.09567935196196,
    47.38420913146104,
    47.07828849495993,
    46.63296854637879,
    46.076925200646805,
    45.017538979319696,
    44.21261192377948,
    45.548851588457275,
    45.430892561600885,
    45.338598072775675,
    46.45281939579627,
    44.60088709711129,
    44.399320492372155,
    43.7049034501049,
    45.197838149413,
    45.638339327813405,
    46.54930310178199,
    47.38918027869736,
    47.45718291421944,
    48.785105007615115,
    50.53237820893644,
    49.8504982881204,
    49.58467586262104,
    53.32064914117059,
    53.193042318094236,
    53.17168533544025,
    51.67657879919859,
    50.98024022927344,
    51.669461269821696,
    50.167868987980796,
    48.60694012884497,
    48.79794492707486,
    49.61461087205969,
    48.97631644963941,
    48.115260661965095,
    46.537988953745895,
    47.447989799027454,
    48.053880192639454,
    48.10559386241927,
    47.403442146495514,
    47.313469153666794,
    47.40101807827198,
    47.18218280186311,
    46.62098481071221,
    47.00365538663202,
    47.62319444984907,
    48.061518258467004,
    48.848728380866476,
    48.327456132906136,
    47.92032491732407,
    48.075651508858726,
    48.54979048531759,
    49.22461740802865,
    49.105630204246914,
    51.66302079156514,
    51.25822687178644,
    50.447726123117896
  ],
  "actions": [],
  "observations": [
    1,
    1,
    1,
    1,
    1,
    1,
    1,
    1,
    1,
    1,
    1,
    1,
    1,
    1,
    1,
    1,
    1,
    1,
    1,
    1,
    1,
    1,
    1,
    1,
    1,
    1,
    1,
    1,
    1,
    1,
    1,
    1,
    1,
    0,
    0,
    0,
    0,
    0,
    0,
    1,
    1,
    1,
    0,
    0,
    0,
    0,
    0,
    1,
    1,
    0,
    0,
    0,
    0,
    0,
    0,
    0,
    0,
    0,
    0,
    0,
    0,
    0,
    0,
    0,
    0,
    0,
    1,
    1,
    1,
    1,
    1,
    1,
    1,
    1,
    1,
    1,
    1,
    1,
    1,
    1,
    1,
    1,
    1,
    1,
    1,
    1,
    2,
    2,
    1,
    1,
    1,
    1,
    1,
    1,
    1,
    1,
    1,
    1,
    1,
    1,
    1,
    1,
    1,
    1,
    1,
    1,
    1,
    1,
    1,
    1,
    1,
    1,
    1,
    1,
    1,
    1,
    1,
    1,
    1,
    1,
    1,
    1,
    1,
    1,
    1,
    1,
    1,
    1,
    1,
    1,
    1,
    1,
    1,
    1,
    1,
    1,
    1,
    1,
    1,
    1,
    1,
    1,
    1,
    1,
    1,
    1,
    1,
    1,
    1,
    1,
    0,
    1,
    1,
    1,
    1,
    0,
    0,
    0,
    1,
    1,
    1,
    1,
    1,
    1,
    1,
    1,
    1,
    1,
    1,
    1,
    1,
    1,
    1,
    1,
    1,
    1,
    1,
    1,
    1,
    1,
    1,
    1,
    1,
    1,
    1,
    1,
    1,
    1,
    1,
    1,
    1,
    1,
    1,
    1,
    1,
    1,
    1,
    1,
    1,
    1
  ],