{
  "timesteps": [
    0,
    1,
    2,
    3,
    4,
    5,
    6,
    7,
    8,
    9,
    10,
    11,
    12,
    13,
    14,
    15,
    16,
    17,
    18,
    19,
    20,
    21,
    22,
    23,
    24,
    25,
    26,
    27,
    28,
    29,
    30,
    31,
    32,
    33,
    34,
    35,
    36,
    37,
    38,
    39,
    40,
    41,
    42,
    43,
    44,
    45,
    46,
    47,
    48,
    49,
    50,
    51,
    52,
    53,
    54,
    55,
    56,
    57,
    58,
    59,
    60,
    61,
    62,
    63,
    64,
    65,
    66,
    67,
    68,
    69,
    70,
    71,
    72,
    73,
    74,
    75,
    76,
    77,
    78,
    79,
    80,
    81,
    82,
    83,
    84,
    85,
    86,
    87,
    88,
    89,
    90,
    91,
    92,
    93,
    94,
    95,
    96,
    97,
    98,
    99,
    100,
    101,
    102,
    103,
    104,
    105,
    106,
    107,
    108,
    109,
    110,
    111,
    112,
    113,
    114,
    115,
    116,
    117,
    118,
    119,
    120,
    121,
    122,
    123,
    124,
    125,
    126,
    127,
    128,
    129,
    130,
    131,
    132,
    133,
    134,
    135,
    136,
    137,
    138,
    139,
    140,
    141,
    142,
    143,
    144,
    145,
    146,
    147,
    148,
    149,
    150,
    151,
    152,
    153,
    154,
    155,
    156,
    157,
    158,
    159,
    160,
    161,
    162,
    163,
    164,
    165,
    166,
    167,
    168,
    169,
    170,
    171,
    172,
    173,
    174,
    175,
    176,
    177,
    178,
    179,
    180,
    181,
    182,
    183,
    184,
    185,
    186,
    187,
    188,
    189,
    190,
    191,
    192,
    193,
    194,
    195,
    196,
    197,
    198,
    199
  ],
  "states": [
    50.0,
    50.48184638597675,
    49.85787329357806,
    50.23161232289247,
    50.69033758914399,
    50.24123021824981,
    50.272469037875254,
    50.402887004044665,
    50.03820160341931,
    49.99933526139435,
    49.56387265680675,
    49.848944751365735,
    50.800485257718016,
    49.340472188562124,
    48.49492392157023,
    48.163034875225925,
    47.4359577458781,
    46.92371262742075,
    46.95793616362754,
    47.52865369903121,
    47.820149673972395,
    47.72581274101489,
    47.57049315767626,
    47.41477494381649,
    46.61932336818085,
    46.50691996990984,
    46.21830979906538,
    46.05790591366396,
    45.82836712660743,
    45.58246996636586,
    44.92442292995825,
    45.122938302909624,
    44.71824009072392,
    45.526917851043464,
    45.69347562348366,
    45.27499961090138,
    45.381172951664574,
    45.11808683761387,
    44.98558447209384,
    45.47227218965997,
    45.495783135936314,
    45.870760559372776,
    44.57665333102841,
    45.01503925057595,
    45.12091825345044,
    44.928719421231825,
    43.95856353575809,
    44.02983851216958,
    43.46464439669082,
    43.768774441948906,
    44.68008336521665,
    45.23494550578182,
    46.0645882707763,
    45.360457207942744,
    45.73588445929226,
    46.028385745434036,
    46.217352782996834,
    45.88977784629797,
    45.99602059195648,
    46.185710971106815,
    46.168338708357524,
    46.42324516016936,
    46.43662584519333,
    46.18262703861316,
    45.76168303724817,
    45.68180580047459,
    45.56501542211725,
    45.80819420128248,
    45.614481550753524,
    45.651415866810986,
    46.05727736398563,
    46.17128490906726,
    46.3914040042547,
    46.41124521845865,
    45.92506620610208,
    45.62908658515665,
    45.49389209678606,
    45.77803608514465,
    44.93455726406551,
    44.52695228121873,
    45.15626757058293,
    44.470360611609806,
    44.000430839821476,
    43.181275899942904,
    42.859550484449095,
    42.620654791681794,
    42.14284367916995,
    41.43861058931713,
    41.44813238727263,
    41.40213416061581,
    41.14114503203766,
    42.323394335278444,
    42.44095640934301,
    42.27117641495986,
    42.059071665983375,
    42.13765914469542,
    42.15207253330279,
    42.282582957354066,
    41.8883321521425,
    42.13971399481517,
    42.665825589148405,
    41.90896106683794,
    41.64781181109257,
    41.6885548742104,
    41.46498942421341,
    41.66204535768292,
    41.6781828139172,
    41.97229424890915,
    40.89265349227578,
    40.5171761527195,
    40.524307229826846,
    40.4514491794013,
    40.5916874598935,
    40.09593851390027,
    39.50255070034376,
    39.17544063934818,
    39.29702149604968,
    38.912596579789714,
    39.29769039394873,
    38.87218917973069,
    40.28293083130963,
    39.872747894738595,
    38.99898429765769,
    39.07285503328155,
    39.4888271413249,
    38.7985309035062,
    38.57327694912821,
    39.77420768298141,
    39.951110303980364,
    39.89895896046619,
    39.2469197210309,
    38.8581440445976,
    38.698986816471724,
    38.39950202251371,
    38.43290116487842,
    38.62001700023981,
    38.586583419737075,
    38.68859073991389,
    39.631333329275826,
    40.68327559375342,
    41.11801315567222,
    41.49679805806274,
    41.461244834220224,
    41.44857170906575,
    41.66270457218889,
    41.690693011297576,
    41.551191296435576,
    41.58155600724668,
    42.03258912493177,
    41.22465613997901,
    41.52369373635126,
    41.995231032519946,
    42.21799690941369,
    42.56436279607937,
    42.817264642340774,
    43.345016004568585,
    42.70356137386283,
    41.68868232365463,
    41.71718521971179,
    41.35251994850449,
    41.39645850926309,
    42.52050109203592,
    42.53293996862619,
    42.08608735714667,
    41.201485387734294,
    40.5478554966243,
    41.081992411585986,
    40.179253841091196,
    40.58860043467558,
    41.964379296839454,
    41.649806893960196,
    41.99844209334916,
    42.39639591951734,
    42.13792204537384,
    42.054865372439856,
    42.23040353540347,
    42.739954685859374,
    42.930433610914044,
    42.57483838737722,
    41.48542694601658,
    42.34324724582259,
    41.52138884391135,
    41.039135842056574,
    41.01184321241938,
    40.02153282127428,
    41.11017674860973,
    40.80263980402411,
    40.18853511745999,
    39.00034945385038,
    39.59756397912009,
    39.261674724771574,
    38.36816064210189,
    39.03338086472712,
    39.14423668321626,
    39.16702897954374,
    40.10150938128495,
    40.1862271579809,
    40.37281854372982,
    40.4901732886091,
    40.41923454338252,
    41.191789766276806
  ],
  "actions": [],
  "observations": [
    1,
    1,
    1,
    1,
    1,
    1,
    1,
    1,
    1,
    1,
    1,
    1,
    1,
    1,
    1,
    1,
    1,
    1,
    1,
    1,
    1,
    1,
    1,
    1,
    1,
    1,
    1,
    1,
    1,
    1,
    0,
    1,
    0,
    1,
    1,
    1,
    1,
    1,
    0,
    1,
    1,
    1,
    0,
    1,
    1,
    0,
    0,
    0,
    0,
    0,
    0,
    1,
    1,
    1,
    1,
    1,
    1,
    1,
    1,
    1,
    1,
    1,
    1,
    1,
    1,
    1,
    1,
    1,
    1,
    1,
    1,
    1,
    1,
    1,
    1,
    1,
    1,
    1,
    0,
    0,
    1,
    0,
    0,
    0,
    0,
    0,
    0,
    0,
    0,
    0,
    0,
    0,
    0,
    0,
    0,
    0,
    0,
    0,
    0,
    0,
    0,
    0,
    0,
    0,
    0,
    0,
    0,
    0,
    0,
    0,
    0,
    0,
    0,
    0,
    0,
    0,
    0,
    0,
    0,
    0,
    0,
    0,
    0,
    0,
    0,
    0,
    0,
    0,
    0,
    0,
    0,
    0,
    0,
    0,
    0,
    0,
    0,
    0,
    0,
    0,
    0,
    0,
    0,
    0,
    0,
    0,
    0,
    0,
    0,
    0,
    0,
    0,
    0,
    0,
    0,
    0,
    0,
    0,
    0,
    0,
    0,
    0,
    0,
    0,
    0,
    0,
    0,
    0,
    0,
    0,
    0,
    0,
    0,
    0,
    0,
    0,
    0,
    0,
    0,
    0,
    0,
    0,
    0,
    0,
    0,
    0,
    0,
    0,
    0,
    0,
    0,
    0,
    0,
    0,
    0,
    0,
    0,
    0,
    0,
    0
  ],