{
  "timesteps": [
    0,
    1,
    2,
    3,
    4,
    5,
    6,
    7,
    8,
    9,
    10,
    11,
    12,
    13,
    14,
    15,
    16,
    17,
    18,
    19,
    20,
    21,
    22,
    23,
    24,
    25,
    26,
    27,
    28,
    29,
    30,
    31,
    32,
    33,
    34,
    35,
    36,
    37,
    38,
    39,
    40,
    41,
    42,
    43,
    44,
    45,
    46,
    47,
    48,
    49,
    50,
    51,
    52,
    53,
    54,
    55,
    56,
    57,
    58,
    59,
    60,
    61,
    62,
    63,
    64,
    65,
    66,
    67,
    68,
    69,
    70,
    71,
    72,
    73,
    74,
    75,
    76,
    77,
    78,
    79,
    80,
    81,
    82,
    83,
    84,
    85,
    86,
    87,
    88,
    89,
    90,
    91,
    92,
    93,
    94,
    95,
    96,
    97,
    98,
    99,
    100,
    101,
    102,
    103,
    104,
    105,
    106,
    107,
    108,
    109,
    110,
    111,
    112,
    113,
    114,
    115,
    116,
    117,
    118,
    119,
    120,
    121,
    122,
    123,
    124,
    125,
    126,
    127,
    128,
    129,
    130,
    131,
    132,
    133,
    134,
    135,
    136,
    137,
    138,
    139,
    140,
    141,
    142,
    143,
    144,
    145,
    146,
    147,
    148,
    149,
    150,
    151,
    152,
    153,
    154,
    155,
    156,
    157,
    158,
    159,
    160,
    161,
    162,
    163,
    164,
    165,
    166,
    167,
    168,
    169,
    170,
    171,
    172,
    173,
    174,
    175,
    176,
    177,
    178,
    179,
    180,
    181,
    182,
    183,
    184,
    185,
    186,
    187,
    188,
    189,
    190,
    191,
    192,
    193,
    194,
    195,
    196,
    197,
    198,
    199
  ],
  "states": [
    50.0,
    49.29871006522414,
    49.311600844679,
    49.68908108228315,
    49.6962595458913,
    50.20661430364401,
    50.43367634930035,
    50.56736934337503,
    50.26627163561443,
    50.20853744139435,
    50.346134380110186,
    50.012578772710356,
    50.07427477449439,
    50.147259525777,
    50.233990232634504,
    50.288739400499594,
    49.859784826103336,
    49.70456881605931,
    49.74097985329303,
    50.1194561492048,
    50.55666957452853,
    50.24930845398603,
    50.102987653784474,
    49.593486888810965,
    49.75045948324345,
    49.28536573896306,
    49.1384298637063,
    48.89048385884964,
    48.37934727489436,
    48.605814487123226,
    48.49519563617071,
    47.98319461685845,
    48.0438606199911,
    48.30640475840895,
    48.256134075390456,
    48.31729416003954,
    48.38886634042535,
    49.1570679955101,
    49.30965585031793,
    48.848642100595725,
    49.25474878837061,
    49.17715689112791,
    49.63923351162768,
    49.54300478249228,
    49.99352847400683,
    50.09958128053902,
    49.61374653338464,
    49.029060951123434,
    48.87995671187248,
    48.859110878986286,
    48.390775396414725,
    48.43666331482785,
    47.74603895711272,
    47.7054922036918,
    47.65543257634139,
    48.162630450913625,
    48.33152013264762,
    48.34002481771738,
    48.407951771436494,
    48.96920396040582,
    48.37133815890801,
    48.91784680646127,
    48.721033420194765,
    48.36891529687333,
    47.895260796052895,
    48.26060712562903,
    48.378436487291786,
    48.397374238034196,
    48.55109664525934,
    48.128746607115986,
    48.617765007608355,
    49.05645421622248,
    48.96707232618249,
    49.5567617411132,
    49.7069342195051,
    49.41591020893875,
    49.001015790140656,
    49.49679328316034,
    49.67574760223187,
    49.10835465915013,
    49.074102436079905,
    49.39137807644621,
    49.438643410245575,
    50.13159845730341,
    49.9241673448523,
    49.61186804663699,
    49.652360181272826,
    49.998906208101644,
    49.55265162203499,
    49.270080750688244,
    48.947463462796335,
    48.876289158087154,
    49.35945868188399,
    49.38113406239147,
    49.06921767659908,
    48.5905019677228,
    48.114442276437025,
    47.74957229931781,
    47.939930484479575,
    47.07728482720851,
    46.967777276950564,
    47.05663419531011,
    46.87568962361454,
    46.47429438119552,
    46.37148387787455,
    45.9682044777572,
    45.89944339112534,
    46.676792368839536,
    46.570178548072825,
    47.25631749086668,
    46.93456979186293,
    47.02522091045731,
    47.15331359145994,
    47.59852019196564,
    47.75434012733668,
    47.942469173278674,
    48.0177911456291,
    47.959088501557,
    47.93452105263886,
    47.74340434002744,
    47.5096462570239,
    47.74993752504161,
    47.96844599843722,
    47.880484238748764,
    47.834729577080125,
    47.6770306116664,
    47.85009187150022,
    47.57702119618105,
    47.60709192925344,
    47.79633580724205,
    47.745965617201755,
    47.73146003750801,
    47.853566752836464,
    47.75331249400556,
    47.5479957249546,
    47.67765409584292,
    47.42573139285009,
    47.03364547891394,
    46.880699513390056,
    46.79714085100983,
    46.86066403838643,
    46.960016908558636,
    46.71623098820237,
    46.81027857998155,
    46.89571808283198,
    46.738524987837295,
    46.955740772184775,
    46.946514417874255,
    46.85671237744244,
    46.5411421265248,
    46.725586450147325,
    46.38871371462026,
    46.245810970903165,
    46.042196213517975,
    46.25944567774506,
    45.75820041056234,
    46.23130951355172,
    46.26730875760734,
    46.43244353863039,
    46.050241842772515,
    46.284968038309586,
    46.039145355512616,
    46.441766218358225,
    46.675945198951325,
    45.99034009735664,
    46.19560421678095,
    46.15011214977017,
    46.20400061921894,
    45.95766413984964,
    45.901221242114175,
    46.14515541876141,
    45.960702600281294,
    46.01408545452541,
    45.95378929742935,
    46.47100535802216,
    46.58705805990694,
    45.95920523005135,
    46.157600102010974,
    45.595736713274675,
    45.96478529157389,
    46.399347740398845,
    46.859049747001386,
    46.78422221989032,
    46.75229477398316,
    46.28193409305544,
    45.9470940934297,
    46.30027592659943,
    46.49306030594436,
    46.25926170449676,
    46.421219850464176,
    46.59995772923935,
    46.87118336277101,
    46.862779981615255,
    46.44508376446563,
    46.53092951880427,
    46.61061714556161,
    46.06092611960236,
    46.10913260631198,
    46.203286039030736,
    45.45714412227213,
    45.02003529156517
  ],
  "actions": [],
  "observations": [
    1,
    1,
    1,
    1,
    1,
    1,
    1,
    1,
    1,
    1,
    1,
    1,
    1,
    1,
    1,
    1,
    1,
    1,
    1,
    1,
    1,
    1,
    1,
    1,
    1,
    1,
    1,
    1,
    1,
    1,
    1,
    1,
    1,
    1,
    1,
    1,
    1,
    1,
    1,
    1,
    1,
    1,
    1,
    1,
    1,
    1,
    1,
    1,
    1,
    1,
    1,
    1,
    1,
    1,
    1,
    1,
    1,
    1,
    1,
    1,
    1,
    1,
    1,
    1,
    1,
    1,
    1,
    1,
    1,
    1,
    1,
    1,
    1,
    1,
    1,
    1,
    1,
    1,
    1,
    1,
    1,
    1,
    1,
    1,
    1,
    1,
    1,
    1,
    1,
    1,
    1,
    1,
    1,
    1,
    1,
    1,
    1,
    1,
    1,
    1,
    1,
    1,
    1,
    1,
    1,
    1,
    1,
    1,
    1,
    1,
    1,
    1,
    1,
    1,
    1,
    1,
    1,
    1,
    1,
    1,
    1,
    1,
    1,
    1,
    1,
    1,
    1,
    1,
    1,
    1,
    1,
    1,
    1,
    1,
    1,
    1,
    1,
    1,
    1,
    1,
    1,
    1,
    1,
    1,
    1,
    1,
    1,
    1,
    1,
    1,
    1,
    1,
    1,
    1,
    1,
    1,
    1,
    1,
    1,
    1,
    1,
    1,
    1,
    1,
    1,
    1,
    1,
    1,
    1,
    1,
    1,
    1,
    1,
    1,
    1,
    1,
    1,
    1,
    1,
    1,
    1,
    1,
    1,
    1,
    1,
    1,
    1,
    1,
    1,
    1,
    1,
    1,
    1,
    1,
    1,
    1,
    1,
    1,
    1,
    1
  ],