{
  "timesteps": [
    0,
    1,
    2,
    3,
    4,
    5,
    6,
    7,
    8,
    9,
    10,
    11,
    12,
    13,
    14,
    15,
    16,
    17,
    18,
    19,
    20,
    21,
    22,
    23,
    24,
    25,
    26,
    27,
    28,
    29,
    30,
    31,
    32,
    33,
    34,
    35,
    36,
    37,
    38,
    39,
    40,
    41,
    42,
    43,
    44,
    45,
    46,
    47,
    48,
    49,
    50,
    51,
    52,
    53,
    54,
    55,
    56,
    57,
    58,
    59,
    60,
    61,
    62,
    63,
    64,
    65,
    66,
    67,
    68,
    69,
    70,
    71,
    72,
    73,
    74,
    75,
    76,
    77,
    78,
    79,
    80,
    81,
    82,
    83,
    84,
    85,
    86,
    87,
    88,
    89,
    90,
    91,
    92,
    93,
    94,
    95,
    96,
    97,
    98,
    99,
    100,
    101,
    102,
    103,
    104,
    105,
    106,
    107,
    108,
    109,
    110,
    111,
    112,
    113,
    114,
    115,
    116,
    117,
    118,
    119,
    120,
    121,
    122,
    123,
    124,
    125,
    126,
    127,
    128,
    129,
    130,
    131,
    132,
    133,
    134,
    135,
    136,
    137,
    138,
    139,
    140,
    141,
    142,
    143,
    144,
    145,
    146,
    147,
    148,
    149,
    150,
    151,
    152,
    153,
    154,
    155,
    156,
    157,
    158,
    159,
    160,
    161,
    162,
    163,
    164,
    165,
    166,
    167,
    168,
    169,
    170,
    171,
    172,
    173,
    174,
    175,
    176,
    177,
    178,
    179,
    180,
    181,
    182,
    183,
    184,
    185,
    186,
    187,
    188,
    189,
    190,
    191,
    192,
    193,
    194,
    195,
    196,
    197,
    198,
    199
  ],
  "states": [
    50.0,
    49.703905544685654,
    49.608377899010776,
    49.73642453388909,
    49.75472670348698,
    49.779835386910506,
    49.92492302159254,
    50.01648673155488,
    50.06582442797521,
    49.90798396787381,
    49.95864132938683,
    50.114881274920776,
    50.19893524652072,
    50.04111631814373,
    50.04346903329188,
    49.93122487363019,
    49.946944281613696,
    50.090158620513996,
    50.16622535601644,
    50.26383458087864,
    50.33564584353103,
    50.3337181406289,
    50.450990149966806,
    50.42739351747356,
    50.33496883203179,
    50.22199114485872,
    50.29385157465271,
    50.33719036176134,
    50.3870341160684,
    50.457936033912254,
    50.45927244170377,
    50.364019381790335,
    50.36713744127644,
    50.27886339052157,
    50.37385869098946,
    50.26637277274691,
    50.35675178468695,
    50.22846306668394,
    50.23582030970302,
    50.1920369625447,
    50.181200523591784,
    50.19410686303497,
    50.247749865661866,
    50.20785242994213,
    50.11146394495877,
    50.217563553003885,
    50.03838043339279,
    50.045279796466595,
    50.030135688698685,
    49.94065339500769,
    49.886540293602444,
    49.75955674342851,
    49.636896771367155,
    49.67596288499194,
    49.637701025228694,
    49.577691678856546,
    49.468398527115816,
    49.52373771641612,
    49.510992176536654,
    49.453501045768974,
    49.50479160650915,
    49.552846016569305,
    49.51463957808062,
    49.47795233840184,
    49.531676734991485,
    49.47845221888632,
    49.47180311617784,
    49.42753456397202,
    49.45174055705183,
    49.503134468336924,
    49.40572659848561,
    49.48897049088445,
    49.46714486648337,
    49.55675659118932,
    49.56256258509811,
    49.63460846530165,
    49.561352797244794,
    49.44122322672904,
    49.51147478495811,
    49.57445695792484,
    49.495839662848894,
    49.32548291053718,
    49.28809537411744,
    49.34840163666886,
    49.36141008757777,
    49.316342814785685,
    49.472395661456964,
    49.582865093152066,
    49.540545863728894,
    49.654949621102986,
    49.80063533559807,
    49.94038487845805,
    49.94474909996813,
    49.86763549040546,
    49.936746565898716,
    49.874529062842164,
    49.97862774010118,
    50.03184951961301,
    49.9051932073986,
    50.03780737261032,
    49.86228568504386,
    49.961010884071385,
    50.019533272719336,
    49.864247915934726,
    49.896768575088196,
    49.79637126590551,
    49.87330714473485,
    49.91812932040311,
    49.88017269549496,
    49.7099078417382,
    49.812523511061045,
    49.92427083362174,
    50.01017781112309,
    49.91669981263845,
    49.960317640511335,
    49.88067602125988,
    49.9623116534747,
    49.931255951022756,
    49.89514655176737,
    49.9372646109325,
    49.834350758573834,
    49.75053519673388,
    49.734255363284554,
    49.60196820767147,
    49.50174042556146,
    49.43085269473402,
    49.405352692163035,
    49.51352562183639,
    49.583179741738014,
    49.74636008319395,
    49.88177229591204,
    49.80148606658409,
    49.725144320773396,
    49.908629318356056,
    49.76390071162865,
    49.66328998587528,
    49.577296358342025,
    49.76831406309735,
    49.68205745945355,
    49.80509365155793,
    49.82798190603421,
    49.91357074670998,
    49.88241359576916,
    49.76631776867773,
    49.84656392464495,
    49.714146737238075,
    49.585657389639444,
    49.50879321846555,
    49.636422762483754,
    49.634812547117924,
    49.679482092024784,
    49.671130709093966,
    49.666427008434326,
    49.7014719721336,
    49.84006833940334,
    49.66319454030943,
    49.57660764319669,
    49.511223621217546,
    49.490496186468704,
    49.43832492342999,
    49.67775812659149,
    49.54402692686757,
    49.525519924973956,
    49.28949440630953,
    49.265850467898204,
    49.13388057456968,
    49.22089155159825,
    49.244909196512985,
    49.15438149270772,
    49.24286467854726,
    49.276222012686816,
    49.4311367086074,
    49.36681178501758,
    49.477884720197814,
    49.599887740915484,
    49.605264459079486,
    49.78124036350414,
    49.78822295035156,
    49.8027825556416,
    49.58537290291533,
    49.58295701951568,
    49.63792524068345,
    49.595130189670826,
    49.558813634790695,
    49.469534843132294,
    49.50567091202171,
    49.618503179399404,
    49.42465450088334,
    49.535361407803755,
    49.50903363123142,
    49.454300850310965,
    49.469547652418974,
    49.559468727046564,
    49.465389772380995,
    49.24849257859897,
    49.376343874276955,
    49.71074583796063,
    49.61908409302337,
    49.783455407435994,
    49.77651928232567,
    49.771320080309344
  ],
  "actions": [],
  "observations": [
    1,
    1,
    1,
    1,
    1,
    1,
    1,
    1,
    1,
    1,
    1,
    1,
    1,
    1,
    1,
    1,
    1,
    1,
    1,
    1,
    1,
    1,
    1,
    1,
    1,
    1,
    1,
    1,
    1,
    1,
    1,
    1,
    1,
    1,
    1,
    1,
    1,
    1,
    1,
    1,
    1,
    1,
    1,
    1,
    1,
    1,
    1,
    1,
    1,
    1,
    1,
    1,
    1,
    1,
    1,
    1,
    1,
    1,
    1,
    1,
    1,
    1,
    1,
    1,
    1,
    1,
    1,
    1,
    1,
    1,
    1,
    1,
    1,
    1,
    1,
    1,
    1,
    1,
    1,
    1,
    1,
    1,
    1,
    1,
    1,
    1,
    1,
    1,
    1,
    1,
    1,
    1,
    1,
    1,
    1,
    1,
    1,
    1,
    1,
    1,
    1,
    1,
    1,
    1,
    1,
    1,
    1,
    1,
    1,
    1,
    1,
    1,
    1,
    1,
    1,
    1,
    1,
    1,
    1,
    1,
    1,
    1,
    1,
    1,
    1,
    1,
    1,
    1,
    1,
    1,
    1,
    1,
    1,
    1,
    1,
    1,
    1,
    1,
    1,
    1,
    1,
    1,
    1,
    1,
    1,
    1,
    1,
    1,
    1,
    1,
    1,
    1,
    1,
    1,
    1,
    1,
    1,
    1,
    1,
    1,
    1,
    1,
    1,
    1,
    1,
    1,
    1,
    1,
    1,
    1,
    1,
    1,
    1,
    1,
    1,
    1,
    1,
    1,
    1,
    1,
    1,
    1,
    1,
    1,
    1,
    1,
    1,
    1,
    1,
    1,
    1,
    1,
    1,
    1,
    1,
    1,
    1,
    1,
    1,
    1
  ],