{
  "timesteps": [
    0,
    1,
    2,
    3,
    4,
    5,
    6,
    7,
    8,
    9,
    10,
    11,
    12,
    13,
    14,
    15,
    16,
    17,
    18,
    19,
    20,
    21,
    22,
    23,
    24,
    25,
    26,
    27,
    28,
    29,
    30,
    31,
    32,
    33,
    34,
    35,
    36,
    37,
    38,
    39,
    40,
    41,
    42,
    43,
    44,
    45,
    46,
    47,
    48,
    49,
    50,
    51,
    52,
    53,
    54,
    55,
    56,
    57,
    58,
    59,
    60,
    61,
    62,
    63,
    64,
    65,
    66,
    67,
    68,
    69,
    70,
    71,
    72,
    73,
    74,
    75,
    76,
    77,
    78,
    79,
    80,
    81,
    82,
    83,
    84,
    85,
    86,
    87,
    88,
    89,
    90,
    91,
    92,
    93,
    94,
    95,
    96,
    97,
    98,
    99,
    100,
    101,
    102,
    103,
    104,
    105,
    106,
    107,
    108,
    109,
    110,
    111,
    112,
    113,
    114,
    115,
    116,
    117,
    118,
    119,
    120,
    121,
    122,
    123,
    124,
    125,
    126,
    127,
    128,
    129,
    130,
    131,
    132,
    133,
    134,
    135,
    136,
    137,
    138,
    139,
    140,
    141,
    142,
    143,
    144,
    145,
    146,
    147,
    148,
    149,
    150,
    151,
    152,
    153,
    154,
    155,
    156,
    157,
    158,
    159,
    160,
    161,
    162,
    163,
    164,
    165,
    166,
    167,
    168,
    169,
    170,
    171,
    172,
    173,
    174,
    175,
    176,
    177,
    178,
    179,
    180,
    181,
    182,
    183,
    184,
    185,
    186,
    187,
    188,
    189,
    190,
    191,
    192,
    193,
    194,
    195,
    196,
    197,
    198,
    199
  ],
  "states": [
    50.0,
    50.79359266877213,
    50.4063774159747,
    50.748800602666925,
    51.08917288372757,
    53.75018455330707,
    52.24623076913288,
    53.289909883403666,
    55.123679123778594,
    56.982940012950245,
    53.475331419894644,
    53.55759081449512,
    51.2828187544121,
    54.32961429069502,
    55.27883901121558,
    55.618799557475455,
    57.15263101957089,
    58.12885724098507,
    59.99955760271577,
    60.7537863012626,
    58.84422392768704,
    57.818451819275104,
    56.221055254104094,
    52.197568128754234,
    53.57055462504978,
    54.9572870633893,
    55.876137151089665,
    53.01705516099442,
    51.779297470903806,
    52.83746636947749,
    50.94084145119095,
    51.80005719128945,
    53.028956606442776,
    49.67966419318522,
    52.50232958135104,
    50.86617922132665,
    50.134763603314376,
    49.91832066196461,
    49.76886663013465,
    51.889173931428346,
    52.43147379415619,
    51.739598219923806,
    51.296790571250725,
    52.50819042582338,
    53.07678509675342,
    53.28238082171099,
    54.71399044815956,
    54.35909961215524,
    54.458977720553044,
    55.88179702359021,
    56.249291292123715,
    57.936474696205984,
    55.58875616456547,
    56.22666778780196,
    56.337614813353106,
    55.00877490744544,
    54.59887517538138,
    56.79498962105919,
    58.099282030111276,
    60.19777530275659,
    60.72910474535197,
    60.27838498898334,
    61.12270698679434,
    60.811930718854086,
    61.35493099719312,
    58.76963117372467,
    58.41722203224811,
    60.19952045809288,
    54.64420940505928,
    55.10369000831861,
    52.745591442763974,
    55.22345417493492,
    49.98964770150067,
    51.822647302739355,
    53.12305581018573,
    56.24001806624965,
    57.19735512440182,
    57.07422418868013,
    53.93234326363773,
    55.50590560190165,
    55.52071056053533,
    53.12131602380206,
    51.63206935420076,
    52.35000352102105,
    55.431481893333114,
    58.36187019425476,
    57.40801108103784,
    59.11104795153363,
    61.50356317123036,
    58.5882041029637,
    56.55538826929396,
    55.593754419866585,
    55.90895251317596,
    53.68297333260611,
    54.31183921485593,
    53.83087891758856,
    53.82584574252084,
    51.95585803522814,
    52.21751599951376,
    53.0417462424938,
    55.45836088102862,
    59.108728333288276,
    57.715671377376566,
    55.38153085649287,
    57.32962453373884,
    57.042388418201135,
    57.93406142242964,
    58.293493964235694,
    60.94419347915475,
    63.770655570352424,
    61.49740325071788,
    63.15110517625189,
    65.79210978597222,
    61.73018848814392,
    65.11041686243198,
    64.92276257477229,
    63.873563807547356,
    67.515217983857,
    69.841294063104,
    66.54721445340014,
    66.80045947852379,
    67.01257826197899,
    65.49302440777018,
    63.78906299498785,
    66.00301962650218,
    65.27349570177007,
    67.51164107525052,
    69.52377182310151,
    69.31036800000554,
    67.95507991743108,
    69.27960248456002,
    69.09561487394897,
    68.16186874944992,
    69.65366383376029,
    70.96330236007395,
    70.02324146344155,
    72.51207281004072,
    72.3312369884304,
    69.62402252536589,
    68.73933382637247,
    67.58507135749863,
    70.82153544422864,
    71.92598571769236,
    71.42914119192017,
    73.47510545808929,
    72.41297302417233,
    71.96124676201148,
    71.83321718264075,
    69.55764285232395,
    68.17009777001395,
    67.47840813195369,
    66.84168781330354,
    65.52104290390405,
    67.07879615238475,
    67.93417178914858,
    66.54411502058716,
    65.32354429272715,
    64.80375847963633,
    66.2503533546537,
    67.66809390979539,
    66.25005536822859,
    66.92769912255837,
    67.37428014100207,
    69.99746407306394,
    66.8133816431127,
    68.27664617110374,
    67.24895744801186,
    67.48740336873168,
    67.91600549949594,
    68.3226257316325,
    70.10784919265343,
    66.27699022763186,
    65.98112604468191,
    67.1681800428641,
    66.37379865861166,
    65.39378669651596,
    66.46637570457794,
    64.90660329584524,
    64.92946215674792,
    62.63794404620898,
    64.80970400748211,
    66.7494017659297,
    65.8332053600803,
    68.4299188009024,
    69.03378730078263,
    66.58302245555844,
    65.0303340798636,
    68.77481312603726,
    67.0237802838924,
    63.77258489738919,
    63.614553436274825,
    63.17841296758941,
    65.18772880851813,
    65.20241912131493,
    62.28892323818702,
    62.50047297635803,
    59.57822667561682,
    58.19358389781888,
    56.24158630370686,
    55.49046920906881,
    54.59013356440788
  ],
  "actions": [],
  "observations": [
    1,
    1,
    1,
    1,
    1,
    1,
    1,
    1,
    2,
    2,
    1,
    1,
    1,
    1,
    2,
    2,
    2,
    2,
    2,
    2,
    2,
    2,
    2,
    1,
    1,
    1,
    2,
    1,
    1,
    1,
    1,
    1,
    1,
    1,
    1,
    1,
    1,
    1,
    1,
    1,
    1,
    1,
    1,
    1,
    1,
    1,
    1,
    1,
    1,
    2,
    2,
    2,
    2,
    2,
    2,
    2,
    1,
    2,
    2,
    2,
    2,
    2,
    2,
    2,
    2,
    2,
    2,
    2,
    1,
    2,
    1,
    2,
    1,
    1,
    1,
    2,
    2,
    2,
    1,
    2,
    2,
    1,
    1,
    1,
    2,
    2,
    2,
    2,
    2,
    2,
    2,
    2,
    2,
    1,
    1,
    1,
    1,
    1,
    1,
    1,
    2,
    2,
    2,
    2,
    2,
    2,
    2,
    2,
    2,
    2,
    2,
    2,
    2,
    2,
    2,
    2,
    2,
    2,
    2,
    2,
    2,
    2,
    2,
    2,
    2,
    2,
    2,
    2,
    2,
    2,
    2,
    2,
    2,
    2,
    2,
    2,
    2,
    2,
    2,
    2,
    2,
    2,
    2,
    2,
    2,
    2,
    2,
    2,
    2,
    2,
    2,
    2,
    2,
    2,
    2,
    2,
    2,
    2,
    2,
    2,
    2,
    2,
    2,
    2,
    2,
    2,
    2,
    2,
    2,
    2,
    2,
    2,
    2,
    2,
    2,
    2,
    2,
    2,
    2,
    2,
    2,
    2,
    2,
    2,
    2,
    2,
    2,
    2,
    2,
    2,
    2,
    2,
    2,
    2,
    2,
    2,
    2,
    2,
    2,
    2
  ],