{
  "timesteps": [
    0,
    1,
    2,
    3,
    4,
    5,
    6,
    7,
    8,
    9,
    10,
    11,
    12,
    13,
    14,
    15,
    16,
    17,
    18,
    19,
    20,
    21,
    22,
    23,
    24,
    25,
    26,
    27,
    28,
    29,
    30,
    31,
    32,
    33,
    34,
    35,
    36,
    37,
    38,
    39,
    40,
    41,
    42,
    43,
    44,
    45,
    46,
    47,
    48,
    49,
    50,
    51,
    52,
    53,
    54,
    55,
    56,
    57,
    58,
    59,
    60,
    61,
    62,
    63,
    64,
    65,
    66,
    67,
    68,
    69,
    70,
    71,
    72,
    73,
    74,
    75,
    76,
    77,
    78,
    79,
    80,
    81,
    82,
    83,
    84,
    85,
    86,
    87,
    88,
    89,
    90,
    91,
    92,
    93,
    94,
    95,
    96,
    97,
    98,
    99,
    100,
    101,
    102,
    103,
    104,
    105,
    106,
    107,
    108,
    109,
    110,
    111,
    112,
    113,
    114,
    115,
    116,
    117,
    118,
    119,
    120,
    121,
    122,
    123,
    124,
    125,
    126,
    127,
    128,
    129,
    130,
    131,
    132,
    133,
    134,
    135,
    136,
    137,
    138,
    139,
    140,
    141,
    142,
    143,
    144,
    145,
    146,
    147,
    148,
    149,
    150,
    151,
    152,
    153,
    154,
    155,
    156,
    157,
    158,
    159,
    160,
    161,
    162,
    163,
    164,
    165,
    166,
    167,
    168,
    169,
    170,
    171,
    172,
    173,
    174,
    175,
    176,
    177,
    178,
    179,
    180,
    181,
    182,
    183,
    184,
    185,
    186,
    187,
    188,
    189,
    190,
    191,
    192,
    193,
    194,
    195,
    196,
    197,
    198,
    199
  ],
  "states": [
    50.0,
    50.790502013952434,
    52.48080679867307,
    52.6665631741982,
    54.84493024312641,
    56.26238031033685,
    58.58038472435341,
    61.314062058572226,
    63.50114804881257,
    63.83546287354947,
    63.10538776112177,
    59.64775602550456,
    59.126397834746754,
    55.99425334396606,
    59.65955252351466,
    58.77166488796189,
    58.73587130715962,
    60.04100230746355,
    58.67419219794766,
    59.61493568992634,
    59.58710409557883,
    55.64788368296113,
    57.12987499896922,
    57.51563876953632,
    58.284123384943385,
    58.521256319880536,
    58.58246663134023,
    55.88159898187425,
    53.63557329130946,
    56.253989946885866,
    55.002375035491504,
    53.12406118516899,
    52.55176964711261,
    51.04960086360681,
    50.82860245639748,
    50.45821154144597,
    50.69721434719871,
    50.20569043746118,
    48.685321225853514,
    52.705102012547286,
    50.02646416900606,
    48.7043898442262,
    48.012312228553164,
    48.850471970743165,
    51.01707813484547,
    52.224526432877106,
    52.56593464889078,
    53.52649966041521,
    54.076611202329644,
    51.93709167781522,
    51.90972560056638,
    52.21704564934224,
    48.67058826306399,
    47.82729777614452,
    48.1298628938794,
    47.69664355836664,
    47.51773981162798,
    45.8615213183148,
    45.29707668031091,
    46.50093772308227,
    46.77645312180397,
    50.16501839457989,
    51.924284513938304,
    52.483692342854624,
    53.5660689383235,
    53.293441937077134,
    52.050957493950605,
    51.491875924275135,
    51.84848697711369,
    50.158395260544445,
    53.6205511872535,
    53.795646728859204,
    51.16744235530767,
    50.20795805079596,
    51.698786415510476,
    51.77141603986259,
    56.29234057526017,
    57.30290818139703,
    56.03039413194272,
    52.35004749195141,
    51.492239198253905,
    50.762338508532274,
    49.77149039973622,
    48.35455681108954,
    48.6920798331303,
    49.94645900447856,
    48.68460154975421,
    49.70392847680551,
    52.60040144775454,
    52.72091715518009,
    55.05563171139559,
    55.35253047391904,
    54.091082581242915,
    54.539743515928684,
    54.171661420400575,
    51.51406588162575,
    49.3707238428213,
    47.04315071763961,
    49.33643362856141,
    47.80826157376107,
    46.800523883205365,
    44.50782003020084,
    45.69455312594252,
    47.06830527955953,
    46.16060949413954,
    47.18258885082491,
    47.22541473511246,
    49.7881236839885,
    50.83979731882438,
    50.5763262505522,
    50.722581971164985,
    50.48284061243012,
    47.19424433678539,
    47.34612154739831,
    48.69876636393269,
    48.96812534427476,
    46.02426800924703,
    47.26713081457823,
    46.47566904608352,
    44.064047990175894,
    45.1378736253162,
    45.77184575257229,
    46.221856202248766,
    51.967351346116516,
    54.69972750031572,
    54.10545869334817,
    57.11170172552579,
    58.38463802788567,
    58.05883581511647,
    57.82005521268252,
    57.28012078105542,
    59.038394698715294,
    61.46575270836422,
    60.162913612037386,
    58.7214495884445,
    58.29578308226663,
    57.89954737781515,
    55.566680544417025,
    57.08635538460273,
    57.44315944134204,
    57.80814666031525,
    53.83844888104077,
    52.76853066440121,
    52.078791069854326,
    51.14684873558816,
    49.304218803901335,
    48.96311762119324,
    50.48111364496981,
    51.37854463240667,
    53.26869701732091,
    53.47010650897029,
    53.7575952492365,
    52.51932874583911,
    52.04537729009113,
    51.146999828433586,
    52.92261039778691,
    52.34817789880866,
    52.475568646340896,
    54.2680899125316,
    51.25322357770216,
    51.756957582583645,
    54.7271025955002,
    52.30427834782803,
    51.06436491879957,
    51.52998177005251,
    51.255057079130516,
    51.16630394235309,
    54.74655912655062,
    54.94871117818502,
    54.92110840869286,
    55.616765242642174,
    56.476238246294386,
    59.22925442476996,
    58.582646607581744,
    56.930492377475055,
    54.64227573020806,
    57.90046222774044,
    56.59771333449268,
    55.53263730824407,
    58.59715591995095,
    60.52373383035346,
    62.56517436679337,
    63.883810572332024,
    62.12737779361159,
    63.51974273411425,
    64.348230085441,
    61.708089576557335,
    61.54288165586086,
    61.313020022691155,
    57.81794428608035,
    54.923343648392034,
    55.730964700695196,
    59.096928324082064,
    59.36433348452601,
    59.545701376988134,
    61.89619126760342,
    56.54676834592822,
    55.95301108744565,
    59.920779057308174,
    60.99623187630015,
    57.98825519333382
  ],
  "actions": [],
  "observations": [
    1,
    1,
    1,
    1,
    1,
    2,
    2,
    2,
    2,
    2,
    2,
    2,
    2,
    2,
    2,
    2,
    2,
    2,
    2,
    2,
    2,
    2,
    2,
    2,
    2,
    2,
    2,
    2,
    1,
    2,
    2,
    1,
    1,
    1,
    1,
    1,
    1,
    1,
    1,
    1,
    1,
    1,
    1,
    1,
    1,
    1,
    1,
    1,
    1,
    1,
    1,
    1,
    1,
    1,
    1,
    1,
    1,
    1,
    1,
    1,
    1,
    1,
    1,
    1,
    1,
    1,
    1,
    1,
    1,
    1,
    1,
    1,
    1,
    1,
    1,
    1,
    2,
    2,
    2,
    1,
    1,
    1,
    1,
    1,
    1,
    1,
    1,
    1,
    1,
    1,
    2,
    2,
    1,
    1,
    1,
    1,
    1,
    1,
    1,
    1,
    1,
    0,
    1,
    1,
    1,
    1,
    1,
    1,
    1,
    1,
    1,
    1,
    1,
    1,
    1,
    1,
    1,
    1,
    1,
    0,
    1,
    1,
    1,
    1,
    1,
    1,
    2,
    2,
    2,
    2,
    2,
    2,
    2,
    2,
    2,
    2,
    2,
    2,
    2,
    2,
    2,
    1,
    1,
    1,
    1,
    1,
    1,
    1,
    1,
    1,
    1,
    1,
    1,
    1,
    1,
    1,
    1,
    1,
    1,
    1,
    1,
    1,
    1,
    1,
    1,
    1,
    1,
    1,
    1,
    1,
    2,
    2,
    2,
    2,
    2,
    1,
    2,
    2,
    2,
    2,
    2,
    2,
    2,
    2,
    2,
    2,
    2,
    2,
    2,
    2,
    1,
    2,
    2,
    2,
    2,
    2,
    2,
    2,
    2,
    2
  ],