{
  "timesteps": [
    0,
    1,
    2,
    3,
    4,
    5,
    6,
    7,
    8,
    9,
    10,
    11,
    12,
    13,
    14,
    15,
    16,
    17,
    18,
    19,
    20,
    21,
    22,
    23,
    24,
    25,
    26,
    27,
    28,
    29,
    30,
    31,
    32,
    33,
    34,
    35,
    36,
    37,
    38,
    39,
    40,
    41,
    42,
    43,
    44,
    45,
    46,
    47,
    48,
    49,
    50,
    51,
    52,
    53,
    54,
    55,
    56,
    57,
    58,
    59,
    60,
    61,
    62,
    63,
    64,
    65,
    66,
    67,
    68,
    69,
    70,
    71,
    72,
    73,
    74,
    75,
    76,
    77,
    78,
    79,
    80,
    81,
    82,
    83,
    84,
    85,
    86,
    87,
    88,
    89,
    90,
    91,
    92,
    93,
    94,
    95,
    96,
    97,
    98,
    99,
    100,
    101,
    102,
    103,
    104,
    105,
    106,
    107,
    108,
    109,
    110,
    111,
    112,
    113,
    114,
    115,
    116,
    117,
    118,
    119,
    120,
    121,
    122,
    123,
    124,
    125,
    126,
    127,
    128,
    129,
    130,
    131,
    132,
    133,
    134,
    135,
    136,
    137,
    138,
    139,
    140,
    141,
    142,
    143,
    144,
    145,
    146,
    147,
    148,
    149,
    150,
    151,
    152,
    153,
    154,
    155,
    156,
    157,
    158,
    159,
    160,
    161,
    162,
    163,
    164,
    165,
    166,
    167,
    168,
    169,
    170,
    171,
    172,
    173,
    174,
    175,
    176,
    177,
    178,
    179,
    180,
    181,
    182,
    183,
    184,
    185,
    186,
    187,
    188,
    189,
    190,
    191,
    192,
    193,
    194,
    195,
    196,
    197,
    198,
    199
  ],
  "states": [
    50.0,
    47.398066142974244,
    46.25606060147091,
    45.317849692964586,
    47.05105082764905,
    45.86928677153093,
    47.18675057639231,
    46.74606188650832,
    46.57451119061576,
    50.08146848234762,
    49.52682829109057,
    48.62888910465906,
    50.780049096465994,
    51.83361338903898,
    53.77934398398948,
    53.28902313707819,
    54.47569715867127,
    54.46543425709538,
    55.871531618260605,
    56.615323843470186,
    58.84199801364661,
    59.71649233455258,
    59.37793457631439,
    58.93664902091655,
    57.65840315828166,
    58.99813443959628,
    57.164493158263284,
    58.65139069372105,
    58.3510620796814,
    59.3588866379279,
    60.98859661251385,
    61.1338058357978,
    62.36424965038101,
    63.469321513583004,
    64.82170050872425,
    61.622706843120866,
    63.01070324100517,
    61.254548006164065,
    60.47263017594951,
    59.05901207559141,
    59.29539683091309,
    56.13905597930768,
    57.78918905378017,
    56.667728731391804,
    55.99482444479808,
    56.34902244442759,
    57.106237673054494,
    57.161257984468676,
    58.0259511506396,
    58.76012221479258,
    60.21820733439224,
    62.222174017302756,
    60.16136420064517,
    61.185016041870135,
    60.414919976874344,
    64.40912069495168,
    66.30205400455247,
    70.62472006927221,
    70.08744351546916,
    70.30434310702475,
    70.83807279053107,
    66.77200132023583,
    68.95978206991875,
    71.5812620645854,
    71.59915948245741,
    68.80105275402217,
    63.66826995970195,
    62.92483465971837,
    58.809794015148874,
    56.164010207962136,
    57.43498785644205,
    59.134506888060045,
    59.67120400928856,
    63.727741646872424,
    64.59637281361992,
    67.18106530414137,
    66.637529184954,
    68.40580507679518,
    68.21499056467957,
    64.98486153385063,
    66.18235330488638,
    64.74178407873855,
    62.35735604754773,
    61.631356740304476,
    61.960823197776605,
    62.97020749317916,
    64.09176904991172,
    64.76065018524774,
    63.387925283721934,
    64.0372631303205,
    66.04074903614662,
    66.51255705145512,
    67.51819011782995,
    65.6840190754591,
    64.71794462753664,
    67.08291599868726,
    68.19953181052487,
    69.12968684068359,
    67.40467960489491,
    70.57703839165823,
    70.53141748109712,
    69.96115248362584,
    71.07108438990167,
    70.25467282850462,
    69.6046962489258,
    68.75494246313222,
    68.79869327742523,
    67.55919954935887,
    69.64591806602746,
    69.61159811871809,
    67.53850772288772,
    67.75436773156679,
    69.59007229123108,
    67.51267744661855,
    67.83570496990653,
    65.84148401473443,
    69.19774185308778,
    67.62273282554844,
    67.13207920264239,
    66.2890385464655,
    66.20960476142876,
    69.47604533940934,
    71.22500340911195,
    73.4439840051023,
    73.13956203043347,
    70.62263676978074,
    70.6756138702933,
    69.77747902897589,
    70.8247090043796,
    73.82141944179635,
    74.2114484540067,
    74.25075026332118,
    72.78135770848951,
    74.105789534143,
    77.21529380576483,
    74.09676345547773,
    76.25241202875755,
    77.60926872327033,
    76.03365629090116,
    77.01203052258914,
    78.92367924740535,
    76.29138424593906,
    77.28208922998337,
    78.00821559717997,
    75.021520084299,
    77.58380765497596,
    74.6536939022293,
    72.28614616005501,
    72.84090667099763,
    72.44629500659437,
    72.90762553863168,
    74.13343694706195,
    71.54816303410115,
    71.28833576646298,
    70.88410591717569,
    70.07948981709492,
    72.4056640896292,
    72.325670537951,
    71.7871096102082,
    72.96448225265159,
    77.40844518540729,
    75.85834772063315,
    73.60170709616979,
    70.88383253308622,
    71.18811307437085,
    70.88886265005665,
    74.78125151529395,
    75.52009433030503,
    72.72990553296522,
    71.95541922190257,
    69.15610004700457,
    68.47501739891732,
    69.2570821384766,
    65.06350732354947,
    65.1127218785971,
    66.01704437212985,
    65.12192202831307,
    63.0908972358386,
    63.326619756110304,
    63.26390820754296,
    63.49691690716745,
    67.99469106564452,
    67.17476438777148,
    66.60815944794108,
    67.00436425689007,
    63.22024629538926,
    65.39521910854307,
    67.77447438848291,
    68.53095090398384,
    66.43485138127534,
    69.68830906544919,
    71.65270034672547,
    71.61018338513442,
    73.6134518480695,
    76.64978705240982,
    74.53482559554593,
    73.40983170882453,
    74.72757865527073,
    75.95730987191439,
    75.58163121575708,
    74.88152645733541
  ],
  "actions": [],
  "observations": [
    1,
    1,
    1,
    1,
    1,
    1,
    1,
    1,
    1,
    1,
    1,
    1,
    1,
    1,
    1,
    1,
    1,
    1,
    2,
    2,
    2,
    2,
    2,
    2,
    2,
    2,
    2,
    2,
    2,
    2,
    2,
    2,
    2,
    2,
    2,
    2,
    2,
    2,
    2,
    2,
    2,
    2,
    2,
    2,
    2,
    2,
    2,
    2,
    2,
    2,
    2,
    2,
    2,
    2,
    2,
    2,
    2,
    2,
    2,
    2,
    2,
    2,
    2,
    2,
    2,
    2,
    2,
    2,
    2,
    2,
    2,
    2,
    2,
    2,
    2,
    2,
    2,
    2,
    2,
    2,
    2,
    2,
    2,
    2,
    2,
    2,
    2,
    2,
    2,
    2,
    2,
    2,
    2,
    2,
    2,
    2,
    2,
    2,
    2,
    2,
    2,
    2,
    2,
    2,
    2,
    2,
    2,
    2,
    2,
    2,
    2,
    2,
    2,
    2,
    2,
    2,
    2,
    2,
    2,
    2,
    2,
    2,
    2,
    2,
    2,
    2,
    2,
    2,
    2,
    2,
    2,
    2,
    2,
    2,
    2,
    2,
    2,
    2,
    2,
    2,
    2,
    2,
    2,
    2,
    2,
    2,
    2,
    2,
    2,
    2,
    2,
    2,
    2,
    2,
    2,
    2,
    2,
    2,
    2,
    2,
    2,
    2,
    2,
    2,
    2,
    2,
    2,
    2,
    2,
    2,
    2,
    2,
    2,
    2,
    2,
    2,
    2,
    2,
    2,
    2,
    2,
    2,
    2,
    2,
    2,
    2,
    2,
    2,
    2,
    2,
    2,
    2,
    2,
    2,
    2,
    2,
    2,
    2,
    2,
    2
  ],