{
  "timesteps": [
    0,
    1,
    2,
    3,
    4,
    5,
    6,
    7,
    8,
    9,
    10,
    11,
    12,
    13,
    14,
    15,
    16,
    17,
    18,
    19,
    20,
    21,
    22,
    23,
    24,
    25,
    26,
    27,
    28,
    29,
    30,
    31,
    32,
    33,
    34,
    35,
    36,
    37,
    38,
    39,
    40,
    41,
    42,
    43,
    44,
    45,
    46,
    47,
    48,
    49,
    50,
    51,
    52,
    53,
    54,
    55,
    56,
    57,
    58,
    59,
    60,
    61,
    62,
    63,
    64,
    65,
    66,
    67,
    68,
    69,
    70,
    71,
    72,
    73,
    74,
    75,
    76,
    77,
    78,
    79,
    80,
    81,
    82,
    83,
    84,
    85,
    86,
    87,
    88,
    89,
    90,
    91,
    92,
    93,
    94,
    95,
    96,
    97,
    98,
    99,
    100,
    101,
    102,
    103,
    104,
    105,
    106,
    107,
    108,
    109,
    110,
    111,
    112,
    113,
    114,
    115,
    116,
    117,
    118,
    119,
    120,
    121,
    122,
    123,
    124,
    125,
    126,
    127,
    128,
    129,
    130,
    131,
    132,
    133,
    134,
    135,
    136,
    137,
    138,
    139,
    140,
    141,
    142,
    143,
    144,
    145,
    146,
    147,
    148,
    149,
    150,
    151,
    152,
    153,
    154,
    155,
    156,
    157,
    158,
    159,
    160,
    161,
    162,
    163,
    164,
    165,
    166,
    167,
    168,
    169,
    170,
    171,
    172,
    173,
    174,
    175,
    176,
    177,
    178,
    179,
    180,
    181,
    182,
    183,
    184,
    185,
    186,
    187,
    188,
    189,
    190,
    191,
    192,
    193,
    194,
    195,
    196,
    197,
    198,
    199
  ],
  "states": [
    50.0,
    46.90644382407676,
    47.35622160552329,
    47.464536832286406,
    47.80583430927822,
    48.15208479609656,
    48.61320128756706,
    46.42302232425167,
    46.40610809212915,
    46.18615102549817,
    44.52210840393964,
    43.72892302300995,
    43.17966784508529,
    44.02192928861116,
    43.8605832576853,
    43.259168124536835,
    42.522619855236236,
    45.288342900216854,
    44.62065323798278,
    44.29926159040641,
    46.80859720820772,
    48.2535881068707,
    50.89950118294348,
    49.32795435275349,
    51.41746016546752,
    50.878872708493745,
    49.20049702813995,
    47.74079952474257,
    46.929102110924276,
    47.603352381769845,
    46.566852209602814,
    45.09814879342896,
    46.86530199691553,
    44.972070194637894,
    47.01278010514962,
    49.532179251725346,
    48.4363252713067,
    48.45445760970428,
    48.96564978361974,
    48.491586411306095,
    47.37770074234953,
    48.04142109985728,
    48.405191267523755,
    46.72143309780025,
    47.857748697591816,
    46.66286034351334,
    46.822559124898035,
    48.28537550443288,
    47.41933728128847,
    49.034426027302,
    48.603041961853755,
    51.89534632659424,
    54.35543433937077,
    53.11371445262027,
    56.09127425992773,
    53.42724729838028,
    53.95602094225575,
    52.11323560534426,
    53.88760217638439,
    54.77492727670173,
    53.98889499997491,
    53.67160853882586,
    53.67490867332891,
    54.06554963527099,
    52.92842128073735,
    49.21408952791205,
    47.75477417774089,
    46.862686417219656,
    47.086610343331444,
    46.34303285446691,
    45.46904446401708,
    47.49855183164044,
    49.12752898828311,
    49.540057913823176,
    50.5819986353099,
    51.545650043585724,
    51.985068942610404,
    52.19952674869177,
    49.74496476295026,
    49.988126865518495,
    50.82030045156991,
    50.49841784759517,
    50.18862951566776,
    50.27150801919132,
    49.658281833835375,
    52.24008705428566,
    52.319894662336836,
    49.894449019038554,
    49.679579359011115,
    48.419353447278056,
    48.5964451989076,
    48.852570547863685,
    47.33958167554065,
    48.12267789810318,
    48.19459426230343,
    47.96078250650612,
    48.42872807809195,
    46.933746821070145,
    47.4946711501405,
    45.98691772869435,
    46.289327114822676,
    44.92294655945923,
    43.22683745121916,
    43.309486745716605,
    44.3814892671881,
    44.80214481155916,
    44.9547458579202,
    45.30369567351314,
    44.15480881636246,
    42.7271219007371,
    43.5643160472767,
    45.93517037849239,
    46.472551194410656,
    46.27446953880101,
    45.801681947627856,
    46.77848341601781,
    46.40595788516485,
    46.26306742035017,
    45.922887409785204,
    46.417899946443335,
    44.84634682244913,
    44.53610977584176,
    43.480363407234464,
    46.19286432686888,
    49.14410686375713,
    49.93556191647067,
    49.297590555475985,
    48.507137366634886,
    45.851220563018536,
    48.26628113448336,
    50.05349830819147,
    52.93634553470233,
    53.12782255668879,
    53.087477538184714,
    51.90465519601331,
    51.43689292490578,
    50.46022081198934,
    50.05258699836562,
    50.23835162056392,
    49.38662440673778,
    48.95219456077399,
    48.689515418495745,
    47.75618827431335,
    45.439099667629314,
    44.22355541406685,
    44.155857382892556,
    44.649786258556354,
    46.553171581036636,
    48.157746321992775,
    49.32677990470118,
    49.79453451247745,
    49.165226423187306,
    47.450553327593,
    46.19006605117792,
    44.68148719859702,
    47.75698358034103,
    47.997196763166855,
    46.83665034026385,
    49.84818734380455,
    50.84634834783866,
    53.34487447204453,
    51.16626573463641,
    49.79100416372993,
    45.57548325366608,
    47.50189900754289,
    48.98217726759366,
    47.49000853098801,
    46.565626569879875,
    44.68566757022857,
    45.86410045019411,
    45.86645780692027,
    41.59671606664509,
    41.25255940589748,
    41.04663343808576,
    41.11897778079741,
    42.09901385094515,
    43.40247332975394,
    41.15439716035456,
    42.45629800214225,
    43.37376473196965,
    45.50772067965206,
    44.07062608621687,
    45.69396339670783,
    46.47249932430139,
    46.698980494852556,
    45.24911525890045,
    46.620268529043635,
    49.83821326033144,
    49.36513327030948,
    47.287431177650895,
    47.26384972984588,
    49.17985578950657,
    49.80281246887771,
    48.65525033430779,
    48.55828749704652,
    48.97465442719582,
    48.94593274895517,
    46.95675672801962,
    48.390605041926825,
    49.55160312583305,
    49.32708333974043
  ],
  "actions": [],
  "observations": [
    1,
    1,
    1,
    1,
    1,
    1,
    1,
    1,
    1,
    1,
    0,
    0,
    0,
    0,
    0,
    0,
    0,
    1,
    0,
    0,
    1,
    1,
    1,
    1,
    1,
    1,
    1,
    1,
    1,
    1,
    1,
    1,
    1,
    0,
    1,
    1,
    1,
    1,
    1,
    1,
    1,
    1,
    1,
    1,
    1,
    1,
    1,
    1,
    1,
    1,
    1,
    1,
    1,
    1,
    2,
    1,
    1,
    1,
    1,
    1,
    1,
    1,
    1,
    1,
    1,
    1,
    1,
    1,
    1,
    1,
    1,
    1,
    1,
    1,
    1,
    1,
    1,
    1,
    1,
    1,
    1,
    1,
    1,
    1,
    1,
    1,
    1,
    1,
    1,
    1,
    1,
    1,
    1,
    1,
    1,
    1,
    1,
    1,
    1,
    1,
    1,
    0,
    0,
    0,
    0,
    0,
    0,
    1,
    0,
    0,
    0,
    1,
    1,
    1,
    1,
    1,
    1,
    1,
    1,
    1,
    0,
    0,
    0,
    1,
    1,
    1,
    1,
    1,
    1,
    1,
    1,
    1,
    1,
    1,
    1,
    1,
    1,
    1,
    1,
    1,
    1,
    1,
    1,
    1,
    0,
    0,
    0,
    1,
    1,
    1,
    1,
    1,
    1,
    1,
    0,
    1,
    1,
    1,
    1,
    1,
    1,
    1,
    1,
    1,
    1,
    1,
    1,
    1,
    0,
    1,
    1,
    0,
    0,
    0,
    0,
    0,
    0,
    0,
    0,
    0,
    1,
    0,
    1,
    1,
    1,
    1,
    1,
    1,
    1,
    1,
    1,
    1,
    1,
    1,
    1,
    1,
    1,
    1,
    1,
    1
  ],