{
  "timesteps": [
    0,
    1,
    2,
    3,
    4,
    5,
    6,
    7,
    8,
    9,
    10,
    11,
    12,
    13,
    14,
    15,
    16,
    17,
    18,
    19,
    20,
    21,
    22,
    23,
    24,
    25,
    26,
    27,
    28,
    29,
    30,
    31,
    32,
    33,
    34,
    35,
    36,
    37,
    38,
    39,
    40,
    41,
    42,
    43,
    44,
    45,
    46,
    47,
    48,
    49,
    50,
    51,
    52,
    53,
    54,
    55,
    56,
    57,
    58,
    59,
    60,
    61,
    62,
    63,
    64,
    65,
    66,
    67,
    68,
    69,
    70,
    71,
    72,
    73,
    74,
    75,
    76,
    77,
    78,
    79,
    80,
    81,
    82,
    83,
    84,
    85,
    86,
    87,
    88,
    89,
    90,
    91,
    92,
    93,
    94,
    95,
    96,
    97,
    98,
    99,
    100,
    101,
    102,
    103,
    104,
    105,
    106,
    107,
    108,
    109,
    110,
    111,
    112,
    113,
    114,
    115,
    116,
    117,
    118,
    119,
    120,
    121,
    122,
    123,
    124,
    125,
    126,
    127,
    128,
    129,
    130,
    131,
    132,
    133,
    134,
    135,
    136,
    137,
    138,
    139,
    140,
    141,
    142,
    143,
    144,
    145,
    146,
    147,
    148,
    149,
    150,
    151,
    152,
    153,
    154,
    155,
    156,
    157,
    158,
    159,
    160,
    161,
    162,
    163,
    164,
    165,
    166,
    167,
    168,
    169,
    170,
    171,
    172,
    173,
    174,
    175,
    176,
    177,
    178,
    179,
    180,
    181,
    182,
    183,
    184,
    185,
    186,
    187,
    188,
    189,
    190,
    191,
    192,
    193,
    194,
    195,
    196,
    197,
    198,
    199
  ],
  "states": [
    50.0,
    55.74527650129198,
    55.43204085632667,
    55.296800511895675,
    53.09251042413302,
    53.68494537249286,
    54.98642041440495,
    56.00160458639392,
    56.08000656241046,
    58.146757375462364,
    55.48515849280055,
    53.73164042354977,
    55.14950975352903,
    56.258493520558126,
    55.1762952781414,
    55.53053582707807,
    53.9555833125493,
    52.63530864192782,
    51.987968203987336,
    52.29897268387405,
    51.21251386927346,
    53.825457001780336,
    56.68141324492482,
    58.81184013747598,
    56.08292948392844,
    57.65204620841224,
    56.57693633100414,
    56.24885862858189,
    56.62627549325582,
    58.24870756472828,
    57.63910824696521,
    58.80835756108276,
    59.30057708138399,
    62.71372054990049,
    60.50809934074505,
    62.183897051684454,
    64.4331542324171,
    64.25670582270166,
    66.0057701160537,
    65.77784185495963,
    64.98626092040757,
    66.7221141889406,
    68.25970965691508,
    66.42461214952671,
    66.04712028765297,
    67.06895001555087,
    67.33011315798815,
    67.99262179837162,
    68.16562943589747,
    68.23533660153366,
    66.86151520684184,
    65.08904158445918,
    64.4132699923502,
    65.08517921385025,
    64.7370060942904,
    67.48071104990072,
    68.63392650058553,
    66.44198277422329,
    67.3858449674838,
    68.98663571819027,
    70.431732777504,
    69.21001863895229,
    68.52579425604803,
    68.21827235158058,
    67.49311070854371,
    66.41129423835906,
    66.45275694712922,
    66.07238588191834,
    63.470398999030564,
    66.9031905581702,
    68.25331976937736,
    66.74218919540048,
    65.35272870006555,
    66.91618820347941,
    66.61942025024501,
    66.42622503953538,
    63.743162626890566,
    63.94733922948947,
    62.112048476197366,
    62.595161736269716,
    64.46764583657165,
    65.04601073508344,
    64.72208163168011,
    67.29097959499683,
    68.95003643756061,
    68.65636319562593,
    69.44627151974773,
    68.94415859014283,
    68.6745432062664,
    68.86775108455362,
    66.9228451534305,
    67.27420724726277,
    67.68353513968597,
    67.04559842617475,
    69.63966748695668,
    69.04299357168027,
    68.5349929193126,
    68.33858260063552,
    68.24384597474709,
    67.62675856886163,
    67.67304219511747,
    67.1538600929538,
    66.67719442485875,
    63.84034495675296,
    63.21992691880232,
    61.34076270054939,
    62.8389653233448,
    63.5296033286592,
    64.39604382501045,
    64.21481815892872,
    65.61618760382486,
    64.41516470822503,
    63.22927173073839,
    64.18684808874326,
    64.46176523335235,
    63.65279236836222,
    63.62166135981571,
    64.76855021797171,
    62.02263212148979,
    61.36848970811115,
    61.07206225455155,
    62.34599329940722,
    63.22009111152743,
    63.15114847391114,
    60.63827171619184,
    60.2951082258291,
    61.20337891110246,
    63.48594601446793,
    64.05323251733219,
    65.54833491987786,
    64.7967102571151,
    63.687934891616266,
    63.63195656452831,
    64.09235246011953,
    63.751255983710664,
    63.80145623493285,
    64.6766157392314,
    68.3721329561313,
    68.40208536962749,
    66.06297599800456,
    64.29523775145299,
    63.218688336508954,
    64.47048341271116,
    61.779414317014705,
    60.10163537552662,
    60.65339050008919,
    61.30928894569827,
    58.15843736536532,
    56.99377093218707,
    57.00894278630161,
    57.3662680159582,
    57.81849659971071,
    58.18101124616861,
    58.87979410050021,
    58.96897443323037,
    58.28943360309008,
    59.76524302165627,
    58.07388813102939,
    59.59389258937362,
    57.41887295724471,
    57.263472228360826,
    56.8867813434918,
    57.27900258010898,
    57.150128766480485,
    56.44487189290272,
    54.77199525255123,
    55.88162008649494,
    56.03301525840285,
    56.96188043993118,
    54.18260215469982,
    54.85920128537549,
    53.00515782559237,
    51.00776895938373,
    47.77348009145243,
    48.11136234376706,
    47.859725385269385,
    46.7742782940168,
    47.20877842244108,
    45.867168120611886,
    45.36669701132793,
    45.30558015804872,
    44.74203072488472,
    45.0800933285361,
    44.89611563316919,
    44.60797329184945,
    43.39546755746085,
    42.416931896689356,
    42.105937439329416,
    41.57030681967139,
    39.53512753891343,
    40.711675292948414,
    39.564875403672694,
    39.12433756460669,
    40.24531003380572,
    40.789030602765116,
    41.81785756450608,
    42.48755446433197,
    42.473264714731734,
    40.77940640035553,
    40.258515755010414,
    41.15775100422255
  ],
  "actions": [],
  "observations": [
    1,
    2,
    2,
    2,
    1,
    1,
    1,
    2,
    2,
    2,
    2,
    1,
    2,
    2,
    2,
    2,
    1,
    1,
    1,
    1,
    1,
    1,
    2,
    2,
    2,
    2,
    2,
    2,
    2,
    2,
    2,
    2,
    2,
    2,
    2,
    2,
    2,
    2,
    2,
    2,
    2,
    2,
    2,
    2,
    2,
    2,
    2,
    2,
    2,
    2,
    2,
    2,
    2,
    2,
    2,
    2,
    2,
    2,
    2,
    2,
    2,
    2,
    2,
    2,
    2,
    2,
    2,
    2,
    2,
    2,
    2,
    2,
    2,
    2,
    2,
    2,
    2,
    2,
    2,
    2,
    2,
    2,
    2,
    2,
    2,
    2,
    2,
    2,
    2,
    2,
    2,
    2,
    2,
    2,
    2,
    2,
    2,
    2,
    2,
    2,
    2,
    2,
    2,
    2,
    2,
    2,
    2,
    2,
    2,
    2,
    2,
    2,
    2,
    2,
    2,
    2,
    2,
    2,
    2,
    2,
    2,
    2,
    2,
    2,
    2,
    2,
    2,
    2,
    2,
    2,
    2,
    2,
    2,
    2,
    2,
    2,
    2,
    2,
    2,
    2,
    2,
    2,
    2,
    2,
    2,
    2,
    2,
    2,
    2,
    2,
    2,
    2,
    2,
    2,
    2,
    2,
    2,
    2,
    2,
    2,
    2,
    2,
    2,
    2,
    2,
    1,
    2,
    2,
    2,
    1,
    1,
    1,
    1,
    1,
    1,
    1,
    1,
    1,
    1,
    1,
    1,
    0,
    1,
    0,
    0,
    0,
    0,
    0,
    0,
    0,
    0,
    0,
    0,
    0,
    0,
    0,
    0,
    0,
    0,
    0
  ],