{
  "timesteps": [
    0,
    1,
    2,
    3,
    4,
    5,
    6,
    7,
    8,
    9,
    10,
    11,
    12,
    13,
    14,
    15,
    16,
    17,
    18,
    19,
    20,
    21,
    22,
    23,
    24,
    25,
    26,
    27,
    28,
    29,
    30,
    31,
    32,
    33,
    34,
    35,
    36,
    37,
    38,
    39,
    40,
    41,
    42,
    43,
    44,
    45,
    46,
    47,
    48,
    49,
    50,
    51,
    52,
    53,
    54,
    55,
    56,
    57,
    58,
    59,
    60,
    61,
    62,
    63,
    64,
    65,
    66,
    67,
    68,
    69,
    70,
    71,
    72,
    73,
    74,
    75,
    76,
    77,
    78,
    79,
    80,
    81,
    82,
    83,
    84,
    85,
    86,
    87,
    88,
    89,
    90,
    91,
    92,
    93,
    94,
    95,
    96,
    97,
    98,
    99,
    100,
    101,
    102,
    103,
    104,
    105,
    106,
    107,
    108,
    109,
    110,
    111,
    112,
    113,
    114,
    115,
    116,
    117,
    118,
    119,
    120,
    121,
    122,
    123,
    124,
    125,
    126,
    127,
    128,
    129,
    130,
    131,
    132,
    133,
    134,
    135,
    136,
    137,
    138,
    139,
    140,
    141,
    142,
    143,
    144,
    145,
    146,
    147,
    148,
    149,
    150,
    151,
    152,
    153,
    154,
    155,
    156,
    157,
    158,
    159,
    160,
    161,
    162,
    163,
    164,
    165,
    166,
    167,
    168,
    169,
    170,
    171,
    172,
    173,
    174,
    175,
    176,
    177,
    178,
    179,
    180,
    181,
    182,
    183,
    184,
    185,
    186,
    187,
    188,
    189,
    190,
    191,
    192,
    193,
    194,
    195,
    196,
    197,
    198,
    199
  ],
  "states": [
    50.0,
    50.20781957172782,
    50.63406479698903,
    49.5688319737189,
    49.954464640541545,
    49.96714844048162,
    49.89600492404758,
    50.46525634508503,
    49.99964948621323,
    49.58850061286333,
    49.1484543948427,
    48.79510181644261,
    48.92150455368405,
    48.483727967468894,
    49.119100940238496,
    50.09491742718883,
    50.54444153190028,
    50.620748482132285,
    50.354112685420034,
    50.49575650346195,
    50.56062984428087,
    49.4154549243777,
    48.699580122922455,
    49.484837082968966,
    49.77276968458726,
    50.33768918490068,
    50.300501881502036,
    50.3832772179705,
    49.643421808372224,
    49.60125442730481,
    49.38316089212083,
    49.72757953117245,
    49.38480904243878,
    49.81479851362581,
    50.47558985261048,
    50.54262357702103,
    51.28882419993802,
    51.953234719058095,
    52.12241554621439,
    51.89617447676676,
    52.054713150630015,
    52.63615906423604,
    52.970380003728266,
    52.66776319524161,
    52.62422598067261,
    51.983276087901636,
    52.284822898371715,
    52.69375149770229,
    52.313024308248394,
    52.05551802750087,
    51.482902940742754,
    51.36757890483494,
    51.38558016717175,
    51.536018327986994,
    51.739414967582164,
    52.711343520449965,
    52.626463951518396,
    52.049832232159815,
    51.96780050936713,
    52.44106678085512,
    52.65265711854426,
    52.90434487381923,
    52.46789242433059,
    51.5016398654661,
    50.67170287933458,
    49.691332082315,
    49.898124322876825,
    50.15300148187472,
    49.714172909446766,
    49.47153730826849,
    49.559101841223395,
    49.33315792885636,
    49.50249151772494,
    49.48227821182305,
    49.116571967121004,
    49.362398629439205,
    49.34384764487498,
    48.782291884526074,
    48.60736424026534,
    48.288247963282586,
    48.768714565548656,
    49.00828440033401,
    48.74262962020452,
    48.94968312688122,
    48.744367603194384,
    49.748779491634565,
    49.09956288556858,
    48.6786606115197,
    48.25653399735418,
    47.90066359908615,
    48.40192093704425,
    48.75133206288719,
    48.44786875557177,
    48.11139842704944,
    47.935265124412695,
    48.09934404961433,
    47.79517198764157,
    48.369050896032654,
    47.98417904965332,
    48.02405407380778,
    48.019669448570504,
    48.00682247078103,
    47.50777878003136,
    46.751343999802316,
    47.81327115684749,
    47.66222973594893,
    47.60858736427371,
    48.24989536946445,
    49.55406978040185,
    49.697643292134394,
    48.831959906988466,
    48.844624378105244,
    49.162148644361714,
    49.820163107528494,
    49.82392670270312,
    50.50374413922227,
    51.131101437506786,
    51.19059337984596,
    51.38409654983565,
    51.39121979967086,
    51.91353006116397,
    51.429981641495274,
    51.56515058621151,
    51.60783294057595,
    51.128413285792526,
    51.58615933229143,
    51.80225372972252,
    52.025588883133416,
    53.16845357287794,
    52.4416210962377,
    52.01705271824836,
    51.97463661830079,
    53.02755432987313,
    51.61100874547197,
    51.31494678713865,
    50.79766300491084,
    51.36869478534947,
    51.36861872560752,
    50.735408712150445,
    50.017933923304895,
    49.724808593731034,
    49.309268107105375,
    49.5622863567725,
    49.39692390822485,
    49.951886571061806,
    49.61367407995126,
    49.836987359757345,
    50.22955873956348,
    50.704261158821765,
    51.57406262461513,
    50.888707817597016,
    51.06977038186245,
    50.71707198695946,
    50.78387435659801,
    50.97366615690402,
    51.06515124828351,
    50.728758462928816,
    50.838903976630014,
    50.759527433037285,
    51.39241149857988,
    50.66671426410108,
    50.832135805032344,
    51.68216402879941,
    51.19359061671883,
    51.32912812103908,
    50.91297546639204,
    50.89533981805824,
    50.23961868890851,
    50.30775507054768,
    49.94173927838082,
    50.323944059801825,
    50.30218168847119,
    50.442785449974636,
    51.15237876397427,
    50.49354259748321,
    50.43100479863439,
    51.12135775361867,
    50.87892515677391,
    49.985088671969315,
    50.44237572295601,
    50.96894579828697,
    51.31665964616382,
    50.80873483823775,
    50.66911085866716,
    50.552542444895025,
    51.45442219609569,
    51.64180614509665,
    51.38671738719014,
    51.79983716505223,
    52.136526453576444,
    52.39486317629359,
    52.48636080127062,
    52.45842019566486,
    52.83498508361943,
    53.10858748825641,
    53.5092687670636,
    53.37362456636533,
    53.255634043594476,
    53.154232211603876,
    53.7485455100382,
    54.13327154654254
  ],
  "actions": [],
  "observations": [
    1,
    1,
    1,
    1,
    1,
    1,
    1,
    1,
    1,
    1,
    1,
    1,
    1,
    1,
    1,
    1,
    1,
    1,
    1,
    1,
    1,
    1,
    1,
    1,
    1,
    1,
    1,
    1,
    1,
    1,
    1,
    1,
    1,
    1,
    1,
    1,
    1,
    1,
    1,
    1,
    1,
    1,
    1,
    1,
    1,
    1,
    1,
    1,
    1,
    1,
    1,
    1,
    1,
    1,
    1,
    1,
    1,
    1,
    1,
    1,
    1,
    1,
    1,
    1,
    1,
    1,
    1,
    1,
    1,
    1,
    1,
    1,
    1,
    1,
    1,
    1,
    1,
    1,
    1,
    1,
    1,
    1,
    1,
    1,
    1,
    1,
    1,
    1,
    1,
    1,
    1,
    1,
    1,
    1,
    1,
    1,
    1,
    1,
    1,
    1,
    1,
    1,
    1,
    1,
    1,
    1,
    1,
    1,
    1,
    1,
    1,
    1,
    1,
    1,
    1,
    1,
    1,
    1,
    1,
    1,
    1,
    1,
    1,
    1,
    1,
    1,
    1,
    1,
    1,
    1,
    1,
    1,
    1,
    1,
    1,
    1,
    1,
    1,
    1,
    1,
    1,
    1,
    1,
    1,
    1,
    1,
    1,
    1,
    1,
    1,
    1,
    1,
    1,
    1,
    1,
    1,
    1,
    1,
    1,
    1,
    1,
    1,
    1,
    1,
    1,
    1,
    1,
    1,
    1,
    1,
    1,
    1,
    1,
    1,
    1,
    1,
    1,
    1,
    1,
    1,
    1,
    1,
    1,
    1,
    1,
    1,
    1,
    1,
    1,
    1,
    1,
    1,
    1,
    1,
    1,
    1,
    1,
    1,
    1,
    1
  ],