{
  "timesteps": [
    0,
    1,
    2,
    3,
    4,
    5,
    6,
    7,
    8,
    9,
    10,
    11,
    12,
    13,
    14,
    15,
    16,
    17,
    18,
    19,
    20,
    21,
    22,
    23,
    24,
    25,
    26,
    27,
    28,
    29,
    30,
    31,
    32,
    33,
    34,
    35,
    36,
    37,
    38,
    39,
    40,
    41,
    42,
    43,
    44,
    45,
    46,
    47,
    48,
    49,
    50,
    51,
    52,
    53,
    54,
    55,
    56,
    57,
    58,
    59,
    60,
    61,
    62,
    63,
    64,
    65,
    66,
    67,
    68,
    69,
    70,
    71,
    72,
    73,
    74,
    75,
    76,
    77,
    78,
    79,
    80,
    81,
    82,
    83,
    84,
    85,
    86,
    87,
    88,
    89,
    90,
    91,
    92,
    93,
    94,
    95,
    96,
    97,
    98,
    99,
    100,
    101,
    102,
    103,
    104,
    105,
    106,
    107,
    108,
    109,
    110,
    111,
    112,
    113,
    114,
    115,
    116,
    117,
    118,
    119,
    120,
    121,
    122,
    123,
    124,
    125,
    126,
    127,
    128,
    129,
    130,
    131,
    132,
    133,
    134,
    135,
    136,
    137,
    138,
    139,
    140,
    141,
    142,
    143,
    144,
    145,
    146,
    147,
    148,
    149,
    150,
    151,
    152,
    153,
    154,
    155,
    156,
    157,
    158,
    159,
    160,
    161,
    162,
    163,
    164,
    165,
    166,
    167,
    168,
    169,
    170,
    171,
    172,
    173,
    174,
    175,
    176,
    177,
    178,
    179,
    180,
    181,
    182,
    183,
    184,
    185,
    186,
    187,
    188,
    189,
    190,
    191,
    192,
    193,
    194,
    195,
    196,
    197,
    198,
    199
  ],
  "states": [
    50.0,
    50.116009523916645,
    50.473052953326096,
    53.15126640013238,
    53.32340770893938,
    53.56576701509714,
    51.68722559132762,
    50.52135543089191,
    49.443182150206844,
    51.686885885046195,
    50.265235951751535,
    51.323259210513214,
    50.55076321012196,
    48.339054493555366,
    48.047552297787036,
    50.29342990998425,
    52.12351021045562,
    52.879856863528516,
    52.99693034627059,
    51.49823238966569,
    49.7498273822533,
    49.218568358770206,
    51.02038184211152,
    49.99632894583569,
    46.56678023691193,
    48.02298930694435,
    46.97885229041075,
    42.769992666825374,
    45.284111986448195,
    46.78750561034349,
    47.5989780980951,
    49.32408991755795,
    50.478861547123124,
    51.777756518892566,
    50.82249165711008,
    50.6729514505448,
    51.27051682069445,
    50.4374303564064,
    49.962016615433505,
    51.529681803497205,
    51.09911361532682,
    49.9817850434267,
    50.06015838593079,
    47.748584201710216,
    44.76232355589829,
    43.814424095784005,
    42.70007280234613,
    42.2751543476156,
    40.52112849936073,
    39.92933434244482,
    41.36854987706891,
    41.11182318445698,
    40.23373010259166,
    39.62879849257684,
    40.35822203031485,
    40.85331439184645,
    42.38765024206255,
    43.567318618809495,
    42.99330096941957,
    44.76367378304651,
    41.95851283946034,
    42.22130237847406,
    40.89849600406428,
    39.29072664395899,
    41.34912255538202,
    41.85186559858964,
    44.29949495858797,
    44.9677632922507,
    48.30087370092956,
    49.95789225702089,
    51.436892605776244,
    49.85837517083568,
    50.190614105277554,
    47.964889934340405,
    49.030865818628364,
    49.340382912210906,
    48.57113202536387,
    46.782965653423645,
    45.23423764504353,
    44.279242670798205,
    43.55385090220099,
    43.45789169623188,
    41.09468140018901,
    41.10311743445769,
    41.79726796508391,
    40.897371754197025,
    37.97769790578305,
    36.901719054261015,
    35.86252744398685,
    37.166022629202175,
    37.46791252420707,
    37.979097165304346,
    36.66819094312238,
    34.58917687508773,
    35.012448091318966,
    35.79321089710697,
    34.32290378268452,
    32.78835493336068,
    32.44742433067715,
    32.676644166536306,
    33.390436724188795,
    30.329952990898647,
    31.12139583552422,
    32.03054488523825,
    32.125750549422456,
    31.11185282535904,
    32.283079829968734,
    34.9270876029858,
    33.49476397357471,
    32.91880531664028,
    33.46822283522428,
    32.59767514451622,
    32.593026125985176,
    32.64478030610767,
    31.368955479189218,
    34.53129416121182,
    34.87542466923387,
    34.64812234262504,
    35.31381055906063,
    33.824066136172725,
    32.87663576986514,
    32.35920545878323,
    31.42490808696358,
    29.49927683159786,
    28.43059203098088,
    27.352016719624743,
    26.372236045746146,
    26.820106350811923,
    25.540630837206884,
    25.473528916366952,
    23.589757236218166,
    22.203217178342282,
    23.18623391684772,
    19.614813099378814,
    21.60754040153454,
    19.101022196982726,
    21.961626402930847,
    22.2515456959588,
    21.385913260453922,
    22.546289326104628,
    23.17035767618048,
    25.49897059328779,
    23.51188945456623,
    24.677383058862283,
    28.69709506741641,
    28.279646903467476,
    27.13859368115893,
    26.410772959956198,
    25.0306018454342,
    24.9943436381855,
    24.86935184279132,
    25.41799440133361,
    26.20441237238273,
    26.211455259149744,
    23.24603204814044,
    23.733689984644975,
    20.985287923687263,
    21.95432616842439,
    22.94476485888342,
    21.992149430645725,
    18.004523957042394,
    18.713569620060714,
    16.49052897704639,
    18.919438494659897,
    19.093588067561893,
    18.19669802492145,
    18.810766401447044,
    20.270979322772945,
    20.08583876241481,
    18.897602780551168,
    19.965762031868714,
    20.73316067906366,
    24.07289105606465,
    22.28964401120275,
    20.27388207533476,
    20.53901812096088,
    20.52865948200856,
    20.436239044339235,
    18.769392987527258,
    21.032678877994982,
    21.01226040924823,
    24.18882021783939,
    24.879889586415374,
    23.451609789517388,
    23.52018984570556,
    23.84362215789086,
    22.646076562658113,
    22.232993373206696,
    23.3264184730114,
    23.342138718465446,
    24.654747576114573,
    23.193463157294328,
    20.39872798755144,
    20.13437082503122,
    20.374784557995245,
    20.370497266620646,
    18.808565385776866,
    17.95280745070218,
    21.34433454211876,
    21.577286763732676,
    22.250622858624553
  ],
  "actions": [],
  "observations": [
    1,
    1,
    1,
    1,
    1,
    1,
    1,
    1,
    1,
    1,
    1,
    1,
    1,
    1,
    1,
    1,
    1,
    1,
    1,
    1,
    1,
    1,
    1,
    1,
    1,
    1,
    1,
    0,
    1,
    1,
    1,
    1,
    1,
    1,
    1,
    1,
    1,
    1,
    1,
    1,
    1,
    1,
    1,
    1,
    0,
    0,
    0,
    0,
    0,
    0,
    0,
    0,
    0,
    0,
    0,
    0,
    0,
    0,
    0,
    0,
    0,
    0,
    0,
    0,
    0,
    0,
    0,
    0,
    1,
    1,
    1,
    1,
    1,
    1,
    1,
    1,
    1,
    1,
    1,
    0,
    0,
    0,
    0,
    0,
    0,
    0,
    0,
    0,
    0,
    0,
    0,
    0,
    0,
    0,
    0,
    0,
    0,
    0,
    0,
    0,
    0,
    0,
    0,
    0,
    0,
    0,
    0,
    0,
    0,
    0,
    0,
    0,
    0,
    0,
    0,
    0,
    0,
    0,
    0,
    0,
    0,
    0,
    0,
    0,
    0,
    0,
    0,
    0,
    0,
    0,
    0,
    0,
    0,
    0,
    0,
    0,
    0,
    0,
    0,
    0,
    0,
    0,
    0,
    0,
    0,
    0,
    0,
    0,
    0,
    0,
    0,
    0,
    0,
    0,
    0,
    0,
    0,
    0,
    0,
    0,
    0,
    0,
    0,
    0,
    0,
    0,
    0,
    0,
    0,
    0,
    0,
    0,
    0,
    0,
    0,
    0,
    0,
    0,
    0,
    0,
    0,
    0,
    0,
    0,
    0,
    0,
    0,
    0,
    0,
    0,
    0,
    0,
    0,
    0,
    0,
    0,
    0,
    0,
    0,
    0
  ],