{
  "timesteps": [
    0,
    1,
    2,
    3,
    4,
    5,
    6,
    7,
    8,
    9,
    10,
    11,
    12,
    13,
    14,
    15,
    16,
    17,
    18,
    19,
    20,
    21,
    22,
    23,
    24,
    25,
    26,
    27,
    28,
    29,
    30,
    31,
    32,
    33,
    34,
    35,
    36,
    37,
    38,
    39,
    40,
    41,
    42,
    43,
    44,
    45,
    46,
    47,
    48,
    49,
    50,
    51,
    52,
    53,
    54,
    55,
    56,
    57,
    58,
    59,
    60,
    61,
    62,
    63,
    64,
    65,
    66,
    67,
    68,
    69,
    70,
    71,
    72,
    73,
    74,
    75,
    76,
    77,
    78,
    79,
    80,
    81,
    82,
    83,
    84,
    85,
    86,
    87,
    88,
    89,
    90,
    91,
    92,
    93,
    94,
    95,
    96,
    97,
    98,
    99,
    100,
    101,
    102,
    103,
    104,
    105,
    106,
    107,
    108,
    109,
    110,
    111,
    112,
    113,
    114,
    115,
    116,
    117,
    118,
    119,
    120,
    121,
    122,
    123,
    124,
    125,
    126,
    127,
    128,
    129,
    130,
    131,
    132,
    133,
    134,
    135,
    136,
    137,
    138,
    139,
    140,
    141,
    142,
    143,
    144,
    145,
    146,
    147,
    148,
    149,
    150,
    151,
    152,
    153,
    154,
    155,
    156,
    157,
    158,
    159,
    160,
    161,
    162,
    163,
    164,
    165,
    166,
    167,
    168,
    169,
    170,
    171,
    172,
    173,
    174,
    175,
    176,
    177,
    178,
    179,
    180,
    181,
    182,
    183,
    184,
    185,
    186,
    187,
    188,
    189,
    190,
    191,
    192,
    193,
    194,
    195,
    196,
    197,
    198,
    199
  ],
  "states": [
    50.0,
    50.045891461695355,
    48.99117842598857,
    50.19156298573222,
    51.92530732395458,
    53.09396676164586,
    53.34308392120732,
    54.570835605541,
    53.704668422586835,
    53.93671905454387,
    53.80418134874587,
    52.80429285314942,
    52.18646330433445,
    51.14745300528572,
    49.57585890993503,
    51.17948603875701,
    52.27859884689165,
    52.63030658491723,
    50.758716051131344,
    48.494747056165,
    46.898458319867935,
    47.88496272414258,
    48.33041929488232,
    47.70289133805831,
    50.48877751893511,
    48.64526452140036,
    48.79526169377802,
    48.620271225730576,
    47.55185766854857,
    42.50210300874958,
    42.76627237703708,
    41.924281067004316,
    42.64894627359928,
    41.125132356611864,
    41.152894507199235,
    40.72859653065138,
    40.4925442855282,
    39.10275149637966,
    35.80280515700474,
    36.390384152779276,
    36.508086007854054,
    40.14855510286943,
    40.95494139987693,
    40.99430822505721,
    45.03613877099352,
    43.25125314550016,
    41.5842872343286,
    41.88041664532968,
    42.94732973472722,
    40.80400778979279,
    39.491810306059186,
    39.52078413641633,
    38.643701132288555,
    38.073959916106766,
    36.53070376752018,
    34.97840833366119,
    32.916377066388,
    34.06648305170146,
    32.46490245895384,
    34.01915179650803,
    35.498955671694425,
    36.82330551524671,
    36.46854598962551,
    34.01415176447477,
    34.59878118967366,
    32.509481189530334,
    33.65766994893632,
    36.33763213926869,
    35.248815818557624,
    36.05542899281952,
    35.19876703353901,
    35.147786036854924,
    32.27268320787795,
    32.51333364623552,
    33.53620896594253,
    33.715980891107264,
    34.22527993096201,
    34.85478290320926,
    35.07740958422764,
    33.084331499352864,
    31.99404017362176,
    32.87516093237024,
    31.247597563982218,
    32.6935556960217,
    31.296121454955113,
    31.232706028736647,
    31.62544079338897,
    31.270439616764115,
    30.644231105905604,
    30.295036747299143,
    28.97545318518869,
    28.628197912081255,
    28.047809433014518,
    26.99847415746974,
    27.331175958980708,
    25.297194179211676,
    25.68088617129487,
    26.08469694106825,
    28.435477756187122,
    26.1787945726146,
    24.03348708438378,
    23.662257721401232,
    23.580636660497387,
    23.59776288792081,
    25.36227251628399,
    26.112843688476996,
    28.090278170183947,
    29.190996311029377,
    31.606086158807205,
    30.97695484682227,
    32.7596747254773,
    33.31334102877833,
    30.04931321331243,
    28.95093794920408,
    30.238134335149983,
    33.049440096604044,
    31.253226384776546,
    27.997683338641988,
    27.071006579709895,
    26.094610308190127,
    26.55130313477232,
    24.922600923362534,
    25.46761513178388,
    24.20643067134199,
    21.91243008968403,
    21.198028229927957,
    21.386389836860438,
    23.694144536467,
    23.33057069207858,
    22.920568240314633,
    23.61911597182241,
    25.563755121692502,
    24.24837096837222,
    25.140859200367288,
    30.560671250764898,
    26.97861589963448,
    27.528620355003564,
    29.881659375869237,
    27.42773738864229,
    29.317607476255127,
    31.7174632831437,
    32.92089190936653,
    32.31606516770478,
    33.442205688296276,
    34.11591401095398,
    34.73118896498353,
    33.78302130377587,
    34.215329198731474,
    30.997920225772333,
    28.64192999913218,
    28.229047687167895,
    29.726575076884078,
    27.420900585238552,
    27.631579056813365,
    24.1417231703184,
    25.19152350901324,
    26.296813444219424,
    26.904088183363346,
    26.02421336581688,
    25.44875090830644,
    24.528524301732315,
    26.42651602720976,
    28.184762253762408,
    28.030164704869883,
    27.834673037741442,
    26.942287147943087,
    28.342607592985644,
    27.502486220188143,
    25.25632941405833,
    26.399645202329037,
    27.624877188540747,
    28.895259393575543,
    27.160179297673345,
    29.774506281052133,
    30.618286861153535,
    31.298480292272988,
    31.064017534861303,
    30.4361926525405,
    29.365735021518493,
    27.90481813302782,
    28.21902062028373,
    27.663402246821526,
    28.007538652754995,
    28.560210505472572,
    27.23602111154232,
    24.286988354467315,
    26.144993258770107,
    25.34552943879075,
    28.56772797009977,
    28.727127512655322,
    28.340857039519523,
    27.265502382627826,
    25.693093694677465,
    25.886384958319002,
    25.107235507406806,
    23.101992078752126,
    22.42946853092507,
    24.475522401164806,
    24.562207260861875,
    23.20014791963737,
    23.248624935062484
  ],
  "actions": [],
  "observations": [
    1,
    1,
    1,
    1,
    1,
    1,
    1,
    1,
    1,
    1,
    1,
    1,
    1,
    1,
    1,
    1,
    1,
    1,
    1,
    1,
    1,
    1,
    1,
    1,
    1,
    1,
    1,
    1,
    1,
    0,
    0,
    0,
    0,
    0,
    0,
    0,
    0,
    0,
    0,
    0,
    0,
    0,
    0,
    0,
    1,
    0,
    0,
    0,
    0,
    0,
    0,
    0,
    0,
    0,
    0,
    0,
    0,
    0,
    0,
    0,
    0,
    0,
    0,
    0,
    0,
    0,
    0,
    0,
    0,
    0,
    0,
    0,
    0,
    0,
    0,
    0,
    0,
    0,
    0,
    0,
    0,
    0,
    0,
    0,
    0,
    0,
    0,
    0,
    0,
    0,
    0,
    0,
    0,
    0,
    0,
    0,
    0,
    0,
    0,
    0,
    0,
    0,
    0,
    0,
    0,
    0,
    0,
    0,
    0,
    0,
    0,
    0,
    0,
    0,
    0,
    0,
    0,
    0,
    0,
    0,
    0,
    0,
    0,
    0,
    0,
    0,
    0,
    0,
    0,
    0,
    0,
    0,
    0,
    0,
    0,
    0,
    0,
    0,
    0,
    0,
    0,
    0,
    0,
    0,
    0,
    0,
    0,
    0,
    0,
    0,
    0,
    0,
    0,
    0,
    0,
    0,
    0,
    0,
    0,
    0,
    0,
    0,
    0,
    0,
    0,
    0,
    0,
    0,
    0,
    0,
    0,
    0,
    0,
    0,
    0,
    0,
    0,
    0,
    0,
    0,
    0,
    0,
    0,
    0,
    0,
    0,
    0,
    0,
    0,
    0,
    0,
    0,
    0,
    0,
    0,
    0,
    0,
    0,
    0,
    0
  ],