{
  "timesteps": [
    0,
    1,
    2,
    3,
    4,
    5,
    6,
    7,
    8,
    9,
    10,
    11,
    12,
    13,
    14,
    15,
    16,
    17,
    18,
    19,
    20,
    21,
    22,
    23,
    24,
    25,
    26,
    27,
    28,
    29,
    30,
    31,
    32,
    33,
    34,
    35,
    36,
    37,
    38,
    39,
    40,
    41,
    42,
    43,
    44,
    45,
    46,
    47,
    48,
    49,
    50,
    51,
    52,
    53,
    54,
    55,
    56,
    57,
    58,
    59,
    60,
    61,
    62,
    63,
    64,
    65,
    66,
    67,
    68,
    69,
    70,
    71,
    72,
    73,
    74,
    75,
    76,
    77,
    78,
    79,
    80,
    81,
    82,
    83,
    84,
    85,
    86,
    87,
    88,
    89,
    90,
    91,
    92,
    93,
    94,
    95,
    96,
    97,
    98,
    99,
    100,
    101,
    102,
    103,
    104,
    105,
    106,
    107,
    108,
    109,
    110,
    111,
    112,
    113,
    114,
    115,
    116,
    117,
    118,
    119,
    120,
    121,
    122,
    123,
    124,
    125,
    126,
    127,
    128,
    129,
    130,
    131,
    132,
    133,
    134,
    135,
    136,
    137,
    138,
    139,
    140,
    141,
    142,
    143,
    144,
    145,
    146,
    147,
    148,
    149,
    150,
    151,
    152,
    153,
    154,
    155,
    156,
    157,
    158,
    159,
    160,
    161,
    162,
    163,
    164,
    165,
    166,
    167,
    168,
    169,
    170,
    171,
    172,
    173,
    174,
    175,
    176,
    177,
    178,
    179,
    180,
    181,
    182,
    183,
    184,
    185,
    186,
    187,
    188,
    189,
    190,
    191,
    192,
    193,
    194,
    195,
    196,
    197,
    198,
    199
  ],
  "states": [
    50.0,
    49.16195140167193,
    51.24414683614746,
    50.15341431326061,
    50.891141830632456,
    49.02228338887404,
    48.85953180401344,
    49.962566914541355,
    48.24837577245011,
    48.33647639762086,
    44.780644378318826,
    45.983366303060905,
    45.475203994377864,
    44.804311166606425,
    45.986073338527,
    42.6703668904274,
    44.68560773909394,
    44.175793707991915,
    44.186246820490375,
    42.955820323501555,
    43.448964611592544,
    41.98942702450211,
    41.696735924223816,
    40.48165828704703,
    38.11364286525938,
    35.88093912226534,
    37.78410869534905,
    34.66686943809167,
    35.00484878840757,
    36.87213541528467,
    36.04682103757484,
    36.06391531499598,
    38.74965051974914,
    42.020683382971754,
    42.59786815129344,
    45.292276320336555,
    45.772659438738664,
    45.28053089271905,
    45.934447569389484,
    43.58086286711019,
    42.93062976914528,
    40.86767389174615,
    41.8636013596232,
    41.707500125430165,
    41.25660136292413,
    39.30365371259609,
    37.75057435127748,
    39.25187419672695,
    40.975319032793365,
    38.037539534599254,
    38.062499814442866,
    37.439048304362316,
    35.45763250202955,
    34.4749958208505,
    32.9007667742417,
    32.851268059992364,
    35.05623498617994,
    33.41845518597174,
    31.741459382822164,
    31.414078360401646,
    30.047578670598497,
    29.241784015104585,
    32.483928878185026,
    33.02517571115286,
    32.301503402110235,
    36.88047455409358,
    40.04341060441237,
    38.001426511051676,
    40.354200267247236,
    36.16526367581689,
    36.08366304378548,
    38.13045283811372,
    38.851267606558686,
    39.58255693293332,
    40.03522851543503,
    39.12504754276277,
    41.17948568593397,
    39.3593177616094,
    41.75174978168643,
    39.68089736068002,
    40.939505225852194,
    44.39579318709101,
    44.70054287474836,
    46.66432157536369,
    49.04010254243629,
    46.85418801048769,
    45.21785926212582,
    44.19830588799633,
    45.27471132057531,
    44.74959123785126,
    47.99355086444645,
    45.70022418876216,
    42.71838848855742,
    42.31476275960997,
    40.15728046338849,
    39.496040441593166,
    41.73393345127455,
    42.99990992213283,
    42.51989344407769,
    41.53354318769209,
    39.527059813344074,
    36.99143501343571,
    36.77166567889525,
    37.55219576581465,
    36.095960825618526,
    39.49666572525049,
    41.577246455722005,
    42.260590651611956,
    43.72701762711409,
    45.01213219156714,
    45.20158594479569,
    42.9042337415142,
    42.429227858587375,
    42.16648570024932,
    40.595802564014235,
    40.22353112265188,
    36.94278373488126,
    34.182656716406015,
    34.944443831478196,
    36.52394885142384,
    36.88753808905779,
    37.817366333811016,
    39.724697108607046,
    39.16236541308355,
    38.1438162482897,
    37.88284290269819,
    37.65217405044134,
    37.61644573413085,
    33.44699628095029,
    35.03248541207804,
    34.54890879139639,
    35.65537326136721,
    32.871989538060575,
    31.922695262887675,
    32.52770918965237,
    32.927507299295065,
    33.62821910571509,
    33.41313695806606,
    32.74156848033362,
    31.102069688637883,
    31.014189240477656,
    30.278180965937043,
    29.686402505592323,
    29.809334698110025,
    28.03553043731895,
    24.70600403586078,
    25.397311845085035,
    25.29760645625614,
    26.958468877399316,
    25.86211506017498,
    25.240114454999112,
    23.314313801114896,
    24.198647210814997,
    24.157657352109663,
    22.701970153297996,
    22.632852534876324,
    22.47775010795724,
    23.020061203073894,
    23.01859434780401,
    24.207340325217384,
    24.138259518757216,
    23.286113719751732,
    23.827973987776378,
    20.498677397311898,
    21.647675314178546,
    21.411185193979456,
    22.124361194095165,
    22.15826259084319,
    22.212009018062865,
    22.90552396744775,
    22.98709845037706,
    20.14108028022426,
    21.31929213291686,
    23.252648672079197,
    23.46170140245913,
    22.82525332344745,
    19.663728678285395,
    17.586009986102294,
    17.29113587854274,
    17.270794461346107,
    14.407590987382985,
    11.8446730039896,
    12.26918247658938,
    10.906046901951868,
    13.04109571702541,
    13.897365359390479,
    14.982119936462855,
    19.274827703237158,
    20.177128998345133,
    21.680876872357672,
    22.984876566279155,
    19.429553831609766,
    19.56666131742125,
    19.97562957806001,
    20.749327966894725,
    23.027778688879437,
    23.054321738155025,
    23.683494212375866,
    24.418355412668447,
    24.789959393726427,
    24.424473787089543
  ],
  "actions": [],
  "observations": [
    1,
    1,
    1,
    1,
    1,
    1,
    1,
    1,
    1,
    1,
    0,
    1,
    1,
    0,
    1,
    0,
    0,
    0,
    0,
    0,
    0,
    0,
    0,
    0,
    0,
    0,
    0,
    0,
    0,
    0,
    0,
    0,
    0,
    0,
    0,
    1,
    1,
    1,
    1,
    0,
    0,
    0,
    0,
    0,
    0,
    0,
    0,
    0,
    0,
    0,
    0,
    0,
    0,
    0,
    0,
    0,
    0,
    0,
    0,
    0,
    0,
    0,
    0,
    0,
    0,
    0,
    0,
    0,
    0,
    0,
    0,
    0,
    0,
    0,
    0,
    0,
    0,
    0,
    0,
    0,
    0,
    0,
    0,
    1,
    1,
    1,
    1,
    0,
    1,
    0,
    1,
    1,
    0,
    0,
    0,
    0,
    0,
    0,
    0,
    0,
    0,
    0,
    0,
    0,
    0,
    0,
    0,
    0,
    0,
    1,
    1,
    0,
    0,
    0,
    0,
    0,
    0,
    0,
    0,
    0,
    0,
    0,
    0,
    0,
    0,
    0,
    0,
    0,
    0,
    0,
    0,
    0,
    0,
    0,
    0,
    0,
    0,
    0,
    0,
    0,
    0,
    0,
    0,
    0,
    0,
    0,
    0,
    0,
    0,
    0,
    0,
    0,
    0,
    0,
    0,
    0,
    0,
    0,
    0,
    0,
    0,
    0,
    0,
    0,
    0,
    0,
    0,
    0,
    0,
    0,
    0,
    0,
    0,
    0,
    0,
    0,
    0,
    0,
    0,
    0,
    0,
    0,
    0,
    0,
    0,
    0,
    0,
    0,
    0,
    0,
    0,
    0,
    0,
    0,
    0,
    0,
    0,
    0,
    0,
    0
  ],