{
  "timesteps": [
    0,
    1,
    2,
    3,
    4,
    5,
    6,
    7,
    8,
    9,
    10,
    11,
    12,
    13,
    14,
    15,
    16,
    17,
    18,
    19,
    20,
    21,
    22,
    23,
    24,
    25,
    26,
    27,
    28,
    29,
    30,
    31,
    32,
    33,
    34,
    35,
    36,
    37,
    38,
    39,
    40,
    41,
    42,
    43,
    44,
    45,
    46,
    47,
    48,
    49,
    50,
    51,
    52,
    53,
    54,
    55,
    56,
    57,
    58,
    59,
    60,
    61,
    62,
    63,
    64,
    65,
    66,
    67,
    68,
    69,
    70,
    71,
    72,
    73,
    74,
    75,
    76,
    77,
    78,
    79,
    80,
    81,
    82,
    83,
    84,
    85,
    86,
    87,
    88,
    89,
    90,
    91,
    92,
    93,
    94,
    95,
    96,
    97,
    98,
    99,
    100,
    101,
    102,
    103,
    104,
    105,
    106,
    107,
    108,
    109,
    110,
    111,
    112,
    113,
    114,
    115,
    116,
    117,
    118,
    119,
    120,
    121,
    122,
    123,
    124,
    125,
    126,
    127,
    128,
    129,
    130,
    131,
    132,
    133,
    134,
    135,
    136,
    137,
    138,
    139,
    140,
    141,
    142,
    143,
    144,
    145,
    146,
    147,
    148,
    149,
    150,
    151,
    152,
    153,
    154,
    155,
    156,
    157,
    158,
    159,
    160,
    161,
    162,
    163,
    164,
    165,
    166,
    167,
    168,
    169,
    170,
    171,
    172,
    173,
    174,
    175,
    176,
    177,
    178,
    179,
    180,
    181,
    182,
    183,
    184,
    185,
    186,
    187,
    188,
    189,
    190,
    191,
    192,
    193,
    194,
    195,
    196,
    197,
    198,
    199
  ],
  "states": [
    50.0,
    49.74204606034982,
    50.09496208618429,
    49.719468257737276,
    50.264714109779256,
    50.654046795785526,
    50.00659589051324,
    49.8037270559946,
    50.19713738106291,
    50.04682193944418,
    50.914243172195924,
    50.16841666521373,
    50.57932207929913,
    50.41579284943314,
    50.6228774935878,
    51.278171341390745,
    51.50505927022767,
    50.949971600913635,
    50.518165913810904,
    50.16784499379561,
    49.52452981384558,
    49.729620948833336,
    50.21656882784011,
    49.39545381086859,
    49.57448388257765,
    49.7285754009403,
    49.720592659266245,
    49.73652999777966,
    50.17291407380926,
    50.195246645487266,
    50.05609576747968,
    50.24419257045617,
    49.48937608934639,
    49.35659907077201,
    49.56714179328705,
    48.88782696305449,
    50.067085703889944,
    49.888201898278645,
    50.325746050645215,
    49.61501832289185,
    49.45763066697402,
    49.19496845489398,
    49.37535108911672,
    49.472957930696516,
    49.76387249734412,
    49.72172302566548,
    50.55412636496331,
    50.433530116168704,
    50.47568866398296,
    50.99330069945968,
    50.53814583794729,
    50.482736483339075,
    51.21412719556105,
    51.2538284039349,
    51.43087240123746,
    51.68493397581585,
    52.27271201545154,
    52.09168602419762,
    53.07907988738345,
    53.69422298283406,
    53.55502322926125,
    54.361462021385265,
    54.59092269594763,
    53.88262839830731,
    53.83423277243019,
    53.88658756445763,
    54.10224512279463,
    55.31565079930711,
    55.988242174000575,
    56.48579809259839,
    56.725744090273885,
    56.59987481632266,
    57.349941147431245,
    58.08383291946407,
    58.04705838258376,
    57.279323691518705,
    58.33090079103434,
    59.20844709099206,
    58.06494171489894,
    58.84207673942708,
    59.29234406826431,
    59.93587043860983,
    60.98477492008935,
    61.034514669211866,
    59.3814941555219,
    59.278988488449336,
    59.71870025367357,
    60.0958569216183,
    59.741225195740014,
    59.519604460081865,
    59.89760753123934,
    59.883365583592166,
    60.563108906852804,
    60.531688234347165,
    60.06381681115095,
    60.36007793792662,
    60.23027554504717,
    59.58727907985856,
    60.49641417117261,
    62.0541914322945,
    61.387579535389804,
    59.98231442778931,
    60.03464059527316,
    59.633446113884474,
    59.465361472336824,
    58.48772322271528,
    59.15911324447718,
    59.18778716075035,
    59.52519503955907,
    59.2551150084529,
    59.478209089504944,
    59.48890184687269,
    59.52555256481544,
    58.58187936698267,
    58.58637367630453,
    59.32535905701958,
    58.977990771106015,
    59.28844028376082,
    59.62249006075077,
    60.35050332550418,
    60.49947977306444,
    60.965867522643805,
    59.6344853320673,
    59.22592353993043,
    58.982383091615134,
    59.71608258421825,
    60.31425039331407,
    59.80608048264902,
    59.092292220379555,
    59.39824945268575,
    59.78267877518533,
    60.79948186387776,
    60.61957469254238,
    60.1002824478806,
    60.6637807565955,
    61.16289115192092,
    60.67749728864976,
    59.9252475930911,
    59.912291300183405,
    58.89570482989332,
    59.079600180335156,
    58.431352413824975,
    58.68902207950092,
    58.94577441452483,
    59.75150702308384,
    59.77249210412209,
    59.2159832642542,
    59.18152122638217,
    58.77134102660037,
    57.526944500390094,
    57.35404494170181,
    56.6015840274594,
    56.340150449878315,
    56.38914999700701,
    56.78711498421907,
    56.81742403654264,
    57.481373463023935,
    57.24470112487812,
    56.738850181880274,
    57.845728853614865,
    56.54833882904197,
    56.302339464287684,
    56.1103667530888,
    56.47410500511897,
    57.05158339581032,
    55.50905193581404,
    55.25284868777686,
    55.73409506666355,
    55.158800306918884,
    54.74650494458124,
    54.510411018611286,
    54.559735713100594,
    54.83994959340861,
    55.15639841289407,
    55.183204948074675,
    54.575009700755245,
    54.972423730460484,
    54.60275319271596,
    55.25945524328526,
    56.1460298019979,
    56.89714099308637,
    57.12018370424562,
    57.20076126310946,
    57.49394955783119,
    58.10853204513995,
    57.99782721069528,
    57.62507730237958,
    57.10584074606577,
    57.41184082832458,
    57.356377229735166,
    57.573433518961124,
    58.23304775048529,
    57.99526067490466,
    58.20845227938102,
    58.40247120407717,
    57.88714710730357,
    58.16627408485176,
    57.737744641660946,
    58.3651959107165,
    58.68490270516528,
    59.65730639067848
  ],
  "actions": [],
  "observations": [
    1,
    1,
    1,
    1,
    1,
    1,
    1,
    1,
    1,
    1,
    1,
    1,
    1,
    1,
    1,
    1,
    1,
    1,
    1,
    1,
    1,
    1,
    1,
    1,
    1,
    1,
    1,
    1,
    1,
    1,
    1,
    1,
    1,
    1,
    1,
    1,
    1,
    1,
    1,
    1,
    1,
    1,
    1,
    1,
    1,
    1,
    1,
    1,
    1,
    1,
    1,
    1,
    1,
    1,
    1,
    1,
    1,
    1,
    1,
    1,
    1,
    1,
    1,
    1,
    1,
    1,
    1,
    2,
    2,
    2,
    2,
    2,
    2,
    2,
    2,
    2,
    2,
    2,
    2,
    2,
    2,
    2,
    2,
    2,
    2,
    2,
    2,
    2,
    2,
    2,
    2,
    2,
    2,
    2,
    2,
    2,
    2,
    2,
    2,
    2,
    2,
    2,
    2,
    2,
    2,
    2,
    2,
    2,
    2,
    2,
    2,
    2,
    2,
    2,
    2,
    2,
    2,
    2,
    2,
    2,
    2,
    2,
    2,
    2,
    2,
    2,
    2,
    2,
    2,
    2,
    2,
    2,
    2,
    2,
    2,
    2,
    2,
    2,
    2,
    2,
    2,
    2,
    2,
    2,
    2,
    2,
    2,
    2,
    2,
    2,
    2,
    2,
    2,
    2,
    2,
    2,
    2,
    2,
    2,
    2,
    2,
    2,
    2,
    2,
    2,
    2,
    2,
    2,
    2,
    1,
    1,
    1,
    1,
    2,
    2,
    1,
    1,
    1,
    2,
    2,
    2,
    2,
    2,
    2,
    2,
    2,
    2,
    2,
    2,
    2,
    2,
    2,
    2,
    2,
    2,
    2,
    2,
    2,
    2,
    2
  ],