{
  "timesteps": [
    0,
    1,
    2,
    3,
    4,
    5,
    6,
    7,
    8,
    9,
    10,
    11,
    12,
    13,
    14,
    15,
    16,
    17,
    18,
    19,
    20,
    21,
    22,
    23,
    24,
    25,
    26,
    27,
    28,
    29,
    30,
    31,
    32,
    33,
    34,
    35,
    36,
    37,
    38,
    39,
    40,
    41,
    42,
    43,
    44,
    45,
    46,
    47,
    48,
    49,
    50,
    51,
    52,
    53,
    54,
    55,
    56,
    57,
    58,
    59,
    60,
    61,
    62,
    63,
    64,
    65,
    66,
    67,
    68,
    69,
    70,
    71,
    72,
    73,
    74,
    75,
    76,
    77,
    78,
    79,
    80,
    81,
    82,
    83,
    84,
    85,
    86,
    87,
    88,
    89,
    90,
    91,
    92,
    93,
    94,
    95,
    96,
    97,
    98,
    99,
    100,
    101,
    102,
    103,
    104,
    105,
    106,
    107,
    108,
    109,
    110,
    111,
    112,
    113,
    114,
    115,
    116,
    117,
    118,
    119,
    120,
    121,
    122,
    123,
    124,
    125,
    126,
    127,
    128,
    129,
    130,
    131,
    132,
    133,
    134,
    135,
    136,
    137,
    138,
    139,
    140,
    141,
    142,
    143,
    144,
    145,
    146,
    147,
    148,
    149,
    150,
    151,
    152,
    153,
    154,
    155,
    156,
    157,
    158,
    159,
    160,
    161,
    162,
    163,
    164,
    165,
    166,
    167,
    168,
    169,
    170,
    171,
    172,
    173,
    174,
    175,
    176,
    177,
    178,
    179,
    180,
    181,
    182,
    183,
    184,
    185,
    186,
    187,
    188,
    189,
    190,
    191,
    192,
    193,
    194,
    195,
    196,
    197,
    198,
    199
  ],
  "states": [
    50.0,
    49.951942663698894,
    49.62635373207618,
    49.30574974475178,
    49.28131190394992,
    49.35535413760425,
    48.61036165770812,
    49.342985100703004,
    49.22465155751002,
    50.221093581617,
    50.267008397345656,
    50.47562452366134,
    50.559247391976115,
    50.29889713429997,
    50.02904403996466,
    50.52366831269878,
    51.198610653928995,
    51.40779553027818,
    52.34406245172069,
    52.176413183831976,
    52.723862249909125,
    53.75152692496451,
    53.974332307083195,
    54.42663689320093,
    54.42267372348871,
    54.64725644429171,
    53.74537306770778,
    54.70411968484709,
    54.71672740454101,
    54.688022050086566,
    54.53120737782853,
    55.41560290345111,
    54.8519511562293,
    54.06062246725308,
    54.04375597391794,
    53.151744553599656,
    53.590374706366916,
    53.43812436612396,
    53.524442348492244,
    53.84977399407086,
    53.6261087609053,
    52.522818268601156,
    52.74393697344454,
    53.16606586221827,
    53.220637968352314,
    53.26747211873869,
    53.73967867293836,
    53.516377461456415,
    53.8282215859331,
    54.32849514345674,
    54.22832680188323,
    54.378346690673204,
    53.79652821769588,
    53.82418948051013,
    53.7427611864458,
    53.89501025847074,
    52.85403292272035,
    52.20773680138912,
    51.323794324647224,
    51.48671036840924,
    51.61130861182213,
    52.24085364653058,
    53.76418640377653,
    54.21993106100951,
    54.53777603745256,
    55.05673656083331,
    54.77577113966221,
    54.83249146017379,
    55.182683079909715,
    55.245539782673504,
    54.203655324024375,
    54.17037616252902,
    54.09316168070199,
    53.25152493554829,
    53.35560242952936,
    53.460799771623634,
    53.88758914536878,
    53.497619485359465,
    53.674462429678684,
    53.296649888045195,
    53.68031091029085,
    53.83365776731901,
    53.61361715697612,
    53.034295435882285,
    52.95241153760789,
    52.949126085354095,
    52.314318617960176,
    52.00588029411771,
    51.67861396023475,
    51.90299534166914,
    52.37940294019136,
    51.619670342739205,
    51.600085538503016,
    52.19290371181526,
    50.95051843542702,
    50.39812371965636,
    50.55776108606811,
    50.27733648511561,
    50.732323853833044,
    49.5635736211243,
    50.96526112040093,
    51.75595684682434,
    52.40672377703311,
    52.27383290421167,
    52.720053444423,
    52.317379197554594,
    51.46760326070369,
    50.90009625026734,
    50.63594978528568,
    50.64285450357516,
    50.635445352888794,
    51.56351132809596,
    51.54650333147318,
    50.75030238630587,
    51.57865022346219,
    51.13908082853832,
    50.86697626119905,
    50.75394107985865,
    50.72685125843679,
    51.18443343077702,
    51.22609117150993,
    50.74248268312045,
    50.98802137554039,
    50.287312638983394,
    50.08792437328003,
    50.26775215518037,
    49.83533397341195,
    50.20291213307511,
    50.47419457250752,
    49.872106657093966,
    49.408688659684294,
    49.34837423026705,
    50.03768291989748,
    50.26733472763821,
    50.22009712295324,
    50.899845655855046,
    51.61205408983261,
    51.857406932757534,
    51.65160132755571,
    51.1865591881233,
    51.280227756095734,
    51.11754691496171,
    50.910972884713324,
    50.46056058379278,
    50.16530509055214,
    50.723619264965365,
    50.99967896435038,
    51.31877318816926,
    51.87874252483292,
    51.84501443638912,
    51.77608271614283,
    51.25667345495393,
    51.31313173105501,
    51.09426437230105,
    50.48407640511682,
    51.220047184084606,
    50.96721953357331,
    50.89214980817061,
    50.79631991684455,
    51.20018923565399,
    50.726095685382624,
    48.99450690321624,
    48.82510037102411,
    49.456244287386596,
    49.518072056321365,
    48.59852599182061,
    48.60485835268856,
    48.56609567648808,
    47.813330256962935,
    47.833169963906464,
    47.80114817175384,
    48.00021488863683,
    47.580205373094785,
    47.20889353140593,
    46.975576444383606,
    47.449478332718094,
    47.90326529404832,
    46.933002351096164,
    47.26402097747621,
    47.440737144219,
    47.86351605248335,
    47.46761759941859,
    47.54669997207769,
    46.95735495224672,
    47.1789685050754,
    46.61103185680674,
    46.62468486077058,
    47.3223320354354,
    47.552305578174284,
    47.84644645579307,
    48.19804576359335,
    48.723984771575594,
    48.208692629019716,
    48.55731413572741,
    48.73996569699756,
    48.81513551272196,
    48.36232052683178,
    48.806551000833174,
    49.00221955180334,
    50.25825072296417,
    50.067075824551644
  ],
  "actions": [],
  "observations": [
    1,
    1,
    1,
    1,
    1,
    1,
    1,
    1,
    1,
    1,
    1,
    1,
    1,
    1,
    1,
    1,
    1,
    1,
    1,
    1,
    1,
    1,
    1,
    1,
    1,
    1,
    1,
    1,
    1,
    1,
    1,
    2,
    1,
    1,
    1,
    1,
    1,
    1,
    1,
    1,
    1,
    1,
    1,
    1,
    1,
    1,
    1,
    1,
    1,
    1,
    1,
    1,
    1,
    1,
    1,
    1,
    1,
    1,
    1,
    1,
    1,
    1,
    1,
    1,
    1,
    2,
    1,
    1,
    2,
    2,
    1,
    1,
    1,
    1,
    1,
    1,
    1,
    1,
    1,
    1,
    1,
    1,
    1,
    1,
    1,
    1,
    1,
    1,
    1,
    1,
    1,
    1,
    1,
    1,
    1,
    1,
    1,
    1,
    1,
    1,
    1,
    1,
    1,
    1,
    1,
    1,
    1,
    1,
    1,
    1,
    1,
    1,
    1,
    1,
    1,
    1,
    1,
    1,
    1,
    1,
    1,
    1,
    1,
    1,
    1,
    1,
    1,
    1,
    1,
    1,
    1,
    1,
    1,
    1,
    1,
    1,
    1,
    1,
    1,
    1,
    1,
    1,
    1,
    1,
    1,
    1,
    1,
    1,
    1,
    1,
    1,
    1,
    1,
    1,
    1,
    1,
    1,
    1,
    1,
    1,
    1,
    1,
    1,
    1,
    1,
    1,
    1,
    1,
    1,
    1,
    1,
    1,
    1,
    1,
    1,
    1,
    1,
    1,
    1,
    1,
    1,
    1,
    1,
    1,
    1,
    1,
    1,
    1,
    1,
    1,
    1,
    1,
    1,
    1,
    1,
    1,
    1,
    1,
    1,
    1
  ],