{
  "timesteps": [
    0,
    1,
    2,
    3,
    4,
    5,
    6,
    7,
    8,
    9,
    10,
    11,
    12,
    13,
    14,
    15,
    16,
    17,
    18,
    19,
    20,
    21,
    22,
    23,
    24,
    25,
    26,
    27,
    28,
    29,
    30,
    31,
    32,
    33,
    34,
    35,
    36,
    37,
    38,
    39,
    40,
    41,
    42,
    43,
    44,
    45,
    46,
    47,
    48,
    49,
    50,
    51,
    52,
    53,
    54,
    55,
    56,
    57,
    58,
    59,
    60,
    61,
    62,
    63,
    64,
    65,
    66,
    67,
    68,
    69,
    70,
    71,
    72,
    73,
    74,
    75,
    76,
    77,
    78,
    79,
    80,
    81,
    82,
    83,
    84,
    85,
    86,
    87,
    88,
    89,
    90,
    91,
    92,
    93,
    94,
    95,
    96,
    97,
    98,
    99,
    100,
    101,
    102,
    103,
    104,
    105,
    106,
    107,
    108,
    109,
    110,
    111,
    112,
    113,
    114,
    115,
    116,
    117,
    118,
    119,
    120,
    121,
    122,
    123,
    124,
    125,
    126,
    127,
    128,
    129,
    130,
    131,
    132,
    133,
    134,
    135,
    136,
    137,
    138,
    139,
    140,
    141,
    142,
    143,
    144,
    145,
    146,
    147,
    148,
    149,
    150,
    151,
    152,
    153,
    154,
    155,
    156,
    157,
    158,
    159,
    160,
    161,
    162,
    163,
    164,
    165,
    166,
    167,
    168,
    169,
    170,
    171,
    172,
    173,
    174,
    175,
    176,
    177,
    178,
    179,
    180,
    181,
    182,
    183,
    184,
    185,
    186,
    187,
    188,
    189,
    190,
    191,
    192,
    193,
    194,
    195,
    196,
    197,
    198,
    199
  ],
  "states": [
    50.0,
    49.79859107307087,
    49.77776088500723,
    49.33311376537278,
    49.03058701935179,
    49.82050692672522,
    49.5231521295347,
    49.57345719395711,
    49.761371764511615,
    49.011015404963246,
    48.88243623743079,
    49.67598052029661,
    50.207230827373884,
    49.64847977330398,
    49.53165653371386,
    49.454731645502655,
    49.16941338883864,
    49.165582336665885,
    49.505431967882075,
    49.80781445569337,
    49.60328535300516,
    49.042001641102836,
    48.97553634695202,
    49.26589177601588,
    48.4601670868921,
    48.79617143832106,
    49.056724877680224,
    50.19418127609471,
    50.31303370281538,
    50.13986393919461,
    50.248716878883904,
    50.34979506232911,
    49.87313040215659,
    50.77478841902245,
    50.05289317052777,
    50.36872231655504,
    50.108373502724895,
    49.875253466417256,
    49.96960895891079,
    49.54580185671966,
    48.24709016892724,
    48.472389094332364,
    47.08471985134167,
    47.16591764650024,
    47.401535063581804,
    46.309432196867334,
    46.51532451787429,
    46.46460556979663,
    47.38962634157847,
    48.020133100272275,
    47.8262547478275,
    47.407805654343704,
    47.31018743623828,
    46.728382279746334,
    47.20246182500276,
    46.50517314817417,
    47.125953259520216,
    46.13931607040601,
    45.71244855103724,
    45.14427587933759,
    44.6004565914412,
    44.469970672439175,
    44.12563562280791,
    44.136120735137915,
    43.827340882232065,
    44.138591902505695,
    44.15688928301286,
    43.57332366253964,
    43.77469894275814,
    43.40189108677563,
    43.45248165728032,
    42.63609090713408,
    42.84132044746197,
    42.547744224252995,
    42.66128830027783,
    42.27861375176718,
    41.74487514962876,
    41.865604898833624,
    41.72411522284614,
    42.55726791668277,
    42.23010658092949,
    43.559723631341605,
    43.25684691237711,
    43.67895273710245,
    42.64229144486187,
    42.565839292218214,
    42.511686696030104,
    42.792295371583535,
    43.11930347486558,
    43.224740451938565,
    42.88484296713955,
    42.316234213520026,
    42.550038572251395,
    41.99518881403718,
    42.5730912712391,
    42.1761805119958,
    43.31789266288172,
    42.59902642401269,
    42.047155906679194,
    41.879951470469244,
    41.35408815199199,
    41.93157068256094,
    41.87006132453903,
    41.34294632864086,
    41.31957779023826,
    41.096129779966844,
    41.99227177829712,
    42.442774647426006,
    42.38100664459942,
    42.557751932277,
    42.62287902292643,
    42.759903089070555,
    42.10298425947866,
    41.940699903810284,
    41.36467906716824,
    41.17085898608993,
    40.928836785983954,
    42.03826220988984,
    42.18237621137279,
    42.043984259625475,
    41.87148305861649,
    42.54754065145149,
    43.2551172086581,
    43.83982521513806,
    44.49562659561939,
    44.47047212910211,
    44.03744124764616,
    44.12887826960078,
    44.08886266684671,
    43.682481691374846,
    43.527486077309064,
    43.36644782824497,
    42.6876319165876,
    41.97536259227908,
    42.190184802592,
    42.68484632990616,
    42.620528572691,
    43.19348689164497,
    42.93869407300444,
    44.234315593415246,
    44.32753877935298,
    44.05803445532824,
    44.45796511247115,
    44.615736625678935,
    44.179563370735956,
    44.59339946783033,
    43.97971157657251,
    44.018254528994554,
    43.70709336942443,
    44.406012591017,
    45.22635408053554,
    45.344219891776945,
    45.35421281600444,
    45.567410806697765,
    45.380014254027195,
    45.47329689660031,
    45.56288746774552,
    45.27639231426013,
    45.572936922941025,
    45.64421556966215,
    45.72847262688627,
    45.53029247563493,
    45.02232331794381,
    44.550113701027605,
    44.5239588988568,
    43.50854211430163,
    44.31913725605574,
    44.93969448895698,
    45.38095818357372,
    45.60411877468771,
    46.03644063037666,
    45.98786276818783,
    45.667408235109235,
    45.83659187472531,
    46.157274564940806,
    46.275749245986596,
    46.66796557224434,
    46.140368319685436,
    44.40112157282637,
    44.28265725624691,
    44.87654935718518,
    44.94925284437426,
    45.33819446384437,
    44.5194712418836,
    45.204390657919504,
    45.489915398760814,
    46.2873874854662,
    46.63513615673659,
    45.62865813581037,
    45.43691268999163,
    44.9542463322229,
    45.65870609948091,
    45.190374822090625,
    44.96008509112868,
    43.836635481985795,
    43.326431748440555,
    43.12978173511307,
    42.98126853044976,
    43.80849539403157,
    43.806102307851056,
    43.77160984332122
  ],
  "actions": [],
  "observations": [
    1,
    1,
    1,
    1,
    1,
    1,
    1,
    1,
    1,
    1,
    1,
    1,
    1,
    1,
    1,
    1,
    1,
    1,
    1,
    1,
    1,
    1,
    1,
    1,
    1,
    1,
    1,
    1,
    1,
    1,
    1,
    1,
    1,
    1,
    1,
    1,
    1,
    1,
    1,
    1,
    1,
    1,
    1,
    1,
    1,
    1,
    1,
    1,
    1,
    1,
    1,
    1,
    1,
    1,
    1,
    1,
    1,
    1,
    1,
    1,
    0,
    0,
    0,
    0,
    0,
    0,
    0,
    0,
    0,
    0,
    0,
    0,
    0,
    0,
    0,
    0,
    0,
    0,
    0,
    0,
    0,
    0,
    0,
    0,
    0,
    0,
    0,
    0,
    0,
    0,
    0,
    0,
    0,
    0,
    0,
    0,
    0,
    0,
    0,
    0,
    0,
    0,
    0,
    0,
    0,
    0,
    0,
    0,
    0,
    0,
    0,
    0,
    0,
    0,
    0,
    0,
    0,
    0,
    0,
    0,
    0,
    0,
    0,
    0,
    0,
    0,
    0,
    0,
    0,
    0,
    0,
    0,
    0,
    0,
    0,
    0,
    0,
    0,
    0,
    0,
    0,
    0,
    0,
    0,
    0,
    0,
    0,
    0,
    0,
    0,
    1,
    1,
    1,
    1,
    1,
    1,
    1,
    1,
    1,
    1,
    1,
    1,
    1,
    0,
    0,
    0,
    0,
    0,
    1,
    1,
    1,
    1,
    1,
    1,
    1,
    1,
    1,
    1,
    0,
    0,
    0,
    0,
    1,
    0,
    1,
    1,
    1,
    1,
    1,
    1,
    0,
    1,
    1,
    0,
    0,
    0,
    0,
    0,
    0,
    0
  ],