{
  "timesteps": [
    0,
    1,
    2,
    3,
    4,
    5,
    6,
    7,
    8,
    9,
    10,
    11,
    12,
    13,
    14,
    15,
    16,
    17,
    18,
    19,
    20,
    21,
    22,
    23,
    24,
    25,
    26,
    27,
    28,
    29,
    30,
    31,
    32,
    33,
    34,
    35,
    36,
    37,
    38,
    39,
    40,
    41,
    42,
    43,
    44,
    45,
    46,
    47,
    48,
    49,
    50,
    51,
    52,
    53,
    54,
    55,
    56,
    57,
    58,
    59,
    60,
    61,
    62,
    63,
    64,
    65,
    66,
    67,
    68,
    69,
    70,
    71,
    72,
    73,
    74,
    75,
    76,
    77,
    78,
    79,
    80,
    81,
    82,
    83,
    84,
    85,
    86,
    87,
    88,
    89,
    90,
    91,
    92,
    93,
    94,
    95,
    96,
    97,
    98,
    99,
    100,
    101,
    102,
    103,
    104,
    105,
    106,
    107,
    108,
    109,
    110,
    111,
    112,
    113,
    114,
    115,
    116,
    117,
    118,
    119,
    120,
    121,
    122,
    123,
    124,
    125,
    126,
    127,
    128,
    129,
    130,
    131,
    132,
    133,
    134,
    135,
    136,
    137,
    138,
    139,
    140,
    141,
    142,
    143,
    144,
    145,
    146,
    147,
    148,
    149,
    150,
    151,
    152,
    153,
    154,
    155,
    156,
    157,
    158,
    159,
    160,
    161,
    162,
    163,
    164,
    165,
    166,
    167,
    168,
    169,
    170,
    171,
    172,
    173,
    174,
    175,
    176,
    177,
    178,
    179,
    180,
    181,
    182,
    183,
    184,
    185,
    186,
    187,
    188,
    189,
    190,
    191,
    192,
    193,
    194,
    195,
    196,
    197,
    198,
    199
  ],
  "states": [
    50.0,
    47.41465784973516,
    51.56291513494042,
    49.17010164540103,
    47.79727305333972,
    51.326318076110084,
    48.99113558858857,
    49.210378757460134,
    50.65656698503295,
    50.32152458315069,
    51.14203980379491,
    53.79227301570198,
    55.91805049669868,
    55.260823402100286,
    54.18559157610669,
    56.407855607709706,
    57.56019998908204,
    55.593340198166175,
    58.599620260951575,
    59.78687519794338,
    61.87774692338793,
    62.46282537650832,
    62.59003629756998,
    63.32632232795217,
    62.69662791641974,
    60.731011792888275,
    63.11594222776766,
    61.66772313642813,
    61.27035489841858,
    58.83507240115776,
    57.283292279236555,
    58.22275618762534,
    60.601903888957956,
    60.94625344430926,
    61.40573095617116,
    62.80033538116014,
    61.28561344884482,
    60.84987753735076,
    59.64284992575207,
    59.800158829942916,
    61.8446217512621,
    62.387282373526034,
    64.21777810689784,
    64.39892421182725,
    64.06836110249978,
    67.6105323109389,
    67.16742631268023,
    64.89421145679627,
    64.55541887467973,
    64.2076282993226,
    64.25821951371492,
    61.8847110223153,
    64.44404005417496,
    65.0935248052738,
    64.56128335683121,
    59.80530550379925,
    59.05205415500119,
    58.52846152819614,
    59.19213627739405,
    57.29274851380495,
    58.59416757884406,
    56.85853504169927,
    58.16997704972196,
    59.14989456317305,
    60.777256828971936,
    58.83507814784482,
    60.36920043561047,
    59.956705796336045,
    56.02317120428064,
    54.73286642218245,
    56.52991849542918,
    57.54066803613022,
    53.944398482508326,
    54.16898355827013,
    54.01448969012542,
    56.50934616077354,
    53.83214487382406,
    54.842847252277686,
    51.99559602244264,
    50.399245541626364,
    51.338359949456574,
    49.81246703493844,
    48.19695264295665,
    46.44679728362125,
    47.65419336027432,
    49.74685267686733,
    50.95629254517644,
    49.09929911909457,
    51.37739003271051,
    51.128934527198126,
    49.90896652995173,
    51.25321456917438,
    54.089088701606464,
    54.614137530763905,
    54.98134001038665,
    57.10229103951157,
    60.09993830989676,
    61.50315784455308,
    59.774583207559246,
    60.01371739620261,
    59.02111820845079,
    56.6716726982522,
    52.48577158478661,
    53.81768697979421,
    50.72551182198286,
    50.681698098840656,
    50.382399558337376,
    50.32825916922343,
    48.52939841008055,
    49.539339515789074,
    48.93389272349907,
    49.471904251540344,
    49.8641863435633,
    50.89963747263521,
    52.59137400776293,
    52.44130337604978,
    53.93776317035922,
    53.70471584047177,
    51.642470548626854,
    51.93174147957805,
    50.50058665894356,
    49.733027076279775,
    48.22853078507556,
    49.04143903393496,
    48.0602158226479,
    44.560077057566765,
    44.24697280840347,
    45.86627812859818,
    48.272416163502875,
    48.87830481513584,
    49.54177623478984,
    49.36639743001086,
    51.5364059203459,
    51.7807039533465,
    56.41375710028972,
    54.684934974977764,
    53.53271209540726,
    52.18840476310327,
    52.73026307539296,
    51.99034244110006,
    52.14473024078133,
    55.42210093303467,
    55.55275475278812,
    58.99899795485625,
    60.65045743287559,
    59.64353043739633,
    58.866654742916,
    56.772037689031634,
    54.15573697547926,
    54.414287516093026,
    51.812456327776914,
    52.65078559145821,
    51.976630713341834,
    52.45209259203167,
    54.82385018149506,
    55.676462685600825,
    53.84418043728816,
    52.997809616901485,
    53.62561696199957,
    54.51914892144033,
    54.53835192700369,
    56.942973844565394,
    58.966654205313176,
    61.96239214369251,
    60.09157015151681,
    58.88367791355128,
    58.649334348904425,
    57.69756163452504,
    55.408634911607685,
    54.23654878910762,
    56.502057217125504,
    55.64942883049032,
    54.51594886372844,
    53.10593245487827,
    50.83502600826451,
    51.50261286925314,
    50.86571260196181,
    50.92180099892219,
    52.74558947701281,
    55.18498241671542,
    58.71544681505863,
    59.724013079648856,
    62.22296026207746,
    62.53750373588089,
    64.43909316946257,
    62.333287391453865,
    63.712224411399035,
    62.12355853387908,
    61.57937903763879,
    64.2385512351922,
    65.4737837020462,
    66.79573125886644,
    69.35622116303023,
    66.678673839203,
    67.83403968654727,
    65.57188045017516,
    65.88837470160749,
    66.13135419642114,
    64.19659408230464,
    64.3899583280208,
    62.05553131744827
  ],
  "actions": [],
  "observations": [
    1,
    1,
    1,
    1,
    1,
    1,
    1,
    1,
    1,
    1,
    1,
    1,
    2,
    2,
    1,
    2,
    2,
    2,
    2,
    2,
    2,
    2,
    2,
    2,
    2,
    2,
    2,
    2,
    2,
    2,
    2,
    2,
    2,
    2,
    2,
    2,
    2,
    2,
    2,
    2,
    2,
    2,
    2,
    2,
    2,
    2,
    2,
    2,
    2,
    2,
    2,
    2,
    2,
    2,
    2,
    2,
    2,
    2,
    2,
    2,
    2,
    2,
    2,
    2,
    2,
    2,
    2,
    2,
    2,
    1,
    2,
    2,
    1,
    1,
    1,
    2,
    1,
    1,
    1,
    1,
    1,
    1,
    1,
    1,
    1,
    1,
    1,
    1,
    1,
    1,
    1,
    1,
    1,
    1,
    1,
    2,
    2,
    2,
    2,
    2,
    2,
    2,
    1,
    1,
    1,
    1,
    1,
    1,
    1,
    1,
    1,
    1,
    1,
    1,
    1,
    1,
    1,
    1,
    1,
    1,
    1,
    1,
    1,
    1,
    1,
    0,
    0,
    1,
    1,
    1,
    1,
    1,
    1,
    1,
    2,
    1,
    1,
    1,
    1,
    1,
    1,
    2,
    2,
    2,
    2,
    2,
    2,
    2,
    1,
    1,
    1,
    1,
    1,
    1,
    1,
    2,
    1,
    1,
    1,
    1,
    1,
    2,
    2,
    2,
    2,
    2,
    2,
    2,
    2,
    1,
    2,
    2,
    1,
    1,
    1,
    1,
    1,
    1,
    1,
    2,
    2,
    2,
    2,
    2,
    2,
    2,
    2,
    2,
    2,
    2,
    2,
    2,
    2,
    2,
    2,
    2,
    2,
    2,
    2,
    2
  ],