{
  "timesteps": [
    0,
    1,
    2,
    3,
    4,
    5,
    6,
    7,
    8,
    9,
    10,
    11,
    12,
    13,
    14,
    15,
    16,
    17,
    18,
    19,
    20,
    21,
    22,
    23,
    24,
    25,
    26,
    27,
    28,
    29,
    30,
    31,
    32,
    33,
    34,
    35,
    36,
    37,
    38,
    39,
    40,
    41,
    42,
    43,
    44,
    45,
    46,
    47,
    48,
    49,
    50,
    51,
    52,
    53,
    54,
    55,
    56,
    57,
    58,
    59,
    60,
    61,
    62,
    63,
    64,
    65,
    66,
    67,
    68,
    69,
    70,
    71,
    72,
    73,
    74,
    75,
    76,
    77,
    78,
    79,
    80,
    81,
    82,
    83,
    84,
    85,
    86,
    87,
    88,
    89,
    90,
    91,
    92,
    93,
    94,
    95,
    96,
    97,
    98,
    99,
    100,
    101,
    102,
    103,
    104,
    105,
    106,
    107,
    108,
    109,
    110,
    111,
    112,
    113,
    114,
    115,
    116,
    117,
    118,
    119,
    120,
    121,
    122,
    123,
    124,
    125,
    126,
    127,
    128,
    129,
    130,
    131,
    132,
    133,
    134,
    135,
    136,
    137,
    138,
    139,
    140,
    141,
    142,
    143,
    144,
    145,
    146,
    147,
    148,
    149,
    150,
    151,
    152,
    153,
    154,
    155,
    156,
    157,
    158,
    159,
    160,
    161,
    162,
    163,
    164,
    165,
    166,
    167,
    168,
    169,
    170,
    171,
    172,
    173,
    174,
    175,
    176,
    177,
    178,
    179,
    180,
    181,
    182,
    183,
    184,
    185,
    186,
    187,
    188,
    189,
    190,
    191,
    192,
    193,
    194,
    195,
    196,
    197,
    198,
    199
  ],
  "states": [
    50.0,
    48.850125637975545,
    52.71865725707048,
    55.94713248308695,
    55.52965647942304,
    55.691646702526526,
    53.90897676048804,
    55.73662418227612,
    55.49160204428042,
    55.161658107173324,
    56.25643312857355,
    55.79490334045788,
    56.35147878507816,
    59.17852254862153,
    60.727044638057045,
    62.58847146095106,
    61.65113721154885,
    60.022410766261196,
    62.590639955785434,
    62.91977040621956,
    62.438674192639624,
    62.727244352394976,
    61.28805860655761,
    61.872946055879964,
    61.82091721167861,
    60.13332516044172,
    62.03206288479734,
    61.63572701623393,
    63.98786861819565,
    64.87527872641657,
    64.59552064627515,
    65.9752448488304,
    69.21235039972346,
    69.63267375956531,
    71.05792661410976,
    73.36072941399986,
    75.15998722360887,
    78.63343960776787,
    77.77996966245917,
    77.76901528689226,
    75.46032267289004,
    78.01101081799183,
    76.87310849094271,
    75.6245454865341,
    77.02202706068132,
    77.10214948910533,
    78.50593446094493,
    77.86200869786923,
    80.08925249142246,
    79.7718480829899,
    78.21600386324437,
    79.52199783337541,
    79.27368182101489,
    77.84104451755793,
    76.73563650920813,
    71.31934016235734,
    71.54608668999893,
    70.55441165775726,
    67.02201661519045,
    67.13911786240452,
    68.23956903826016,
    69.94601177077408,
    70.34586685405475,
    73.44971047191731,
    76.83109896780819,
    76.61764321235223,
    77.46085923380623,
    79.41287649995576,
    80.3076978264906,
    84.05885122435627,
    82.26673994229864,
    81.7742400199407,
    84.5599558751651,
    85.01491237252417,
    83.78367013153192,
    87.90358146944426,
    87.70290110397268,
    88.37511326812903,
    89.76776976718591,
    92.1243665285952,
    92.67290819005287,
    93.40212464240565,
    95.79910735767702,
    94.82178193266873,
    92.6011834082328,
    91.64670813620413,
    89.64448579485651,
    88.46516073504787,
    86.50502966452878,
    88.64909800614393,
    90.19895076763868,
    91.61998539729154,
    93.23788647471093,
    92.64010856277156,
    92.83009135789419,
    93.46071161890923,
    91.55218755695954,
    91.64725697785258,
    92.43280048965529,
    92.54011268492361,
    92.20531493712943,
    90.12654615178279,
    89.69955604533075,
    88.3803582311116,
    91.87918574244215,
    89.45561170607529,
    88.89692765067294,
    89.27380784159936,
    89.39328983405709,
    87.74091235648108,
    85.9397582241667,
    85.92430201987698,
    87.15351427913501,
    85.06888802823117,
    84.01836090224542,
    82.8064294825863,
    84.35381961715953,
    83.75035262042927,
    85.75061492785173,
    86.45608827624909,
    84.10992184784234,
    87.26068499022124,
    87.71891979691873,
    84.82354788541447,
    87.24437162068577,
    85.56720385957249,
    86.86878912266776,
    87.12722941946596,
    86.93965566034319,
    87.0356077026441,
    87.59363525817292,
    89.70779403099328,
    89.96465711896884,
    91.04705617758233,
    92.34837001992427,
    91.709972621297,
    92.7895320995838,
    93.02922035631151,
    92.85912212620475,
    91.85384549669398,
    90.19420349160983,
    88.75989994087367,
    89.19544889839463,
    87.70006379995573,
    85.6494159352949,
    86.06345743588268,
    83.63428093312604,
    86.72382848381797,
    85.87244628552455,
    88.82159153325985,
    92.63653933994446,
    91.82523188114838,
    92.19462937872011,
    94.20222570595715,
    93.2024190254913,
    94.59438581324385,
    95.39394412314923,
    95.16899226984587,
    94.1990491897418,
    96.75333338713443,
    95.91409014385273,
    97.8036364037511,
    97.93535205535531,
    100.0,
    99.03810972299293,
    99.1630637667777,
    99.42863347839246,
    97.14903779530245,
    97.8444613727182,
    99.05181306804472,
    99.2421090559152,
    99.55900415718345,
    98.12273527045016,
    96.65580489296224,
    97.5880619733408,
    99.13533170892545,
    100.0,
    97.73486732633779,
    100.0,
    100.0,
    98.54218174753773,
    96.64884372313064,
    97.88852589585318,
    97.06415006632204,
    99.54737863370197,
    100.0,
    99.32220114395463,
    100.0,
    100.0,
    97.70600811228763,
    95.34386644383824,
    97.02168102315366,
    96.48156820981315,
    94.89989425502093,
    92.79356851829006,
    93.61933100706545,
    93.58254132958929,
    94.17626695294285,
    93.76019565086484,
    94.70337020129205,
    96.71915630817199
  ],
  "actions": [],
  "observations": [
    1,
    1,
    1,
    2,
    2,
    2,
    1,
    2,
    2,
    2,
    2,
    2,
    2,
    2,
    2,
    2,
    2,
    2,
    2,
    2,
    2,
    2,
    2,
    2,
    2,
    2,
    2,
    2,
    2,
    2,
    2,
    2,
    2,
    2,
    2,
    2,
    2,
    2,
    2,
    2,
    2,
    2,
    2,
    2,
    2,
    2,
    2,
    2,
    2,
    2,
    2,
    2,
    2,
    2,
    2,
    2,
    2,
    2,
    2,
    2,
    2,
    2,
    2,
    2,
    2,
    2,
    2,
    2,
    2,
    2,
    2,
    2,
    2,
    2,
    2,
    2,
    2,
    2,
    2,
    2,
    2,
    2,
    2,
    2,
    2,
    2,
    2,
    2,
    2,
    2,
    2,
    2,
    2,
    2,
    2,
    2,
    2,
    2,
    2,
    2,
    2,
    2,
    2,
    2,
    2,
    2,
    2,
    2,
    2,
    2,
    2,
    2,
    2,
    2,
    2,
    2,
    2,
    2,
    2,
    2,
    2,
    2,
    2,
    2,
    2,
    2,
    2,
    2,
    2,
    2,
    2,
    2,
    2,
    2,
    2,
    2,
    2,
    2,
    2,
    2,
    2,
    2,
    2,
    2,
    2,
    2,
    2,
    2,
    2,
    2,
    2,
    2,
    2,
    2,
    2,
    2,
    2,
    2,
    2,
    2,
    2,
    2,
    2,
    2,
    2,
    2,
    2,
    2,
    2,
    2,
    2,
    2,
    2,
    2,
    2,
    2,
    2,
    2,
    2,
    2,
    2,
    2,
    2,
    2,
    2,
    2,
    2,
    2,
    2,
    2,
    2,
    2,
    2,
    2,
    2,
    2,
    2,
    2,
    2,
    2
  ],