{
  "timesteps": [
    0,
    1,
    2,
    3,
    4,
    5,
    6,
    7,
    8,
    9,
    10,
    11,
    12,
    13,
    14,
    15,
    16,
    17,
    18,
    19,
    20,
    21,
    22,
    23,
    24,
    25,
    26,
    27,
    28,
    29,
    30,
    31,
    32,
    33,
    34,
    35,
    36,
    37,
    38,
    39,
    40,
    41,
    42,
    43,
    44,
    45,
    46,
    47,
    48,
    49,
    50,
    51,
    52,
    53,
    54,
    55,
    56,
    57,
    58,
    59,
    60,
    61,
    62,
    63,
    64,
    65,
    66,
    67,
    68,
    69,
    70,
    71,
    72,
    73,
    74,
    75,
    76,
    77,
    78,
    79,
    80,
    81,
    82,
    83,
    84,
    85,
    86,
    87,
    88,
    89,
    90,
    91,
    92,
    93,
    94,
    95,
    96,
    97,
    98,
    99,
    100,
    101,
    102,
    103,
    104,
    105,
    106,
    107,
    108,
    109,
    110,
    111,
    112,
    113,
    114,
    115,
    116,
    117,
    118,
    119,
    120,
    121,
    122,
    123,
    124,
    125,
    126,
    127,
    128,
    129,
    130,
    131,
    132,
    133,
    134,
    135,
    136,
    137,
    138,
    139,
    140,
    141,
    142,
    143,
    144,
    145,
    146,
    147,
    148,
    149,
    150,
    151,
    152,
    153,
    154,
    155,
    156,
    157,
    158,
    159,
    160,
    161,
    162,
    163,
    164,
    165,
    166,
    167,
    168,
    169,
    170,
    171,
    172,
    173,
    174,
    175,
    176,
    177,
    178,
    179,
    180,
    181,
    182,
    183,
    184,
    185,
    186,
    187,
    188,
    189,
    190,
    191,
    192,
    193,
    194,
    195,
    196,
    197,
    198,
    199
  ],
  "states": [
    50.0,
    49.13078079055677,
    47.90907917473403,
    45.48038899655558,
    46.48431790206174,
    46.146002765062526,
    44.03401087140622,
    47.370149188620246,
    48.65302526672394,
    48.90266157021845,
    50.334847503090295,
    50.14321489056583,
    49.283516794942535,
    47.40462354403155,
    45.9469974399123,
    42.880867447986844,
    42.41564390677448,
    45.072596903826664,
    43.94704579715609,
    45.73279707405785,
    45.06752803253527,
    45.19701067716398,
    44.46251214037594,
    42.48860367132835,
    41.081314366870274,
    44.18652351810059,
    43.8063074174024,
    44.80886936651282,
    44.31353126540253,
    43.45758694776822,
    43.15195858562234,
    44.87642327095687,
    44.780666901117044,
    43.63504689420419,
    43.66978824258283,
    42.21344808599623,
    41.04848716955915,
    39.36185205125609,
    39.37648321848764,
    38.478292310830696,
    39.070228612655065,
    40.698461447233925,
    39.70633011527924,
    40.40430318322907,
    40.63344619728518,
    41.59184996633132,
    40.39675441609208,
    41.282627106370015,
    41.29824727348289,
    41.043408859685286,
    39.870059595910476,
    39.289412481308524,
    41.1311645388936,
    40.69956820419398,
    38.70361646671226,
    40.88661162901527,
    42.09274232643585,
    42.06935641429874,
    44.84420434806638,
    44.25904800081785,
    44.626535996346355,
    43.105405913390484,
    43.39693111545432,
    42.208970921458736,
    41.44171990632163,
    39.54937325932959,
    40.34144587060189,
    41.42006277353948,
    41.424945479713024,
    42.21085269159937,
    42.456414138988116,
    42.87009462266429,
    44.23427391227951,
    44.57568581109747,
    44.576063627745505,
    45.24769271672359,
    45.976183050211425,
    45.88880081780177,
    47.93699991894497,
    48.08634613065363,
    47.405909036662,
    48.40039913723836,
    48.75651109422284,
    49.26231300937116,
    51.351280057291234,
    47.17851400494856,
    50.18263751702991,
    51.51963780848217,
    51.9100466991183,
    50.10182859650036,
    50.09701030865761,
    50.260624220514465,
    51.23968881354682,
    51.10645803774515,
    51.89395635882727,
    52.32894450302643,
    55.047198679693935,
    55.41949326488733,
    57.212347737258646,
    57.56761532916862,
    57.793147741718364,
    56.66395264805597,
    57.676544338429046,
    57.42248494129416,
    57.821759757546744,
    56.665019520049306,
    56.71388562618254,
    58.2491389785705,
    56.271091610889606,
    56.841985095212216,
    59.05442866370445,
    58.65584727172401,
    59.21284675049687,
    58.02103207243716,
    58.799761784726805,
    59.618857040991976,
    58.67783564626222,
    58.66837489386698,
    58.452163261642056,
    58.82669079946237,
    56.40458603421986,
    57.879387005607356,
    58.28793342900287,
    58.75375449064225,
    60.683119209281394,
    60.172604944831576,
    59.43908162802501,
    59.85133979454853,
    62.07365275180658,
    62.27133760937766,
    63.19404545489911,
    61.22204272636432,
    60.81088780521048,
    57.68636453502865,
    57.987431298996746,
    55.968128187073496,
    56.58117809335779,
    58.05293554443274,
    57.493333141826355,
    58.85711225045211,
    59.82538923012865,
    59.79801885327805,
    61.45077967203773,
    61.313812637121124,
    60.86863149712825,
    62.18440470174915,
    60.57830988574846,
    60.738538806277994,
    61.314051970723995,
    61.38804971451301,
    63.29314408879142,
    65.67995063335457,
    66.01815914695946,
    64.7067490455774,
    61.902694852145736,
    61.97054276840257,
    61.64522283456086,
    61.2610143110444,
    63.427960127437636,
    62.712543475319144,
    63.00019755101539,
    61.80888464819139,
    62.32447168210435,
    60.5359354382273,
    61.76896777110458,
    61.58083829761665,
    62.200070016889676,
    62.85120201757731,
    64.20369237465795,
    67.09665262618881,
    68.0767329646522,
    67.36295804063803,
    66.26611810981656,
    66.22033364160666,
    68.13986072609687,
    65.61926244520036,
    65.05098889203394,
    65.36493052464787,
    62.57250672711201,
    61.22261264817768,
    61.919187189588115,
    59.31076774915309,
    60.59202455519479,
    61.957913356105934,
    61.17320403574353,
    61.073098813408066,
    60.71314985012783,
    62.84942354403595,
    59.392423066316645,
    59.758658214403184,
    58.910608769922135,
    58.80893681775593,
    58.79318732345154,
    55.746059377857875,
    54.83594604011509,
    52.53835131531386,
    51.30069901752377,
    52.17332359380557,
    53.77058370594611,
    52.18653453372866,
    53.06115830344568
  ],
  "actions": [],
  "observations": [
    1,
    1,
    1,
    1,
    1,
    1,
    0,
    1,
    1,
    1,
    1,
    1,
    1,
    1,
    1,
    0,
    0,
    1,
    0,
    1,
    1,
    1,
    0,
    0,
    0,
    0,
    0,
    0,
    0,
    0,
    0,
    0,
    0,
    0,
    0,
    0,
    0,
    0,
    0,
    0,
    0,
    0,
    0,
    0,
    0,
    0,
    0,
    0,
    0,
    0,
    0,
    0,
    0,
    0,
    0,
    0,
    0,
    0,
    0,
    0,
    0,
    0,
    0,
    0,
    0,
    0,
    0,
    0,
    0,
    0,
    0,
    0,
    0,
    0,
    0,
    1,
    1,
    1,
    1,
    1,
    1,
    1,
    1,
    1,
    1,
    1,
    1,
    1,
    1,
    1,
    1,
    1,
    1,
    1,
    1,
    1,
    2,
    2,
    2,
    2,
    2,
    2,
    2,
    2,
    2,
    2,
    2,
    2,
    2,
    2,
    2,
    2,
    2,
    2,
    2,
    2,
    2,
    2,
    2,
    2,
    2,
    2,
    2,
    2,
    2,
    2,
    2,
    2,
    2,
    2,
    2,
    2,
    2,
    2,
    2,
    2,
    2,
    2,
    2,
    2,
    2,
    2,
    2,
    2,
    2,
    2,
    2,
    2,
    2,
    2,
    2,
    2,
    2,
    2,
    2,
    2,
    2,
    2,
    2,
    2,
    2,
    2,
    2,
    2,
    2,
    2,
    2,
    2,
    2,
    2,
    2,
    2,
    2,
    2,
    2,
    2,
    2,
    2,
    2,
    2,
    2,
    2,
    2,
    2,
    2,
    2,
    2,
    2,
    2,
    2,
    2,
    2,
    2,
    2,
    1,
    1,
    1,
    1,
    1,
    1
  ],