{
  "timesteps": [
    0,
    1,
    2,
    3,
    4,
    5,
    6,
    7,
    8,
    9,
    10,
    11,
    12,
    13,
    14,
    15,
    16,
    17,
    18,
    19,
    20,
    21,
    22,
    23,
    24,
    25,
    26,
    27,
    28,
    29,
    30,
    31,
    32,
    33,
    34,
    35,
    36,
    37,
    38,
    39,
    40,
    41,
    42,
    43,
    44,
    45,
    46,
    47,
    48,
    49,
    50,
    51,
    52,
    53,
    54,
    55,
    56,
    57,
    58,
    59,
    60,
    61,
    62,
    63,
    64,
    65,
    66,
    67,
    68,
    69,
    70,
    71,
    72,
    73,
    74,
    75,
    76,
    77,
    78,
    79,
    80,
    81,
    82,
    83,
    84,
    85,
    86,
    87,
    88,
    89,
    90,
    91,
    92,
    93,
    94,
    95,
    96,
    97,
    98,
    99,
    100,
    101,
    102,
    103,
    104,
    105,
    106,
    107,
    108,
    109,
    110,
    111,
    112,
    113,
    114,
    115,
    116,
    117,
    118,
    119,
    120,
    121,
    122,
    123,
    124,
    125,
    126,
    127,
    128,
    129,
    130,
    131,
    132,
    133,
    134,
    135,
    136,
    137,
    138,
    139,
    140,
    141,
    142,
    143,
    144,
    145,
    146,
    147,
    148,
    149,
    150,
    151,
    152,
    153,
    154,
    155,
    156,
    157,
    158,
    159,
    160,
    161,
    162,
    163,
    164,
    165,
    166,
    167,
    168,
    169,
    170,
    171,
    172,
    173,
    174,
    175,
    176,
    177,
    178,
    179,
    180,
    181,
    182,
    183,
    184,
    185,
    186,
    187,
    188,
    189,
    190,
    191,
    192,
    193,
    194,
    195,
    196,
    197,
    198,
    199
  ],
  "states": [
    50.0,
    48.76462659035199,
    48.44134360684275,
    49.3485105016172,
    51.48547286430718,
    51.010765508210405,
    52.116586548233585,
    53.02131485938626,
    55.22889934471207,
    55.7873258294194,
    56.640577212850296,
    58.87725411930771,
    56.22153756972646,
    58.051392137749154,
    57.24066951272677,
    54.59939250754076,
    55.93678268505043,
    57.653361289061024,
    58.44589717947,
    60.675887503408035,
    62.36906531189676,
    60.58040836120993,
    59.387981077684294,
    59.61244717254596,
    57.069078803082704,
    56.082737615939955,
    55.30238659418102,
    53.939557538983514,
    56.00841614444034,
    57.193494918412576,
    57.30003252521289,
    59.99147769972307,
    60.427476528489855,
    59.84914814311415,
    61.37714098146153,
    59.55465510741695,
    60.85279785345917,
    60.79755623261229,
    61.02459937554906,
    60.12985748223009,
    60.44740718143701,
    60.981767334535256,
    60.25502597075263,
    59.573981601924395,
    59.15713877843753,
    59.67636246543962,
    62.46745408112085,
    60.88471525631515,
    61.559866931653715,
    61.23574032088302,
    61.95137549770059,
    62.37149608125305,
    61.95104440888127,
    63.40873795093338,
    63.054372836870414,
    61.37028982965127,
    61.21895990397154,
    63.51957556647666,
    63.56407990357764,
    65.2692701109185,
    65.38241349462598,
    67.9256383906969,
    68.7961929695984,
    70.44127940687217,
    70.78337402596809,
    71.22903828145759,
    68.84043311619216,
    69.25088076831528,
    70.24824013560885,
    73.12472785374482,
    72.40617145862353,
    72.65615045741596,
    71.46175066088166,
    71.97982316682896,
    69.24268744665352,
    68.59431496041172,
    69.75574731520068,
    70.17576134550862,
    71.71104774543534,
    73.41345150697656,
    71.82238826067575,
    72.2495225862223,
    72.67286124829621,
    70.7375641408113,
    71.37194716661739,
    72.11973453174832,
    74.641715371063,
    73.2845276026406,
    73.57259810762098,
    74.46280826618418,
    71.95218661529779,
    69.54856040067727,
    70.6304281558128,
    72.4727127921206,
    74.05410234094836,
    74.12104860291932,
    72.56153185850938,
    73.12029156045108,
    73.70326974873943,
    74.80817239749238,
    74.0975362588315,
    74.73848278866988,
    76.063414634563,
    76.83024588679366,
    76.45563445853466,
    78.67661862883293,
    78.06938362756526,
    77.974658210941,
    77.4139904848911,
    77.86493728124579,
    80.4188618683196,
    82.66968072497521,
    82.16799643325594,
    82.82186312047929,
    82.7261222725425,
    86.2701210224309,
    87.18584261201791,
    86.16724642682908,
    87.13195500662239,
    88.50579515417937,
    90.24541957364751,
    89.89637424520913,
    90.52623990038441,
    91.24886609464063,
    91.01793096940126,
    92.34658486285213,
    94.07651617820864,
    95.40953180971285,
    95.31795644804552,
    95.25759705576792,
    96.20459244434585,
    94.52489382097001,
    96.99108793701728,
    93.50950267467074,
    93.0447624818991,
    93.89126436039352,
    94.14459873333028,
    96.31341438266111,
    96.41318856704548,
    94.92929237727806,
    94.72986313435017,
    95.63161308629228,
    95.217389070849,
    95.49359120194572,
    92.53695570903666,
    93.2342848208155,
    91.79329751391563,
    90.8207163016701,
    91.0440030479061,
    92.13690551102935,
    92.64918844016736,
    92.92591612781239,
    92.90835605562029,
    91.43388816635151,
    91.28231641919406,
    92.54095267047084,
    92.65991097082255,
    92.43760891159745,
    93.63237044260102,
    94.89563844483814,
    96.15579779820337,
    94.7826621113674,
    94.58497536666954,
    92.52781100401995,
    93.94795215223228,
    94.31565420223184,
    93.47080433677385,
    92.3322464776055,
    90.65112839867251,
    91.08833232185053,
    91.13678313869146,
    91.23488605607383,
    91.61307577640876,
    92.50198942556403,
    89.28357452646145,
    90.14193316610331,
    88.06972294122924,
    88.82457643174143,
    89.29683653640254,
    89.90929872898488,
    89.86888123389082,
    91.00929931313685,
    90.4133093721486,
    91.17363704711728,
    91.44180559312265,
    90.81867930099472,
    91.21368370161628,
    91.19188771578936,
    90.42696034978687,
    87.91340972462778,
    88.30009963725111,
    88.15757524052519,
    88.4170780132182,
    88.5087946787474,
    87.58212930060016,
    87.41569502012781,
    88.66583849851979,
    87.27991710358174,
    88.51882828695334,
    89.38035463688968,
    87.50611240115022
  ],
  "actions": [],
  "observations": [
    1,
    1,
    1,
    1,
    1,
    1,
    1,
    1,
    2,
    2,
    2,
    2,
    2,
    2,
    2,
    1,
    2,
    2,
    2,
    2,
    2,
    2,
    2,
    2,
    2,
    2,
    2,
    1,
    2,
    2,
    2,
    2,
    2,
    2,
    2,
    2,
    2,
    2,
    2,
    2,
    2,
    2,
    2,
    2,
    2,
    2,
    2,
    2,
    2,
    2,
    2,
    2,
    2,
    2,
    2,
    2,
    2,
    2,
    2,
    2,
    2,
    2,
    2,
    2,
    2,
    2,
    2,
    2,
    2,
    2,
    2,
    2,
    2,
    2,
    2,
    2,
    2,
    2,
    2,
    2,
    2,
    2,
    2,
    2,
    2,
    2,
    2,
    2,
    2,
    2,
    2,
    2,
    2,
    2,
    2,
    2,
    2,
    2,
    2,
    2,
    2,
    2,
    2,
    2,
    2,
    2,
    2,
    2,
    2,
    2,
    2,
    2,
    2,
    2,
    2,
    2,
    2,
    2,
    2,
    2,
    2,
    2,
    2,
    2,
    2,
    2,
    2,
    2,
    2,
    2,
    2,
    2,
    2,
    2,
    2,
    2,
    2,
    2,
    2,
    2,
    2,
    2,
    2,
    2,
    2,
    2,
    2,
    2,
    2,
    2,
    2,
    2,
    2,
    2,
    2,
    2,
    2,
    2,
    2,
    2,
    2,
    2,
    2,
    2,
    2,
    2,
    2,
    2,
    2,
    2,
    2,
    2,
    2,
    2,
    2,
    2,
    2,
    2,
    2,
    2,
    2,
    2,
    2,
    2,
    2,
    2,
    2,
    2,
    2,
    2,
    2,
    2,
    2,
    2,
    2,
    2,
    2,
    2,
    2,
    2
  ],