{
  "timesteps": [
    0,
    1,
    2,
    3,
    4,
    5,
    6,
    7,
    8,
    9,
    10,
    11,
    12,
    13,
    14,
    15,
    16,
    17,
    18,
    19,
    20,
    21,
    22,
    23,
    24,
    25,
    26,
    27,
    28,
    29,
    30,
    31,
    32,
    33,
    34,
    35,
    36,
    37,
    38,
    39,
    40,
    41,
    42,
    43,
    44,
    45,
    46,
    47,
    48,
    49,
    50,
    51,
    52,
    53,
    54,
    55,
    56,
    57,
    58,
    59,
    60,
    61,
    62,
    63,
    64,
    65,
    66,
    67,
    68,
    69,
    70,
    71,
    72,
    73,
    74,
    75,
    76,
    77,
    78,
    79,
    80,
    81,
    82,
    83,
    84,
    85,
    86,
    87,
    88,
    89,
    90,
    91,
    92,
    93,
    94,
    95,
    96,
    97,
    98,
    99,
    100,
    101,
    102,
    103,
    104,
    105,
    106,
    107,
    108,
    109,
    110,
    111,
    112,
    113,
    114,
    115,
    116,
    117,
    118,
    119,
    120,
    121,
    122,
    123,
    124,
    125,
    126,
    127,
    128,
    129,
    130,
    131,
    132,
    133,
    134,
    135,
    136,
    137,
    138,
    139,
    140,
    141,
    142,
    143,
    144,
    145,
    146,
    147,
    148,
    149,
    150,
    151,
    152,
    153,
    154,
    155,
    156,
    157,
    158,
    159,
    160,
    161,
    162,
    163,
    164,
    165,
    166,
    167,
    168,
    169,
    170,
    171,
    172,
    173,
    174,
    175,
    176,
    177,
    178,
    179,
    180,
    181,
    182,
    183,
    184,
    185,
    186,
    187,
    188,
    189,
    190,
    191,
    192,
    193,
    194,
    195,
    196,
    197,
    198,
    199
  ],
  "states": [
    50.0,
    46.21646946890517,
    45.59769671414544,
    42.14683138841317,
    45.85659036157274,
    44.91551654835126,
    42.0466508802091,
    44.01103123630458,
    47.081029747590556,
    46.17537694900684,
    43.39684614627964,
    44.50680265250149,
    44.28290619840881,
    42.77456988320192,
    46.07237327098622,
    46.72927708807396,
    48.03029235078116,
    47.2002779975404,
    49.03615277438349,
    47.43007935235128,
    47.57103244040449,
    46.04872505486225,
    44.56558004988767,
    44.662215563812424,
    43.72602084138484,
    41.354116835441495,
    42.66754966586181,
    44.88597254701587,
    43.958235364057174,
    45.17035749754618,
    44.39752924526839,
    44.80851705316792,
    48.366528503729405,
    47.274319108545185,
    47.10568777449729,
    45.9053286804264,
    44.09821902018237,
    42.92930676006445,
    45.24088441982163,
    45.33488025414999,
    45.35735098784884,
    42.63181209325472,
    44.13820722770533,
    46.36932544584747,
    46.04090812691636,
    46.81013808800623,
    44.80946563638056,
    46.81604743043817,
    51.721245550631465,
    52.80809589245476,
    54.20308047839813,
    54.398069622671,
    55.624068663163804,
    53.533878836948944,
    55.81930094486435,
    54.95479817301726,
    59.73367261414441,
    60.543511001205275,
    60.90550879175325,
    60.44789439764969,
    63.31611419385959,
    66.47883578182056,
    65.54366044107935,
    62.17774521119892,
    63.345507570609925,
    61.33940829483302,
    62.78277195771101,
    61.680663258032645,
    62.116682875654135,
    60.609913219375585,
    61.31979182341108,
    62.38474877436033,
    63.840807216200304,
    67.09961619542993,
    69.3991755344527,
    69.98145568989095,
    67.49936152822639,
    66.19135473068371,
    66.6197159642768,
    65.97789876696784,
    66.0428724811494,
    65.06061479751288,
    63.07485296809485,
    64.81049169158321,
    65.6154204440081,
    62.0925932846442,
    63.46021252823751,
    61.44070949944261,
    60.48904841219927,
    62.229676724365156,
    60.6321017686409,
    60.39547184434719,
    59.027153180756095,
    59.7783300299929,
    61.06303928763345,
    62.88791537192309,
    59.895711576165226,
    58.94685768588918,
    60.01764536587239,
    64.04970775981938,
    65.84495345023707,
    66.24672838842748,
    67.00598200234415,
    65.18708594523233,
    64.28088843316854,
    64.68097016634192,
    65.97673951035078,
    65.21686258110265,
    62.43716929491147,
    65.72341370666098,
    66.05991368561469,
    62.536831360537995,
    60.17882770063383,
    60.46998504978293,
    60.49174445316986,
    58.10464815026794,
    58.778056093860975,
    61.4070175743073,
    64.90313115815292,
    65.55695969255616,
    67.91927665712204,
    69.31822369877014,
    69.41274391077906,
    67.35545492768074,
    66.45581296916434,
    67.63867974664306,
    69.58569308392879,
    70.7255800128056,
    72.02377328901467,
    75.27589122620653,
    73.95779602271473,
    69.91982029080467,
    68.83870122448998,
    68.40457605498379,
    66.62098417901919,
    63.1447066795162,
    62.38360191947915,
    64.96221364535252,
    62.84482807809236,
    63.51188016376467,
    64.204112080724,
    63.79258518571438,
    63.42666137655126,
    61.457341732314866,
    62.4584208643951,
    64.47011512460016,
    60.207043490745555,
    56.35174878321505,
    55.88002773608562,
    54.751698098034076,
    54.229265130903464,
    55.55158991391714,
    56.304559456236724,
    58.43167954277515,
    58.843745376530244,
    58.23800856955718,
    60.228475717221,
    62.67405093403085,
    58.61552635033313,
    59.29321231808141,
    55.110319443313976,
    55.04406771194559,
    50.73833906639635,
    52.43051782740235,
    52.95398959160655,
    53.821017334605706,
    52.17182316100186,
    53.71252496861872,
    55.30078665111687,
    58.02915272836845,
    60.42215127582162,
    60.35629314695307,
    60.73285415903046,
    59.75542516846577,
    57.91976022694277,
    58.13719994238728,
    60.523041310899664,
    57.69909124656339,
    59.1334830303575,
    56.90937763555647,
    58.44808426312565,
    60.44561925591057,
    59.570643553547214,
    54.726144959492885,
    54.13315548137183,
    53.09873967794942,
    53.64623194270841,
    51.25414037704595,
    52.31596344240783,
    52.10142097547987,
    52.36661784593711,
    51.55225255205453,
    50.123258227305385,
    47.76544610593548,
    49.91863814711174,
    51.88860039626306,
    48.86803674724637,
    48.77010030146405,
    49.463308595707,
    47.48474101765933,
    48.781987045756296
  ],
  "actions": [],
  "observations": [
    1,
    1,
    1,
    0,
    1,
    0,
    0,
    0,
    1,
    1,
    0,
    0,
    0,
    0,
    1,
    1,
    1,
    1,
    1,
    1,
    1,
    1,
    0,
    0,
    0,
    0,
    0,
    0,
    0,
    1,
    0,
    0,
    1,
    1,
    1,
    1,
    0,
    0,
    1,
    1,
    1,
    0,
    0,
    1,
    1,
    1,
    0,
    1,
    1,
    1,
    1,
    1,
    2,
    1,
    2,
    1,
    2,
    2,
    2,
    2,
    2,
    2,
    2,
    2,
    2,
    2,
    2,
    2,
    2,
    2,
    2,
    2,
    2,
    2,
    2,
    2,
    2,
    2,
    2,
    2,
    2,
    2,
    2,
    2,
    2,
    2,
    2,
    2,
    2,
    2,
    2,
    2,
    2,
    2,
    2,
    2,
    2,
    2,
    2,
    2,
    2,
    2,
    2,
    2,
    2,
    2,
    2,
    2,
    2,
    2,
    2,
    2,
    2,
    2,
    2,
    2,
    2,
    2,
    2,
    2,
    2,
    2,
    2,
    2,
    2,
    2,
    2,
    2,
    2,
    2,
    2,
    2,
    2,
    2,
    2,
    2,
    2,
    2,
    2,
    2,
    2,
    2,
    2,
    2,
    2,
    2,
    2,
    2,
    2,
    1,
    1,
    2,
    2,
    2,
    2,
    2,
    2,
    2,
    2,
    2,
    2,
    2,
    1,
    1,
    1,
    1,
    1,
    1,
    2,
    2,
    2,
    2,
    2,
    2,
    2,
    2,
    2,
    2,
    2,
    2,
    2,
    2,
    2,
    1,
    1,
    1,
    1,
    1,
    1,
    1,
    1,
    1,
    1,
    1,
    1,
    1,
    1,
    1,
    1,
    1
  ],