{
  "timesteps": [
    0,
    1,
    2,
    3,
    4,
    5,
    6,
    7,
    8,
    9,
    10,
    11,
    12,
    13,
    14,
    15,
    16,
    17,
    18,
    19,
    20,
    21,
    22,
    23,
    24,
    25,
    26,
    27,
    28,
    29,
    30,
    31,
    32,
    33,
    34,
    35,
    36,
    37,
    38,
    39,
    40,
    41,
    42,
    43,
    44,
    45,
    46,
    47,
    48,
    49,
    50,
    51,
    52,
    53,
    54,
    55,
    56,
    57,
    58,
    59,
    60,
    61,
    62,
    63,
    64,
    65,
    66,
    67,
    68,
    69,
    70,
    71,
    72,
    73,
    74,
    75,
    76,
    77,
    78,
    79,
    80,
    81,
    82,
    83,
    84,
    85,
    86,
    87,
    88,
    89,
    90,
    91,
    92,
    93,
    94,
    95,
    96,
    97,
    98,
    99,
    100,
    101,
    102,
    103,
    104,
    105,
    106,
    107,
    108,
    109,
    110,
    111,
    112,
    113,
    114,
    115,
    116,
    117,
    118,
    119,
    120,
    121,
    122,
    123,
    124,
    125,
    126,
    127,
    128,
    129,
    130,
    131,
    132,
    133,
    134,
    135,
    136,
    137,
    138,
    139,
    140,
    141,
    142,
    143,
    144,
    145,
    146,
    147,
    148,
    149,
    150,
    151,
    152,
    153,
    154,
    155,
    156,
    157,
    158,
    159,
    160,
    161,
    162,
    163,
    164,
    165,
    166,
    167,
    168,
    169,
    170,
    171,
    172,
    173,
    174,
    175,
    176,
    177,
    178,
    179,
    180,
    181,
    182,
    183,
    184,
    185,
    186,
    187,
    188,
    189,
    190,
    191,
    192,
    193,
    194,
    195,
    196,
    197,
    198,
    199
  ],
  "states": [
    50.0,
    46.613279696007424,
    45.36497782985066,
    46.36656428632644,
    47.887440077388,
    48.20049482907306,
    50.18139446982995,
    46.33745249864935,
    50.757579267316366,
    52.53659308758161,
    52.71787482269374,
    52.43104900568464,
    53.2307796862908,
    52.98681829368317,
    55.425250286536716,
    56.095763463051476,
    54.85228668822614,
    54.17531157962552,
    53.64511828692191,
    52.68772258769695,
    54.01013511832471,
    53.85857760039828,
    54.924041550605715,
    54.336266774399746,
    52.741839329656,
    50.888136269338716,
    51.15203060712147,
    48.03364513541448,
    47.20891914120152,
    46.416387093367646,
    46.235726469316674,
    46.13161448024692,
    43.552533704839846,
    45.91641146721793,
    46.513100640119454,
    47.28564303343931,
    47.380039307025385,
    49.189995628557064,
    48.613862609568564,
    51.38780910895845,
    51.43195939073538,
    53.65527651825555,
    51.96991642016144,
    53.017123061995015,
    51.11227208857151,
    51.13774381449327,
    51.18114558481121,
    52.76284939648612,
    52.67536735912349,
    52.50748146748004,
    55.773665505825974,
    58.21788295123252,
    55.620199138784386,
    57.92020593791274,
    56.1906192398931,
    57.25564994628391,
    56.61692840149392,
    57.284411619824624,
    56.85769029363521,
    56.279662811214195,
    54.583582862055096,
    54.84754507735303,
    54.91671921317707,
    52.76313961827014,
    56.05315805710014,
    53.36043547500889,
    56.53119686197912,
    59.500229629416445,
    64.20580317278726,
    65.76342468229555,
    65.33489325047839,
    64.45015480656548,
    65.2825172210825,
    67.18569395471029,
    68.07753933702357,
    69.76036538069266,
    68.61939302813268,
    71.52547780383887,
    71.25966084998635,
    72.3290999146295,
    71.37649748561081,
    71.58084879345687,
    69.40535244829674,
    69.0317455741508,
    69.78876126059545,
    71.11002587796519,
    73.42608446692205,
    72.28258615352966,
    73.71848998983673,
    75.88313935503028,
    73.9381015669445,
    72.46434093089843,
    71.6241206846033,
    70.02674581946505,
    72.88075984250304,
    76.00257137088202,
    74.5870047004009,
    76.08287196201319,
    78.37403451309213,
    80.12637882892618,
    76.04472809637475,
    74.5333002955396,
    76.36048292141504,
    75.89370824124059,
    73.54198656771305,
    72.75402718196686,
    72.63556550056393,
    72.17833395264607,
    73.5666703624226,
    69.52230877997121,
    72.8565558341916,
    70.88088764413084,
    73.27065966211035,
    73.85911504996193,
    72.6786128290829,
    72.90345432846755,
    75.74110147529542,
    74.34200359458909,
    71.58878180777234,
    68.84501977517179,
    66.99561571362395,
    66.76061090281667,
    66.5578967138878,
    69.16480697699457,
    70.54662643532701,
    69.805380080543,
    68.14813713022623,
    67.71718113072507,
    66.64322538439805,
    67.46784067493984,
    67.32783603878202,
    67.88261867179334,
    66.75194467012318,
    67.9149606264145,
    67.39880024558646,
    68.61928234636714,
    67.77378670090951,
    70.05561327711295,
    69.65568016898625,
    69.93178301261142,
    70.15482572405264,
    70.73124593738643,
    70.86324567053795,
    67.57847488366477,
    69.17450632418533,
    66.10552219780223,
    67.43337184130921,
    68.99721624970519,
    70.82414439873916,
    72.09792960712531,
    71.74588023288088,
    74.34892380864997,
    77.27422349020077,
    77.8157055631305,
    75.87360002531572,
    77.26176276773222,
    76.98156938628644,
    75.57372263319625,
    75.5539841123824,
    76.48240375111683,
    76.63366604442334,
    76.9631293310764,
    76.57957129647404,
    79.473394667495,
    80.57769094188505,
    81.4015751280203,
    78.99916436328567,
    79.01272827728171,
    81.29817178782584,
    80.84116064201008,
    82.33240574823043,
    83.04996744833454,
    83.69195517114339,
    84.86704301047062,
    84.42964457273038,
    81.6714738337212,
    82.96706385456648,
    81.96170222336485,
    82.29233383049045,
    84.14521019897097,
    84.5049381036814,
    84.86960059059538,
    81.58980272458598,
    79.20621905952676,
    80.4993709413062,
    81.91124672939718,
    81.29978473685232,
    82.8006530477451,
    86.38718428666235,
    87.08331772543792,
    89.86204165223094,
    92.10926291676674,
    89.12516983317914,
    88.34211839251496,
    89.41441566686683,
    88.08001311552358,
    87.30194032495847,
    86.87672537300631,
    86.63372114108552,
    87.51138389943446,
    85.81221811731552
  ],
  "actions": [],
  "observations": [
    1,
    1,
    1,
    1,
    1,
    1,
    1,
    1,
    1,
    1,
    1,
    1,
    1,
    1,
    2,
    2,
    1,
    1,
    1,
    1,
    1,
    1,
    1,
    1,
    1,
    1,
    1,
    1,
    1,
    1,
    1,
    1,
    0,
    1,
    1,
    1,
    1,
    1,
    1,
    1,
    1,
    1,
    1,
    1,
    1,
    1,
    1,
    1,
    1,
    1,
    2,
    2,
    2,
    2,
    2,
    2,
    2,
    2,
    2,
    2,
    1,
    1,
    1,
    1,
    2,
    1,
    2,
    2,
    2,
    2,
    2,
    2,
    2,
    2,
    2,
    2,
    2,
    2,
    2,
    2,
    2,
    2,
    2,
    2,
    2,
    2,
    2,
    2,
    2,
    2,
    2,
    2,
    2,
    2,
    2,
    2,
    2,
    2,
    2,
    2,
    2,
    2,
    2,
    2,
    2,
    2,
    2,
    2,
    2,
    2,
    2,
    2,
    2,
    2,
    2,
    2,
    2,
    2,
    2,
    2,
    2,
    2,
    2,
    2,
    2,
    2,
    2,
    2,
    2,
    2,
    2,
    2,
    2,
    2,
    2,
    2,
    2,
    2,
    2,
    2,
    2,
    2,
    2,
    2,
    2,
    2,
    2,
    2,
    2,
    2,
    2,
    2,
    2,
    2,
    2,
    2,
    2,
    2,
    2,
    2,
    2,
    2,
    2,
    2,
    2,
    2,
    2,
    2,
    2,
    2,
    2,
    2,
    2,
    2,
    2,
    2,
    2,
    2,
    2,
    2,
    2,
    2,
    2,
    2,
    2,
    2,
    2,
    2,
    2,
    2,
    2,
    2,
    2,
    2,
    2,
    2,
    2,
    2,
    2,
    2
  ],