{
  "timesteps": [
    0,
    1,
    2,
    3,
    4,
    5,
    6,
    7,
    8,
    9,
    10,
    11,
    12,
    13,
    14,
    15,
    16,
    17,
    18,
    19,
    20,
    21,
    22,
    23,
    24,
    25,
    26,
    27,
    28,
    29,
    30,
    31,
    32,
    33,
    34,
    35,
    36,
    37,
    38,
    39,
    40,
    41,
    42,
    43,
    44,
    45,
    46,
    47,
    48,
    49,
    50,
    51,
    52,
    53,
    54,
    55,
    56,
    57,
    58,
    59,
    60,
    61,
    62,
    63,
    64,
    65,
    66,
    67,
    68,
    69,
    70,
    71,
    72,
    73,
    74,
    75,
    76,
    77,
    78,
    79,
    80,
    81,
    82,
    83,
    84,
    85,
    86,
    87,
    88,
    89,
    90,
    91,
    92,
    93,
    94,
    95,
    96,
    97,
    98,
    99,
    100,
    101,
    102,
    103,
    104,
    105,
    106,
    107,
    108,
    109,
    110,
    111,
    112,
    113,
    114,
    115,
    116,
    117,
    118,
    119,
    120,
    121,
    122,
    123,
    124,
    125,
    126,
    127,
    128,
    129,
    130,
    131,
    132,
    133,
    134,
    135,
    136,
    137,
    138,
    139,
    140,
    141,
    142,
    143,
    144,
    145,
    146,
    147,
    148,
    149,
    150,
    151,
    152,
    153,
    154,
    155,
    156,
    157,
    158,
    159,
    160,
    161,
    162,
    163,
    164,
    165,
    166,
    167,
    168,
    169,
    170,
    171,
    172,
    173,
    174,
    175,
    176,
    177,
    178,
    179,
    180,
    181,
    182,
    183,
    184,
    185,
    186,
    187,
    188,
    189,
    190,
    191,
    192,
    193,
    194,
    195,
    196,
    197,
    198,
    199
  ],
  "states": [
    50.0,
    49.91265002699603,
    49.64092879378172,
    49.73252766443825,
    50.76297431626468,
    50.675035228223294,
    49.318337693734065,
    50.49174788064183,
    50.246038900883285,
    49.39300185241955,
    48.48915320719281,
    48.23422151859295,
    47.5832405961546,
    48.13033761340613,
    48.68301435871782,
    49.76728815666296,
    49.931488927431225,
    49.841549104952875,
    49.301946072156376,
    49.46894049175157,
    49.16985725501927,
    48.75323130571588,
    49.08893389074486,
    49.077781176073024,
    48.75316559265324,
    48.31748023235939,
    48.079535065540576,
    48.0321589277781,
    48.312520562425064,
    48.11056551646329,
    47.663892177698315,
    48.2560328523716,
    48.451613657467526,
    49.28647860253905,
    48.28794625140306,
    48.75765239586233,
    49.24858907870424,
    49.809106570866646,
    49.52090217837438,
    49.303585585824486,
    48.12488758067701,
    47.79890595318006,
    48.0617694513314,
    47.688090461228946,
    48.4996542738445,
    48.5524443632056,
    48.74787343487982,
    47.84514255435058,
    47.16612605917201,
    45.4570831725654,
    45.49405737807636,
    46.64918703697339,
    46.08519236583287,
    46.36181239352077,
    45.82940806986698,
    45.05122238456668,
    44.37654432215694,
    44.59413951795284,
    43.885196548455305,
    43.15808956943393,
    43.518716735789816,
    43.336225063147594,
    42.84189743652341,
    42.19288960263633,
    43.028989812143855,
    42.4653778009844,
    42.154857059427236,
    41.90022955818294,
    42.35150825257116,
    41.95943701384542,
    41.52801865134339,
    41.85886346721965,
    41.31991327085443,
    41.3045902017933,
    42.27307288046032,
    41.124650593641235,
    42.05724996912986,
    42.487160498825844,
    41.91605842770768,
    42.705062736045036,
    43.808721789190905,
    42.72133872619399,
    42.50070553838853,
    41.880844860823174,
    41.89214028340238,
    43.29731968688151,
    43.88227007646548,
    44.0233624113979,
    44.76377530780058,
    45.030107573478986,
    45.202067449181556,
    45.26599772244813,
    44.69397291931349,
    43.77216376200084,
    44.00699253462625,
    43.92893885078403,
    44.65085316030819,
    45.41788939022472,
    45.890906410887496,
    45.97184863788559,
    46.37949825846823,
    46.080503043674135,
    47.10344417209673,
    48.8753675005383,
    48.088130571728584,
    48.368220874990094,
    48.81401915988416,
    48.30251227578844,
    48.2264426611877,
    48.162379904358815,
    48.463908384386166,
    48.002361206557175,
    46.976646571469644,
    48.68860464476368,
    48.86501766590807,
    50.0053334314467,
    50.269076648553394,
    50.93270239446804,
    51.5024020445708,
    52.497546957054475,
    52.44388891245537,
    51.72043815844108,
    51.91396069219211,
    51.24907695054472,
    51.21699034725083,
    51.03518490991048,
    50.842693111667955,
    50.4654407529417,
    48.75625173451071,
    49.60451771670754,
    50.365141374807195,
    50.824375662097616,
    50.47757428592565,
    50.452521352001405,
    48.28277282473299,
    49.297707972512704,
    49.46582679079225,
    50.2599438210609,
    51.48485541455431,
    50.734010011093766,
    52.114230889739346,
    50.833898211273954,
    51.1097983741702,
    50.73053419674854,
    50.54363997108275,
    49.9906823009951,
    50.58732831068605,
    50.55740148717883,
    49.837689447089,
    48.99959464759989,
    48.50330178712397,
    48.390843553786794,
    47.83173675298299,
    47.59218613625278,
    47.60880381414073,
    47.6117698194377,
    48.44540389322293,
    48.6979952057365,
    47.89828139252806,
    48.08748523702153,
    49.132267363285635,
    48.69431397020168,
    50.556354593143126,
    52.146594267683575,
    52.602091584628276,
    53.03674737895699,
    52.41977883306171,
    52.72057786118649,
    53.29087363597231,
    53.985033337580475,
    54.32506799973853,
    53.278791680352626,
    53.428029172219404,
    52.73662130283708,
    52.65670723995933,
    51.647375443610656,
    51.44921816364155,
    50.585994275434686,
    52.352759798303126,
    51.986415927705394,
    50.99221104643892,
    49.406307616982275,
    49.636472403498495,
    49.84472294631834,
    48.61006113487028,
    47.94942175791021,
    47.27529998813982,
    46.87315226063422,
    46.12674270073638,
    45.44683108209369,
    45.3684103756029,
    45.89337903550926,
    45.227493246855474,
    44.11031498820744,
    43.67134545489708,
    43.57427233140515,
    43.030906712180986,
    44.3534456201704,
    44.160353873654024,
    44.07920104104294,
    43.191744001280924
  ],
  "actions": [],
  "observations": [
    1,
    1,
    1,
    1,
    1,
    1,
    1,
    1,
    1,
    1,
    1,
    1,
    1,
    1,
    1,
    1,
    1,
    1,
    1,
    1,
    1,
    1,
    1,
    1,
    1,
    1,
    1,
    1,
    1,
    1,
    1,
    1,
    1,
    1,
    1,
    1,
    1,
    1,
    1,
    1,
    1,
    1,
    1,
    1,
    1,
    1,
    1,
    1,
    1,
    1,
    1,
    1,
    1,
    1,
    1,
    1,
    0,
    0,
    0,
    0,
    0,
    0,
    0,
    0,
    0,
    0,
    0,
    0,
    0,
    0,
    0,
    0,
    0,
    0,
    0,
    0,
    0,
    0,
    0,
    0,
    0,
    0,
    0,
    0,
    0,
    0,
    0,
    0,
    0,
    1,
    1,
    1,
    0,
    0,
    0,
    0,
    0,
    1,
    1,
    1,
    1,
    1,
    1,
    1,
    1,
    1,
    1,
    1,
    1,
    1,
    1,
    1,
    1,
    1,
    1,
    1,
    1,
    1,
    1,
    1,
    1,
    1,
    1,
    1,
    1,
    1,
    1,
    1,
    1,
    1,
    1,
    1,
    1,
    1,
    1,
    1,
    1,
    1,
    1,
    1,
    1,
    1,
    1,
    1,
    1,
    1,
    1,
    1,
    1,
    1,
    1,
    1,
    1,
    1,
    1,
    1,
    1,
    1,
    1,
    1,
    1,
    1,
    1,
    1,
    1,
    1,
    1,
    1,
    1,
    1,
    1,
    1,
    1,
    1,
    1,
    1,
    1,
    1,
    1,
    1,
    1,
    1,
    1,
    1,
    1,
    1,
    1,
    1,
    1,
    1,
    1,
    1,
    1,
    0,
    0,
    0,
    0,
    0,
    0,
    0
  ],