{
  "timesteps": [
    0,
    1,
    2,
    3,
    4,
    5,
    6,
    7,
    8,
    9,
    10,
    11,
    12,
    13,
    14,
    15,
    16,
    17,
    18,
    19,
    20,
    21,
    22,
    23,
    24,
    25,
    26,
    27,
    28,
    29,
    30,
    31,
    32,
    33,
    34,
    35,
    36,
    37,
    38,
    39,
    40,
    41,
    42,
    43,
    44,
    45,
    46,
    47,
    48,
    49,
    50,
    51,
    52,
    53,
    54,
    55,
    56,
    57,
    58,
    59,
    60,
    61,
    62,
    63,
    64,
    65,
    66,
    67,
    68,
    69,
    70,
    71,
    72,
    73,
    74,
    75,
    76,
    77,
    78,
    79,
    80,
    81,
    82,
    83,
    84,
    85,
    86,
    87,
    88,
    89,
    90,
    91,
    92,
    93,
    94,
    95,
    96,
    97,
    98,
    99,
    100,
    101,
    102,
    103,
    104,
    105,
    106,
    107,
    108,
    109,
    110,
    111,
    112,
    113,
    114,
    115,
    116,
    117,
    118,
    119,
    120,
    121,
    122,
    123,
    124,
    125,
    126,
    127,
    128,
    129,
    130,
    131,
    132,
    133,
    134,
    135,
    136,
    137,
    138,
    139,
    140,
    141,
    142,
    143,
    144,
    145,
    146,
    147,
    148,
    149,
    150,
    151,
    152,
    153,
    154,
    155,
    156,
    157,
    158,
    159,
    160,
    161,
    162,
    163,
    164,
    165,
    166,
    167,
    168,
    169,
    170,
    171,
    172,
    173,
    174,
    175,
    176,
    177,
    178,
    179,
    180,
    181,
    182,
    183,
    184,
    185,
    186,
    187,
    188,
    189,
    190,
    191,
    192,
    193,
    194,
    195,
    196,
    197,
    198,
    199
  ],
  "states": [
    50.0,
    47.61663460559185,
    49.56444951392431,
    48.713207595961805,
    49.658157159869354,
    48.75669007427917,
    47.0762752284893,
    47.68929508192905,
    44.7804877084695,
    45.02779754676039,
    44.07449871753894,
    47.56714696583933,
    44.485517568857354,
    43.46314211759453,
    43.854276365947065,
    46.310219359883995,
    47.202624961811786,
    48.7653966637743,
    51.074511429582444,
    49.48583095068334,
    49.916777765968114,
    50.24444204608647,
    52.085442027671725,
    52.06370852283507,
    52.981159961933464,
    52.08415585844638,
    50.35784118821251,
    52.31536815144259,
    51.18946577946545,
    50.95322825060817,
    52.49651221631168,
    51.212793375494655,
    52.245672984545706,
    51.68850291923721,
    49.09647080352466,
    50.88112284411102,
    51.20852589383978,
    46.100478492994,
    44.82969944958525,
    47.94759283221467,
    46.57030877871618,
    47.13819758860032,
    49.60088597570682,
    47.1627249962077,
    48.57885981037494,
    47.3839412863266,
    49.62468297116196,
    48.5834093781345,
    47.65394900317122,
    49.965553522263704,
    51.61885569512562,
    53.444294870933895,
    56.25277040634963,
    56.24597854261693,
    56.30948310328001,
    58.21521289067408,
    56.90916017559398,
    57.283287262121895,
    56.90558723168002,
    54.46718267880236,
    56.99965275373274,
    55.129184186929194,
    54.53228978948575,
    54.21965975899206,
    55.0414515393291,
    55.83606789019745,
    55.32343621431812,
    54.94505989919511,
    54.774954880853265,
    51.24730851699009,
    49.22489942528333,
    49.59381821529233,
    49.80503959307498,
    51.58299996969468,
    54.11248952859277,
    54.072162672066405,
    53.953811937445266,
    53.94756991130188,
    54.156330466124516,
    56.00311802881172,
    54.47499057282346,
    54.91615806494234,
    55.22640408593016,
    55.391670468230934,
    55.354656876770086,
    56.46473910820985,
    53.550431777818694,
    53.84721826825843,
    52.1194953505865,
    55.2205442086118,
    53.98402899203793,
    57.67597143407428,
    56.807661825485184,
    53.22579591765894,
    53.66613780209144,
    52.16532349679018,
    54.062996900069535,
    52.37405942167139,
    50.85726990523419,
    49.413371519561224,
    47.87700561090574,
    48.989285127157544,
    53.42829002306493,
    54.229574590309475,
    54.169886834148116,
    53.36863811293076,
    55.96728595295958,
    55.71900961299961,
    56.86965812246849,
    55.03063045259588,
    56.73148758343197,
    57.25870495733218,
    57.13756917546939,
    58.357770195336606,
    56.03595946938225,
    55.09251780960524,
    51.25007409306816,
    52.59160464750264,
    55.17429322006954,
    55.342451874214184,
    52.029910898507744,
    52.64016321392651,
    52.70840669763382,
    50.30492104268326,
    50.5764112739054,
    52.182059666454435,
    52.49467219836904,
    53.18404505831262,
    55.43784078861382,
    55.29645939360058,
    55.33246546825277,
    55.20907959477257,
    58.3116269605744,
    56.1063617063136,
    56.01939458130173,
    58.54487304127008,
    55.35387441784702,
    53.32175376420841,
    54.93479708089474,
    55.114417331705894,
    56.44071559311896,
    55.07357608396366,
    55.703112506791314,
    55.3677991074723,
    54.23936087345771,
    54.468072056785324,
    53.099307480937895,
    54.179672870095274,
    55.65228777863347,
    60.48879627220953,
    61.363150147622804,
    61.04085234298031,
    63.729671605750056,
    61.142091441106956,
    60.184674343117685,
    59.816051116897725,
    57.44577621925214,
    56.899303816642636,
    56.84140940954432,
    54.86371217956837,
    55.88063693526732,
    57.32797163059928,
    58.393148996996075,
    58.00252458928278,
    57.17681938548423,
    56.609761575163915,
    53.59597363131285,
    51.44632310784464,
    51.133474613781274,
    49.43775922085244,
    48.85437834161223,
    48.78863111284947,
    50.26608090027483,
    49.22458771007453,
    48.463540384945446,
    48.706229179227265,
    48.67882590381582,
    46.755941115623344,
    47.91572004957638,
    47.10834751597922,
    48.389379773270164,
    49.54387833215434,
    50.58720405045002,
    48.372522933137105,
    47.4562793615415,
    47.268507482267864,
    48.75090922828272,
    49.04755731877915,
    49.68060208676565,
    49.39635401265994,
    51.782259860286146,
    49.51982979202616,
    50.076337121152356,
    48.95250043470563,
    50.15665067891196,
    48.882422181425724,
    48.20690851391187,
    49.04651829225302,
    47.01500678451984,
    47.43692050033844,
    51.16721321378514
  ],
  "actions": [],
  "observations": [
    1,
    1,
    1,
    1,
    1,
    1,
    1,
    1,
    0,
    1,
    0,
    1,
    0,
    0,
    0,
    1,
    1,
    1,
    1,
    1,
    1,
    1,
    1,
    1,
    1,
    1,
    1,
    1,
    1,
    1,
    1,
    1,
    1,
    1,
    1,
    1,
    1,
    1,
    0,
    1,
    1,
    1,
    1,
    1,
    1,
    1,
    1,
    1,
    1,
    1,
    1,
    1,
    2,
    2,
    2,
    2,
    2,
    2,
    2,
    1,
    2,
    2,
    1,
    1,
    2,
    2,
    2,
    1,
    1,
    1,
    1,
    1,
    1,
    1,
    1,
    1,
    1,
    1,
    1,
    2,
    1,
    1,
    2,
    2,
    2,
    2,
    1,
    1,
    1,
    2,
    1,
    2,
    2,
    1,
    1,
    1,
    1,
    1,
    1,
    1,
    1,
    1,
    1,
    1,
    1,
    1,
    2,
    2,
    2,
    2,
    2,
    2,
    2,
    2,
    2,
    2,
    1,
    1,
    2,
    2,
    1,
    1,
    1,
    1,
    1,
    1,
    1,
    1,
    2,
    2,
    2,
    2,
    2,
    2,
    2,
    2,
    2,
    1,
    1,
    2,
    2,
    2,
    2,
    2,
    1,
    1,
    1,
    1,
    2,
    2,
    2,
    2,
    2,
    2,
    2,
    2,
    2,
    2,
    2,
    1,
    2,
    2,
    2,
    2,
    2,
    2,
    1,
    1,
    1,
    1,
    1,
    1,
    1,
    1,
    1,
    1,
    1,
    1,
    1,
    1,
    1,
    1,
    1,
    1,
    1,
    1,
    1,
    1,
    1,
    1,
    1,
    1,
    1,
    1,
    1,
    1,
    1,
    1,
    1,
    1
  ],