{
  "timesteps": [
    0,
    1,
    2,
    3,
    4,
    5,
    6,
    7,
    8,
    9,
    10,
    11,
    12,
    13,
    14,
    15,
    16,
    17,
    18,
    19,
    20,
    21,
    22,
    23,
    24,
    25,
    26,
    27,
    28,
    29,
    30,
    31,
    32,
    33,
    34,
    35,
    36,
    37,
    38,
    39,
    40,
    41,
    42,
    43,
    44,
    45,
    46,
    47,
    48,
    49,
    50,
    51,
    52,
    53,
    54,
    55,
    56,
    57,
    58,
    59,
    60,
    61,
    62,
    63,
    64,
    65,
    66,
    67,
    68,
    69,
    70,
    71,
    72,
    73,
    74,
    75,
    76,
    77,
    78,
    79,
    80,
    81,
    82,
    83,
    84,
    85,
    86,
    87,
    88,
    89,
    90,
    91,
    92,
    93,
    94,
    95,
    96,
    97,
    98,
    99,
    100,
    101,
    102,
    103,
    104,
    105,
    106,
    107,
    108,
    109,
    110,
    111,
    112,
    113,
    114,
    115,
    116,
    117,
    118,
    119,
    120,
    121,
    122,
    123,
    124,
    125,
    126,
    127,
    128,
    129,
    130,
    131,
    132,
    133,
    134,
    135,
    136,
    137,
    138,
    139,
    140,
    141,
    142,
    143,
    144,
    145,
    146,
    147,
    148,
    149,
    150,
    151,
    152,
    153,
    154,
    155,
    156,
    157,
    158,
    159,
    160,
    161,
    162,
    163,
    164,
    165,
    166,
    167,
    168,
    169,
    170,
    171,
    172,
    173,
    174,
    175,
    176,
    177,
    178,
    179,
    180,
    181,
    182,
    183,
    184,
    185,
    186,
    187,
    188,
    189,
    190,
    191,
    192,
    193,
    194,
    195,
    196,
    197,
    198,
    199
  ],
  "states": [
    50.0,
    50.24850832303516,
    50.821964108516134,
    49.55837713476816,
    52.3509099870107,
    53.20889310851502,
    52.273161040090024,
    52.55990906399691,
    53.76183015446877,
    51.77124742367538,
    54.67042509321034,
    55.11880992021859,
    55.92953265641466,
    55.33724045766727,
    55.74921644599336,
    56.650240716853354,
    57.84153293523759,
    54.78033191399102,
    53.441329571735274,
    53.91765128555782,
    53.570993042009725,
    57.0209852054695,
    54.592272869252156,
    59.92855551793761,
    61.98771586616888,
    58.47232501037994,
    58.45461589095368,
    56.825529082211695,
    55.91418629257469,
    55.900751339978825,
    55.08412451459042,
    51.67389381250143,
    49.93375119843847,
    48.80267390553026,
    49.14985456660277,
    48.35852679018652,
    49.102845536067555,
    47.366791692136225,
    48.194243271294106,
    46.807837533178436,
    44.41786305766187,
    44.65495866928284,
    47.96177204987568,
    49.88678154426914,
    49.09536638044717,
    49.25380209155595,
    48.876381981576394,
    49.722989075635155,
    52.33720722174775,
    51.52103123075532,
    51.830737016820486,
    51.34822444554202,
    50.03627981876274,
    47.51311058385302,
    46.96260385363669,
    47.92276666106841,
    47.115992225929446,
    46.21290969285246,
    45.69308542961629,
    45.30429916456675,
    44.54268337170906,
    46.071128705362916,
    42.81047073292044,
    41.47640826056571,
    38.95007760938985,
    39.19958416134681,
    40.645943282992015,
    39.49226289822077,
    40.19206648140327,
    39.31011332965816,
    43.066253372569825,
    43.4494586346178,
    43.14731673333777,
    41.78270826489799,
    43.046902166965154,
    41.47441564723262,
    42.499364758409,
    44.209795415837746,
    42.80973404026797,
    44.13637804469486,
    44.726170201112026,
    43.58761303875983,
    44.65361323727305,
    46.421968030386545,
    45.86630158698546,
    46.43114971960013,
    43.00473841634408,
    42.54930133034506,
    45.227943476313115,
    43.572117739628524,
    42.13004948898267,
    42.085531677095254,
    40.03373189131991,
    43.565548539640155,
    42.40786729766676,
    39.57535031176067,
    40.9894504148077,
    39.961471231798576,
    38.05816662481947,
    38.335295011495745,
    39.9723847859225,
    42.43384339202687,
    44.90786087964483,
    47.4746255162594,
    46.23015485179,
    48.24313567771024,
    45.976793185107525,
    49.07945079467213,
    51.510577344043625,
    50.31111028980515,
    52.45319116056824,
    51.140458338913305,
    49.703322515121904,
    46.92940030477083,
    47.65707504804959,
    49.53518758894496,
    45.16895552312371,
    45.527055555605685,
    49.08562802990996,
    48.8382448221982,
    49.340765103457294,
    47.77778883992643,
    50.92083364276283,
    47.6608880871937,
    47.155561229848004,
    49.13239020202037,
    49.020035723365,
    47.13113480065078,
    49.656001216720085,
    48.13157684644703,
    46.09172099661222,
    46.19739096756949,
    45.59274026880261,
    46.017260785705155,
    43.38292813660393,
    42.86054501200006,
    44.39785524241899,
    43.19390585457003,
    46.55181595894123,
    46.582282895644134,
    47.282613964375685,
    45.973227258427585,
    43.376440846982554,
    45.1932887399142,
    44.71536431955296,
    43.23042656060947,
    43.37259400124705,
    43.58457507998329,
    44.35867066721337,
    44.028177936004745,
    40.7782753736394,
    41.89671184101446,
    39.94366499172881,
    39.47010203563532,
    39.27528619031562,
    40.86603212876238,
    42.71419657384318,
    41.852459512163165,
    40.881224968732184,
    39.750042840886415,
    43.84571090313664,
    46.465899860590774,
    47.042774707675946,
    45.419096857914994,
    42.37115150166273,
    42.80050547272487,
    40.47446560756984,
    39.890349627005456,
    39.734580193640504,
    40.361346831451364,
    40.57963738672366,
    38.265746368415165,
    39.21369140901589,
    38.87805363329583,
    37.793751316837884,
    38.17889130852851,
    39.491074671810246,
    40.74600029337427,
    40.671852685700465,
    39.2706220166981,
    40.0732318085444,
    40.400776367072886,
    42.41832821055049,
    41.59463258944088,
    37.04136634435387,
    35.80262975870414,
    32.79421782089611,
    31.513342755829818,
    28.212344569323186,
    27.614862371209366,
    26.590232390311,
    25.78740379219819,
    24.011707792937564,
    25.566056161362287,
    24.41683098125576,
    25.850150671371566,
    24.243172629612637,
    25.04551655474375,
    25.26679608899831,
    26.75062405862573,
    27.442091951089193
  ],
  "actions": [],
  "observations": [
    1,
    1,
    1,
    1,
    1,
    1,
    1,
    1,
    1,
    1,
    1,
    2,
    2,
    2,
    2,
    2,
    2,
    1,
    1,
    1,
    1,
    2,
    1,
    2,
    2,
    2,
    2,
    2,
    2,
    2,
    2,
    1,
    1,
    1,
    1,
    1,
    1,
    1,
    1,
    1,
    0,
    0,
    1,
    1,
    1,
    1,
    1,
    1,
    1,
    1,
    1,
    1,
    1,
    1,
    1,
    1,
    1,
    1,
    1,
    1,
    0,
    1,
    0,
    0,
    0,
    0,
    0,
    0,
    0,
    0,
    0,
    0,
    0,
    0,
    0,
    0,
    0,
    0,
    0,
    0,
    0,
    0,
    0,
    1,
    1,
    1,
    0,
    0,
    1,
    0,
    0,
    0,
    0,
    0,
    0,
    0,
    0,
    0,
    0,
    0,
    0,
    0,
    0,
    1,
    1,
    1,
    1,
    1,
    1,
    1,
    1,
    1,
    1,
    1,
    1,
    1,
    1,
    1,
    1,
    1,
    1,
    1,
    1,
    1,
    1,
    1,
    1,
    1,
    1,
    1,
    1,
    1,
    1,
    1,
    0,
    0,
    0,
    0,
    1,
    1,
    1,
    1,
    0,
    1,
    0,
    0,
    0,
    0,
    0,
    0,
    0,
    0,
    0,
    0,
    0,
    0,
    0,
    0,
    0,
    0,
    0,
    1,
    1,
    1,
    0,
    0,
    0,
    0,
    0,
    0,
    0,
    0,
    0,
    0,
    0,
    0,
    0,
    0,
    0,
    0,
    0,
    0,
    0,
    0,
    0,
    0,
    0,
    0,
    0,
    0,
    0,
    0,
    0,
    0,
    0,
    0,
    0,
    0,
    0,
    0
  ],