{
  "timesteps": [
    0,
    1,
    2,
    3,
    4,
    5,
    6,
    7,
    8,
    9,
    10,
    11,
    12,
    13,
    14,
    15,
    16,
    17,
    18,
    19,
    20,
    21,
    22,
    23,
    24,
    25,
    26,
    27,
    28,
    29,
    30,
    31,
    32,
    33,
    34,
    35,
    36,
    37,
    38,
    39,
    40,
    41,
    42,
    43,
    44,
    45,
    46,
    47,
    48,
    49,
    50,
    51,
    52,
    53,
    54,
    55,
    56,
    57,
    58,
    59,
    60,
    61,
    62,
    63,
    64,
    65,
    66,
    67,
    68,
    69,
    70,
    71,
    72,
    73,
    74,
    75,
    76,
    77,
    78,
    79,
    80,
    81,
    82,
    83,
    84,
    85,
    86,
    87,
    88,
    89,
    90,
    91,
    92,
    93,
    94,
    95,
    96,
    97,
    98,
    99,
    100,
    101,
    102,
    103,
    104,
    105,
    106,
    107,
    108,
    109,
    110,
    111,
    112,
    113,
    114,
    115,
    116,
    117,
    118,
    119,
    120,
    121,
    122,
    123,
    124,
    125,
    126,
    127,
    128,
    129,
    130,
    131,
    132,
    133,
    134,
    135,
    136,
    137,
    138,
    139,
    140,
    141,
    142,
    143,
    144,
    145,
    146,
    147,
    148,
    149,
    150,
    151,
    152,
    153,
    154,
    155,
    156,
    157,
    158,
    159,
    160,
    161,
    162,
    163,
    164,
    165,
    166,
    167,
    168,
    169,
    170,
    171,
    172,
    173,
    174,
    175,
    176,
    177,
    178,
    179,
    180,
    181,
    182,
    183,
    184,
    185,
    186,
    187,
    188,
    189,
    190,
    191,
    192,
    193,
    194,
    195,
    196,
    197,
    198,
    199
  ],
  "states": [
    50.0,
    48.83042828393228,
    50.84057760969875,
    50.021642561018716,
    50.8705829043335,
    52.39653443514098,
    52.37666306474433,
    51.36749636256582,
    51.77789674753538,
    51.29330056942553,
    55.45698561594867,
    55.40427046015085,
    56.84978180631436,
    58.77166844876815,
    59.783529024238064,
    58.27486105498048,
    58.49856322241124,
    57.73912147396489,
    57.877575542004436,
    56.230532702466334,
    54.395683062856165,
    52.14284779916659,
    52.74027522037255,
    53.030391044068246,
    54.09931946834622,
    53.712144334866245,
    54.15336899174029,
    56.92115634933892,
    58.75580941942655,
    58.11928993641117,
    56.26989839545368,
    55.19088649378647,
    56.45502631116035,
    60.50426495761633,
    57.640682209097115,
    58.5899752768367,
    55.37531590599044,
    53.86308065914846,
    55.00982867918846,
    55.9472855913421,
    55.59441132358799,
    54.52258995129771,
    53.11124231698371,
    52.86340848499798,
    52.9608263689214,
    52.08887319868323,
    52.089882333489456,
    55.010065016139535,
    54.94067180341183,
    55.261326398770976,
    53.059726517323014,
    52.42381950307453,
    54.958463475788896,
    55.704236184839566,
    55.55854583530639,
    53.544829032757406,
    51.974835391406884,
    53.71441042545458,
    53.27877999152274,
    54.94706961672133,
    52.3547699580024,
    52.79061740699471,
    52.89169159020046,
    49.251610629090415,
    49.10699556706052,
    48.716784963768674,
    48.64027718990727,
    49.849392942330816,
    51.675444982418,
    54.56641700061561,
    54.17849659153043,
    56.30569047802578,
    56.192254938878904,
    56.15246215801143,
    58.414799871684785,
    55.931723884990376,
    54.85663343259787,
    55.828026265185315,
    57.668293079771004,
    57.70580818040697,
    60.031731368775134,
    59.54297988078835,
    59.687261983699166,
    59.11726550874495,
    59.99472565081392,
    57.69042773081179,
    57.67532784175537,
    58.17503758382365,
    56.44125498019728,
    57.97848701552667,
    59.460054164025124,
    59.19423896170018,
    59.38952059999676,
    61.51625746018711,
    59.146442203058356,
    58.034527692549446,
    58.22185037169783,
    58.31527684400638,
    57.14356552629067,
    58.276187202299795,
    60.07906186591534,
    57.341945935678886,
    56.96125491628436,
    56.34914357249448,
    54.658417522909225,
    53.90019679115537,
    51.831431318256634,
    51.23292325269845,
    49.79822683866865,
    50.9676917504893,
    51.395890583945615,
    51.05863621298182,
    51.46483514315628,
    52.286742003049824,
    54.33735418421375,
    49.9791626305498,
    49.768103099133754,
    47.809925506116706,
    45.84332416739985,
    47.31933835022575,
    44.0694082493459,
    45.955569604292684,
    45.289541887965505,
    45.46633738645411,
    47.21395501560287,
    50.512430635116395,
    49.75215575309446,
    49.6290710587743,
    51.05440111735474,
    52.113148275156796,
    52.90113787620676,
    50.335285973819545,
    47.49587551876308,
    47.17468984059915,
    44.49260908706367,
    44.84355935983458,
    43.03123418568488,
    43.270689707086845,
    43.57477731844607,
    42.55259942899234,
    45.20473818667027,
    45.663748015327776,
    46.8495658732586,
    47.467165727709414,
    48.74887197366656,
    49.00427838212182,
    50.71362646829671,
    51.6375604290066,
    53.56702951597788,
    53.48436436017138,
    52.18283219336198,
    52.39334820863145,
    51.9069869329822,
    52.72277010405006,
    51.24263661064492,
    52.38562578758532,
    49.308057303405455,
    51.63693767576944,
    53.54579281874512,
    51.70757651984464,
    52.02888348167754,
    51.8653878239206,
    49.8590302252227,
    52.06720098299851,
    53.79983638828542,
    55.281714572331005,
    55.60943818056803,
    57.309620799716825,
    58.20379807038451,
    56.1717293596035,
    57.53939314635734,
    57.054714074711406,
    59.803559339485226,
    58.84053443077333,
    57.56624064834159,
    57.2217013971357,
    58.082868214166155,
    57.83740377301268,
    60.67766218994412,
    61.186992342575444,
    58.94406263458491,
    61.50629096221384,
    62.81618485555456,
    58.38217225933333,
    60.0408943715165,
    60.23772035195124,
    58.93205493137975,
    60.51671718197536,
    61.515735655531905,
    59.00466474110486,
    61.06274173780863,
    63.06744306632206,
    63.39351728324021,
    61.320018300424536,
    62.876160539769714,
    58.67228201756335,
    59.27996089849211,
    59.28287171758965,
    60.89866195108534,
    59.4913733949933,
    56.931436319290114
  ],
  "actions": [],
  "observations": [
    1,
    1,
    1,
    1,
    1,
    1,
    1,
    1,
    1,
    1,
    2,
    2,
    2,
    2,
    2,
    2,
    2,
    2,
    2,
    2,
    1,
    1,
    1,
    1,
    1,
    1,
    1,
    2,
    2,
    2,
    2,
    2,
    2,
    2,
    2,
    2,
    2,
    1,
    2,
    2,
    2,
    1,
    1,
    1,
    1,
    1,
    1,
    2,
    1,
    2,
    1,
    1,
    1,
    2,
    2,
    1,
    1,
    1,
    1,
    1,
    1,
    1,
    1,
    1,
    1,
    1,
    1,
    1,
    1,
    1,
    1,
    2,
    2,
    2,
    2,
    2,
    1,
    2,
    2,
    2,
    2,
    2,
    2,
    2,
    2,
    2,
    2,
    2,
    2,
    2,
    2,
    2,
    2,
    2,
    2,
    2,
    2,
    2,
    2,
    2,
    2,
    2,
    2,
    2,
    1,
    1,
    1,
    1,
    1,
    1,
    1,
    1,
    1,
    1,
    1,
    1,
    1,
    1,
    1,
    1,
    0,
    1,
    1,
    1,
    1,
    1,
    1,
    1,
    1,
    1,
    1,
    1,
    1,
    1,
    0,
    0,
    0,
    0,
    0,
    0,
    1,
    1,
    1,
    1,
    1,
    1,
    1,
    1,
    1,
    1,
    1,
    1,
    1,
    1,
    1,
    1,
    1,
    1,
    1,
    1,
    1,
    1,
    1,
    1,
    1,
    2,
    2,
    2,
    2,
    2,
    2,
    2,
    2,
    2,
    2,
    2,
    2,
    2,
    2,
    2,
    2,
    2,
    2,
    2,
    2,
    2,
    2,
    2,
    2,
    2,
    2,
    2,
    2,
    2,
    2,
    2,
    2,
    2,
    2,
    2
  ],