{
  "timesteps": [
    0,
    1,
    2,
    3,
    4,
    5,
    6,
    7,
    8,
    9,
    10,
    11,
    12,
    13,
    14,
    15,
    16,
    17,
    18,
    19,
    20,
    21,
    22,
    23,
    24,
    25,
    26,
    27,
    28,
    29,
    30,
    31,
    32,
    33,
    34,
    35,
    36,
    37,
    38,
    39,
    40,
    41,
    42,
    43,
    44,
    45,
    46,
    47,
    48,
    49,
    50,
    51,
    52,
    53,
    54,
    55,
    56,
    57,
    58,
    59,
    60,
    61,
    62,
    63,
    64,
    65,
    66,
    67,
    68,
    69,
    70,
    71,
    72,
    73,
    74,
    75,
    76,
    77,
    78,
    79,
    80,
    81,
    82,
    83,
    84,
    85,
    86,
    87,
    88,
    89,
    90,
    91,
    92,
    93,
    94,
    95,
    96,
    97,
    98,
    99,
    100,
    101,
    102,
    103,
    104,
    105,
    106,
    107,
    108,
    109,
    110,
    111,
    112,
    113,
    114,
    115,
    116,
    117,
    118,
    119,
    120,
    121,
    122,
    123,
    124,
    125,
    126,
    127,
    128,
    129,
    130,
    131,
    132,
    133,
    134,
    135,
    136,
    137,
    138,
    139,
    140,
    141,
    142,
    143,
    144,
    145,
    146,
    147,
    148,
    149,
    150,
    151,
    152,
    153,
    154,
    155,
    156,
    157,
    158,
    159,
    160,
    161,
    162,
    163,
    164,
    165,
    166,
    167,
    168,
    169,
    170,
    171,
    172,
    173,
    174,
    175,
    176,
    177,
    178,
    179,
    180,
    181,
    182,
    183,
    184,
    185,
    186,
    187,
    188,
    189,
    190,
    191,
    192,
    193,
    194,
    195,
    196,
    197,
    198,
    199
  ],
  "states": [
    50.0,
    50.661004412371916,
    50.66074543205187,
    50.935537666938494,
    50.6454340280294,
    49.27918194020138,
    49.61483156676458,
    53.26975363549788,
    53.48003780467456,
    53.235401331119476,
    53.82831427789017,
    51.859823283913215,
    53.495036259786076,
    53.55473293787134,
    53.81646076598451,
    53.76649642454988,
    53.603258464806665,
    52.71689298015476,
    51.89207553675494,
    53.19482954249912,
    53.88130932975885,
    54.993983757760176,
    56.113939632518395,
    55.63829311260371,
    55.05231519099795,
    56.01199243935408,
    56.305162983302324,
    57.11933343794059,
    57.08600022929246,
    60.32030850749172,
    60.566422273361056,
    59.1254117987356,
    60.38205248845085,
    60.95289384846604,
    60.435120302832225,
    58.93920306333719,
    58.75147706280521,
    58.098517395914484,
    58.06505349983674,
    58.73694925447792,
    58.361504366207775,
    58.090992078419,
    58.52571672349507,
    57.3763599700977,
    55.376750927534594,
    54.62372292568338,
    55.37381499753455,
    57.481587607897154,
    57.6373954895265,
    55.43679669289379,
    56.18668782428106,
    58.641515722349794,
    56.91328111115603,
    57.60233760546974,
    57.81805932259694,
    58.25259500936333,
    58.3384333319089,
    57.77354589455221,
    57.950877865926785,
    58.010674322970125,
    58.845980909000446,
    59.53205960464229,
    57.80372896957209,
    57.647595784793005,
    56.86657735000785,
    55.43994988211754,
    55.55549927097887,
    54.20083891499127,
    54.086831226412095,
    55.07750462074078,
    54.385811846759395,
    54.62125843661209,
    54.44759674779092,
    55.43224811391591,
    55.52947731969738,
    54.85208043717719,
    53.861192589673486,
    53.04080664248485,
    51.65958440572839,
    53.03299584396351,
    54.288947041704816,
    53.753092192790014,
    54.18906295058329,
    53.39926882241307,
    51.74522883816965,
    51.36424357983519,
    54.14228443707883,
    55.204535381179376,
    55.465875123947335,
    55.0730165036262,
    54.787952900646665,
    55.44688192254356,
    54.92610623133554,
    53.29508082837266,
    53.41452453435793,
    52.37243780015017,
    52.00822264667345,
    52.027376284774355,
    51.795655983976786,
    50.68030167162021,
    50.01176107694835,
    49.61975058836368,
    50.71486119881979,
    50.376825488417865,
    48.82561463520186,
    49.67576670763795,
    50.14148036203903,
    48.437598010958084,
    51.43262074217893,
    53.69246618011224,
    52.840823621581784,
    53.117738856342044,
    51.423728894777696,
    53.4297788539553,
    53.15865993502368,
    53.27652583183306,
    53.686789593284594,
    51.823919299534246,
    51.529604663591634,
    50.79850230545069,
    50.98987377490596,
    49.03354022719273,
    49.15154025312124,
    49.4724329508152,
    48.90268298465589,
    47.13533224922008,
    45.23742716809144,
    44.59361587857139,
    45.358799878792176,
    43.194735561820735,
    43.28467195838913,
    42.809101627240466,
    42.448974337751366,
    41.402705749908364,
    40.87618445756641,
    40.893210764737915,
    39.29222539610459,
    37.930318127902964,
    38.50359047807939,
    36.62913000428091,
    34.82755877187079,
    36.58662227628717,
    35.57392575495237,
    35.11234956173473,
    33.83034123974191,
    33.42322355896134,
    33.07096586435143,
    32.13348901791935,
    32.95848531908877,
    33.90278188037786,
    33.67333557325239,
    32.752851941549224,
    33.8156333866931,
    32.926525008196265,
    32.265500294921935,
    31.462775989070984,
    30.940076409663888,
    30.914034117835318,
    30.536613339909305,
    30.086410392083167,
    29.575524608827916,
    28.224376347521407,
    27.18641765155349,
    26.677137785722422,
    26.541657199444657,
    26.2728252204185,
    26.74544592413331,
    28.650458233777158,
    28.017736988025046,
    29.118424080891863,
    31.585546485136028,
    31.871086526591412,
    30.143830833049776,
    30.53794203237595,
    30.18111290424925,
    31.725206080989903,
    31.433768544226037,
    33.06480474575781,
    31.786827439057927,
    30.429021338610006,
    29.19238848786127,
    26.945634895095363,
    25.893225732672136,
    26.032322056036417,
    26.933346789424625,
    24.728601671251827,
    25.98486475155406,
    26.993886117477526,
    25.626020296811998,
    27.13665086660195,
    25.10376197782591,
    26.168846994074123,
    26.98816027006635,
    28.655662753552317,
    28.779127725766276,
    30.572563056636707,
    31.473071287947793,
    31.93522525459967,
    32.07635053329324,
    31.815927826594557,
    32.24174076590893
  ],
  "actions": [],
  "observations": [
    1,
    1,
    1,
    1,
    1,
    1,
    1,
    1,
    1,
    1,
    1,
    1,
    1,
    1,
    1,
    1,
    1,
    1,
    1,
    1,
    1,
    1,
    2,
    2,
    2,
    2,
    2,
    2,
    2,
    2,
    2,
    2,
    2,
    2,
    2,
    2,
    2,
    2,
    2,
    2,
    2,
    2,
    2,
    2,
    2,
    1,
    2,
    2,
    2,
    2,
    2,
    2,
    2,
    2,
    2,
    2,
    2,
    2,
    2,
    2,
    2,
    2,
    2,
    2,
    2,
    2,
    2,
    1,
    1,
    2,
    1,
    1,
    1,
    2,
    2,
    1,
    1,
    1,
    1,
    1,
    1,
    1,
    1,
    1,
    1,
    1,
    1,
    2,
    2,
    2,
    1,
    2,
    1,
    1,
    1,
    1,
    1,
    1,
    1,
    1,
    1,
    1,
    1,
    1,
    1,
    1,
    1,
    1,
    1,
    1,
    1,
    1,
    1,
    1,
    1,
    1,
    1,
    1,
    1,
    1,
    1,
    1,
    1,
    1,
    1,
    1,
    1,
    0,
    1,
    0,
    0,
    0,
    0,
    0,
    0,
    0,
    0,
    0,
    0,
    0,
    0,
    0,
    0,
    0,
    0,
    0,
    0,
    0,
    0,
    0,
    0,
    0,
    0,
    0,
    0,
    0,
    0,
    0,
    0,
    0,
    0,
    0,
    0,
    0,
    0,
    0,
    0,
    0,
    0,
    0,
    0,
    0,
    0,
    0,
    0,
    0,
    0,
    0,
    0,
    0,
    0,
    0,
    0,
    0,
    0,
    0,
    0,
    0,
    0,
    0,
    0,
    0,
    0,
    0,
    0,
    0,
    0,
    0,
    0,
    0
  ],