{
  "timesteps": [
    0,
    1,
    2,
    3,
    4,
    5,
    6,
    7,
    8,
    9,
    10,
    11,
    12,
    13,
    14,
    15,
    16,
    17,
    18,
    19,
    20,
    21,
    22,
    23,
    24,
    25,
    26,
    27,
    28,
    29,
    30,
    31,
    32,
    33,
    34,
    35,
    36,
    37,
    38,
    39,
    40,
    41,
    42,
    43,
    44,
    45,
    46,
    47,
    48,
    49,
    50,
    51,
    52,
    53,
    54,
    55,
    56,
    57,
    58,
    59,
    60,
    61,
    62,
    63,
    64,
    65,
    66,
    67,
    68,
    69,
    70,
    71,
    72,
    73,
    74,
    75,
    76,
    77,
    78,
    79,
    80,
    81,
    82,
    83,
    84,
    85,
    86,
    87,
    88,
    89,
    90,
    91,
    92,
    93,
    94,
    95,
    96,
    97,
    98,
    99,
    100,
    101,
    102,
    103,
    104,
    105,
    106,
    107,
    108,
    109,
    110,
    111,
    112,
    113,
    114,
    115,
    116,
    117,
    118,
    119,
    120,
    121,
    122,
    123,
    124,
    125,
    126,
    127,
    128,
    129,
    130,
    131,
    132,
    133,
    134,
    135,
    136,
    137,
    138,
    139,
    140,
    141,
    142,
    143,
    144,
    145,
    146,
    147,
    148,
    149,
    150,
    151,
    152,
    153,
    154,
    155,
    156,
    157,
    158,
    159,
    160,
    161,
    162,
    163,
    164,
    165,
    166,
    167,
    168,
    169,
    170,
    171,
    172,
    173,
    174,
    175,
    176,
    177,
    178,
    179,
    180,
    181,
    182,
    183,
    184,
    185,
    186,
    187,
    188,
    189,
    190,
    191,
    192,
    193,
    194,
    195,
    196,
    197,
    198,
    199
  ],
  "states": [
    50.0,
    51.34706396780191,
    51.36920829313161,
    49.34723129236798,
    47.92408814326435,
    47.6630922264548,
    50.71055520791678,
    51.2812729393914,
    50.99746629553179,
    51.215363832563796,
    51.157844589124444,
    50.23846667305566,
    48.59234200710714,
    51.65068372449411,
    50.937798250727,
    51.49916884177409,
    51.69915706390835,
    50.964967786412764,
    51.080206177718715,
    49.27274482474187,
    49.194196976353275,
    48.74894984956183,
    48.55634831175398,
    49.23008213201882,
    48.977609673591765,
    47.69669072061162,
    49.05595031677702,
    47.36595978820369,
    45.11086205941234,
    44.66876846653407,
    44.13162033434576,
    43.12445306448042,
    45.3808480543686,
    46.280900275416855,
    45.087590858593344,
    42.852413168034694,
    41.605140077503584,
    42.5197497817707,
    42.47822634320395,
    43.18193462381291,
    39.956450002938354,
    39.07241417685352,
    38.56321172416765,
    36.84372958143494,
    36.54777069517142,
    37.00384935080955,
    38.39751789431802,
    39.19252586715765,
    39.739106571758036,
    39.954804094393516,
    40.317891147555144,
    40.75274368236715,
    39.32350351993922,
    38.88163484483907,
    37.95732739386581,
    37.90729816523559,
    37.778043247343085,
    35.658491956876986,
    36.14296137712956,
    37.39742919459545,
    37.99109997285018,
    36.38652880394649,
    37.43387137093085,
    37.33683197265501,
    40.239453504216264,
    39.96469873548395,
    40.85510216494576,
    42.37740345407806,
    41.99092301741586,
    41.49420784835773,
    42.503645048212626,
    42.82585212761441,
    43.4865912581125,
    43.31926210778491,
    44.334096888336404,
    44.3744945897166,
    43.60566254103662,
    44.54352433718264,
    43.03647716295898,
    42.72166670036354,
    42.36329175331299,
    40.937651137249226,
    41.423621991224515,
    39.94369982620343,
    39.51404902770701,
    38.986724039647164,
    39.63356690875999,
    40.89907503363733,
    39.9123040324584,
    38.673852019487654,
    37.8235034732913,
    40.82820849902297,
    40.049129295739476,
    41.66942752613372,
    39.65015473176558,
    40.09853555758116,
    41.497304518752294,
    40.23192148252665,
    41.80977038927831,
    42.00001794140496,
    41.34186589649384,
    42.33347892356738,
    44.86256837746378,
    47.165871819614026,
    46.59087582140085,
    46.49320816439837,
    43.98597939837325,
    43.61743851223225,
    45.47791155878295,
    46.093574938759296,
    45.75251146839117,
    45.38861257350471,
    44.072191734941974,
    43.47728826618722,
    44.13874849318751,
    45.05513110806973,
    43.8005792326694,
    42.18616387777261,
    43.386262668584465,
    44.60519247173654,
    43.528686481781115,
    43.21740218446675,
    42.47291785972235,
    40.456423609740696,
    39.59380489113138,
    38.421405480527525,
    36.6932676500907,
    37.9857019977739,
    38.366070655407164,
    40.06257849875004,
    38.17430231727402,
    38.93020836584634,
    40.000381768296805,
    39.58230019166019,
    38.77929202259489,
    38.17068941780642,
    38.70905342595585,
    37.021503925283106,
    38.15830687626042,
    37.54404502127535,
    36.516635469509794,
    36.333037322326255,
    35.595951020506725,
    34.8319352753006,
    34.14229874019426,
    34.69601034869101,
    33.54344207562258,
    33.98724893435111,
    32.49645081871982,
    32.61342785835006,
    32.95004256402688,
    33.08973613050799,
    32.77834147562016,
    35.12786073154256,
    35.472551826638984,
    34.58461221547317,
    34.41991528377306,
    35.89357103660773,
    36.6424812156703,
    34.59259873183641,
    34.72856190988337,
    33.865462958376334,
    34.02210572379464,
    32.972244772536136,
    33.97030247374255,
    36.2137918267456,
    35.77006468517748,
    35.56274339019137,
    36.294920739531534,
    34.567767186968936,
    32.09840333198544,
    33.30372908275324,
    34.60302410188201,
    34.92798685510131,
    36.83302093056092,
    35.928140128362585,
    35.13773125641241,
    34.346519743079455,
    35.11797443310166,
    34.041155508793196,
    34.03335359209021,
    32.10375402542258,
    32.701742231442715,
    31.081623600079567,
    30.431696717025876,
    29.967023944312654,
    28.94341982785471,
    29.657798239725473,
    30.79436742198461,
    32.34097319484076,
    34.74601068125567,
    33.56364602748787,
    32.97208455708898,
    31.11882275085754,
    31.642088612280062,
    32.88918437354477,
    32.64194414708804,
    30.866827576463457,
    28.879680499835967,
    28.217066317408793,
    29.648063032796824
  ],
  "actions": [],
  "observations": [
    1,
    1,
    1,
    1,
    1,
    1,
    1,
    1,
    1,
    1,
    1,
    1,
    1,
    1,
    1,
    1,
    1,
    1,
    1,
    1,
    1,
    1,
    1,
    1,
    1,
    1,
    1,
    1,
    1,
    0,
    0,
    0,
    1,
    1,
    1,
    0,
    0,
    0,
    0,
    0,
    0,
    0,
    0,
    0,
    0,
    0,
    0,
    0,
    0,
    0,
    0,
    0,
    0,
    0,
    0,
    0,
    0,
    0,
    0,
    0,
    0,
    0,
    0,
    0,
    0,
    0,
    0,
    0,
    0,
    0,
    0,
    0,
    0,
    0,
    0,
    0,
    0,
    0,
    0,
    0,
    0,
    0,
    0,
    0,
    0,
    0,
    0,
    0,
    0,
    0,
    0,
    0,
    0,
    0,
    0,
    0,
    0,
    0,
    0,
    0,
    0,
    0,
    0,
    1,
    1,
    1,
    0,
    0,
    1,
    1,
    1,
    1,
    0,
    0,
    0,
    1,
    0,
    0,
    0,
    0,
    0,
    0,
    0,
    0,
    0,
    0,
    0,
    0,
    0,
    0,
    0,
    0,
    0,
    0,
    0,
    0,
    0,
    0,
    0,
    0,
    0,
    0,
    0,
    0,
    0,
    0,
    0,
    0,
    0,
    0,
    0,
    0,
    0,
    0,
    0,
    0,
    0,
    0,
    0,
    0,
    0,
    0,
    0,
    0,
    0,
    0,
    0,
    0,
    0,
    0,
    0,
    0,
    0,
    0,
    0,
    0,
    0,
    0,
    0,
    0,
    0,
    0,
    0,
    0,
    0,
    0,
    0,
    0,
    0,
    0,
    0,
    0,
    0,
    0,
    0,
    0,
    0,
    0,
    0,
    0
  ],