{
  "timesteps": [
    0,
    1,
    2,
    3,
    4,
    5,
    6,
    7,
    8,
    9,
    10,
    11,
    12,
    13,
    14,
    15,
    16,
    17,
    18,
    19,
    20,
    21,
    22,
    23,
    24,
    25,
    26,
    27,
    28,
    29,
    30,
    31,
    32,
    33,
    34,
    35,
    36,
    37,
    38,
    39,
    40,
    41,
    42,
    43,
    44,
    45,
    46,
    47,
    48,
    49,
    50,
    51,
    52,
    53,
    54,
    55,
    56,
    57,
    58,
    59,
    60,
    61,
    62,
    63,
    64,
    65,
    66,
    67,
    68,
    69,
    70,
    71,
    72,
    73,
    74,
    75,
    76,
    77,
    78,
    79,
    80,
    81,
    82,
    83,
    84,
    85,
    86,
    87,
    88,
    89,
    90,
    91,
    92,
    93,
    94,
    95,
    96,
    97,
    98,
    99,
    100,
    101,
    102,
    103,
    104,
    105,
    106,
    107,
    108,
    109,
    110,
    111,
    112,
    113,
    114,
    115,
    116,
    117,
    118,
    119,
    120,
    121,
    122,
    123,
    124,
    125,
    126,
    127,
    128,
    129,
    130,
    131,
    132,
    133,
    134,
    135,
    136,
    137,
    138,
    139,
    140,
    141,
    142,
    143,
    144,
    145,
    146,
    147,
    148,
    149,
    150,
    151,
    152,
    153,
    154,
    155,
    156,
    157,
    158,
    159,
    160,
    161,
    162,
    163,
    164,
    165,
    166,
    167,
    168,
    169,
    170,
    171,
    172,
    173,
    174,
    175,
    176,
    177,
    178,
    179,
    180,
    181,
    182,
    183,
    184,
    185,
    186,
    187,
    188,
    189,
    190,
    191,
    192,
    193,
    194,
    195,
    196,
    197,
    198,
    199
  ],
  "states": [
    50.0,
    47.827449867352136,
    49.29999548547469,
    49.74281997256909,
    50.36296565942776,
    50.19675818948401,
    50.91774639141844,
    51.445452371476044,
    50.05968399439101,
    52.04575944802586,
    52.287401983147596,
    50.02072409351287,
    48.828356189359916,
    48.03636371092348,
    50.01323773369472,
    51.15785116268998,
    50.620850579303784,
    48.38289093495046,
    48.39504181335444,
    48.680649935209445,
    48.02035223111372,
    48.01577194251079,
    47.60451051046309,
    48.378691639949785,
    47.10061547700661,
    48.14168996435748,
    48.97668612373331,
    50.568418671961346,
    48.929601346121096,
    49.63209469527834,
    50.327646652621574,
    51.44041465741847,
    50.20885020585372,
    52.03237041563922,
    51.250444855922545,
    51.06684602501211,
    52.33550690736247,
    51.859904712314304,
    50.6481681408305,
    50.43296906098015,
    48.04909026398952,
    49.76131565978684,
    50.95048569366056,
    51.22427201686622,
    50.885950998152644,
    49.527985952749724,
    49.680411565622826,
    48.308719309950696,
    48.68702903157591,
    47.32334787974085,
    48.7624977837079,
    48.075144296537744,
    47.04645587191664,
    49.699073039425556,
    50.01566930315329,
    49.2934377668104,
    50.16719283071028,
    51.208338710579255,
    50.6348836330701,
    51.7721603978782,
    49.66560145067799,
    48.350994808752894,
    46.96471307982501,
    45.3572430343049,
    46.43836815272118,
    48.780693035573556,
    49.875493723603995,
    51.45412272340413,
    51.649575119782085,
    51.381984592752865,
    51.840829585276495,
    51.74714672107025,
    51.759444854683366,
    50.38316398424031,
    49.74859916403851,
    50.89995283368538,
    48.665918782013186,
    48.43336504395162,
    51.85100310351435,
    52.23308193036261,
    53.41801203047817,
    53.962241781258136,
    52.547984288134145,
    53.69624664465769,
    55.047704904738865,
    55.89620416667377,
    56.763545669617784,
    56.193105650426375,
    56.756938395340036,
    55.84863777392932,
    57.211524704953554,
    57.29804097971605,
    56.96755757655771,
    54.76256509822572,
    55.39180437827157,
    55.98795434523885,
    53.56087472799078,
    54.43095157385681,
    54.67792077306715,
    54.26459084033594,
    55.52813907920529,
    55.79525260994678,
    58.01642501828542,
    58.2217799468738,
    60.46588234593176,
    60.24074406484368,
    61.77014036752665,
    62.81270642607675,
    63.033851360635694,
    62.59105105897823,
    62.954512147092835,
    62.93572625926613,
    61.52710114536661,
    62.337493236460574,
    64.13671782907056,
    61.364760163733855,
    60.237382644144276,
    58.70088357456161,
    59.88286244698579,
    60.116983350942256,
    60.40151043421949,
    62.8389305764386,
    61.41154508991095,
    63.456002124388476,
    65.31193585482485,
    64.35985237250004,
    64.99642861887997,
    64.05710008410745,
    65.36632353113055,
    65.82512312442206,
    66.0343118865723,
    65.8332694448914,
    64.67088572434244,
    66.02954856127266,
    66.95599096772581,
    67.42424638371168,
    66.94069480078875,
    67.9695656307066,
    68.30972030099986,
    68.02268747818385,
    66.73266784563889,
    66.9515168927783,
    66.46512828858562,
    65.8254388800235,
    63.819929383467624,
    65.0481483796092,
    66.53372513492597,
    67.9472731118577,
    67.98707095622764,
    70.04069712042926,
    70.51286659124797,
    71.51902460211541,
    69.80207640988131,
    69.38662330042621,
    70.22542629952149,
    68.47251027213558,
    69.3373926802058,
    70.69837519208596,
    71.323838627873,
    71.00497589548547,
    70.86651988075309,
    71.77934744338982,
    72.20012116651453,
    70.97392520481888,
    71.91545144830664,
    72.20022338187067,
    70.94921677343241,
    70.64076901338345,
    69.84876710365907,
    68.91181810060925,
    68.59062039932395,
    69.72137380064433,
    68.60625124497301,
    71.04887649991015,
    71.12576814530071,
    73.08813261529347,
    70.70276005303266,
    71.2711399176919,
    69.94883221402604,
    69.99454092443696,
    71.63978199815642,
    70.91948609595607,
    71.55055157766319,
    72.54146143743108,
    72.21336316440185,
    72.03610230650223,
    71.71555208108212,
    72.20450068269622,
    70.06754049145488,
    69.96930299455968,
    70.15966491957815,
    69.0579953290019,
    67.9730292066876,
    67.82782263329851,
    68.55503707083412,
    67.21103425758386,
    67.3455865836411,
    66.9287390559625,
    68.71759168607286,
    70.15041043040449,
    70.1121957978383
  ],
  "actions": [],
  "observations": [
    1,
    1,
    1,
    1,
    1,
    1,
    1,
    1,
    1,
    1,
    1,
    1,
    1,
    1,
    1,
    1,
    1,
    1,
    1,
    1,
    1,
    1,
    1,
    1,
    1,
    1,
    1,
    1,
    1,
    1,
    1,
    1,
    1,
    1,
    1,
    1,
    1,
    1,
    1,
    1,
    1,
    1,
    1,
    1,
    1,
    1,
    1,
    1,
    1,
    1,
    1,
    1,
    1,
    1,
    1,
    1,
    1,
    1,
    1,
    1,
    1,
    1,
    1,
    1,
    1,
    1,
    1,
    1,
    1,
    1,
    1,
    1,
    1,
    1,
    1,
    1,
    1,
    1,
    1,
    1,
    1,
    1,
    1,
    1,
    2,
    2,
    2,
    2,
    2,
    2,
    2,
    2,
    2,
    1,
    2,
    2,
    1,
    1,
    1,
    1,
    2,
    2,
    2,
    2,
    2,
    2,
    2,
    2,
    2,
    2,
    2,
    2,
    2,
    2,
    2,
    2,
    2,
    2,
    2,
    2,
    2,
    2,
    2,
    2,
    2,
    2,
    2,
    2,
    2,
    2,
    2,
    2,
    2,
    2,
    2,
    2,
    2,
    2,
    2,
    2,
    2,
    2,
    2,
    2,
    2,
    2,
    2,
    2,
    2,
    2,
    2,
    2,
    2,
    2,
    2,
    2,
    2,
    2,
    2,
    2,
    2,
    2,
    2,
    2,
    2,
    2,
    2,
    2,
    2,
    2,
    2,
    2,
    2,
    2,
    2,
    2,
    2,
    2,
    2,
    2,
    2,
    2,
    2,
    2,
    2,
    2,
    2,
    2,
    2,
    2,
    2,
    2,
    2,
    2,
    2,
    2,
    2,
    2,
    2,
    2
  ],