{
  "timesteps": [
    0,
    1,
    2,
    3,
    4,
    5,
    6,
    7,
    8,
    9,
    10,
    11,
    12,
    13,
    14,
    15,
    16,
    17,
    18,
    19,
    20,
    21,
    22,
    23,
    24,
    25,
    26,
    27,
    28,
    29,
    30,
    31,
    32,
    33,
    34,
    35,
    36,
    37,
    38,
    39,
    40,
    41,
    42,
    43,
    44,
    45,
    46,
    47,
    48,
    49,
    50,
    51,
    52,
    53,
    54,
    55,
    56,
    57,
    58,
    59,
    60,
    61,
    62,
    63,
    64,
    65,
    66,
    67,
    68,
    69,
    70,
    71,
    72,
    73,
    74,
    75,
    76,
    77,
    78,
    79,
    80,
    81,
    82,
    83,
    84,
    85,
    86,
    87,
    88,
    89,
    90,
    91,
    92,
    93,
    94,
    95,
    96,
    97,
    98,
    99,
    100,
    101,
    102,
    103,
    104,
    105,
    106,
    107,
    108,
    109,
    110,
    111,
    112,
    113,
    114,
    115,
    116,
    117,
    118,
    119,
    120,
    121,
    122,
    123,
    124,
    125,
    126,
    127,
    128,
    129,
    130,
    131,
    132,
    133,
    134,
    135,
    136,
    137,
    138,
    139,
    140,
    141,
    142,
    143,
    144,
    145,
    146,
    147,
    148,
    149,
    150,
    151,
    152,
    153,
    154,
    155,
    156,
    157,
    158,
    159,
    160,
    161,
    162,
    163,
    164,
    165,
    166,
    167,
    168,
    169,
    170,
    171,
    172,
    173,
    174,
    175,
    176,
    177,
    178,
    179,
    180,
    181,
    182,
    183,
    184,
    185,
    186,
    187,
    188,
    189,
    190,
    191,
    192,
    193,
    194,
    195,
    196,
    197,
    198,
    199
  ],
  "states": [
    50.0,
    49.96600594516919,
    49.86898023316874,
    49.81496172337237,
    49.87545671836396,
    49.88315350034428,
    49.82807446273727,
    49.957786653944986,
    49.81234811543063,
    49.95953737761215,
    49.83332703915957,
    49.99835669493832,
    49.98024052154162,
    50.015393705642076,
    49.85455423487094,
    49.93904520770913,
    49.90216320168314,
    49.95922534736509,
    50.19929322855061,
    50.125902563672774,
    49.85131513166646,
    49.77511607585209,
    49.89969198396466,
    49.83699622936693,
    49.80368423206412,
    49.78575003409862,
    49.73038354396758,
    49.597994847326426,
    49.66161880772473,
    49.76103397608664,
    49.85485251792146,
    49.815040554184705,
    49.76742999796242,
    49.89229602228466,
    49.911505495147026,
    49.901630279333055,
    49.846490337910495,
    49.93922777084216,
    49.92427541132135,
    50.01725251209608,
    50.18501975317294,
    50.16804015756093,
    50.032077237233125,
    49.94193522407635,
    49.9533829860156,
    49.894744650129596,
    49.87257745054242,
    49.97445597860092,
    50.064426429232505,
    50.101302017872854,
    50.1359881484569,
    50.20036722803116,
    50.092990207966935,
    50.095185610598726,
    50.08263180486119,
    49.936267329562405,
    49.94041353849093,
    49.84341518385787,
    49.99864973540659,
    49.84719022869353,
    49.95694876210737,
    49.85237820177804,
    50.05528009677877,
    50.00979828435271,
    49.955779939270094,
    49.983165296907636,
    49.98771640226683,
    50.02178574084102,
    49.90972622655178,
    49.98289966080707,
    50.123283539136025,
    50.209176046716024,
    50.3294709954923,
    50.37519618587984,
    50.22467894497774,
    50.12572914273301,
    50.169136028980496,
    50.18753567204849,
    50.39789669273617,
    50.42738527658277,
    50.438876762646956,
    50.41068096359447,
    50.531567637067056,
    50.61095931197953,
    50.43393627276904,
    50.42313108838771,
    50.54781934464401,
    50.46580422401828,
    50.32658283766515,
    50.20487817522962,
    50.13567176275199,
    50.12453376530947,
    50.265067158891185,
    50.36184513080386,
    50.29713119057252,
    50.33539378951901,
    50.24269694035258,
    50.43009172108756,
    50.37055707373862,
    50.2697808354598,
    50.23001644096152,
    50.3999717816064,
    50.69355775279866,
    50.59775448403137,
    50.588226381431156,
    50.45962446765272,
    50.46131881811803,
    50.55735242930196,
    50.7142646527681,
    50.718744588435875,
    50.60786269012949,
    50.631332349264845,
    50.65615777515558,
    50.52476996627304,
    50.477301881056164,
    50.345230028415784,
    50.2816035025131,
    50.50893563322925,
    50.53436832144472,
    50.5841105174034,
    50.629483592492136,
    50.80058119696853,
    50.83530013269164,
    50.829609906604105,
    51.04830897090025,
    51.17800863332899,
    51.31283811454051,
    51.3024155448869,
    51.28825703019078,
    51.346621450568655,
    51.337290315704834,
    51.41513872787502,
    51.326481969634294,
    51.18775981017301,
    51.282876784704065,
    51.2529659625888,
    51.19214766825543,
    51.25378700905032,
    51.22008902550161,
    51.33115778059338,
    51.2533585750801,
    51.346411702948195,
    51.369857760979826,
    51.44776368048402,
    51.4820747574339,
    51.15471289626202,
    51.13872626436804,
    51.216778169780106,
    51.2209006857017,
    51.28935448659701,
    51.076937619249556,
    51.07209646562118,
    51.15987353772202,
    51.19039766178833,
    51.16611883734023,
    51.20535488144325,
    51.124643128621145,
    51.12059414497426,
    50.94839179210637,
    50.98789453231498,
    51.07231381606818,
    51.187730609685815,
    51.21221878499946,
    51.30052151532496,
    51.31370643474774,
    51.23660697256223,
    51.25733139333913,
    51.51598477458729,
    51.61629763522183,
    51.6199390108906,
    51.6348671163225,
    51.46656752361081,
    51.26083201442484,
    51.36825133046667,
    51.43421369843616,
    51.377998941554495,
    51.392919030024956,
    51.35363159640879,
    51.40345811219577,
    51.550684087863665,
    51.678475807694106,
    51.70401273404902,
    51.82795613558875,
    51.78140410352635,
    51.74412046181092,
    51.70903856307206,
    51.66866793497033,
    51.580979034509554,
    51.767539299928934,
    51.79284974851068,
    51.835571398223294,
    51.95235800731768,
    51.89128080996403,
    51.787801296930255,
    51.749280904306076,
    51.75504397918647,
    51.76957095201052,
    51.744400812538245,
    51.708635543354426,
    51.74012908554059,
    51.80596341522667
  ],
  "actions": [],
  "observations": [
    1,
    1,
    1,
    1,
    1,
    1,
    1,
    1,
    1,
    1,
    1,
    1,
    1,
    1,
    1,
    1,
    1,
    1,
    1,
    1,
    1,
    1,
    1,
    1,
    1,
    1,
    1,
    1,
    1,
    1,
    1,
    1,
    1,
    1,
    1,
    1,
    1,
    1,
    1,
    1,
    1,
    1,
    1,
    1,
    1,
    1,
    1,
    1,
    1,
    1,
    1,
    1,
    1,
    1,
    1,
    1,
    1,
    1,
    1,
    1,
    1,
    1,
    1,
    1,
    1,
    1,
    1,
    1,
    1,
    1,
    1,
    1,
    1,
    1,
    1,
    1,
    1,
    1,
    1,
    1,
    1,
    1,
    1,
    1,
    1,
    1,
    1,
    1,
    1,
    1,
    1,
    1,
    1,
    1,
    1,
    1,
    1,
    1,
    1,
    1,
    1,
    1,
    1,
    1,
    1,
    1,
    1,
    1,
    1,
    1,
    1,
    1,
    1,
    1,
    1,
    1,
    1,
    1,
    1,
    1,
    1,
    1,
    1,
    1,
    1,
    1,
    1,
    1,
    1,
    1,
    1,
    1,
    1,
    1,
    1,
    1,
    1,
    1,
    1,
    1,
    1,
    1,
    1,
    1,
    1,
    1,
    1,
    1,
    1,
    1,
    1,
    1,
    1,
    1,
    1,
    1,
    1,
    1,
    1,
    1,
    1,
    1,
    1,
    1,
    1,
    1,
    1,
    1,
    1,
    1,
    1,
    1,
    1,
    1,
    1,
    1,
    1,
    1,
    1,
    1,
    1,
    1,
    1,
    1,
    1,
    1,
    1,
    1,
    1,
    1,
    1,
    1,
    1,
    1,
    1,
    1,
    1,
    1,
    1,
    1
  ],