{
  "timesteps": [
    0,
    1,
    2,
    3,
    4,
    5,
    6,
    7,
    8,
    9,
    10,
    11,
    12,
    13,
    14,
    15,
    16,
    17,
    18,
    19,
    20,
    21,
    22,
    23,
    24,
    25,
    26,
    27,
    28,
    29,
    30,
    31,
    32,
    33,
    34,
    35,
    36,
    37,
    38,
    39,
    40,
    41,
    42,
    43,
    44,
    45,
    46,
    47,
    48,
    49,
    50,
    51,
    52,
    53,
    54,
    55,
    56,
    57,
    58,
    59,
    60,
    61,
    62,
    63,
    64,
    65,
    66,
    67,
    68,
    69,
    70,
    71,
    72,
    73,
    74,
    75,
    76,
    77,
    78,
    79,
    80,
    81,
    82,
    83,
    84,
    85,
    86,
    87,
    88,
    89,
    90,
    91,
    92,
    93,
    94,
    95,
    96,
    97,
    98,
    99,
    100,
    101,
    102,
    103,
    104,
    105,
    106,
    107,
    108,
    109,
    110,
    111,
    112,
    113,
    114,
    115,
    116,
    117,
    118,
    119,
    120,
    121,
    122,
    123,
    124,
    125,
    126,
    127,
    128,
    129,
    130,
    131,
    132,
    133,
    134,
    135,
    136,
    137,
    138,
    139,
    140,
    141,
    142,
    143,
    144,
    145,
    146,
    147,
    148,
    149,
    150,
    151,
    152,
    153,
    154,
    155,
    156,
    157,
    158,
    159,
    160,
    161,
    162,
    163,
    164,
    165,
    166,
    167,
    168,
    169,
    170,
    171,
    172,
    173,
    174,
    175,
    176,
    177,
    178,
    179,
    180,
    181,
    182,
    183,
    184,
    185,
    186,
    187,
    188,
    189,
    190,
    191,
    192,
    193,
    194,
    195,
    196,
    197,
    198,
    199
  ],
  "states": [
    50.0,
    49.972610963313585,
    50.11729380215305,
    50.15312005359604,
    50.20127285809177,
    50.149488518759306,
    50.05821484656709,
    49.87627158938323,
    49.85984939574408,
    49.766069451735135,
    49.95405278742409,
    50.03849335385587,
    50.15245736875281,
    50.10549864856848,
    50.07653814613495,
    49.9959255517389,
    50.09914197423599,
    50.16977580286242,
    49.97704889449045,
    50.05173992479877,
    50.14473210683971,
    50.23812391976455,
    50.24010069051174,
    50.00084648652605,
    50.087202629026336,
    50.012690519728594,
    50.03247973009134,
    49.997318810387824,
    49.866083310807696,
    49.71535293956356,
    49.72662469523643,
    50.021439521235074,
    50.24234076271411,
    50.26527860723727,
    50.4668257341001,
    50.389655987766425,
    50.35271541677087,
    50.18173449229829,
    50.21777380616272,
    50.24255078057683,
    50.17531362979087,
    49.95280856423712,
    49.91411453605269,
    49.93223854339031,
    49.87316321849321,
    49.840918812194325,
    49.75272688015649,
    49.85125165325985,
    49.862827958008076,
    49.92389335932619,
    49.88787125510649,
    49.78660766140353,
    49.65724890624761,
    49.604112422816435,
    49.65164056927225,
    49.57603422320686,
    49.553426675917564,
    49.49223162748258,
    49.731645551646196,
    49.574665929441295,
    49.665204139724594,
    49.61998232072362,
    49.72225103505713,
    49.69182894989628,
    49.745114461460446,
    49.94580852293981,
    49.77404943260178,
    49.986813179358876,
    49.90608279261059,
    49.86770523310596,
    49.71792378324658,
    49.74905428120656,
    49.751762757120936,
    49.84385446626076,
    49.85950104975025,
    49.7070847702955,
    49.54422908953409,
    49.8025731794097,
    49.753097051849906,
    49.62862078866199,
    49.68980631896696,
    49.61102340280376,
    49.46002795858131,
    49.42060211191576,
    49.46194350209105,
    49.3277019227172,
    49.349495665592634,
    49.37029701382968,
    49.31865801277816,
    49.244821290376485,
    49.29591801320406,
    49.344316796200445,
    49.360754697400715,
    49.43907302917044,
    49.42895338210096,
    49.30092857557651,
    49.47503816204218,
    49.368466699930764,
    49.29008666967864,
    49.370996837217135,
    49.42342997221704,
    49.31150800703772,
    49.22400840815908,
    49.35952993281109,
    49.44535778035983,
    49.43346217312561,
    49.49109824606551,
    49.5107618899887,
    49.418125250987096,
    49.4589987930806,
    49.44842931780949,
    49.444454560605394,
    49.54271572278001,
    49.416945226069075,
    49.3428554300997,
    49.314634840793886,
    49.250803885847056,
    49.197902807078144,
    49.19152081828312,
    49.177257771985026,
    49.124129267822255,
    49.23811146493809,
    49.34851066963433,
    49.437507329708616,
    49.53147953477942,
    49.726415193558736,
    49.67561315037778,
    49.631419494168455,
    49.683579676408804,
    49.79167594448265,
    49.745528302216236,
    49.71020466044097,
    49.73608665767209,
    49.84673418533215,
    49.74275216833727,
    49.53468630483856,
    49.57587231928602,
    49.648381594834376,
    49.61319936843302,
    49.74855453731872,
    49.50379704452078,
    49.61358512916664,
    49.61582541157115,
    49.65282569686324,
    49.66821564337068,
    49.92784902939042,
    50.06268340156676,
    50.005401543967174,
    49.86949089940469,
    49.836493331334374,
    49.93441438050329,
    49.82009860277015,
    49.86011433428585,
    49.77804869584513,
    49.83869562704838,
    49.88980488086047,
    49.83158402610084,
    49.96443612876969,
    50.00425524478678,
    50.09879258752124,
    50.114823672797606,
    50.01788518376211,
    50.20469480134839,
    50.244471087922186,
    50.367964124206445,
    50.19667335744645,
    50.15731144094563,
    50.11455420149257,
    50.22110283645669,
    50.35736714103527,
    50.302802908021874,
    50.3914158449694,
    50.43573391440524,
    50.57197547563568,
    50.67467199719116,
    50.688594860562105,
    50.658338423102904,
    50.6920852775078,
    50.73462200048648,
    50.69402191791273,
    50.805401892714244,
    50.624297446410516,
    50.51425303783836,
    50.45014379771047,
    50.46714531763602,
    50.373860398553006,
    50.42506479648104,
    50.52862034019424,
    50.60214613018232,
    50.79250585135597,
    50.58580061351017,
    50.55426957285021,
    50.50220233761192,
    50.546916074536306,
    50.597820933738426,
    50.65892104076898,
    50.719272031313736,
    50.66177056355125,
    50.55261847698446,
    50.572105468607795,
    50.69520177240046
  ],
  "actions": [],
  "observations": [
    1,
    1,
    1,
    1,
    1,
    1,
    1,
    1,
    1,
    1,
    1,
    1,
    1,
    1,
    1,
    1,
    1,
    1,
    1,
    1,
    1,
    1,
    1,
    1,
    1,
    1,
    1,
    1,
    1,
    1,
    1,
    1,
    1,
    1,
    1,
    1,
    1,
    1,
    1,
    1,
    1,
    1,
    1,
    1,
    1,
    1,
    1,
    1,
    1,
    1,
    1,
    1,
    1,
    1,
    1,
    1,
    1,
    1,
    1,
    1,
    1,
    1,
    1,
    1,
    1,
    1,
    1,
    1,
    1,
    1,
    1,
    1,
    1,
    1,
    1,
    1,
    1,
    1,
    1,
    1,
    1,
    1,
    1,
    1,
    1,
    1,
    1,
    1,
    1,
    1,
    1,
    1,
    1,
    1,
    1,
    1,
    1,
    1,
    1,
    1,
    1,
    1,
    1,
    1,
    1,
    1,
    1,
    1,
    1,
    1,
    1,
    1,
    1,
    1,
    1,
    1,
    1,
    1,
    1,
    1,
    1,
    1,
    1,
    1,
    1,
    1,
    1,
    1,
    1,
    1,
    1,
    1,
    1,
    1,
    1,
    1,
    1,
    1,
    1,
    1,
    1,
    1,
    1,
    1,
    1,
    1,
    1,
    1,
    1,
    1,
    1,
    1,
    1,
    1,
    1,
    1,
    1,
    1,
    1,
    1,
    1,
    1,
    1,
    1,
    1,
    1,
    1,
    1,
    1,
    1,
    1,
    1,
    1,
    1,
    1,
    1,
    1,
    1,
    1,
    1,
    1,
    1,
    1,
    1,
    1,
    1,
    1,
    1,
    1,
    1,
    1,
    1,
    1,
    1,
    1,
    1,
    1,
    1,
    1,
    1
  ],