{
  "timesteps": [
    0,
    1,
    2,
    3,
    4,
    5,
    6,
    7,
    8,
    9,
    10,
    11,
    12,
    13,
    14,
    15,
    16,
    17,
    18,
    19,
    20,
    21,
    22,
    23,
    24,
    25,
    26,
    27,
    28,
    29,
    30,
    31,
    32,
    33,
    34,
    35,
    36,
    37,
    38,
    39,
    40,
    41,
    42,
    43,
    44,
    45,
    46,
    47,
    48,
    49,
    50,
    51,
    52,
    53,
    54,
    55,
    56,
    57,
    58,
    59,
    60,
    61,
    62,
    63,
    64,
    65,
    66,
    67,
    68,
    69,
    70,
    71,
    72,
    73,
    74,
    75,
    76,
    77,
    78,
    79,
    80,
    81,
    82,
    83,
    84,
    85,
    86,
    87,
    88,
    89,
    90,
    91,
    92,
    93,
    94,
    95,
    96,
    97,
    98,
    99,
    100,
    101,
    102,
    103,
    104,
    105,
    106,
    107,
    108,
    109,
    110,
    111,
    112,
    113,
    114,
    115,
    116,
    117,
    118,
    119,
    120,
    121,
    122,
    123,
    124,
    125,
    126,
    127,
    128,
    129,
    130,
    131,
    132,
    133,
    134,
    135,
    136,
    137,
    138,
    139,
    140,
    141,
    142,
    143,
    144,
    145,
    146,
    147,
    148,
    149,
    150,
    151,
    152,
    153,
    154,
    155,
    156,
    157,
    158,
    159,
    160,
    161,
    162,
    163,
    164,
    165,
    166,
    167,
    168,
    169,
    170,
    171,
    172,
    173,
    174,
    175,
    176,
    177,
    178,
    179,
    180,
    181,
    182,
    183,
    184,
    185,
    186,
    187,
    188,
    189,
    190,
    191,
    192,
    193,
    194,
    195,
    196,
    197,
    198,
    199
  ],
  "states": [
    50.0,
    49.19631419552443,
    47.80229859820965,
    48.81655505682935,
    46.97409200384828,
    46.93263008866985,
    46.300283450566624,
    45.71685079205111,
    46.68293418720813,
    46.97079738445839,
    46.03449263261682,
    47.271418649534866,
    45.174182162151226,
    43.64966695106915,
    43.50209477819155,
    42.19276073673634,
    41.82570504531408,
    42.207496551939144,
    41.41849696707633,
    41.46199830469039,
    43.0448706871364,
    43.02775344301269,
    42.77079201345303,
    41.654787981347795,
    42.43512872904576,
    42.44419958231998,
    42.369699774840385,
    42.38721675928167,
    45.19228458781926,
    45.66180076973723,
    44.47018378637585,
    46.49711078221135,
    46.314058774995004,
    48.42961967642515,
    48.95246022331175,
    49.49472111941628,
    49.028901185673334,
    48.03577844054414,
    49.42986337192334,
    46.50885196616021,
    46.8810005490066,
    48.433278815616546,
    47.89444889824139,
    47.70082960570023,
    46.81755009484194,
    47.83201186433359,
    47.31187199162757,
    47.367178315761,
    49.67015783206522,
    48.084670574961095,
    48.29440983744202,
    47.77856281669885,
    46.31091748339738,
    46.99885553297603,
    47.151397851691314,
    46.0671498680172,
    46.8275803066686,
    48.361395168337566,
    48.07988480610933,
    48.86886915430889,
    50.0940963019223,
    50.28343123389248,
    51.38671857228088,
    48.463989627085745,
    47.662191108697165,
    49.03660387477347,
    48.59411369874257,
    50.0983531188578,
    50.72581312524488,
    50.653939985787616,
    49.899215234891585,
    51.46212098419442,
    52.00546917108428,
    53.0584574418995,
    53.82521343547762,
    53.338595810301996,
    51.49431487682462,
    52.742854446250504,
    52.54894207007325,
    52.01332316176726,
    51.49526829640767,
    53.08625422594079,
    52.98271413891965,
    51.11097747438859,
    52.5706523903318,
    51.12194000094526,
    51.384745700846715,
    49.5923937164652,
    47.61071698202457,
    47.45390118844916,
    48.10604298894957,
    49.453522318350586,
    50.70862514034154,
    50.78387218093979,
    50.96336881880824,
    51.0662722230043,
    52.67596583360275,
    51.10987554219269,
    48.794184101817,
    50.24809377670484,
    50.6985222786121,
    51.34774937072825,
    50.9341810682643,
    50.53066889748241,
    50.60612979535803,
    51.058126529676066,
    52.98170153246928,
    51.489961877982466,
    51.89647123520184,
    48.85051101113769,
    49.169337275804125,
    49.12903882532808,
    49.086113109826094,
    49.471769949091566,
    49.516373286853685,
    48.34893234808534,
    48.72486283078674,
    49.05833827202123,
    47.516883736245596,
    47.739517370248265,
    49.65291776843852,
    49.18662616215644,
    50.0397509237774,
    51.2167060883829,
    49.88402961665905,
    48.94943806282994,
    48.29849781868274,
    46.75504885243345,
    46.216365719582235,
    45.15640254696074,
    44.46020114678494,
    42.081914953142515,
    41.30463552413891,
    41.049961239577975,
    39.32701389880027,
    39.41661798463609,
    39.54704232742977,
    42.29042995770621,
    41.04289123483716,
    39.88585798547432,
    39.89238104671964,
    38.55235688007329,
    37.352619005748636,
    37.59723264586021,
    37.70539912314583,
    37.68499560260308,
    37.27816205696703,
    37.500578355182874,
    35.6662455560576,
    38.65500519515377,
    38.68944802201001,
    38.820677504558965,
    38.82428964342757,
    39.44711438989882,
    40.36172132256641,
    39.689343700640286,
    39.117428101015,
    38.46324988505688,
    37.91897403153234,
    39.675803523987305,
    39.397341443892316,
    39.720738282556056,
    40.36007944314469,
    40.653929167071766,
    39.92406539959589,
    39.793721987587965,
    38.94562645338986,
    39.11905336942936,
    39.54269183509249,
    38.82396446593913,
    38.886245480134185,
    38.58095563846573,
    36.55492957182419,
    37.419677388963855,
    35.902464356004614,
    36.22417507364241,
    34.76331773439042,
    35.59771614100944,
    36.51003862353083,
    36.92785904486209,
    36.59870652864931,
    38.15948300130058,
    37.467856291874384,
    35.426265040676505,
    34.401650103396584,
    34.056366552331234,
    33.083825394620234,
    33.155760216821335,
    33.10981141388694,
    34.41634813561277,
    33.27697540500156,
    32.469313892907095,
    34.628273795093115,
    37.43060417649599,
    39.660796992232044,
    39.911418372800334,
    38.733582239647184,
    39.65658061595487,
    41.17140979779129,
    38.29545854281617,
    38.5375676044987
  ],
  "actions": [],
  "observations": [
    1,
    1,
    1,
    1,
    1,
    1,
    1,
    1,
    1,
    1,
    1,
    1,
    1,
    0,
    0,
    0,
    0,
    0,
    0,
    0,
    0,
    0,
    0,
    0,
    0,
    0,
    0,
    0,
    1,
    1,
    0,
    1,
    1,
    1,
    1,
    1,
    1,
    1,
    1,
    1,
    1,
    1,
    1,
    1,
    1,
    1,
    1,
    1,
    1,
    1,
    1,
    1,
    1,
    1,
    1,
    1,
    1,
    1,
    1,
    1,
    1,
    1,
    1,
    1,
    1,
    1,
    1,
    1,
    1,
    1,
    1,
    1,
    1,
    1,
    1,
    1,
    1,
    1,
    1,
    1,
    1,
    1,
    1,
    1,
    1,
    1,
    1,
    1,
    1,
    1,
    1,
    1,
    1,
    1,
    1,
    1,
    1,
    1,
    1,
    1,
    1,
    1,
    1,
    1,
    1,
    1,
    1,
    1,
    1,
    1,
    1,
    1,
    1,
    1,
    1,
    1,
    1,
    1,
    1,
    1,
    1,
    1,
    1,
    1,
    1,
    1,
    1,
    1,
    1,
    1,
    0,
    0,
    0,
    0,
    0,
    0,
    0,
    0,
    0,
    0,
    0,
    0,
    0,
    0,
    0,
    0,
    0,
    0,
    0,
    0,
    0,
    0,
    0,
    0,
    0,
    0,
    0,
    0,
    0,
    0,
    0,
    0,
    0,
    0,
    0,
    0,
    0,
    0,
    0,
    0,
    0,
    0,
    0,
    0,
    0,
    0,
    0,
    0,
    0,
    0,
    0,
    0,
    0,
    0,
    0,
    0,
    0,
    0,
    0,
    0,
    0,
    0,
    0,
    0,
    0,
    0,
    0,
    0,
    0,
    0
  ],