{
  "timesteps": [
    0,
    1,
    2,
    3,
    4,
    5,
    6,
    7,
    8,
    9,
    10,
    11,
    12,
    13,
    14,
    15,
    16,
    17,
    18,
    19,
    20,
    21,
    22,
    23,
    24,
    25,
    26,
    27,
    28,
    29,
    30,
    31,
    32,
    33,
    34,
    35,
    36,
    37,
    38,
    39,
    40,
    41,
    42,
    43,
    44,
    45,
    46,
    47,
    48,
    49,
    50,
    51,
    52,
    53,
    54,
    55,
    56,
    57,
    58,
    59,
    60,
    61,
    62,
    63,
    64,
    65,
    66,
    67,
    68,
    69,
    70,
    71,
    72,
    73,
    74,
    75,
    76,
    77,
    78,
    79,
    80,
    81,
    82,
    83,
    84,
    85,
    86,
    87,
    88,
    89,
    90,
    91,
    92,
    93,
    94,
    95,
    96,
    97,
    98,
    99,
    100,
    101,
    102,
    103,
    104,
    105,
    106,
    107,
    108,
    109,
    110,
    111,
    112,
    113,
    114,
    115,
    116,
    117,
    118,
    119,
    120,
    121,
    122,
    123,
    124,
    125,
    126,
    127,
    128,
    129,
    130,
    131,
    132,
    133,
    134,
    135,
    136,
    137,
    138,
    139,
    140,
    141,
    142,
    143,
    144,
    145,
    146,
    147,
    148,
    149,
    150,
    151,
    152,
    153,
    154,
    155,
    156,
    157,
    158,
    159,
    160,
    161,
    162,
    163,
    164,
    165,
    166,
    167,
    168,
    169,
    170,
    171,
    172,
    173,
    174,
    175,
    176,
    177,
    178,
    179,
    180,
    181,
    182,
    183,
    184,
    185,
    186,
    187,
    188,
    189,
    190,
    191,
    192,
    193,
    194,
    195,
    196,
    197,
    198,
    199
  ],
  "states": [
    50.0,
    49.55261937554703,
    49.699927759101335,
    49.80526304551132,
    47.2541923321545,
    46.28042076307528,
    44.921638760015334,
    43.07762686430075,
    42.54774069001236,
    40.93158895908122,
    42.41589831765016,
    43.193181911199275,
    46.045026992454794,
    45.77381230918009,
    48.39215389139501,
    47.953764282699126,
    50.628888180509115,
    48.684359529801284,
    47.2340853366845,
    44.49320455148489,
    44.23342867366506,
    43.47847881295972,
    43.70598169969413,
    40.66391607235903,
    41.51986464992721,
    42.88190340614946,
    42.13431794995215,
    43.34800677227632,
    43.92872147557633,
    45.47225486655849,
    45.287475264829084,
    46.43177303725417,
    48.65751554225905,
    47.09766643200045,
    47.809131814687966,
    50.533162982340556,
    52.09710802771477,
    54.019645701993866,
    54.89048503987593,
    55.407836261372715,
    54.67345151314873,
    53.25694081623908,
    54.74932235032492,
    55.00770240492045,
    54.81248849577346,
    52.4023031891326,
    51.66014036961067,
    49.99114047639302,
    50.365605865422204,
    51.192241340980736,
    52.193890756748345,
    52.59301604359876,
    51.17564250455434,
    50.95781330259939,
    50.62114935820639,
    50.3160476588027,
    48.430059237249395,
    49.11095816622785,
    49.16121659752788,
    46.074554107584106,
    46.5062088536584,
    49.72287680674829,
    50.262668432075266,
    50.19847595558662,
    49.01360750505415,
    50.32970558180387,
    48.8769629093897,
    49.42717970479532,
    49.9629955002563,
    48.319640244884404,
    48.01295857820658,
    47.24362700839437,
    48.0780720843426,
    47.09916709967777,
    46.83217594108805,
    46.174232680675495,
    44.8688345515789,
    44.06353190712252,
    45.46609770624946,
    46.80183961620564,
    45.71211450086079,
    45.122136973851475,
    45.554313574020135,
    45.49321640399024,
    45.23089835705112,
    47.366561513474416,
    50.270339058285494,
    51.80053504834879,
    53.317147337564016,
    53.53565525839416,
    54.311085525526465,
    53.80057396662218,
    54.348527592161936,
    55.30351899953729,
    54.24967194578218,
    55.230132597712334,
    55.339661017082975,
    55.703829057432756,
    55.092364172412836,
    52.922631427349046,
    52.796094481746,
    52.78743565570941,
    53.600841623942046,
    50.65097337591129,
    51.93002762417838,
    50.5010017602326,
    52.08692986557642,
    51.2274830162627,
    49.851043002796246,
    48.53292764659511,
    49.65383628205758,
    48.69958552860709,
    48.30230385345721,
    48.03540376027187,
    48.21999601297935,
    47.805302271570824,
    46.75685446341166,
    45.07231548277465,
    47.95501268415904,
    46.897308920629676,
    46.25419596449332,
    46.34935434070984,
    46.75066073799174,
    46.98002254057155,
    48.05053953021181,
    47.494675049220106,
    47.650352613092416,
    46.27794335439462,
    45.99554767151364,
    47.01427065622455,
    47.663168168114865,
    45.134413707853625,
    46.01505720160123,
    44.38456076192373,
    46.56019913827807,
    45.92064752441019,
    46.337779617113775,
    49.016811072179266,
    48.87279796353745,
    48.2262341194308,
    47.98825235473653,
    47.84834037694553,
    45.503770687023334,
    45.64813180572359,
    45.15750486067423,
    44.555420076250364,
    46.73331241570879,
    45.99472451050147,
    42.66334044282525,
    42.22484803910115,
    42.029676711509644,
    43.29673274370654,
    42.571566767954344,
    40.450355431983034,
    39.45536390602104,
    41.623491839013255,
    44.464005237177915,
    45.71232806998172,
    44.48142142637409,
    45.35458384855274,
    43.68082497707666,
    46.55040903820461,
    46.99805455631321,
    46.70834566898136,
    49.65366083557822,
    50.80713068372954,
    49.6125998702021,
    51.066664731656616,
    51.091638911706504,
    51.40449128185234,
    51.41465826771835,
    50.586813317091746,
    52.388748169937,
    50.12735363832688,
    52.77146764688347,
    54.160604218473665,
    53.763333111216575,
    54.703679260371416,
    53.420255016242244,
    54.14080712676905,
    53.31552601080665,
    53.021441752297804,
    53.957294804486025,
    56.88865865711836,
    58.59623875747145,
    58.73435700186937,
    58.74818456638888,
    54.983476063615406,
    54.62274918747361,
    56.26194092559646,
    59.43006118636378,
    58.645113056823924,
    58.0211572574187,
    59.69639772566099,
    61.1702016905567,
    61.910738826765645,
    61.418772514511936,
    61.43740520803633,
    62.58652731800861,
    63.286506233928684,
    63.2317962444226
  ],
  "actions": [],
  "observations": [
    1,
    1,
    1,
    1,
    1,
    1,
    0,
    0,
    0,
    0,
    0,
    0,
    1,
    1,
    1,
    1,
    1,
    1,
    1,
    0,
    0,
    0,
    0,
    0,
    0,
    0,
    0,
    0,
    0,
    1,
    1,
    1,
    1,
    1,
    1,
    1,
    1,
    1,
    1,
    2,
    1,
    1,
    1,
    2,
    1,
    1,
    1,
    1,
    1,
    1,
    1,
    1,
    1,
    1,
    1,
    1,
    1,
    1,
    1,
    1,
    1,
    1,
    1,
    1,
    1,
    1,
    1,
    1,
    1,
    1,
    1,
    1,
    1,
    1,
    1,
    1,
    0,
    0,
    1,
    1,
    1,
    1,
    1,
    1,
    1,
    1,
    1,
    1,
    1,
    1,
    1,
    1,
    1,
    2,
    1,
    2,
    2,
    2,
    2,
    1,
    1,
    1,
    1,
    1,
    1,
    1,
    1,
    1,
    1,
    1,
    1,
    1,
    1,
    1,
    1,
    1,
    1,
    1,
    1,
    1,
    1,
    1,
    1,
    1,
    1,
    1,
    1,
    1,
    1,
    1,
    1,
    1,
    1,
    0,
    1,
    1,
    1,
    1,
    1,
    1,
    1,
    1,
    1,
    1,
    1,
    0,
    1,
    1,
    0,
    0,
    0,
    0,
    0,
    0,
    0,
    0,
    0,
    1,
    0,
    1,
    0,
    1,
    1,
    1,
    1,
    1,
    1,
    1,
    1,
    1,
    1,
    1,
    1,
    1,
    1,
    1,
    1,
    1,
    1,
    1,
    1,
    1,
    1,
    2,
    2,
    2,
    2,
    1,
    1,
    2,
    2,
    2,
    2,
    2,
    2,
    2,
    2,
    2,
    2,
    2
  ],