{
  "timesteps": [
    0,
    1,
    2,
    3,
    4,
    5,
    6,
    7,
    8,
    9,
    10,
    11,
    12,
    13,
    14,
    15,
    16,
    17,
    18,
    19,
    20,
    21,
    22,
    23,
    24,
    25,
    26,
    27,
    28,
    29,
    30,
    31,
    32,
    33,
    34,
    35,
    36,
    37,
    38,
    39,
    40,
    41,
    42,
    43,
    44,
    45,
    46,
    47,
    48,
    49,
    50,
    51,
    52,
    53,
    54,
    55,
    56,
    57,
    58,
    59,
    60,
    61,
    62,
    63,
    64,
    65,
    66,
    67,
    68,
    69,
    70,
    71,
    72,
    73,
    74,
    75,
    76,
    77,
    78,
    79,
    80,
    81,
    82,
    83,
    84,
    85,
    86,
    87,
    88,
    89,
    90,
    91,
    92,
    93,
    94,
    95,
    96,
    97,
    98,
    99,
    100,
    101,
    102,
    103,
    104,
    105,
    106,
    107,
    108,
    109,
    110,
    111,
    112,
    113,
    114,
    115,
    116,
    117,
    118,
    119,
    120,
    121,
    122,
    123,
    124,
    125,
    126,
    127,
    128,
    129,
    130,
    131,
    132,
    133,
    134,
    135,
    136,
    137,
    138,
    139,
    140,
    141,
    142,
    143,
    144,
    145,
    146,
    147,
    148,
    149,
    150,
    151,
    152,
    153,
    154,
    155,
    156,
    157,
    158,
    159,
    160,
    161,
    162,
    163,
    164,
    165,
    166,
    167,
    168,
    169,
    170,
    171,
    172,
    173,
    174,
    175,
    176,
    177,
    178,
    179,
    180,
    181,
    182,
    183,
    184,
    185,
    186,
    187,
    188,
    189,
    190,
    191,
    192,
    193,
    194,
    195,
    196,
    197,
    198,
    199
  ],
  "states": [
    50.0,
    47.963530948424534,
    47.71274164450062,
    47.286358869790746,
    47.025070406324126,
    44.82677138582725,
    43.99651636199758,
    45.07196120774132,
    45.04546128054702,
    43.53360277628892,
    43.629846582671604,
    43.9018030377178,
    44.20931660577533,
    43.81043788879693,
    44.1276050577911,
    45.1467135885436,
    45.381639892321495,
    44.88817390330165,
    45.236322345360556,
    46.02759172637223,
    47.3673632054644,
    46.688492646037915,
    46.23973410796546,
    44.82694173638284,
    43.4955977855807,
    40.927074635203404,
    41.568802424379975,
    41.522685924851906,
    38.4154939145318,
    39.947963369194255,
    38.543902069258685,
    38.92164729022277,
    39.795598513098625,
    42.35032620660205,
    39.463667286512624,
    38.1604884114155,
    39.948303126746744,
    39.68459330267646,
    40.67612121142537,
    40.319725643283604,
    40.062131224786015,
    41.2415835741629,
    40.06732750637419,
    41.013092874100536,
    40.78297157257969,
    41.62806813950955,
    41.179835064266804,
    41.31046669864184,
    40.46034871369236,
    38.48740404845631,
    39.11697529873449,
    38.634070707033,
    37.4226688287386,
    35.35638627640436,
    35.26664573527289,
    33.761696287006934,
    31.965691133516547,
    31.891406789234757,
    32.447418674022764,
    32.2834994828194,
    28.147975282595166,
    26.32574597101231,
    26.973533055356096,
    27.049147380558328,
    27.26345264075394,
    28.1594484640158,
    28.34383520171288,
    28.228697555872387,
    28.30713541250126,
    29.12710862828985,
    28.67173000678393,
    26.876615834288344,
    25.010588635480758,
    25.929960331321457,
    26.56053127701248,
    24.597628497590648,
    27.711559519099076,
    27.670028479602657,
    25.69225954885361,
    26.15587672172786,
    25.6297025747957,
    26.586912088051257,
    23.45486098830536,
    25.743530294906243,
    24.50145920770659,
    22.51104698281381,
    22.579802327648196,
    21.916519780602176,
    23.754120371499383,
    23.305749128994627,
    22.9761969792656,
    24.413103273843824,
    23.721900191428624,
    24.09764124659676,
    25.497577728899124,
    24.389009683915297,
    23.926304015317875,
    22.686767770007762,
    24.196094635850017,
    23.83613099419848,
    24.32137572009266,
    23.464898991822107,
    22.73749088147992,
    24.655052829685527,
    26.11107258971155,
    29.30316984648591,
    30.44604824756327,
    28.608436948328432,
    28.05145259172764,
    32.3351124029694,
    35.73057043946217,
    33.74092902375796,
    31.924959028476383,
    30.7381277441281,
    30.02250487751007,
    26.015309252441224,
    22.84841209845568,
    24.362870625077814,
    21.76630451304118,
    21.671092677323205,
    21.093689307995383,
    21.079384148318912,
    21.39782759483816,
    20.251078564502215,
    18.618891274001815,
    18.90425787021892,
    20.381445756930077,
    20.978328054857,
    22.827695911665774,
    21.20582517633604,
    21.06095946325231,
    21.56456988316384,
    22.45964996194167,
    22.229683169128307,
    23.45832742741247,
    24.76053237259166,
    25.34527383984129,
    25.08048974852442,
    21.49803567359146,
    20.304629964538158,
    22.951416072289355,
    24.41719736466421,
    25.809831576011376,
    27.9832011915944,
    29.4640338173588,
    29.718989444048116,
    28.83885977343695,
    29.159532173677885,
    30.387858591983456,
    29.80823591206916,
    27.48387101489914,
    25.482141816211485,
    25.985589188759967,
    26.785143868749074,
    24.56111939329891,
    25.888282991244125,
    24.9492715144169,
    24.766362052820693,
    24.64750723445019,
    23.517712521814314,
    24.713833160384578,
    22.33585992775759,
    23.803649566514977,
    24.55082850574489,
    25.728961707238565,
    25.002159948643953,
    27.282848636631243,
    27.607307518852146,
    28.653872720124394,
    29.80868124802333,
    28.344431595784307,
    29.43796690410023,
    28.20622221339749,
    27.01752990040702,
    27.41237394251287,
    28.709690736785955,
    28.57059717051652,
    27.0045632937684,
    26.425314934022726,
    27.430067865695726,
    28.304497347394882,
    29.261734320831106,
    31.235827262853693,
    29.209076053649966,
    28.415739262027486,
    29.954951608257865,
    32.096258382138316,
    33.08046569232367,
    33.782719559385725,
    34.20601082097291,
    33.327577161231154,
    31.108065247639082,
    31.584998330278967,
    30.449204598138465,
    31.693154053973046,
    30.76277645115748,
    27.482087334062413,
    28.597102590108463,
    27.767374718132555,
    27.127303753278866,
    28.06630456923355
  ],
  "actions": [],
  "observations": [
    1,
    1,
    1,
    1,
    1,
    0,
    0,
    1,
    1,
    0,
    0,
    0,
    0,
    0,
    0,
    1,
    1,
    0,
    1,
    1,
    1,
    1,
    1,
    0,
    0,
    0,
    0,
    0,
    0,
    0,
    0,
    0,
    0,
    0,
    0,
    0,
    0,
    0,
    0,
    0,
    0,
    0,
    0,
    0,
    0,
    0,
    0,
    0,
    0,
    0,
    0,
    0,
    0,
    0,
    0,
    0,
    0,
    0,
    0,
    0,
    0,
    0,
    0,
    0,
    0,
    0,
    0,
    0,
    0,
    0,
    0,
    0,
    0,
    0,
    0,
    0,
    0,
    0,
    0,
    0,
    0,
    0,
    0,
    0,
    0,
    0,
    0,
    0,
    0,
    0,
    0,
    0,
    0,
    0,
    0,
    0,
    0,
    0,
    0,
    0,
    0,
    0,
    0,
    0,
    0,
    0,
    0,
    0,
    0,
    0,
    0,
    0,
    0,
    0,
    0,
    0,
    0,
    0,
    0,
    0,
    0,
    0,
    0,
    0,
    0,
    0,
    0,
    0,
    0,
    0,
    0,
    0,
    0,
    0,
    0,
    0,
    0,
    0,
    0,
    0,
    0,
    0,
    0,
    0,
    0,
    0,
    0,
    0,
    0,
    0,
    0,
    0,
    0,
    0,
    0,
    0,
    0,
    0,
    0,
    0,
    0,
    0,
    0,
    0,
    0,
    0,
    0,
    0,
    0,
    0,
    0,
    0,
    0,
    0,
    0,
    0,
    0,
    0,
    0,
    0,
    0,
    0,
    0,
    0,
    0,
    0,
    0,
    0,
    0,
    0,
    0,
    0,
    0,
    0,
    0,
    0,
    0,
    0,
    0,
    0
  ],