{
  "timesteps": [
    0,
    1,
    2,
    3,
    4,
    5,
    6,
    7,
    8,
    9,
    10,
    11,
    12,
    13,
    14,
    15,
    16,
    17,
    18,
    19,
    20,
    21,
    22,
    23,
    24,
    25,
    26,
    27,
    28,
    29,
    30,
    31,
    32,
    33,
    34,
    35,
    36,
    37,
    38,
    39,
    40,
    41,
    42,
    43,
    44,
    45,
    46,
    47,
    48,
    49,
    50,
    51,
    52,
    53,
    54,
    55,
    56,
    57,
    58,
    59,
    60,
    61,
    62,
    63,
    64,
    65,
    66,
    67,
    68,
    69,
    70,
    71,
    72,
    73,
    74,
    75,
    76,
    77,
    78,
    79,
    80,
    81,
    82,
    83,
    84,
    85,
    86,
    87,
    88,
    89,
    90,
    91,
    92,
    93,
    94,
    95,
    96,
    97,
    98,
    99,
    100,
    101,
    102,
    103,
    104,
    105,
    106,
    107,
    108,
    109,
    110,
    111,
    112,
    113,
    114,
    115,
    116,
    117,
    118,
    119,
    120,
    121,
    122,
    123,
    124,
    125,
    126,
    127,
    128,
    129,
    130,
    131,
    132,
    133,
    134,
    135,
    136,
    137,
    138,
    139,
    140,
    141,
    142,
    143,
    144,
    145,
    146,
    147,
    148,
    149,
    150,
    151,
    152,
    153,
    154,
    155,
    156,
    157,
    158,
    159,
    160,
    161,
    162,
    163,
    164,
    165,
    166,
    167,
    168,
    169,
    170,
    171,
    172,
    173,
    174,
    175,
    176,
    177,
    178,
    179,
    180,
    181,
    182,
    183,
    184,
    185,
    186,
    187,
    188,
    189,
    190,
    191,
    192,
    193,
    194,
    195,
    196,
    197,
    198,
    199
  ],
  "states": [
    50.0,
    50.280558740735835,
    50.586573856878864,
    49.766971882602526,
    50.55792069618842,
    49.77508401797671,
    48.19545010088733,
    47.138305716490656,
    48.91007370605694,
    48.07689785224107,
    47.48372099355618,
    47.663836510400806,
    47.58502534299742,
    48.34966333611277,
    46.39474090032884,
    45.15716248536194,
    41.63304077324818,
    39.45062318808564,
    40.30530213935535,
    40.60333367274729,
    43.15922209585491,
    43.02339448941608,
    42.47965932312555,
    44.35030695549782,
    43.67773863117952,
    44.27598126007844,
    45.06295074777395,
    45.150033177730975,
    44.89965884775074,
    43.60643184329094,
    43.85590689457863,
    44.57391535309249,
    45.41410890132755,
    42.82983129128676,
    41.573337452134645,
    40.78672670728728,
    39.0456689363656,
    39.07791567074726,
    37.09663959515663,
    39.24698367539146,
    37.784871785342816,
    37.31272177160131,
    37.18700836825243,
    36.14109687447079,
    35.79619116627885,
    36.50355525998778,
    36.4960890928048,
    36.309724900531634,
    35.66464173032623,
    35.3241452598659,
    34.8645146896134,
    37.484252739641285,
    37.28553752581813,
    38.3265146167749,
    37.35387701332715,
    34.9382918593164,
    34.60040340840808,
    35.301861479437655,
    35.55574541790641,
    33.08101497896353,
    34.528655325406085,
    35.61829584333597,
    37.956643665468576,
    37.59944706861188,
    37.86201070079086,
    39.32433020468526,
    37.673415244552245,
    36.214178960694504,
    33.83999716134046,
    32.00071561142605,
    30.686530142175403,
    31.307454961543748,
    30.562159386697605,
    29.671092227611293,
    30.40292506296207,
    30.03110282159789,
    29.497539317678076,
    28.39202304429134,
    28.255992353874543,
    28.509621822321606,
    29.632932132459544,
    29.49944889781707,
    28.504591066459287,
    28.652909828468005,
    28.16587246709453,
    25.109062115613416,
    24.21423218408646,
    24.720679819989897,
    24.051888899815687,
    24.663787478985657,
    26.882607119385842,
    25.60547094975815,
    24.423104728387866,
    25.366044907237224,
    26.01873405321612,
    25.255033753117363,
    24.02818079593848,
    23.57974197122693,
    22.80494366914636,
    25.48664530125165,
    25.06375590055246,
    24.322535360108297,
    22.760358003000526,
    23.433101568115003,
    23.20384541347138,
    22.314056228495634,
    24.76424514365929,
    25.360251786461127,
    25.43052180794136,
    25.11099171361069,
    26.418503982629243,
    26.940130167374875,
    26.69699491711469,
    26.530259503735643,
    24.3849854680333,
    23.959736153989233,
    23.58164644211206,
    23.795869117520503,
    24.54372354928968,
    24.97877444866355,
    24.82635391338992,
    24.943423278347254,
    22.22518700866747,
    21.176385670464946,
    19.861535105739986,
    19.182534238818427,
    18.21000999968375,
    17.699057607324473,
    16.64251253593848,
    16.80914776783652,
    17.73007025328879,
    18.766088913453736,
    15.459648630168655,
    14.055767775612024,
    13.781303009333856,
    14.59399030758139,
    17.023256125201733,
    14.880883128703074,
    15.602923250608185,
    14.314709356111617,
    12.752874378296902,
    11.856433482398439,
    11.893012508087708,
    13.886624027783562,
    14.600561405121091,
    16.460996460168534,
    17.494763195469556,
    17.91203987673627,
    17.897531299027023,
    17.349162646208153,
    16.857249785637563,
    19.021051958243323,
    17.638575112329573,
    18.479397606555004,
    19.424302182722926,
    18.305871387756838,
    17.937996162682012,
    18.956847064172678,
    17.594824331113013,
    16.276141263945664,
    14.277807377613627,
    14.131790142648569,
    12.860161069853149,
    11.07634538388046,
    12.306674066759868,
    11.269709119800865,
    6.914119034628115,
    6.366965596621575,
    6.445315176770504,
    5.892274037889878,
    5.406289320881399,
    4.734952413735891,
    5.710920728326876,
    6.739135041468629,
    8.042519906462188,
    7.919235898458544,
    6.801004886445671,
    6.932693082252132,
    7.864315890200592,
    7.786050779798777,
    7.5865344324956085,
    9.922072382665203,
    7.068300148090911,
    7.41026822113893,
    6.353725786905257,
    5.27882291481088,
    5.943636965863259,
    7.323268580964784,
    6.407548042456173,
    5.623766494721858,
    5.043150883984846,
    5.555594255495452,
    3.9038328031267113,
    3.9444446772011252,
    4.633373515590192,
    4.485364248738501,
    7.010547758566197,
    8.63012551189536,
    9.5298886691178,
    7.634928103882892,
    8.608113896753167
  ],
  "actions": [],
  "observations": [
    1,
    1,
    1,
    1,
    1,
    1,
    1,
    1,
    1,
    1,
    1,
    1,
    1,
    1,
    1,
    1,
    0,
    0,
    0,
    0,
    0,
    0,
    0,
    0,
    0,
    0,
    1,
    1,
    0,
    0,
    0,
    0,
    1,
    0,
    0,
    0,
    0,
    0,
    0,
    0,
    0,
    0,
    0,
    0,
    0,
    0,
    0,
    0,
    0,
    0,
    0,
    0,
    0,
    0,
    0,
    0,
    0,
    0,
    0,
    0,
    0,
    0,
    0,
    0,
    0,
    0,
    0,
    0,
    0,
    0,
    0,
    0,
    0,
    0,
    0,
    0,
    0,
    0,
    0,
    0,
    0,
    0,
    0,
    0,
    0,
    0,
    0,
    0,
    0,
    0,
    0,
    0,
    0,
    0,
    0,
    0,
    0,
    0,
    0,
    0,
    0,
    0,
    0,
    0,
    0,
    0,
    0,
    0,
    0,
    0,
    0,
    0,
    0,
    0,
    0,
    0,
    0,
    0,
    0,
    0,
    0,
    0,
    0,
    0,
    0,
    0,
    0,
    0,
    0,
    0,
    0,
    0,
    0,
    0,
    0,
    0,
    0,
    0,
    0,
    0,
    0,
    0,
    0,
    0,
    0,
    0,
    0,
    0,
    0,
    0,
    0,
    0,
    0,
    0,
    0,
    0,
    0,
    0,
    0,
    0,
    0,
    0,
    0,
    0,
    0,
    0,
    0,
    0,
    0,
    0,
    0,
    0,
    0,
    0,
    0,
    0,
    0,
    0,
    0,
    0,
    0,
    0,
    0,
    0,
    0,
    0,
    0,
    0,
    0,
    0,
    0,
    0,
    0,
    0,
    0,
    0,
    0,
    0,
    0,
    0
  ],