{
  "timesteps": [
    0,
    1,
    2,
    3,
    4,
    5,
    6,
    7,
    8,
    9,
    10,
    11,
    12,
    13,
    14,
    15,
    16,
    17,
    18,
    19,
    20,
    21,
    22,
    23,
    24,
    25,
    26,
    27,
    28,
    29,
    30,
    31,
    32,
    33,
    34,
    35,
    36,
    37,
    38,
    39,
    40,
    41,
    42,
    43,
    44,
    45,
    46,
    47,
    48,
    49,
    50,
    51,
    52,
    53,
    54,
    55,
    56,
    57,
    58,
    59,
    60,
    61,
    62,
    63,
    64,
    65,
    66,
    67,
    68,
    69,
    70,
    71,
    72,
    73,
    74,
    75,
    76,
    77,
    78,
    79,
    80,
    81,
    82,
    83,
    84,
    85,
    86,
    87,
    88,
    89,
    90,
    91,
    92,
    93,
    94,
    95,
    96,
    97,
    98,
    99,
    100,
    101,
    102,
    103,
    104,
    105,
    106,
    107,
    108,
    109,
    110,
    111,
    112,
    113,
    114,
    115,
    116,
    117,
    118,
    119,
    120,
    121,
    122,
    123,
    124,
    125,
    126,
    127,
    128,
    129,
    130,
    131,
    132,
    133,
    134,
    135,
    136,
    137,
    138,
    139,
    140,
    141,
    142,
    143,
    144,
    145,
    146,
    147,
    148,
    149,
    150,
    151,
    152,
    153,
    154,
    155,
    156,
    157,
    158,
    159,
    160,
    161,
    162,
    163,
    164,
    165,
    166,
    167,
    168,
    169,
    170,
    171,
    172,
    173,
    174,
    175,
    176,
    177,
    178,
    179,
    180,
    181,
    182,
    183,
    184,
    185,
    186,
    187,
    188,
    189,
    190,
    191,
    192,
    193,
    194,
    195,
    196,
    197,
    198,
    199
  ],
  "states": [
    50.0,
    49.2698778332672,
    49.71389205080748,
    48.40124225852246,
    48.39146101674097,
    48.228387710763165,
    47.928737300773534,
    49.316493829550666,
    48.32646071866649,
    48.39739618996861,
    46.43032928183562,
    46.80208502298714,
    46.5906855073535,
    46.57787092114085,
    47.66296386335546,
    48.07028260108163,
    48.570308830379794,
    49.743437065522016,
    50.06368092533278,
    49.56090429363397,
    48.86975082888306,
    48.867391241973266,
    48.04569852900063,
    47.357298445970365,
    48.590646477677694,
    47.787445696079594,
    48.063628905454685,
    47.265326790515445,
    48.35013988838204,
    48.52758694652821,
    47.344478439879,
    48.347011052498424,
    47.002087277778934,
    46.448311411807126,
    47.00808043196149,
    48.19827463503668,
    47.999967729281636,
    48.870396794513525,
    48.77041839679989,
    47.642146907719834,
    47.27507287198983,
    47.51184664412297,
    47.7698058401252,
    47.112106974978765,
    47.96725297965763,
    47.57429237409167,
    47.49071947115267,
    47.618645187744995,
    48.048548843541376,
    47.8967620504809,
    47.61927180604863,
    48.30973843168308,
    49.012298710323236,
    49.91746549125521,
    48.95650234467379,
    47.665662392633365,
    48.16812300082178,
    48.27423896657566,
    47.12620993196764,
    47.62130979817316,
    47.37872081990796,
    47.8679039338428,
    48.52816294231292,
    48.611359919631006,
    49.189484119979156,
    49.26883943012289,
    49.43416766527572,
    47.902979355562785,
    47.88764268384248,
    46.95560577756787,
    44.97390204074335,
    45.48123948770428,
    44.62858190735788,
    44.72550281611876,
    45.59067774456598,
    45.378117897014604,
    45.90778851120941,
    45.064229268016646,
    46.01063270950644,
    47.13689157889616,
    46.23480496445281,
    46.148950363070675,
    45.21315981843529,
    45.89826252482104,
    45.601680853019566,
    45.577362739441696,
    45.437282088134765,
    44.82457523013305,
    44.97519396353344,
    44.74517572391515,
    44.747925615546855,
    44.55146599605642,
    43.302443033904,
    42.80747527864818,
    43.69047079460618,
    44.692850786528766,
    44.2563152416412,
    43.50927703336367,
    43.65140016206745,
    43.901067727510274,
    43.84846111147056,
    43.46515193816824,
    45.08721872470927,
    44.928863181574044,
    45.08084407855364,
    44.89806029726706,
    44.896014279542364,
    43.47386900947654,
    43.064335025466654,
    41.72292382734433,
    42.27811947157396,
    41.90020430149685,
    42.93624824796763,
    42.81004788037025,
    44.061690690774604,
    43.56090279226293,
    43.54360523583226,
    43.49538369069391,
    41.89072150032077,
    41.96033443813707,
    41.682495465023386,
    41.45634035317773,
    40.96693208500811,
    41.14578817794809,
    41.27180235257227,
    40.482215047596426,
    39.60767367197519,
    39.61168772448879,
    39.512281567632826,
    38.74264720524582,
    38.09466137931232,
    38.57443499831884,
    36.95923114993475,
    38.38004474342046,
    39.629160284282015,
    40.120860323404486,
    40.29957161297095,
    39.932730071341915,
    40.17227966577522,
    39.40553631625694,
    40.041277658339794,
    40.34597788498459,
    39.906903246904655,
    40.87226065250873,
    40.730240800096624,
    40.502459609070314,
    41.88042198875292,
    41.4949416122267,
    41.48553410503665,
    41.59005285179912,
    40.92630231757597,
    40.117150747825825,
    41.169568880039044,
    40.54086692685912,
    39.463410327260114,
    39.11902920102374,
    39.108938416203216,
    38.68852981880868,
    39.22468374875156,
    38.90594241191115,
    40.086321665612964,
    39.84066863577335,
    40.368301722074506,
    41.20061053493863,
    39.83352135449959,
    42.31873656240091,
    42.151370745856205,
    42.45931069307689,
    41.927028189260284,
    42.00209900623265,
    42.273742150150596,
    42.589638944434576,
    42.023567583974604,
    40.92387011469646,
    39.41572707661984,
    39.23848050983088,
    39.39782504101031,
    38.7914248551115,
    39.20178653487442,
    38.573989094432974,
    37.613267127518924,
    37.589429604825575,
    37.86818302317516,
    38.43965825963542,
    38.75111033498247,
    39.486615248255475,
    38.716811150149944,
    38.54380738714129,
    38.35632126543189,
    38.7518237102721,
    39.117862006656935,
    39.39014351713458,
    37.85177637022715,
    38.151554989808005,
    38.38879141822165,
    39.0127823309399,
    38.969134966795394,
    37.70932409996355,
    37.31962680775871,
    38.2588104702271,
    37.78586718326623
  ],
  "actions": [],
  "observations": [
    1,
    1,
    1,
    1,
    1,
    1,
    1,
    1,
    1,
    1,
    1,
    1,
    1,
    1,
    1,
    1,
    1,
    1,
    1,
    1,
    1,
    1,
    1,
    1,
    1,
    1,
    1,
    1,
    1,
    1,
    1,
    1,
    1,
    1,
    1,
    1,
    1,
    1,
    1,
    1,
    1,
    1,
    1,
    1,
    1,
    1,
    1,
    1,
    1,
    1,
    1,
    1,
    1,
    1,
    1,
    1,
    1,
    1,
    1,
    1,
    1,
    1,
    1,
    1,
    1,
    1,
    1,
    1,
    1,
    1,
    0,
    1,
    0,
    0,
    1,
    1,
    1,
    1,
    1,
    1,
    1,
    1,
    1,
    1,
    1,
    1,
    1,
    0,
    0,
    0,
    0,
    0,
    0,
    0,
    0,
    0,
    0,
    0,
    0,
    0,
    0,
    0,
    1,
    0,
    1,
    0,
    0,
    0,
    0,
    0,
    0,
    0,
    0,
    0,
    0,
    0,
    0,
    0,
    0,
    0,
    0,
    0,
    0,
    0,
    0,
    0,
    0,
    0,
    0,
    0,
    0,
    0,
    0,
    0,
    0,
    0,
    0,
    0,
    0,
    0,
    0,
    0,
    0,
    0,
    0,
    0,
    0,
    0,
    0,
    0,
    0,
    0,
    0,
    0,
    0,
    0,
    0,
    0,
    0,
    0,
    0,
    0,
    0,
    0,
    0,
    0,
    0,
    0,
    0,
    0,
    0,
    0,
    0,
    0,
    0,
    0,
    0,
    0,
    0,
    0,
    0,
    0,
    0,
    0,
    0,
    0,
    0,
    0,
    0,
    0,
    0,
    0,
    0,
    0,
    0,
    0,
    0,
    0,
    0,
    0
  ],