{
  "timesteps": [
    0,
    1,
    2,
    3,
    4,
    5,
    6,
    7,
    8,
    9,
    10,
    11,
    12,
    13,
    14,
    15,
    16,
    17,
    18,
    19,
    20,
    21,
    22,
    23,
    24,
    25,
    26,
    27,
    28,
    29,
    30,
    31,
    32,
    33,
    34,
    35,
    36,
    37,
    38,
    39,
    40,
    41,
    42,
    43,
    44,
    45,
    46,
    47,
    48,
    49,
    50,
    51,
    52,
    53,
    54,
    55,
    56,
    57,
    58,
    59,
    60,
    61,
    62,
    63,
    64,
    65,
    66,
    67,
    68,
    69,
    70,
    71,
    72,
    73,
    74,
    75,
    76,
    77,
    78,
    79,
    80,
    81,
    82,
    83,
    84,
    85,
    86,
    87,
    88,
    89,
    90,
    91,
    92,
    93,
    94,
    95,
    96,
    97,
    98,
    99,
    100,
    101,
    102,
    103,
    104,
    105,
    106,
    107,
    108,
    109,
    110,
    111,
    112,
    113,
    114,
    115,
    116,
    117,
    118,
    119,
    120,
    121,
    122,
    123,
    124,
    125,
    126,
    127,
    128,
    129,
    130,
    131,
    132,
    133,
    134,
    135,
    136,
    137,
    138,
    139,
    140,
    141,
    142,
    143,
    144,
    145,
    146,
    147,
    148,
    149,
    150,
    151,
    152,
    153,
    154,
    155,
    156,
    157,
    158,
    159,
    160,
    161,
    162,
    163,
    164,
    165,
    166,
    167,
    168,
    169,
    170,
    171,
    172,
    173,
    174,
    175,
    176,
    177,
    178,
    179,
    180,
    181,
    182,
    183,
    184,
    185,
    186,
    187,
    188,
    189,
    190,
    191,
    192,
    193,
    194,
    195,
    196,
    197,
    198,
    199
  ],
  "states": [
    50.0,
    50.58094591916643,
    51.01920345320824,
    51.99661541497791,
    51.73811684343235,
    49.76394662016089,
    49.38700103996409,
    49.96450231455464,
    50.04031944910811,
    50.84659108718521,
    51.36670324340373,
    51.09642369640685,
    49.84094348316432,
    49.7452274448683,
    50.24700632263937,
    50.36383009305659,
    49.79951881336254,
    48.56738358365502,
    49.130630413301,
    50.216410633581035,
    50.650723087164494,
    49.2657958205062,
    50.2984635751864,
    49.6454948527603,
    49.3649157750046,
    49.20137968538193,
    48.99315155822038,
    48.48719199923511,
    48.10829476851061,
    49.01942671108404,
    48.94031465304634,
    48.785830283828346,
    47.830669817543516,
    47.43124907591882,
    48.435622530055475,
    48.90373947371266,
    48.44278451621052,
    47.97716994425147,
    47.73704160116683,
    47.91769665809761,
    48.500158683570646,
    47.752192966704904,
    47.58432796935746,
    47.25222613398917,
    46.650943768503794,
    46.00408642154029,
    46.962898310777724,
    47.05978040503549,
    46.51607641701054,
    46.331624510166186,
    46.544142838257024,
    46.41340315969249,
    45.50438523935572,
    45.108077108638234,
    45.03905670578052,
    43.62194974201835,
    43.6153391394893,
    43.941596488556456,
    43.86811098631814,
    44.32504007547218,
    45.12357179287922,
    45.248035445218434,
    45.56165736520702,
    45.93151577183969,
    46.76883288559116,
    49.34182379642394,
    48.64866831083586,
    49.64263374630945,
    50.023335032271405,
    49.45203258721759,
    49.29306722932283,
    49.847808993137114,
    49.4594408431305,
    49.406419744278345,
    50.87179253414349,
    50.5022739263305,
    50.57953752612967,
    50.71499651253797,
    51.21040980429634,
    50.56855541871175,
    51.24463256043332,
    49.8631506004801,
    50.367063033539694,
    49.413250189086874,
    49.41474370965405,
    49.030045546949744,
    49.35913772139801,
    49.23743400045496,
    48.98012561117622,
    48.00939315748405,
    47.8867721174954,
    48.917861672546344,
    47.23941892034788,
    48.11759689858216,
    48.81974933194987,
    48.97450218333655,
    48.31876605904446,
    47.42062525023178,
    47.095382838431824,
    47.44155953495507,
    46.46467208017649,
    46.175459834114996,
    46.21091976721922,
    46.4199088571871,
    48.06217643374295,
    47.88161474079199,
    46.89225734975687,
    44.94971340900791,
    45.11407380736353,
    45.503030821841385,
    45.393314929400745,
    45.4584089519018,
    44.63449705602656,
    45.247616631398095,
    45.37052236977796,
    43.225583155496146,
    43.1666581377291,
    44.3809160097968,
    43.88173937888618,
    44.416560089385925,
    44.03207458561455,
    42.6524993347973,
    42.14091828899966,
    42.10669668182089,
    41.18849340870294,
    42.32320098251946,
    42.830664527258726,
    42.945672694979855,
    43.31915599272506,
    43.53059742776481,
    43.36712971912227,
    43.21943931773554,
    42.62737506450721,
    43.227364451019135,
    44.10426230634057,
    43.81180741049426,
    44.59390221650915,
    44.41291021799844,
    44.495214466477506,
    45.70372972720862,
    45.76722929116642,
    45.03096479084995,
    45.00333551200925,
    43.94909056895614,
    44.92792309109184,
    44.98143094396991,
    44.301405703304646,
    44.4914768372405,
    43.55180137521135,
    43.711678060740255,
    42.66689685177478,
    41.53052795427492,
    40.33729148878025,
    38.881344760000964,
    39.06035111266871,
    39.403532874161634,
    39.686126692475305,
    40.093591218656805,
    39.61240609070318,
    40.07173386862158,
    39.94285267167317,
    39.712638417030135,
    38.84347811601684,
    38.95104856088859,
    39.128389456755166,
    40.99759520454338,
    40.8894351510633,
    40.607579403401694,
    40.7090705277227,
    41.7522385745184,
    41.153540104698685,
    40.16068708884044,
    40.51950616840994,
    41.26903012977439,
    40.4270232272435,
    39.99207121572992,
    40.9960673158477,
    40.4974501253779,
    40.314945949064956,
    40.67351721563025,
    40.19251449752063,
    39.78351687066943,
    40.02041581462612,
    41.05258044848309,
    41.12244878792488,
    41.13202410674622,
    40.159159639188985,
    39.81112361924675,
    38.98019042100585,
    38.309697219051976,
    38.215740481399585,
    37.87988708996005,
    36.7626871285906,
    36.932428811292844,
    36.15099538196101,
    37.016250631072715,
    37.13210936643096,
    38.318777582486376,
    38.469288467882116,
    39.13849778378375,
    40.44118092100264
  ],
  "actions": [],
  "observations": [
    1,
    1,
    1,
    1,
    1,
    1,
    1,
    1,
    1,
    1,
    1,
    1,
    1,
    1,
    1,
    1,
    1,
    1,
    1,
    1,
    1,
    1,
    1,
    1,
    1,
    1,
    1,
    1,
    1,
    1,
    1,
    1,
    1,
    1,
    1,
    1,
    1,
    1,
    1,
    1,
    1,
    1,
    1,
    1,
    1,
    1,
    1,
    1,
    1,
    1,
    1,
    1,
    1,
    1,
    1,
    0,
    0,
    0,
    0,
    0,
    1,
    1,
    1,
    1,
    1,
    1,
    1,
    1,
    1,
    1,
    1,
    1,
    1,
    1,
    1,
    1,
    1,
    1,
    1,
    1,
    1,
    1,
    1,
    1,
    1,
    1,
    1,
    1,
    1,
    1,
    1,
    1,
    1,
    1,
    1,
    1,
    1,
    1,
    1,
    1,
    1,
    1,
    1,
    1,
    1,
    1,
    1,
    0,
    1,
    1,
    1,
    1,
    0,
    1,
    1,
    0,
    0,
    0,
    0,
    0,
    0,
    0,
    0,
    0,
    0,
    0,
    0,
    0,
    0,
    0,
    0,
    0,
    0,
    0,
    0,
    0,
    0,
    0,
    0,
    1,
    1,
    1,
    1,
    0,
    0,
    0,
    0,
    0,
    0,
    0,
    0,
    0,
    0,
    0,
    0,
    0,
    0,
    0,
    0,
    0,
    0,
    0,
    0,
    0,
    0,
    0,
    0,
    0,
    0,
    0,
    0,
    0,
    0,
    0,
    0,
    0,
    0,
    0,
    0,
    0,
    0,
    0,
    0,
    0,
    0,
    0,
    0,
    0,
    0,
    0,
    0,
    0,
    0,
    0,
    0,
    0,
    0,
    0,
    0,
    0
  ],