{
  "timesteps": [
    0,
    1,
    2,
    3,
    4,
    5,
    6,
    7,
    8,
    9,
    10,
    11,
    12,
    13,
    14,
    15,
    16,
    17,
    18,
    19,
    20,
    21,
    22,
    23,
    24,
    25,
    26,
    27,
    28,
    29,
    30,
    31,
    32,
    33,
    34,
    35,
    36,
    37,
    38,
    39,
    40,
    41,
    42,
    43,
    44,
    45,
    46,
    47,
    48,
    49,
    50,
    51,
    52,
    53,
    54,
    55,
    56,
    57,
    58,
    59,
    60,
    61,
    62,
    63,
    64,
    65,
    66,
    67,
    68,
    69,
    70,
    71,
    72,
    73,
    74,
    75,
    76,
    77,
    78,
    79,
    80,
    81,
    82,
    83,
    84,
    85,
    86,
    87,
    88,
    89,
    90,
    91,
    92,
    93,
    94,
    95,
    96,
    97,
    98,
    99,
    100,
    101,
    102,
    103,
    104,
    105,
    106,
    107,
    108,
    109,
    110,
    111,
    112,
    113,
    114,
    115,
    116,
    117,
    118,
    119,
    120,
    121,
    122,
    123,
    124,
    125,
    126,
    127,
    128,
    129,
    130,
    131,
    132,
    133,
    134,
    135,
    136,
    137,
    138,
    139,
    140,
    141,
    142,
    143,
    144,
    145,
    146,
    147,
    148,
    149,
    150,
    151,
    152,
    153,
    154,
    155,
    156,
    157,
    158,
    159,
    160,
    161,
    162,
    163,
    164,
    165,
    166,
    167,
    168,
    169,
    170,
    171,
    172,
    173,
    174,
    175,
    176,
    177,
    178,
    179,
    180,
    181,
    182,
    183,
    184,
    185,
    186,
    187,
    188,
    189,
    190,
    191,
    192,
    193,
    194,
    195,
    196,
    197,
    198,
    199
  ],
  "states": [
    50.0,
    49.51399982641989,
    51.22159939682565,
    52.94419835934733,
    52.89319617839018,
    52.21307190378966,
    52.001705274331904,
    51.7392476125609,
    51.91308328260833,
    52.76044060100825,
    50.32952721645423,
    49.43905596888975,
    49.664976299875306,
    52.67301582289132,
    52.528373425474,
    54.423281095116145,
    55.15376060172576,
    54.34093175263399,
    53.07160300255985,
    51.92367309762515,
    52.12679803790381,
    55.20278157924001,
    54.869970092548385,
    52.06551921563796,
    51.20611480822526,
    52.012054351925094,
    52.7517904090717,
    51.927651799168814,
    52.432819804672036,
    52.27676259334415,
    52.68163581428883,
    52.185618438503035,
    50.58896965683699,
    50.13563092030391,
    51.24479890085112,
    51.467061982032725,
    52.088198128198485,
    50.8240486451791,
    53.904467961202236,
    52.342108499648205,
    53.95237912615103,
    55.192693356883424,
    56.597416645093986,
    55.93877679948068,
    57.441561879913344,
    58.867000697458494,
    59.14284944449135,
    60.84308053957175,
    59.71989965821934,
    58.19317576478528,
    58.48883648779135,
    60.23273903781393,
    61.89321825677662,
    62.05174063694538,
    60.56396757688214,
    60.92028073638462,
    59.72043220272288,
    60.25688265245806,
    58.243919035197834,
    60.476618367995826,
    58.481213680050296,
    58.87479356531273,
    58.045623315008655,
    61.05608190810744,
    59.60509807231865,
    59.234638496178185,
    58.4790706877393,
    58.351773091839654,
    58.79669115874687,
    60.509861196845286,
    58.563770852957326,
    57.91771432791727,
    61.21620504318896,
    60.0091260082657,
    59.622288560425574,
    59.80950188110231,
    59.54550338849233,
    59.445876011092686,
    58.45096892993786,
    55.64267297819518,
    56.4553004598913,
    57.788091583949935,
    56.87332602332463,
    57.414979517686405,
    58.899363023221994,
    57.18744448142549,
    56.84543362151385,
    57.5134165550424,
    56.90206058182949,
    56.79918451484968,
    59.57562367139289,
    60.54148025557775,
    61.307754224430596,
    60.167572349986585,
    58.041470530374156,
    55.12691384285077,
    55.032410067922775,
    54.306255238844045,
    54.33770765550667,
    54.02791307394162,
    53.34267074703366,
    51.64697670675587,
    49.95109576021486,
    48.279792963954755,
    48.298464656024954,
    49.199418816295,
    49.510999326714135,
    46.99652709792353,
    45.7892863254006,
    43.58092245316348,
    41.08922456160474,
    42.05407463085475,
    40.01852974607082,
    38.666845461074566,
    39.43398531767284,
    38.140819380508056,
    38.520798655014076,
    36.83054379270252,
    35.232513105522955,
    34.65760047287213,
    35.60784543531149,
    36.80670843287494,
    34.73866115002222,
    34.0504428707754,
    35.51119580060292,
    35.443956999679834,
    35.841733206694336,
    36.56224096172199,
    36.68499456186265,
    36.78165629686759,
    35.230638712998605,
    37.78694626084484,
    38.278583844010186,
    38.148767340722195,
    38.86228102402737,
    37.604931171767326,
    38.02077762276495,
    37.24271978137703,
    36.02989678196531,
    37.82457614157234,
    37.403654655722775,
    35.74214512764487,
    34.782229134961185,
    34.49831390406834,
    35.73958890317999,
    36.965094437220074,
    37.32560279849913,
    35.60190294953772,
    35.5821826241151,
    37.74819567091192,
    37.489427950552326,
    38.90429241710797,
    39.51696888281885,
    40.41278533799839,
    36.128603538055906,
    36.57633250394297,
    35.78982171661913,
    36.527935114091164,
    38.09510853869927,
    36.315427587702736,
    38.112622124030295,
    35.08349060508827,
    34.508251619887844,
    37.11840136349518,
    37.18034213993,
    36.86472371769127,
    35.7226316854725,
    38.22478648320006,
    39.76550261852074,
    39.576710295569235,
    39.3822655792812,
    39.960013841022,
    37.11786594631997,
    36.204315540120525,
    36.806111869412554,
    38.50655394490262,
    40.639558850274675,
    38.4527551405491,
    37.29351379253967,
    37.20823631686377,
    37.935297248523135,
    33.415823122470236,
    32.35862959506285,
    32.72169309122038,
    33.16642293342571,
    33.18845763863176,
    32.77804797173299,
    35.021442083848505,
    34.14674873994439,
    34.03742059208464,
    32.89874635138833,
    33.00119408303456,
    34.32488490300272,
    34.182247278452465,
    34.13525966398748,
    33.12441000652464,
    33.20170385236334,
    33.72744698996901,
    34.094320516758486,
    35.289068302421,
    35.4496603798657
  ],
  "actions": [],
  "observations": [
    1,
    1,
    1,
    1,
    1,
    1,
    1,
    1,
    1,
    1,
    1,
    1,
    1,
    1,
    1,
    1,
    2,
    1,
    1,
    1,
    1,
    2,
    1,
    1,
    1,
    1,
    1,
    1,
    1,
    1,
    1,
    1,
    1,
    1,
    1,
    1,
    1,
    1,
    1,
    1,
    1,
    2,
    2,
    2,
    2,
    2,
    2,
    2,
    2,
    2,
    2,
    2,
    2,
    2,
    2,
    2,
    2,
    2,
    2,
    2,
    2,
    2,
    2,
    2,
    2,
    2,
    2,
    2,
    2,
    2,
    2,
    2,
    2,
    2,
    2,
    2,
    2,
    2,
    2,
    2,
    2,
    2,
    2,
    2,
    2,
    2,
    2,
    2,
    2,
    2,
    2,
    2,
    2,
    2,
    2,
    2,
    2,
    1,
    1,
    1,
    1,
    1,
    1,
    1,
    1,
    1,
    1,
    1,
    1,
    0,
    0,
    0,
    0,
    0,
    0,
    0,
    0,
    0,
    0,
    0,
    0,
    0,
    0,
    0,
    0,
    0,
    0,
    0,
    0,
    0,
    0,
    0,
    0,
    0,
    0,
    0,
    0,
    0,
    0,
    0,
    0,
    0,
    0,
    0,
    0,
    0,
    0,
    0,
    0,
    0,
    0,
    0,
    0,
    0,
    0,
    0,
    0,
    0,
    0,
    0,
    0,
    0,
    0,
    0,
    0,
    0,
    0,
    0,
    0,
    0,
    0,
    0,
    0,
    0,
    0,
    0,
    0,
    0,
    0,
    0,
    0,
    0,
    0,
    0,
    0,
    0,
    0,
    0,
    0,
    0,
    0,
    0,
    0,
    0,
    0,
    0,
    0,
    0,
    0,
    0
  ],