{
  "timesteps": [
    0,
    1,
    2,
    3,
    4,
    5,
    6,
    7,
    8,
    9,
    10,
    11,
    12,
    13,
    14,
    15,
    16,
    17,
    18,
    19,
    20,
    21,
    22,
    23,
    24,
    25,
    26,
    27,
    28,
    29,
    30,
    31,
    32,
    33,
    34,
    35,
    36,
    37,
    38,
    39,
    40,
    41,
    42,
    43,
    44,
    45,
    46,
    47,
    48,
    49,
    50,
    51,
    52,
    53,
    54,
    55,
    56,
    57,
    58,
    59,
    60,
    61,
    62,
    63,
    64,
    65,
    66,
    67,
    68,
    69,
    70,
    71,
    72,
    73,
    74,
    75,
    76,
    77,
    78,
    79,
    80,
    81,
    82,
    83,
    84,
    85,
    86,
    87,
    88,
    89,
    90,
    91,
    92,
    93,
    94,
    95,
    96,
    97,
    98,
    99,
    100,
    101,
    102,
    103,
    104,
    105,
    106,
    107,
    108,
    109,
    110,
    111,
    112,
    113,
    114,
    115,
    116,
    117,
    118,
    119,
    120,
    121,
    122,
    123,
    124,
    125,
    126,
    127,
    128,
    129,
    130,
    131,
    132,
    133,
    134,
    135,
    136,
    137,
    138,
    139,
    140,
    141,
    142,
    143,
    144,
    145,
    146,
    147,
    148,
    149,
    150,
    151,
    152,
    153,
    154,
    155,
    156,
    157,
    158,
    159,
    160,
    161,
    162,
    163,
    164,
    165,
    166,
    167,
    168,
    169,
    170,
    171,
    172,
    173,
    174,
    175,
    176,
    177,
    178,
    179,
    180,
    181,
    182,
    183,
    184,
    185,
    186,
    187,
    188,
    189,
    190,
    191,
    192,
    193,
    194,
    195,
    196,
    197,
    198,
    199
  ],
  "states": [
    50.0,
    49.989518514684335,
    49.87178039117368,
    50.02124332556895,
    49.97135576792317,
    49.78569397529011,
    49.86562082016099,
    49.819336529761095,
    49.88970274448153,
    49.82613421576799,
    49.912230764537334,
    49.976198840119004,
    50.06643324596013,
    50.12649134119963,
    50.205984959555195,
    50.168212126167134,
    50.18394115210093,
    50.02261269572591,
    50.08389741841415,
    50.10931006863031,
    50.12429749906524,
    50.24840024582855,
    50.35888421832632,
    50.362137256889575,
    50.315986361381256,
    50.2837953067579,
    50.30230303376956,
    50.251692250034,
    50.06593627629216,
    49.95670161727396,
    49.820909072778406,
    49.83752006162408,
    49.819443342894495,
    49.899410904537326,
    49.850280250887806,
    49.91716434303826,
    49.9077599635204,
    49.93487085478676,
    49.9238926625542,
    50.04065192281415,
    49.89722715246807,
    49.92798414502288,
    50.053639333420165,
    50.04527232863004,
    49.903652401370756,
    50.006751629582425,
    49.92331905060865,
    50.02925563686567,
    49.96211383972026,
    50.13099814224885,
    50.18776300231928,
    50.1529495363532,
    50.100781597991336,
    49.99900900755923,
    49.95885322770303,
    49.98065077430789,
    49.9040678830491,
    50.02438312808709,
    50.08304748215238,
    49.99688500873013,
    50.08323355181084,
    49.93298853392009,
    49.89431028917861,
    49.983812863538944,
    49.86157944308351,
    49.972274075852916,
    50.10193014347951,
    50.12771543703159,
    50.14302387444536,
    50.07424221384395,
    50.137413129702765,
    50.05569015429525,
    50.094085988213855,
    50.04743476684752,
    49.95250071442006,
    50.0595545419952,
    49.88707450457529,
    49.97820958899159,
    49.920361203115775,
    49.99867078482801,
    49.94974827933961,
    49.74056800472311,
    49.88511292839599,
    49.77772566783025,
    49.97106869632131,
    49.86902127945287,
    49.88849675224766,
    49.9206100845828,
    49.94395404897515,
    49.911130383319694,
    49.84280286328382,
    49.782811821132555,
    49.53177976823118,
    49.51482461783704,
    49.5448092456454,
    49.579943209455706,
    49.60887902517277,
    49.65332890038724,
    49.85138557504058,
    49.8196644433928,
    49.72561676316193,
    49.913807682796254,
    49.833183268107085,
    49.947972482336034,
    50.136749751943825,
    50.24641578342701,
    50.047339894713545,
    50.045137000806236,
    49.951406304903124,
    50.0069754925609,
    50.03009638292796,
    50.03856004185894,
    50.19260237986269,
    50.169557951488585,
    50.12263321139221,
    50.08112631500984,
    49.920091809177244,
    49.87395168355787,
    49.72204716466665,
    49.81904366585856,
    49.86701950712759,
    49.96460694493094,
    49.97727114062723,
    50.06794575875033,
    50.15811341557175,
    49.992635195202034,
    49.98107994184803,
    50.18444381194663,
    50.227279633876684,
    50.187657406826325,
    50.21619911327486,
    50.28360483327417,
    50.28127869537448,
    50.22668124467463,
    50.33731187779467,
    50.46271711689015,
    50.42768593840482,
    50.39507689434599,
    50.401315419252306,
    50.241996924133566,
    50.211325558552446,
    50.47980255212512,
    50.69572863519956,
    50.680105866107276,
    50.60165552457496,
    50.574331766101956,
    50.62978320612471,
    50.6845487054646,
    50.675976697442785,
    50.82903023653084,
    50.659619395219316,
    50.64426602561047,
    50.64902190268841,
    50.52909363247749,
    50.52905424476167,
    50.45472904324863,
    50.455634161632595,
    50.488643261366555,
    50.5970827820426,
    50.56565333420381,
    50.53370414522265,
    50.66986883149058,
    50.71437028165622,
    50.50677489548077,
    50.63674740279404,
    50.686008627769255,
    50.658607266700145,
    50.6868182172167,
    50.63385011117544,
    50.619790667077666,
    50.617047587479874,
    50.532311277310484,
    50.58836681403652,
    50.68047967928331,
    50.49480658270146,
    50.33231274868363,
    50.34880230287666,
    50.464274299775425,
    50.55877328683145,
    50.546732932764044,
    50.54407985024075,
    50.70673623643651,
    50.60437477478008,
    50.46821619703388,
    50.34223433666533,
    50.30005323189674,
    50.4290704205967,
    50.34046372954393,
    50.17078844007045,
    50.103514463925144,
    50.14228410559802,
    50.02428780706167,
    50.05957899675633,
    50.08193677994371,
    50.179110056486465,
    50.08686422741051,
    49.999524636385196,
    50.13798952445862,
    50.337574588680546,
    50.407264233019795,
    50.44644532875331
  ],
  "actions": [],
  "observations": [
    1,
    1,
    1,
    1,
    1,
    1,
    1,
    1,
    1,
    1,
    1,
    1,
    1,
    1,
    1,
    1,
    1,
    1,
    1,
    1,
    1,
    1,
    1,
    1,
    1,
    1,
    1,
    1,
    1,
    1,
    1,
    1,
    1,
    1,
    1,
    1,
    1,
    1,
    1,
    1,
    1,
    1,
    1,
    1,
    1,
    1,
    1,
    1,
    1,
    1,
    1,
    1,
    1,
    1,
    1,
    1,
    1,
    1,
    1,
    1,
    1,
    1,
    1,
    1,
    1,
    1,
    1,
    1,
    1,
    1,
    1,
    1,
    1,
    1,
    1,
    1,
    1,
    1,
    1,
    1,
    1,
    1,
    1,
    1,
    1,
    1,
    1,
    1,
    1,
    1,
    1,
    1,
    1,
    1,
    1,
    1,
    1,
    1,
    1,
    1,
    1,
    1,
    1,
    1,
    1,
    1,
    1,
    1,
    1,
    1,
    1,
    1,
    1,
    1,
    1,
    1,
    1,
    1,
    1,
    1,
    1,
    1,
    1,
    1,
    1,
    1,
    1,
    1,
    1,
    1,
    1,
    1,
    1,
    1,
    1,
    1,
    1,
    1,
    1,
    1,
    1,
    1,
    1,
    1,
    1,
    1,
    1,
    1,
    1,
    1,
    1,
    1,
    1,
    1,
    1,
    1,
    1,
    1,
    1,
    1,
    1,
    1,
    1,
    1,
    1,
    1,
    1,
    1,
    1,
    1,
    1,
    1,
    1,
    1,
    1,
    1,
    1,
    1,
    1,
    1,
    1,
    1,
    1,
    1,
    1,
    1,
    1,
    1,
    1,
    1,
    1,
    1,
    1,
    1,
    1,
    1,
    1,
    1,
    1,
    1
  ],