{
  "timesteps": [
    0,
    1,
    2,
    3,
    4,
    5,
    6,
    7,
    8,
    9,
    10,
    11,
    12,
    13,
    14,
    15,
    16,
    17,
    18,
    19,
    20,
    21,
    22,
    23,
    24,
    25,
    26,
    27,
    28,
    29,
    30,
    31,
    32,
    33,
    34,
    35,
    36,
    37,
    38,
    39,
    40,
    41,
    42,
    43,
    44,
    45,
    46,
    47,
    48,
    49,
    50,
    51,
    52,
    53,
    54,
    55,
    56,
    57,
    58,
    59,
    60,
    61,
    62,
    63,
    64,
    65,
    66,
    67,
    68,
    69,
    70,
    71,
    72,
    73,
    74,
    75,
    76,
    77,
    78,
    79,
    80,
    81,
    82,
    83,
    84,
    85,
    86,
    87,
    88,
    89,
    90,
    91,
    92,
    93,
    94,
    95,
    96,
    97,
    98,
    99,
    100,
    101,
    102,
    103,
    104,
    105,
    106,
    107,
    108,
    109,
    110,
    111,
    112,
    113,
    114,
    115,
    116,
    117,
    118,
    119,
    120,
    121,
    122,
    123,
    124,
    125,
    126,
    127,
    128,
    129,
    130,
    131,
    132,
    133,
    134,
    135,
    136,
    137,
    138,
    139,
    140,
    141,
    142,
    143,
    144,
    145,
    146,
    147,
    148,
    149,
    150,
    151,
    152,
    153,
    154,
    155,
    156,
    157,
    158,
    159,
    160,
    161,
    162,
    163,
    164,
    165,
    166,
    167,
    168,
    169,
    170,
    171,
    172,
    173,
    174,
    175,
    176,
    177,
    178,
    179,
    180,
    181,
    182,
    183,
    184,
    185,
    186,
    187,
    188,
    189,
    190,
    191,
    192,
    193,
    194,
    195,
    196,
    197,
    198,
    199
  ],
  "states": [
    50.0,
    49.863953345015176,
    49.871987750684156,
    49.85289814807438,
    50.00032065286336,
    50.087035207513765,
    49.93394893690924,
    49.99179730014381,
    50.1720582927122,
    50.168832992997686,
    50.08980323080897,
    50.00780981403764,
    49.97758774515664,
    49.970967910450625,
    50.0836926410148,
    49.95158759199443,
    49.817739014442125,
    49.897342073960466,
    49.93713088632687,
    49.88698602271082,
    49.91234405519022,
    49.89656017578706,
    49.86556577044451,
    49.72616335002983,
    49.7714155306476,
    49.6416191073575,
    49.574840281487795,
    49.62859831102049,
    49.658795291179736,
    49.71912752060555,
    49.74745864835629,
    49.66245868678204,
    49.55372733346097,
    49.56049736954114,
    49.70171623185216,
    49.86041496686078,
    49.68615915130239,
    49.75533495552121,
    49.81170558271044,
    49.7129856590981,
    49.63085909463074,
    49.51187633738546,
    49.67262456791471,
    49.626470259014575,
    49.501515152776314,
    49.78206968755744,
    49.92294169798036,
    50.16397268937725,
    50.13919983188631,
    50.31837746041327,
    50.28796413763057,
    50.551597550385104,
    50.68674437751694,
    50.595721561467116,
    50.471491627074215,
    50.36615481723347,
    50.31087583966369,
    50.296789608878875,
    50.20264249111846,
    50.19090367744925,
    50.30044815308372,
    50.306658813770134,
    50.41259722539401,
    50.307039787374976,
    50.27547870586575,
    50.17654266784129,
    50.176787884383465,
    50.17216981572021,
    50.32001995200329,
    50.31544922831811,
    50.237711706328206,
    50.14010854522526,
    50.039230932654434,
    50.020129937272046,
    49.918068985158946,
    49.8119913961255,
    49.782211209596916,
    49.868837918413085,
    49.71014836047691,
    49.899562167149526,
    49.84242726193443,
    50.02687552808459,
    49.94563489688524,
    50.09561226472556,
    49.98708871280728,
    49.94679326634441,
    49.973445776786676,
    49.97343643090902,
    49.98681548400638,
    49.828336196576515,
    49.84799729300522,
    49.95923527279806,
    49.85232032601081,
    49.957387045222454,
    49.72798327235887,
    49.548752236089946,
    49.45534489868274,
    49.43755821997956,
    49.586725775714264,
    49.45565961038521,
    49.52096237314973,
    49.53095122379712,
    49.6652048953461,
    49.67069046971392,
    49.80858308790401,
    49.818702200754785,
    49.790947013506575,
    49.99114213016396,
    49.96930152376352,
    49.71349907228013,
    49.700935759083364,
    49.73529771185917,
    49.664329282361514,
    49.54000802062144,
    49.49248133185136,
    49.612348510224905,
    49.76469929664989,
    49.8467680290008,
    49.783327384259294,
    49.87359486527393,
    49.76944701324821,
    49.88373306292816,
    50.004117873988456,
    50.1725609169446,
    49.97638101917459,
    50.07930685042207,
    50.25219171795099,
    50.38701619714999,
    50.517736602340094,
    50.48992175073853,
    50.51436410982087,
    50.614248673291655,
    50.716202938868804,
    50.62802479696229,
    50.68501768028018,
    50.65145778482595,
    50.66209977739047,
    50.51299736801121,
    50.415852913887214,
    50.49607985579763,
    50.489762518761275,
    50.48809143437897,
    50.54534731283404,
    50.79073575981632,
    50.62503614934675,
    50.63711987521146,
    50.617935269943075,
    50.6443652509448,
    50.71329889185772,
    50.61233687042026,
    50.723431849725394,
    50.93338294485433,
    51.02219348756221,
    50.926379971268155,
    50.748204677852534,
    50.81383295197501,
    50.762270577508154,
    50.75598205514827,
    50.63973830270686,
    50.559648454860294,
    50.56772973014332,
    50.586254694416525,
    50.59472484714519,
    50.625047547398935,
    50.63480901603675,
    50.63546591332768,
    50.62991499662491,
    50.654945338118594,
    50.66261131403945,
    50.56758515424695,
    50.527179839458384,
    50.45643654204425,
    50.491732522612224,
    50.35862872059636,
    50.297090966654906,
    50.23729053378469,
    50.43594625131388,
    50.338319573840195,
    50.39824421149365,
    50.374411515632055,
    50.388578854156954,
    50.30098168723605,
    50.20466535379805,
    50.11840150887055,
    50.16100597777585,
    50.21654996848493,
    50.2832846276302,
    50.45147154539169,
    50.53471339318404,
    50.292939799142694,
    50.383015201454086,
    50.22133599012354,
    50.26227195195263,
    50.17861532607212,
    50.17256293206208,
    49.92982109019085,
    49.96190546485538,
    49.96460407712531,
    49.98030490563318,
    49.93070623910061,
    49.90515483524637
  ],
  "actions": [],
  "observations": [
    1,
    1,
    1,
    1,
    1,
    1,
    1,
    1,
    1,
    1,
    1,
    1,
    1,
    1,
    1,
    1,
    1,
    1,
    1,
    1,
    1,
    1,
    1,
    1,
    1,
    1,
    1,
    1,
    1,
    1,
    1,
    1,
    1,
    1,
    1,
    1,
    1,
    1,
    1,
    1,
    1,
    1,
    1,
    1,
    1,
    1,
    1,
    1,
    1,
    1,
    1,
    1,
    1,
    1,
    1,
    1,
    1,
    1,
    1,
    1,
    1,
    1,
    1,
    1,
    1,
    1,
    1,
    1,
    1,
    1,
    1,
    1,
    1,
    1,
    1,
    1,
    1,
    1,
    1,
    1,
    1,
    1,
    1,
    1,
    1,
    1,
    1,
    1,
    1,
    1,
    1,
    1,
    1,
    1,
    1,
    1,
    1,
    1,
    1,
    1,
    1,
    1,
    1,
    1,
    1,
    1,
    1,
    1,
    1,
    1,
    1,
    1,
    1,
    1,
    1,
    1,
    1,
    1,
    1,
    1,
    1,
    1,
    1,
    1,
    1,
    1,
    1,
    1,
    1,
    1,
    1,
    1,
    1,
    1,
    1,
    1,
    1,
    1,
    1,
    1,
    1,
    1,
    1,
    1,
    1,
    1,
    1,
    1,
    1,
    1,
    1,
    1,
    1,
    1,
    1,
    1,
    1,
    1,
    1,
    1,
    1,
    1,
    1,
    1,
    1,
    1,
    1,
    1,
    1,
    1,
    1,
    1,
    1,
    1,
    1,
    1,
    1,
    1,
    1,
    1,
    1,
    1,
    1,
    1,
    1,
    1,
    1,
    1,
    1,
    1,
    1,
    1,
    1,
    1,
    1,
    1,
    1,
    1,
    1,
    1
  ],