{
  "timesteps": [
    0,
    1,
    2,
    3,
    4,
    5,
    6,
    7,
    8,
    9,
    10,
    11,
    12,
    13,
    14,
    15,
    16,
    17,
    18,
    19,
    20,
    21,
    22,
    23,
    24,
    25,
    26,
    27,
    28,
    29,
    30,
    31,
    32,
    33,
    34,
    35,
    36,
    37,
    38,
    39,
    40,
    41,
    42,
    43,
    44,
    45,
    46,
    47,
    48,
    49,
    50,
    51,
    52,
    53,
    54,
    55,
    56,
    57,
    58,
    59,
    60,
    61,
    62,
    63,
    64,
    65,
    66,
    67,
    68,
    69,
    70,
    71,
    72,
    73,
    74,
    75,
    76,
    77,
    78,
    79,
    80,
    81,
    82,
    83,
    84,
    85,
    86,
    87,
    88,
    89,
    90,
    91,
    92,
    93,
    94,
    95,
    96,
    97,
    98,
    99,
    100,
    101,
    102,
    103,
    104,
    105,
    106,
    107,
    108,
    109,
    110,
    111,
    112,
    113,
    114,
    115,
    116,
    117,
    118,
    119,
    120,
    121,
    122,
    123,
    124,
    125,
    126,
    127,
    128,
    129,
    130,
    131,
    132,
    133,
    134,
    135,
    136,
    137,
    138,
    139,
    140,
    141,
    142,
    143,
    144,
    145,
    146,
    147,
    148,
    149,
    150,
    151,
    152,
    153,
    154,
    155,
    156,
    157,
    158,
    159,
    160,
    161,
    162,
    163,
    164,
    165,
    166,
    167,
    168,
    169,
    170,
    171,
    172,
    173,
    174,
    175,
    176,
    177,
    178,
    179,
    180,
    181,
    182,
    183,
    184,
    185,
    186,
    187,
    188,
    189,
    190,
    191,
    192,
    193,
    194,
    195,
    196,
    197,
    198,
    199
  ],
  "states": [
    50.0,
    50.0630536772887,
    50.18426069162,
    50.209135061570535,
    50.17245852161614,
    50.172812487423734,
    50.17648875921922,
    50.12938173687014,
    50.35682979696094,
    50.31626032972121,
    50.46156805792582,
    50.52724973053469,
    50.699695495295956,
    50.75018918876558,
    50.85682981611958,
    50.77719698258118,
    50.824092467570175,
    50.85667414295273,
    50.81381489488228,
    50.952745352053334,
    50.92885251235199,
    51.07503357007644,
    51.155355062894174,
    51.23577205474164,
    51.037866821785585,
    50.82464296820544,
    50.83977767737742,
    50.872372219623685,
    50.89825004570132,
    50.83567678440727,
    50.85703348983962,
    50.957029088973464,
    50.840908458368254,
    50.92474846842484,
    50.84690450426744,
    51.03822331577762,
    51.13251814283905,
    51.01104089695138,
    51.0654838384182,
    51.01721382489601,
    51.07240725293561,
    51.17800093473714,
    51.19936364395416,
    51.34167297537744,
    51.483099457430825,
    51.48822105350181,
    51.60867253612599,
    51.42186174163363,
    51.329344875436064,
    51.253474344724644,
    51.277144810671864,
    51.23879144438357,
    51.14339953311422,
    51.17075599696834,
    51.16601594374798,
    51.07140685111373,
    51.10903812515628,
    50.9960824209956,
    50.797747070683926,
    50.92891438040381,
    51.05002501361932,
    51.11851437873557,
    51.066503289857835,
    51.048502742788294,
    51.013356122351105,
    51.15569204225176,
    51.15759152375892,
    51.09891290182895,
    51.183298582590794,
    51.27969003632075,
    51.36653388440589,
    51.38583644994982,
    51.41358391549668,
    51.49675996086394,
    51.55934366082225,
    51.56588677207861,
    51.61124122146494,
    51.50697456588265,
    51.46236871432651,
    51.50082241842808,
    51.21844615948088,
    51.1984205280742,
    51.138646470807146,
    51.23316652773552,
    51.06979220894846,
    51.0669065165993,
    51.090977801695644,
    50.99439503956148,
    50.85555177220188,
    50.879201712341654,
    50.888081601037726,
    51.16246271530827,
    51.13113646273421,
    51.11376501032502,
    51.24458467303184,
    51.302636455637064,
    51.29492665600261,
    51.28940225382202,
    51.3310837611219,
    51.5854121566239,
    51.51327828105057,
    51.44208009137871,
    51.55105507908913,
    51.566395540293556,
    51.59679519090037,
    51.61766780197699,
    51.64688566603417,
    51.61298169948169,
    51.77042355046769,
    52.00574871449872,
    52.15067668872104,
    52.184805995511624,
    52.217954745812925,
    52.09991027443235,
    52.066426149119366,
    52.05766970671053,
    52.25401908322711,
    52.30317626858595,
    52.22457769715275,
    52.30862780892235,
    52.348800910126954,
    52.17018896831437,
    52.05286734122052,
    51.98706121844233,
    51.90020446003832,
    52.09283929211951,
    52.17853680696009,
    52.18759266093048,
    52.03178874139217,
    51.9458128386002,
    51.96035253828221,
    51.97182856628976,
    51.99539663347911,
    52.08062916141074,
    52.21618432496986,
    52.25634985041325,
    52.24135849634614,
    52.06375523896532,
    51.95436814767176,
    51.8117451445511,
    51.69542602674731,
    51.678624061904976,
    51.733610615027175,
    51.93606243050205,
    51.87848687018638,
    52.12575567017112,
    52.185196231016945,
    52.2826407403754,
    52.189587640711956,
    52.23920192522856,
    52.2927879650835,
    52.23560563330108,
    52.18051052268922,
    52.09380421318341,
    52.05415194891205,
    51.82554939095857,
    51.871199797972466,
    51.75057274583957,
    51.687915246692725,
    51.706195222615165,
    51.590525181567834,
    51.659779404289516,
    51.554420091034494,
    51.60787096566406,
    51.51161191846324,
    51.48785961444228,
    51.568791002875436,
    51.82795266333664,
    51.89203120925666,
    51.91044089535161,
    52.06016733163677,
    52.143592357218786,
    52.02343826855561,
    52.001839591475076,
    51.989058993354654,
    51.99933095546995,
    51.96356540162541,
    51.95037179586022,
    51.948015526622775,
    51.8849082061129,
    51.91200908601093,
    51.80872344323845,
    51.90273861204301,
    51.87488720693581,
    51.94158445806012,
    51.95574623838772,
    51.88264538314841,
    51.87033602710987,
    51.80617763418116,
    51.68545126258307,
    51.74236237247958,
    51.80894055159179,
    51.81880129637035,
    51.719604453355615,
    51.766874751669064,
    51.87784541719967,
    52.04461914533146,
    52.117168470487634,
    52.20817721238095,
    52.18841041010185,
    52.11248708753281
  ],
  "actions": [],
  "observations": [
    1,
    1,
    1,
    1,
    1,
    1,
    1,
    1,
    1,
    1,
    1,
    1,
    1,
    1,
    1,
    1,
    1,
    1,
    1,
    1,
    1,
    1,
    1,
    1,
    1,
    1,
    1,
    1,
    1,
    1,
    1,
    1,
    1,
    1,
    1,
    1,
    1,
    1,
    1,
    1,
    1,
    1,
    1,
    1,
    1,
    1,
    1,
    1,
    1,
    1,
    1,
    1,
    1,
    1,
    1,
    1,
    1,
    1,
    1,
    1,
    1,
    1,
    1,
    1,
    1,
    1,
    1,
    1,
    1,
    1,
    1,
    1,
    1,
    1,
    1,
    1,
    1,
    1,
    1,
    1,
    1,
    1,
    1,
    1,
    1,
    1,
    1,
    1,
    1,
    1,
    1,
    1,
    1,
    1,
    1,
    1,
    1,
    1,
    1,
    1,
    1,
    1,
    1,
    1,
    1,
    1,
    1,
    1,
    1,
    1,
    1,
    1,
    1,
    1,
    1,
    1,
    1,
    1,
    1,
    1,
    1,
    1,
    1,
    1,
    1,
    1,
    1,
    1,
    1,
    1,
    1,
    1,
    1,
    1,
    1,
    1,
    1,
    1,
    1,
    1,
    1,
    1,
    1,
    1,
    1,
    1,
    1,
    1,
    1,
    1,
    1,
    1,
    1,
    1,
    1,
    1,
    1,
    1,
    1,
    1,
    1,
    1,
    1,
    1,
    1,
    1,
    1,
    1,
    1,
    1,
    1,
    1,
    1,
    1,
    1,
    1,
    1,
    1,
    1,
    1,
    1,
    1,
    1,
    1,
    1,
    1,
    1,
    1,
    1,
    1,
    1,
    1,
    1,
    1,
    1,
    1,
    1,
    1,
    1,
    1
  ],