{
  "timesteps": [
    0,
    1,
    2,
    3,
    4,
    5,
    6,
    7,
    8,
    9,
    10,
    11,
    12,
    13,
    14,
    15,
    16,
    17,
    18,
    19,
    20,
    21,
    22,
    23,
    24,
    25,
    26,
    27,
    28,
    29,
    30,
    31,
    32,
    33,
    34,
    35,
    36,
    37,
    38,
    39,
    40,
    41,
    42,
    43,
    44,
    45,
    46,
    47,
    48,
    49,
    50,
    51,
    52,
    53,
    54,
    55,
    56,
    57,
    58,
    59,
    60,
    61,
    62,
    63,
    64,
    65,
    66,
    67,
    68,
    69,
    70,
    71,
    72,
    73,
    74,
    75,
    76,
    77,
    78,
    79,
    80,
    81,
    82,
    83,
    84,
    85,
    86,
    87,
    88,
    89,
    90,
    91,
    92,
    93,
    94,
    95,
    96,
    97,
    98,
    99,
    100,
    101,
    102,
    103,
    104,
    105,
    106,
    107,
    108,
    109,
    110,
    111,
    112,
    113,
    114,
    115,
    116,
    117,
    118,
    119,
    120,
    121,
    122,
    123,
    124,
    125,
    126,
    127,
    128,
    129,
    130,
    131,
    132,
    133,
    134,
    135,
    136,
    137,
    138,
    139,
    140,
    141,
    142,
    143,
    144,
    145,
    146,
    147,
    148,
    149,
    150,
    151,
    152,
    153,
    154,
    155,
    156,
    157,
    158,
    159,
    160,
    161,
    162,
    163,
    164,
    165,
    166,
    167,
    168,
    169,
    170,
    171,
    172,
    173,
    174,
    175,
    176,
    177,
    178,
    179,
    180,
    181,
    182,
    183,
    184,
    185,
    186,
    187,
    188,
    189,
    190,
    191,
    192,
    193,
    194,
    195,
    196,
    197,
    198,
    199
  ],
  "states": [
    50.0,
    49.96508144933201,
    49.18202244087384,
    49.48023901082097,
    49.27310431933244,
    48.36990295298209,
    47.91953261460984,
    47.52508758563808,
    47.81191198538277,
    47.86350089120064,
    48.03928168199853,
    47.82131200597202,
    48.28354784065985,
    47.977873060066386,
    47.369555013124064,
    47.467293717879514,
    47.16074297220775,
    48.09431420611199,
    48.96018468149858,
    48.583072747523616,
    47.56585070750143,
    47.70341620080381,
    47.263008940663774,
    47.08337681737527,
    46.659696477724545,
    46.39581526720975,
    46.54577545449907,
    46.55349778430948,
    46.92084235941442,
    46.618253247796844,
    47.00964457069061,
    47.50771630944954,
    47.08941445857723,
    46.87111862581848,
    46.95878652702446,
    46.175754630767806,
    45.82824565111553,
    45.416804449019196,
    46.042914212400895,
    45.472221204525326,
    45.38447505756244,
    45.19224249749701,
    44.8648929747339,
    44.71836198414095,
    44.616430534065714,
    45.60495671692699,
    45.65589602616742,
    46.39922837655318,
    47.08178196727133,
    47.73732383117056,
    47.791309481396986,
    48.091340295550914,
    47.821871017612445,
    48.64127684860982,
    47.91346918791552,
    48.17032515047796,
    47.52247636775373,
    47.68955525865967,
    46.72534658345559,
    46.73874340167967,
    46.48788774933412,
    46.99903039593746,
    46.85419787705387,
    47.35585992293453,
    47.61501654026646,
    48.1172063595465,
    48.23774639166127,
    48.834413502769124,
    48.32569692586766,
    47.91815254435608,
    48.43631590483206,
    47.67485404558731,
    47.15476562104697,
    47.76287872206923,
    47.574190272106726,
    48.4013815952366,
    48.691272167149094,
    48.504281175147796,
    47.95192832011158,
    48.47380028951126,
    48.18331216552356,
    48.824987268807895,
    49.35103589733917,
    48.354600013917285,
    48.12944246143442,
    47.92970272460422,
    47.990372964910904,
    48.62648628392717,
    48.83753780139056,
    47.606616282171366,
    48.2660743152246,
    48.61736948265534,
    48.94600982674396,
    48.193091393944,
    48.34427132389073,
    47.742987022628235,
    47.955550958171926,
    48.07536298474226,
    48.34401290362778,
    47.967918879822896,
    47.59291358694896,
    47.465536623759846,
    48.27372687436812,
    48.59387707378914,
    48.499519468145984,
    48.061736315632324,
    47.184772016172005,
    46.88782545907756,
    47.54407689968618,
    47.506830843218026,
    48.47310762013939,
    48.14456978306237,
    47.033792494258144,
    46.925646148505784,
    45.989534013224905,
    45.267544391221065,
    45.382823194698744,
    45.391099693535324,
    45.247860554277025,
    45.66876427505699,
    46.261759585457845,
    47.028189469638534,
    46.371684351935365,
    45.93750179954115,
    46.338646789814966,
    45.883809593879086,
    45.54966013087846,
    45.34977577026051,
    45.902056113742404,
    45.125145195218764,
    45.52870729478135,
    46.057112349707076,
    44.981730092527236,
    44.61777983939423,
    44.973104509616476,
    44.42655303678521,
    44.18867471941433,
    43.892152462042795,
    43.73157250694892,
    43.471045057107546,
    43.24767001969851,
    43.30203871544998,
    42.98177108571726,
    42.742206776981526,
    43.326784933244014,
    42.60394532660006,
    42.87289912106043,
    43.5883148726169,
    43.43972014242235,
    43.459721690570454,
    43.46277977489546,
    43.64177515916043,
    43.60137625919456,
    43.7386751766917,
    44.344066408414626,
    43.72448365232387,
    43.85367590982657,
    43.87932060575661,
    43.57894199679324,
    42.88272918674653,
    42.781476391073326,
    44.18217926149166,
    43.65003845726844,
    42.900005904101185,
    43.067162640834106,
    43.245276009908395,
    43.73921638133504,
    43.88625375693692,
    44.572190661338716,
    44.78097293435145,
    45.304306337513104,
    44.91902518027966,
    45.04866606608151,
    45.11082715959764,
    44.483272426239665,
    44.07857142766284,
    44.01745658800226,
    43.63228161560678,
    44.33202843036673,
    44.53584282630787,
    44.29987895244747,
    44.19738595265562,
    43.49027935059107,
    44.226308928801394,
    44.42977366968982,
    45.33961060760782,
    45.20569254739218,
    45.00027411666351,
    45.440796983415154,
    44.69583851145376,
    45.53043101590901,
    46.025732386099165,
    46.771388027885806,
    47.25474771162516,
    47.605372365546486,
    47.59507566896624,
    48.041704170836034,
    48.90191678592313,
    48.17135451251378,
    48.384033709954096,
    47.83122034131557
  ],
  "actions": [],
  "observations": [
    1,
    1,
    1,
    1,
    1,
    1,
    1,
    1,
    1,
    1,
    1,
    1,
    1,
    1,
    1,
    1,
    1,
    1,
    1,
    1,
    1,
    1,
    1,
    1,
    1,
    1,
    1,
    1,
    1,
    1,
    1,
    1,
    1,
    1,
    1,
    1,
    1,
    1,
    1,
    1,
    1,
    1,
    0,
    0,
    0,
    1,
    1,
    1,
    1,
    1,
    1,
    1,
    1,
    1,
    1,
    1,
    1,
    1,
    1,
    1,
    1,
    1,
    1,
    1,
    1,
    1,
    1,
    1,
    1,
    1,
    1,
    1,
    1,
    1,
    1,
    1,
    1,
    1,
    1,
    1,
    1,
    1,
    1,
    1,
    1,
    1,
    1,
    1,
    1,
    1,
    1,
    1,
    1,
    1,
    1,
    1,
    1,
    1,
    1,
    1,
    1,
    1,
    1,
    1,
    1,
    1,
    1,
    1,
    1,
    1,
    1,
    1,
    1,
    1,
    1,
    1,
    1,
    1,
    1,
    1,
    1,
    1,
    1,
    1,
    1,
    1,
    1,
    1,
    1,
    1,
    1,
    1,
    0,
    0,
    0,
    0,
    0,
    0,
    0,
    0,
    0,
    0,
    0,
    0,
    0,
    0,
    0,
    0,
    0,
    0,
    0,
    0,
    0,
    0,
    0,
    0,
    0,
    0,
    0,
    0,
    0,
    0,
    0,
    0,
    0,
    0,
    0,
    0,
    0,
    0,
    1,
    0,
    1,
    1,
    0,
    0,
    0,
    0,
    0,
    0,
    0,
    0,
    0,
    0,
    0,
    1,
    1,
    1,
    1,
    0,
    1,
    1,
    1,
    1,
    1,
    1,
    1,
    1,
    1,
    1
  ],