{
  "timesteps": [
    0,
    1,
    2,
    3,
    4,
    5,
    6,
    7,
    8,
    9,
    10,
    11,
    12,
    13,
    14,
    15,
    16,
    17,
    18,
    19,
    20,
    21,
    22,
    23,
    24,
    25,
    26,
    27,
    28,
    29,
    30,
    31,
    32,
    33,
    34,
    35,
    36,
    37,
    38,
    39,
    40,
    41,
    42,
    43,
    44,
    45,
    46,
    47,
    48,
    49,
    50,
    51,
    52,
    53,
    54,
    55,
    56,
    57,
    58,
    59,
    60,
    61,
    62,
    63,
    64,
    65,
    66,
    67,
    68,
    69,
    70,
    71,
    72,
    73,
    74,
    75,
    76,
    77,
    78,
    79,
    80,
    81,
    82,
    83,
    84,
    85,
    86,
    87,
    88,
    89,
    90,
    91,
    92,
    93,
    94,
    95,
    96,
    97,
    98,
    99,
    100,
    101,
    102,
    103,
    104,
    105,
    106,
    107,
    108,
    109,
    110,
    111,
    112,
    113,
    114,
    115,
    116,
    117,
    118,
    119,
    120,
    121,
    122,
    123,
    124,
    125,
    126,
    127,
    128,
    129,
    130,
    131,
    132,
    133,
    134,
    135,
    136,
    137,
    138,
    139,
    140,
    141,
    142,
    143,
    144,
    145,
    146,
    147,
    148,
    149,
    150,
    151,
    152,
    153,
    154,
    155,
    156,
    157,
    158,
    159,
    160,
    161,
    162,
    163,
    164,
    165,
    166,
    167,
    168,
    169,
    170,
    171,
    172,
    173,
    174,
    175,
    176,
    177,
    178,
    179,
    180,
    181,
    182,
    183,
    184,
    185,
    186,
    187,
    188,
    189,
    190,
    191,
    192,
    193,
    194,
    195,
    196,
    197,
    198,
    199
  ],
  "states": [
    50.0,
    48.39313604291273,
    49.89141669133358,
    49.36113003870435,
    48.84475875988849,
    50.89248625094213,
    51.87970392834249,
    52.20973256319278,
    53.756403896522706,
    53.89335379762395,
    55.92709161254602,
    56.146764908131864,
    55.25469376860022,
    56.77604915237513,
    56.71073740300757,
    56.430455718599376,
    58.21701393921582,
    57.80459896995709,
    57.09175668659041,
    57.03874164374898,
    55.99846052688129,
    54.78520904974422,
    54.331798830789566,
    54.832004143196535,
    54.83146823239451,
    53.42769511721614,
    55.769277633108445,
    56.550999356293254,
    57.847890206554894,
    58.611318351703765,
    58.96060432632164,
    60.629842748160534,
    60.45445694746954,
    59.41436949784117,
    60.98639671326161,
    62.849062910914746,
    62.41755280942047,
    61.29073904722292,
    62.02077880644957,
    62.10689669833471,
    61.07962736796672,
    60.05885065515434,
    60.16318621169927,
    61.92621022944892,
    61.01424947274912,
    58.11650630704856,
    56.86987592505705,
    56.08146776109066,
    55.42865499390681,
    55.437759974163946,
    56.46946995708567,
    57.534808815684606,
    58.82110180623534,
    58.403672840133915,
    59.87323862015576,
    60.50533524639181,
    59.610553636362745,
    60.42501438773193,
    59.771022377232505,
    59.56466230240264,
    60.4242686482721,
    58.60624764022514,
    56.68094867904909,
    55.80888900204088,
    55.95524912637776,
    55.98254748851269,
    56.502569844840686,
    55.55960617068087,
    57.314685707682926,
    59.0824259664172,
    59.109723190480175,
    58.41950296567216,
    57.97832472667912,
    57.33641400848672,
    56.226338520149,
    55.95939303731816,
    55.500799736322996,
    55.68269194241907,
    53.9630866608839,
    53.973927600228414,
    53.602792075760135,
    54.74905396222885,
    55.743002417698406,
    55.10994993640847,
    53.19102663791807,
    53.20366492601382,
    53.54380198699219,
    52.565479253428364,
    52.68757833138021,
    51.974558856597504,
    52.2153157045721,
    52.227263366143795,
    52.31907524079592,
    52.42386529160203,
    53.353428453012384,
    52.98870609792194,
    52.12841225054993,
    50.54845862026179,
    52.13206891450376,
    54.03335782449295,
    54.322973617361214,
    54.862506211050814,
    53.82581667976312,
    53.36490661417363,
    55.18845586979222,
    55.210703932940106,
    53.998619981160466,
    54.352466623070754,
    54.31217230003834,
    55.30060814937873,
    55.65976819120681,
    54.731289769518625,
    56.91737953475006,
    57.599725094902226,
    56.40163083080973,
    55.40238043275777,
    56.839782629324134,
    57.39639915193932,
    56.115798131447725,
    57.284474547261354,
    57.96460485004332,
    56.810109807352326,
    55.956197032259695,
    55.882665916944575,
    56.155466155227145,
    55.72968552216943,
    56.472021538256854,
    56.038596387764265,
    57.882869816167954,
    58.58237554122515,
    59.25143084828704,
    59.43850702254315,
    60.29969592296182,
    61.51519021769059,
    61.05892200947324,
    59.56730936111619,
    60.204506803633805,
    59.81207559806039,
    58.87787208560152,
    58.23839524987544,
    58.54922469704216,
    57.87337008239879,
    58.22555694500391,
    58.81247839729435,
    59.24556266092872,
    58.70060721172579,
    57.33319172680456,
    57.067743840762844,
    57.39009622545205,
    57.22069356949371,
    56.935016589814744,
    58.18517230360314,
    56.71439120705343,
    56.15885594994154,
    56.398677627126325,
    56.3863080095039,
    58.2140037788327,
    59.02711889308575,
    57.866450780335526,
    55.99037653216071,
    56.779942674757514,
    57.89862131670466,
    58.752045688734476,
    58.1785736809721,
    58.58349107429095,
    57.46478724513847,
    56.48654319989227,
    56.533688787906094,
    57.232965778935046,
    56.08849429384269,
    55.33830228996316,
    55.488713596573035,
    54.55528478705612,
    56.393675837380975,
    56.22411994665507,
    55.430686054263525,
    57.1103125628167,
    57.83355472939466,
    58.58520454481256,
    59.82230355337245,
    59.95051840974138,
    60.37327547632193,
    60.039238016580335,
    60.31429723095567,
    59.1869603722062,
    57.47852492333638,
    57.90510323454119,
    57.063678704795336,
    57.82317881643543,
    55.39407951500875,
    54.55583876825154,
    54.15071295275822,
    55.55279096271299,
    56.30103152391822,
    55.992327763511895,
    55.605538562504684,
    55.229972789354214,
    55.739249994763746,
    54.990433995384315,
    53.15286573446782,
    52.831999589297915
  ],
  "actions": [],
  "observations": [
    1,
    1,
    1,
    1,
    1,
    1,
    1,
    1,
    1,
    1,
    2,
    2,
    2,
    2,
    2,
    2,
    2,
    2,
    2,
    2,
    2,
    1,
    1,
    1,
    1,
    1,
    2,
    2,
    2,
    2,
    2,
    2,
    2,
    2,
    2,
    2,
    2,
    2,
    2,
    2,
    2,
    2,
    2,
    2,
    2,
    2,
    2,
    2,
    2,
    2,
    2,
    2,
    2,
    2,
    2,
    2,
    2,
    2,
    2,
    2,
    2,
    2,
    2,
    2,
    2,
    2,
    2,
    2,
    2,
    2,
    2,
    2,
    2,
    2,
    2,
    2,
    2,
    2,
    1,
    1,
    1,
    1,
    2,
    2,
    1,
    1,
    1,
    1,
    1,
    1,
    1,
    1,
    1,
    1,
    1,
    1,
    1,
    1,
    1,
    1,
    1,
    1,
    1,
    1,
    2,
    2,
    1,
    1,
    1,
    2,
    2,
    1,
    2,
    2,
    2,
    2,
    2,
    2,
    2,
    2,
    2,
    2,
    2,
    2,
    2,
    2,
    2,
    2,
    2,
    2,
    2,
    2,
    2,
    2,
    2,
    2,
    2,
    2,
    2,
    2,
    2,
    2,
    2,
    2,
    2,
    2,
    2,
    2,
    2,
    2,
    2,
    2,
    2,
    2,
    2,
    2,
    2,
    2,
    2,
    2,
    2,
    2,
    2,
    2,
    2,
    2,
    2,
    2,
    2,
    2,
    2,
    2,
    1,
    2,
    2,
    2,
    2,
    2,
    2,
    2,
    2,
    2,
    2,
    2,
    2,
    2,
    2,
    2,
    2,
    2,
    1,
    1,
    2,
    2,
    2,
    2,
    2,
    2,
    1,
    1
  ],