{
  "timesteps": [
    0,
    1,
    2,
    3,
    4,
    5,
    6,
    7,
    8,
    9,
    10,
    11,
    12,
    13,
    14,
    15,
    16,
    17,
    18,
    19,
    20,
    21,
    22,
    23,
    24,
    25,
    26,
    27,
    28,
    29,
    30,
    31,
    32,
    33,
    34,
    35,
    36,
    37,
    38,
    39,
    40,
    41,
    42,
    43,
    44,
    45,
    46,
    47,
    48,
    49,
    50,
    51,
    52,
    53,
    54,
    55,
    56,
    57,
    58,
    59,
    60,
    61,
    62,
    63,
    64,
    65,
    66,
    67,
    68,
    69,
    70,
    71,
    72,
    73,
    74,
    75,
    76,
    77,
    78,
    79,
    80,
    81,
    82,
    83,
    84,
    85,
    86,
    87,
    88,
    89,
    90,
    91,
    92,
    93,
    94,
    95,
    96,
    97,
    98,
    99,
    100,
    101,
    102,
    103,
    104,
    105,
    106,
    107,
    108,
    109,
    110,
    111,
    112,
    113,
    114,
    115,
    116,
    117,
    118,
    119,
    120,
    121,
    122,
    123,
    124,
    125,
    126,
    127,
    128,
    129,
    130,
    131,
    132,
    133,
    134,
    135,
    136,
    137,
    138,
    139,
    140,
    141,
    142,
    143,
    144,
    145,
    146,
    147,
    148,
    149,
    150,
    151,
    152,
    153,
    154,
    155,
    156,
    157,
    158,
    159,
    160,
    161,
    162,
    163,
    164,
    165,
    166,
    167,
    168,
    169,
    170,
    171,
    172,
    173,
    174,
    175,
    176,
    177,
    178,
    179,
    180,
    181,
    182,
    183,
    184,
    185,
    186,
    187,
    188,
    189,
    190,
    191,
    192,
    193,
    194,
    195,
    196,
    197,
    198,
    199
  ],
  "states": [
    50.0,
    51.0013727636612,
    51.34037874177661,
    50.70814661536406,
    52.26096473126047,
    51.57685181934886,
    51.59092344702143,
    51.30085491412111,
    51.42469824368867,
    50.93005843035189,
    51.97185741507046,
    52.89642988175994,
    53.13441118460525,
    54.307734357852375,
    54.552478964228705,
    54.16964549162734,
    53.454221019793614,
    54.18204126039063,
    53.446284801581804,
    53.940283976430145,
    54.56804728042427,
    55.143803661717754,
    55.52323307040256,
    56.080143743175704,
    55.714612998289006,
    55.77669917922473,
    55.41772896254335,
    56.02175409399612,
    54.516162039976955,
    52.811672505840875,
    53.943231907751105,
    55.11565098010262,
    54.513738252565844,
    53.82567015504895,
    52.94177799144544,
    53.68191373744068,
    54.411805727891704,
    55.321307928224634,
    54.81224434289255,
    54.248083605949475,
    53.99668023184628,
    54.15008711258363,
    54.36019695193694,
    55.36738017033964,
    56.05338645478406,
    57.717615429450895,
    58.62933174607923,
    57.845749455702816,
    58.908352215465456,
    60.82480599690905,
    60.79512598840155,
    61.38803705929809,
    61.47837167928831,
    60.02434057194,
    60.86158648473903,
    60.769881771572194,
    59.361965841446754,
    58.11832574368623,
    57.46741016552437,
    58.463661933646115,
    58.71216119212801,
    58.519834961217086,
    58.01732498780662,
    56.917388840292546,
    55.90034066714149,
    56.750200170377745,
    56.570932609380364,
    56.07110566749405,
    56.47229933361853,
    57.04578045595207,
    56.39191945434802,
    56.202628666185596,
    56.56612016699718,
    56.277131373321886,
    55.990642248246836,
    54.02926066306692,
    53.53844776665493,
    54.144866457100136,
    53.00874106333099,
    52.38043520419962,
    54.04953567656477,
    54.03665220057047,
    54.300002020289774,
    54.45701307496119,
    53.4634279832874,
    53.93470840471392,
    54.19884062908699,
    55.2974448336454,
    55.689868405698476,
    56.25980105666165,
    55.03696921861237,
    53.91483615144423,
    53.90360087136527,
    54.81323967562021,
    56.74292975437548,
    55.89775826928833,
    55.60449263703978,
    55.451071754124605,
    54.99624585205408,
    54.73004075884401,
    53.86547343485307,
    54.060062278309815,
    53.61168234983601,
    53.67784002349664,
    52.794435921550026,
    54.4690810576692,
    53.23988117675646,
    54.298451622549486,
    54.85624292974429,
    54.976884149817685,
    53.96111237472789,
    54.594594994624856,
    54.459912770591025,
    54.99571616083948,
    52.923049088888504,
    52.03826206475509,
    52.034416339175095,
    52.05400754025452,
    53.133460762557945,
    51.69227861769913,
    50.48658246394478,
    49.3021793439765,
    47.69819718071768,
    46.60226803472142,
    47.18235797440977,
    48.339377200680836,
    47.37224103008084,
    48.434079187849385,
    48.993505283768,
    49.0807095913119,
    47.65497664420918,
    47.05377538894913,
    46.91119659059216,
    45.84733522055201,
    45.26691784643374,
    44.30411600947862,
    43.04628591095088,
    42.67277672519583,
    42.39808241561888,
    41.35595215500761,
    40.72398718691448,
    38.19206576193941,
    38.86553608083434,
    40.348733765092064,
    40.74305708936791,
    41.229488435442036,
    40.14283774931141,
    40.814058330936255,
    40.197201073942985,
    39.546115068196706,
    40.324221760943374,
    39.619875158377255,
    40.392527789920116,
    40.871994277654835,
    42.0161658054741,
    43.23471707626391,
    43.7959978354274,
    42.86923868535953,
    42.93079661441038,
    43.04297656037313,
    42.7588820104863,
    42.346991673842844,
    42.527843127218354,
    40.99455028319355,
    40.1389582490647,
    40.22922220913994,
    41.04749678075915,
    41.57750726825467,
    40.14994884364081,
    39.56264780933485,
    39.79347576037913,
    40.50557727077261,
    40.055833103328084,
    40.549972413874585,
    40.82030032691147,
    41.88939039226385,
    42.81562600033537,
    42.25833479958953,
    41.30014197156641,
    40.28353483934719,
    40.08471969709214,
    39.53253294333981,
    38.83228169869193,
    38.42908071200792,
    38.12645335759631,
    37.51557957857328,
    37.57078841438151,
    37.850458423711174,
    37.434053254556346,
    37.33463224468809,
    35.359674371711726,
    35.79159714239411,
    34.44446222859129,
    33.70500190946372,
    33.60810174092655,
    32.082729078714216,
    31.387236924314525,
    32.051847908281914,
    32.317636998430075,
    32.214130475189286,
    31.22895404828176
  ],
  "actions": [],
  "observations": [
    1,
    1,
    1,
    1,
    1,
    1,
    1,
    1,
    1,
    1,
    1,
    1,
    1,
    1,
    1,
    1,
    1,
    1,
    1,
    1,
    1,
    2,
    2,
    2,
    2,
    2,
    2,
    2,
    1,
    1,
    1,
    2,
    1,
    1,
    1,
    1,
    1,
    2,
    1,
    1,
    1,
    1,
    1,
    2,
    2,
    2,
    2,
    2,
    2,
    2,
    2,
    2,
    2,
    2,
    2,
    2,
    2,
    2,
    2,
    2,
    2,
    2,
    2,
    2,
    2,
    2,
    2,
    2,
    2,
    2,
    2,
    2,
    2,
    2,
    2,
    1,
    1,
    1,
    1,
    1,
    1,
    1,
    1,
    1,
    1,
    1,
    1,
    2,
    2,
    2,
    2,
    1,
    1,
    1,
    2,
    2,
    2,
    2,
    1,
    1,
    1,
    1,
    1,
    1,
    1,
    1,
    1,
    1,
    1,
    1,
    1,
    1,
    1,
    1,
    1,
    1,
    1,
    1,
    1,
    1,
    1,
    1,
    1,
    1,
    1,
    1,
    1,
    1,
    1,
    1,
    1,
    1,
    1,
    1,
    1,
    0,
    0,
    0,
    0,
    0,
    0,
    0,
    0,
    0,
    0,
    0,
    0,
    0,
    0,
    0,
    0,
    0,
    0,
    0,
    0,
    0,
    0,
    0,
    0,
    0,
    0,
    0,
    0,
    0,
    0,
    0,
    0,
    0,
    0,
    0,
    0,
    0,
    0,
    0,
    0,
    0,
    0,
    0,
    0,
    0,
    0,
    0,
    0,
    0,
    0,
    0,
    0,
    0,
    0,
    0,
    0,
    0,
    0,
    0,
    0,
    0,
    0,
    0,
    0,
    0
  ],