{
  "timesteps": [
    0,
    1,
    2,
    3,
    4,
    5,
    6,
    7,
    8,
    9,
    10,
    11,
    12,
    13,
    14,
    15,
    16,
    17,
    18,
    19,
    20,
    21,
    22,
    23,
    24,
    25,
    26,
    27,
    28,
    29,
    30,
    31,
    32,
    33,
    34,
    35,
    36,
    37,
    38,
    39,
    40,
    41,
    42,
    43,
    44,
    45,
    46,
    47,
    48,
    49,
    50,
    51,
    52,
    53,
    54,
    55,
    56,
    57,
    58,
    59,
    60,
    61,
    62,
    63,
    64,
    65,
    66,
    67,
    68,
    69,
    70,
    71,
    72,
    73,
    74,
    75,
    76,
    77,
    78,
    79,
    80,
    81,
    82,
    83,
    84,
    85,
    86,
    87,
    88,
    89,
    90,
    91,
    92,
    93,
    94,
    95,
    96,
    97,
    98,
    99,
    100,
    101,
    102,
    103,
    104,
    105,
    106,
    107,
    108,
    109,
    110,
    111,
    112,
    113,
    114,
    115,
    116,
    117,
    118,
    119,
    120,
    121,
    122,
    123,
    124,
    125,
    126,
    127,
    128,
    129,
    130,
    131,
    132,
    133,
    134,
    135,
    136,
    137,
    138,
    139,
    140,
    141,
    142,
    143,
    144,
    145,
    146,
    147,
    148,
    149,
    150,
    151,
    152,
    153,
    154,
    155,
    156,
    157,
    158,
    159,
    160,
    161,
    162,
    163,
    164,
    165,
    166,
    167,
    168,
    169,
    170,
    171,
    172,
    173,
    174,
    175,
    176,
    177,
    178,
    179,
    180,
    181,
    182,
    183,
    184,
    185,
    186,
    187,
    188,
    189,
    190,
    191,
    192,
    193,
    194,
    195,
    196,
    197,
    198,
    199
  ],
  "states": [
    50.0,
    49.85209779869641,
    50.279870288880765,
    51.251241520833695,
    51.87748530959663,
    51.86138942503212,
    50.713420903818495,
    49.22275237453025,
    49.57450865053446,
    50.380133460506954,
    49.45304018149199,
    48.84164948119794,
    47.81649259215764,
    47.3872452676708,
    46.6217723546756,
    46.349617668666724,
    48.42041631341539,
    47.61412394486974,
    46.371533220134936,
    45.12670577219096,
    44.77324518260306,
    45.77799511757837,
    44.747675625884014,
    44.11563153173299,
    42.34096737097986,
    42.16732279511264,
    43.05517117227746,
    42.902761741305866,
    42.06466106674771,
    43.584247580741064,
    44.63040773865348,
    44.334678020218746,
    45.27857176732736,
    44.57796265698721,
    44.96376075329798,
    45.57204775914851,
    44.25717365840295,
    45.28918370885762,
    44.642416909031745,
    45.057544338440174,
    43.28489397986003,
    41.56775658868533,
    41.73463970257188,
    43.095270325463275,
    44.44570503994276,
    45.22753370667734,
    45.12248744007781,
    45.23711955383716,
    45.67325753811076,
    46.05410146461852,
    46.53510010452254,
    46.41997518076595,
    45.10747349458671,
    46.13332990980572,
    47.60415473648729,
    48.315119132632866,
    47.998604481529036,
    49.20348015819772,
    49.15620922516296,
    49.413850115827564,
    50.444295499254864,
    50.70799118432815,
    52.760517717090906,
    51.434790634620384,
    52.31763381506811,
    52.981276695494316,
    53.00254610207568,
    54.64535559397697,
    56.290417502795876,
    55.78349594437522,
    54.31264477116317,
    54.649808461633114,
    55.33660527004892,
    55.42117222851311,
    56.283947867109376,
    54.5560276001518,
    54.76716394783576,
    55.23299136266082,
    54.8159674326437,
    55.236577224183506,
    56.33284848939926,
    55.720606706695854,
    55.16027659836255,
    55.240011613920956,
    55.33995015789603,
    56.12200124510454,
    56.010032347960724,
    56.555122979654215,
    57.58199757879966,
    57.38881645953116,
    57.47465188366731,
    57.27918643595344,
    57.98798716265043,
    58.57267268944831,
    58.266659008167146,
    58.33826284501188,
    58.306436576803826,
    56.836116996713486,
    57.18747332630954,
    58.386692724119605,
    58.162801592573025,
    57.56712350135485,
    55.28936999123717,
    56.25076731431833,
    57.929591334116985,
    59.15218548835038,
    57.18220535798567,
    57.9805052489891,
    58.65256858413792,
    55.958969190979886,
    56.29694400357794,
    56.445608480224976,
    55.65871665784138,
    53.743873755290565,
    53.63239586150732,
    54.465093126614185,
    54.26794963590765,
    54.27524364468302,
    53.79520672496452,
    53.75405623362263,
    52.414468408276676,
    51.831857983939855,
    50.695235790906295,
    50.937855942327715,
    50.73581749636067,
    50.458027361050384,
    49.57292840381813,
    49.76651490061239,
    51.008757077512726,
    49.886234748369915,
    49.5118002342625,
    49.39025525063117,
    49.78325036348271,
    48.623438322078094,
    48.42143962320163,
    49.02007950766284,
    48.539711512474376,
    47.522250345619405,
    48.98207204307266,
    47.70520814096115,
    48.23300305208095,
    47.91632397610409,
    49.399868534332285,
    49.23618752719259,
    50.29827966613112,
    51.09881373513009,
    52.03252145722259,
    51.433348806840456,
    51.46076359771412,
    51.31046675416894,
    50.99451240803968,
    49.77144272226522,
    48.38874341836929,
    49.62249993378622,
    49.16676753349129,
    49.67236677441147,
    48.37246573605408,
    47.77686921913024,
    47.943382797098124,
    47.93220977527437,
    47.06874491173157,
    46.210220704011505,
    47.77423938362041,
    45.855776760866846,
    47.49358256641799,
    47.77041879103285,
    46.451428255030415,
    45.93594077725331,
    45.72532543119992,
    45.687842444329824,
    46.38546545735022,
    46.829493883026295,
    47.471595659739336,
    49.06639024681544,
    49.32245595350766,
    48.21518577989862,
    48.72454114832064,
    47.93643750262154,
    48.079761085307695,
    47.87574615099753,
    48.641913678948555,
    49.31328733635457,
    47.78499140081049,
    48.425389647808224,
    48.49316043023245,
    47.98156085138086,
    51.70285890468447,
    51.772735808498496,
    54.32724378518544,
    55.20057460139129,
    55.524122541202104,
    57.06963737544594,
    57.21598218986786,
    57.187084803372365,
    57.84961537650855,
    57.49444728790016,
    57.44502102561688,
    58.263541483814954,
    58.168570529129994,
    57.22331123235453,
    56.580620816572285
  ],
  "actions": [],
  "observations": [
    1,
    1,
    1,
    1,
    1,
    1,
    1,
    1,
    1,
    1,
    1,
    1,
    1,
    1,
    1,
    1,
    1,
    1,
    1,
    1,
    0,
    1,
    0,
    0,
    0,
    0,
    0,
    0,
    0,
    0,
    0,
    0,
    1,
    0,
    0,
    1,
    0,
    1,
    0,
    1,
    0,
    0,
    0,
    0,
    0,
    1,
    1,
    1,
    1,
    1,
    1,
    1,
    1,
    1,
    1,
    1,
    1,
    1,
    1,
    1,
    1,
    1,
    1,
    1,
    1,
    1,
    1,
    1,
    2,
    2,
    1,
    1,
    2,
    2,
    2,
    1,
    1,
    2,
    1,
    2,
    2,
    2,
    2,
    2,
    2,
    2,
    2,
    2,
    2,
    2,
    2,
    2,
    2,
    2,
    2,
    2,
    2,
    2,
    2,
    2,
    2,
    2,
    2,
    2,
    2,
    2,
    2,
    2,
    2,
    2,
    2,
    2,
    2,
    1,
    1,
    1,
    1,
    1,
    1,
    1,
    1,
    1,
    1,
    1,
    1,
    1,
    1,
    1,
    1,
    1,
    1,
    1,
    1,
    1,
    1,
    1,
    1,
    1,
    1,
    1,
    1,
    1,
    1,
    1,
    1,
    1,
    1,
    1,
    1,
    1,
    1,
    1,
    1,
    1,
    1,
    1,
    1,
    1,
    1,
    1,
    1,
    1,
    1,
    1,
    1,
    1,
    1,
    1,
    1,
    1,
    1,
    1,
    1,
    1,
    1,
    1,
    1,
    1,
    1,
    1,
    1,
    1,
    1,
    1,
    1,
    1,
    1,
    1,
    1,
    2,
    2,
    2,
    2,
    2,
    2,
    2,
    2,
    2,
    2,
    2
  ],