{
  "timesteps": [
    0,
    1,
    2,
    3,
    4,
    5,
    6,
    7,
    8,
    9,
    10,
    11,
    12,
    13,
    14,
    15,
    16,
    17,
    18,
    19,
    20,
    21,
    22,
    23,
    24,
    25,
    26,
    27,
    28,
    29,
    30,
    31,
    32,
    33,
    34,
    35,
    36,
    37,
    38,
    39,
    40,
    41,
    42,
    43,
    44,
    45,
    46,
    47,
    48,
    49,
    50,
    51,
    52,
    53,
    54,
    55,
    56,
    57,
    58,
    59,
    60,
    61,
    62,
    63,
    64,
    65,
    66,
    67,
    68,
    69,
    70,
    71,
    72,
    73,
    74,
    75,
    76,
    77,
    78,
    79,
    80,
    81,
    82,
    83,
    84,
    85,
    86,
    87,
    88,
    89,
    90,
    91,
    92,
    93,
    94,
    95,
    96,
    97,
    98,
    99,
    100,
    101,
    102,
    103,
    104,
    105,
    106,
    107,
    108,
    109,
    110,
    111,
    112,
    113,
    114,
    115,
    116,
    117,
    118,
    119,
    120,
    121,
    122,
    123,
    124,
    125,
    126,
    127,
    128,
    129,
    130,
    131,
    132,
    133,
    134,
    135,
    136,
    137,
    138,
    139,
    140,
    141,
    142,
    143,
    144,
    145,
    146,
    147,
    148,
    149,
    150,
    151,
    152,
    153,
    154,
    155,
    156,
    157,
    158,
    159,
    160,
    161,
    162,
    163,
    164,
    165,
    166,
    167,
    168,
    169,
    170,
    171,
    172,
    173,
    174,
    175,
    176,
    177,
    178,
    179,
    180,
    181,
    182,
    183,
    184,
    185,
    186,
    187,
    188,
    189,
    190,
    191,
    192,
    193,
    194,
    195,
    196,
    197,
    198,
    199
  ],
  "states": [
    50.0,
    50.1103842714154,
    50.539974623988314,
    50.47618427550926,
    50.58928905271888,
    50.96843685197074,
    50.794649219603315,
    50.52924186437912,
    50.50960355228898,
    50.99828823826292,
    51.15640923060356,
    51.92470509119607,
    52.30474774037748,
    52.331711020573294,
    51.77161881444949,
    51.144667586970264,
    50.56231419829851,
    50.23475026619167,
    49.76321374943789,
    50.26093954217481,
    49.54584707363618,
    49.95828908587793,
    50.2203238679611,
    50.10597350072793,
    50.45010854251732,
    50.335164166881455,
    50.12736654562428,
    50.07725740028089,
    50.732791044605364,
    50.1481706458999,
    50.140737320074024,
    50.00661070083799,
    49.27599367130854,
    50.22128997497096,
    49.96070573451294,
    49.302282302994485,
    48.695628822528086,
    48.3766166009191,
    48.74872713565184,
    49.638661579005756,
    50.46579728578991,
    49.586236731792226,
    48.96247971176852,
    48.71300418736933,
    48.83908777333295,
    48.392579545061444,
    48.08718533527106,
    48.04274490774462,
    48.48075676967934,
    48.142543189411874,
    48.10708545848927,
    48.0139287774127,
    48.440412953264946,
    48.9447400201488,
    49.69634137809044,
    49.83600963307912,
    49.48264982831186,
    49.85900795744451,
    50.14656115025143,
    49.938333038510095,
    50.09237644165916,
    49.87629630850358,
    50.52979646774428,
    50.573056786746605,
    50.74757544639653,
    50.87854620328678,
    49.988126857868885,
    50.58393417263434,
    50.78243965770002,
    50.77539657011269,
    50.87169927414705,
    50.75404130650214,
    50.20717078331028,
    50.18845656438113,
    49.94359622987027,
    50.082377692415875,
    50.29350503025052,
    50.99549557502055,
    50.37847989141179,
    50.285328561331205,
    50.37768611303453,
    50.4849337286465,
    50.554628003033926,
    50.65234686015666,
    50.23442609413876,
    50.658122585050876,
    50.4568559374315,
    50.27060319191385,
    50.09301980962208,
    50.70767580475339,
    51.34690105908032,
    51.52077605448793,
    51.467674868423764,
    51.43275818683504,
    51.085231219838164,
    50.769427962384064,
    51.22700342360625,
    51.620265956684996,
    52.13002405216148,
    51.95951948823783,
    50.91981926039587,
    51.85808585125732,
    52.8154122949062,
    52.85552213139142,
    52.633881775497464,
    52.52985986311015,
    51.65865841490456,
    51.631258831982315,
    51.34641581380478,
    51.236549142641415,
    52.02075572964271,
    52.20061707380393,
    51.60418023285973,
    51.009014583146616,
    49.84702812967296,
    51.02670773311744,
    51.08946567964956,
    51.48939173477734,
    50.61713505210122,
    50.97046927492167,
    51.267856574756536,
    51.611278455273904,
    52.31228390338399,
    52.395121254775525,
    52.41646393885327,
    52.07173795149534,
    51.231671961705416,
    51.19606982885638,
    50.666723911128685,
    50.818787902361706,
    51.20750755649203,
    51.71965965072537,
    51.289302191308906,
    50.86830856834699,
    51.01036186058269,
    50.59026589363114,
    50.70556237948459,
    51.3788589261089,
    50.62623397714588,
    50.270011209355445,
    50.39608618456232,
    50.43861274067794,
    50.138896978235614,
    50.659370982144786,
    49.76725555239705,
    49.49456881619428,
    49.26892919922488,
    49.40804327342218,
    49.060266223046206,
    50.23120310986908,
    51.13939109775081,
    50.3918849907084,
    49.298407221954214,
    49.44740177326205,
    48.35151409630156,
    48.88673991268117,
    48.79282535630055,
    48.40480784886344,
    47.81391897368523,
    47.906912688267056,
    48.23674210273914,
    47.93783243238789,
    47.36405375817022,
    47.65433757572508,
    47.75610400001,
    47.44607110658206,
    47.772480833740914,
    48.48745811520176,
    47.61337659016557,
    47.69537760321382,
    47.79293776346303,
    47.56150346685609,
    46.6299765738949,
    46.94083262295799,
    48.137669138451216,
    48.299619271803834,
    49.19582499699823,
    48.50795614641078,
    48.33199867824973,
    47.708058203023775,
    47.121488819249095,
    46.84393958372509,
    47.03456839965035,
    46.718703998860285,
    45.792448411413964,
    46.26279674418931,
    46.247596747057216,
    46.10003475622382,
    45.299557367796965,
    45.61171821990381,
    45.027520177200266,
    44.83978181945082,
    45.47247077846873,
    45.769937247817055,
    45.767340817159095,
    45.45356548031069,
    45.29300223431813,
    44.937848373440566,
    44.927448414359816,
    44.40024341051377,
    44.20586246103253
  ],
  "actions": [],
  "observations": [
    1,
    1,
    1,
    1,
    1,
    1,
    1,
    1,
    1,
    1,
    1,
    1,
    1,
    1,
    1,
    1,
    1,
    1,
    1,
    1,
    1,
    1,
    1,
    1,
    1,
    1,
    1,
    1,
    1,
    1,
    1,
    1,
    1,
    1,
    1,
    1,
    1,
    1,
    1,
    1,
    1,
    1,
    1,
    1,
    1,
    1,
    1,
    1,
    1,
    1,
    1,
    1,
    1,
    1,
    1,
    1,
    1,
    1,
    1,
    1,
    1,
    1,
    1,
    1,
    1,
    1,
    1,
    1,
    1,
    1,
    1,
    1,
    1,
    1,
    1,
    1,
    1,
    1,
    1,
    1,
    1,
    1,
    1,
    1,
    1,
    1,
    1,
    1,
    1,
    1,
    1,
    1,
    1,
    1,
    1,
    1,
    1,
    1,
    1,
    1,
    1,
    1,
    1,
    1,
    1,
    1,
    1,
    1,
    1,
    1,
    1,
    1,
    1,
    1,
    1,
    1,
    1,
    1,
    1,
    1,
    1,
    1,
    1,
    1,
    1,
    1,
    1,
    1,
    1,
    1,
    1,
    1,
    1,
    1,
    1,
    1,
    1,
    1,
    1,
    1,
    1,
    1,
    1,
    1,
    1,
    1,
    1,
    1,
    1,
    1,
    1,
    1,
    1,
    1,
    1,
    1,
    1,
    1,
    1,
    1,
    1,
    1,
    1,
    1,
    1,
    1,
    1,
    1,
    1,
    1,
    1,
    1,
    1,
    1,
    1,
    1,
    1,
    1,
    1,
    1,
    1,
    1,
    1,
    1,
    1,
    1,
    1,
    1,
    1,
    1,
    1,
    0,
    1,
    1,
    1,
    1,
    1,
    0,
    0,
    0
  ],