{
  "timesteps": [
    0,
    1,
    2,
    3,
    4,
    5,
    6,
    7,
    8,
    9,
    10,
    11,
    12,
    13,
    14,
    15,
    16,
    17,
    18,
    19,
    20,
    21,
    22,
    23,
    24,
    25,
    26,
    27,
    28,
    29,
    30,
    31,
    32,
    33,
    34,
    35,
    36,
    37,
    38,
    39,
    40,
    41,
    42,
    43,
    44,
    45,
    46,
    47,
    48,
    49,
    50,
    51,
    52,
    53,
    54,
    55,
    56,
    57,
    58,
    59,
    60,
    61,
    62,
    63,
    64,
    65,
    66,
    67,
    68,
    69,
    70,
    71,
    72,
    73,
    74,
    75,
    76,
    77,
    78,
    79,
    80,
    81,
    82,
    83,
    84,
    85,
    86,
    87,
    88,
    89,
    90,
    91,
    92,
    93,
    94,
    95,
    96,
    97,
    98,
    99,
    100,
    101,
    102,
    103,
    104,
    105,
    106,
    107,
    108,
    109,
    110,
    111,
    112,
    113,
    114,
    115,
    116,
    117,
    118,
    119,
    120,
    121,
    122,
    123,
    124,
    125,
    126,
    127,
    128,
    129,
    130,
    131,
    132,
    133,
    134,
    135,
    136,
    137,
    138,
    139,
    140,
    141,
    142,
    143,
    144,
    145,
    146,
    147,
    148,
    149,
    150,
    151,
    152,
    153,
    154,
    155,
    156,
    157,
    158,
    159,
    160,
    161,
    162,
    163,
    164,
    165,
    166,
    167,
    168,
    169,
    170,
    171,
    172,
    173,
    174,
    175,
    176,
    177,
    178,
    179,
    180,
    181,
    182,
    183,
    184,
    185,
    186,
    187,
    188,
    189,
    190,
    191,
    192,
    193,
    194,
    195,
    196,
    197,
    198,
    199
  ],
  "states": [
    50.0,
    50.132220415369694,
    49.93110030229682,
    49.905072917786946,
    49.55048653139781,
    49.606566770777576,
    49.2136727430718,
    50.53963778866426,
    49.65892025980764,
    50.517793055006166,
    50.73943892024611,
    50.629725033995456,
    49.31148921664962,
    49.124431410952724,
    48.42301243571147,
    49.14237427979492,
    48.97796583037197,
    48.704611337542886,
    49.6246350501762,
    49.68458247522905,
    49.859395489354725,
    50.163518235242606,
    49.7406566784796,
    49.4973513860978,
    49.550393506755285,
    49.992258274572464,
    50.74382869104913,
    50.305792996801074,
    50.37209415424337,
    49.86753315156152,
    51.02665234977507,
    51.2119950784219,
    51.771400191519305,
    51.650439805722414,
    50.68764282104616,
    51.856492014294524,
    52.094493968184835,
    52.67936322079112,
    52.2690928933519,
    52.8231901084374,
    53.87903176251125,
    53.248463387869194,
    53.40412844482794,
    52.95452170087129,
    53.71097479489387,
    53.10452392791873,
    52.83093370825169,
    52.54717877185511,
    52.33798880557656,
    51.237499322333015,
    51.07656072387383,
    51.31442095738005,
    51.598278319771104,
    51.3071872398078,
    51.60345656804523,
    51.365410478578056,
    51.63145540216113,
    51.91779813752067,
    51.82302024999927,
    52.68149453094509,
    53.02467175696569,
    53.03883894322731,
    52.27966254670049,
    54.04274726066589,
    54.40098192815273,
    55.33570746192117,
    55.10989288918515,
    55.14243745033205,
    55.044262156127225,
    54.487465080151985,
    55.32862320600904,
    55.242868969444,
    55.84873795677022,
    55.97074815753874,
    56.336206351741204,
    56.50684161210537,
    57.16260755086723,
    57.6707470791015,
    56.92427220754919,
    56.960932876090276,
    57.38698505574049,
    58.36719341188778,
    58.91522285874571,
    59.08128481778897,
    58.6492317253637,
    59.75110089435207,
    59.41574694416237,
    58.83492760077914,
    58.36455207922137,
    58.12365064236657,
    58.47625354617886,
    58.03583889626231,
    58.43400664121491,
    58.12734901636911,
    58.15962569992535,
    59.050284726272416,
    59.042137681508095,
    58.37921912029005,
    57.57056773814434,
    57.10388288339552,
    57.65583487754687,
    56.53222908889313,
    57.45615194150148,
    57.30991865642917,
    57.18739366393609,
    57.34045343830064,
    57.84258189447513,
    57.57689841245591,
    58.00076494235885,
    58.31040842198067,
    58.95459764177261,
    59.44025070689366,
    59.61142149296388,
    59.61203138350178,
    58.99160340265328,
    58.3641509021717,
    58.071740986088884,
    57.92844825978452,
    57.34811519802282,
    57.94253116024968,
    57.969450451623224,
    57.84448289671191,
    57.589549743733826,
    57.71014657492781,
    57.9198886886327,
    58.39465312036209,
    60.24556729807404,
    61.593786151303135,
    62.22623378589039,
    62.18429472493094,
    61.023992141536525,
    60.64936362609084,
    59.795206639102865,
    59.60391363622752,
    59.47954517686758,
    59.1004198141362,
    59.54766783255672,
    59.19609667905073,
    59.49656635199561,
    59.864194568166795,
    60.18318686931555,
    60.02876531826283,
    60.559996802491035,
    61.14673239497109,
    60.45871450209421,
    60.365530446966176,
    60.47516323672229,
    60.16270567385061,
    59.76490780420986,
    59.53500100194987,
    59.49136770842814,
    59.65074895734041,
    59.193726384123906,
    59.362870828733875,
    59.661300083010914,
    59.33622232405672,
    59.19933359394701,
    59.6707152663325,
    59.02696523549018,
    59.22373826616036,
    60.01985936205832,
    59.643488404801325,
    59.765825006859394,
    59.55225916624981,
    59.80063426545791,
    59.59572549070984,
    60.067783603809275,
    59.409445583415454,
    60.527154752541335,
    60.64692686697894,
    60.34410485614077,
    60.977077268453584,
    61.58820421780488,
    61.46141158113393,
    61.22145139174983,
    60.94253133461078,
    60.88612043160848,
    61.68033867726808,
    61.91508954947398,
    61.612831460769236,
    60.85977067809238,
    61.33508011416482,
    60.75705025577797,
    60.495442217182,
    60.9646442637797,
    60.67519036541908,
    61.16535045376079,
    62.10020406136296,
    61.01109290634365,
    60.495134463582495,
    59.62048337086674,
    59.23925752071981,
    59.06763940581698,
    58.82592846853112,
    58.55380510624221,
    59.341776668635205,
    58.74736338373602,
    58.12697960975642,
    57.64060674095851,
    57.535591971028495,
    56.88530531688313
  ],
  "actions": [],
  "observations": [
    1,
    1,
    1,
    1,
    1,
    1,
    1,
    1,
    1,
    1,
    1,
    1,
    1,
    1,
    1,
    1,
    1,
    1,
    1,
    1,
    1,
    1,
    1,
    1,
    1,
    1,
    1,
    1,
    1,
    1,
    1,
    1,
    1,
    1,
    1,
    1,
    1,
    1,
    1,
    1,
    1,
    1,
    1,
    1,
    1,
    1,
    1,
    1,
    1,
    1,
    1,
    1,
    1,
    1,
    1,
    1,
    1,
    1,
    1,
    1,
    1,
    1,
    1,
    1,
    1,
    2,
    2,
    2,
    2,
    1,
    2,
    2,
    2,
    2,
    2,
    2,
    2,
    2,
    2,
    2,
    2,
    2,
    2,
    2,
    2,
    2,
    2,
    2,
    2,
    2,
    2,
    2,
    2,
    2,
    2,
    2,
    2,
    2,
    2,
    2,
    2,
    2,
    2,
    2,
    2,
    2,
    2,
    2,
    2,
    2,
    2,
    2,
    2,
    2,
    2,
    2,
    2,
    2,
    2,
    2,
    2,
    2,
    2,
    2,
    2,
    2,
    2,
    2,
    2,
    2,
    2,
    2,
    2,
    2,
    2,
    2,
    2,
    2,
    2,
    2,
    2,
    2,
    2,
    2,
    2,
    2,
    2,
    2,
    2,
    2,
    2,
    2,
    2,
    2,
    2,
    2,
    2,
    2,
    2,
    2,
    2,
    2,
    2,
    2,
    2,
    2,
    2,
    2,
    2,
    2,
    2,
    2,
    2,
    2,
    2,
    2,
    2,
    2,
    2,
    2,
    2,
    2,
    2,
    2,
    2,
    2,
    2,
    2,
    2,
    2,
    2,
    2,
    2,
    2,
    2,
    2,
    2,
    2,
    2,
    2
  ],