{
  "timesteps": [
    0,
    1,
    2,
    3,
    4,
    5,
    6,
    7,
    8,
    9,
    10,
    11,
    12,
    13,
    14,
    15,
    16,
    17,
    18,
    19,
    20,
    21,
    22,
    23,
    24,
    25,
    26,
    27,
    28,
    29,
    30,
    31,
    32,
    33,
    34,
    35,
    36,
    37,
    38,
    39,
    40,
    41,
    42,
    43,
    44,
    45,
    46,
    47,
    48,
    49,
    50,
    51,
    52,
    53,
    54,
    55,
    56,
    57,
    58,
    59,
    60,
    61,
    62,
    63,
    64,
    65,
    66,
    67,
    68,
    69,
    70,
    71,
    72,
    73,
    74,
    75,
    76,
    77,
    78,
    79,
    80,
    81,
    82,
    83,
    84,
    85,
    86,
    87,
    88,
    89,
    90,
    91,
    92,
    93,
    94,
    95,
    96,
    97,
    98,
    99,
    100,
    101,
    102,
    103,
    104,
    105,
    106,
    107,
    108,
    109,
    110,
    111,
    112,
    113,
    114,
    115,
    116,
    117,
    118,
    119,
    120,
    121,
    122,
    123,
    124,
    125,
    126,
    127,
    128,
    129,
    130,
    131,
    132,
    133,
    134,
    135,
    136,
    137,
    138,
    139,
    140,
    141,
    142,
    143,
    144,
    145,
    146,
    147,
    148,
    149,
    150,
    151,
    152,
    153,
    154,
    155,
    156,
    157,
    158,
    159,
    160,
    161,
    162,
    163,
    164,
    165,
    166,
    167,
    168,
    169,
    170,
    171,
    172,
    173,
    174,
    175,
    176,
    177,
    178,
    179,
    180,
    181,
    182,
    183,
    184,
    185,
    186,
    187,
    188,
    189,
    190,
    191,
    192,
    193,
    194,
    195,
    196,
    197,
    198,
    199
  ],
  "states": [
    50.0,
    50.167917721262604,
    49.675522480320616,
    50.18537794306461,
    50.5637440955401,
    50.7904257236362,
    50.34077242444838,
    50.17039152541888,
    50.63676193153518,
    50.62947097191616,
    50.180478453906524,
    50.00872218928737,
    49.447520496451666,
    49.11403755950138,
    48.981597086317265,
    48.80753820492947,
    48.214545243105704,
    48.43091829443284,
    48.95345037001131,
    48.584592405754194,
    49.03852284443878,
    49.30701268196526,
    49.22068150417406,
    49.829487035492676,
    49.50694766778926,
    49.23324732971174,
    50.185895607349295,
    50.80958169931293,
    51.05525188680581,
    52.02948692186855,
    52.25182521541635,
    52.61053160109893,
    51.51820274991853,
    51.16307505247587,
    50.8198459083001,
    51.969718894568814,
    51.79441266269799,
    52.37506029826584,
    52.241777748942276,
    51.33656080981046,
    51.46134462227064,
    52.11653230403987,
    52.31162039500145,
    52.3732675531898,
    52.26746812045198,
    52.361841584203695,
    52.98567025688288,
    52.43638215887335,
    52.40570244915538,
    52.746908421370065,
    53.377040479577396,
    54.21229195759111,
    54.22402568726711,
    54.159274417703855,
    53.80939866965407,
    54.03942637034142,
    54.461995350636656,
    54.20759162288693,
    53.44102847801128,
    53.14517134239699,
    53.65653110119304,
    53.99651028667018,
    53.18085561634107,
    53.264663167811186,
    53.2414492006185,
    53.07418738886349,
    53.45703080266352,
    53.3881091440357,
    54.11075319546162,
    54.052266650289106,
    53.72551594999139,
    54.638862571938716,
    55.13884671717743,
    55.25188770278489,
    55.59077436539046,
    55.591042820097194,
    56.33707826062584,
    55.980540624587086,
    56.34872526161293,
    56.13958863819142,
    56.60696383966115,
    56.22878108190263,
    54.91814630948667,
    55.0206070512744,
    55.748284417681994,
    55.969846024725555,
    55.96298676169348,
    55.77812694588132,
    56.22569177741248,
    55.72277171102404,
    55.53093029781658,
    55.8098698421477,
    56.39616718150128,
    56.041729163760685,
    55.442967081675846,
    54.77664406849532,
    54.30728408360107,
    54.01265975784419,
    53.6450018961005,
    53.706167527183815,
    53.86653995207457,
    54.41965806364158,
    53.37843857311014,
    53.741315161245645,
    53.64278824206294,
    53.262306018683844,
    52.53970039843875,
    51.523613823640275,
    51.07755251423443,
    50.90351168516617,
    52.1351327413092,
    52.0904518051304,
    52.36991878730707,
    52.955687272703166,
    52.80034722281599,
    53.56539139860899,
    53.83299582751063,
    53.20104319663267,
    53.86484994879775,
    53.63192953527618,
    53.25652659841717,
    52.58892565653025,
    51.98789082971436,
    52.02704715693621,
    52.74288227217482,
    51.913398609820455,
    51.91759979941242,
    51.94487036822173,
    51.798240481714245,
    51.41681959719847,
    51.11586401653111,
    51.02639826795988,
    51.07785273357244,
    51.7182380324372,
    51.45785833426203,
    51.24695712320514,
    51.4117509907986,
    51.12256511425248,
    51.304561935689925,
    50.451335606055075,
    50.5383401240753,
    50.17198022320051,
    49.97778625129987,
    50.73664426438243,
    50.53631620173317,
    50.36178415754992,
    50.99524894513451,
    50.284687652528774,
    52.003308288269366,
    52.58553636623811,
    52.30580349352782,
    52.35131438736092,
    52.746959687450484,
    53.0977776014658,
    53.953550621745514,
    54.327896391718376,
    53.99679248766151,
    54.03871068345095,
    54.04493017612469,
    54.20843634727621,
    53.37138670548658,
    54.13544776662269,
    54.79097758996795,
    55.190386958610645,
    55.18885501154666,
    54.882469696798864,
    54.363386745011105,
    54.530473327078184,
    55.27748433454094,
    53.94404709895363,
    53.511128935174234,
    53.25407445311296,
    53.82939888886474,
    53.83599528266593,
    54.662723173492765,
    55.02480523327137,
    55.671062149907236,
    55.91071438232994,
    56.857105649072544,
    57.49859052381521,
    57.72119039959727,
    57.707868490762124,
    58.38247561104215,
    58.67398642670038,
    58.53947928981241,
    58.88392810573534,
    59.87091305036776,
    60.928009033905965,
    60.67323989654012,
    59.82030162033132,
    60.336820877192444,
    60.307569311878446,
    59.93664734978029,
    59.5481874262305,
    58.99473295313089,
    58.55097329740122,
    59.84311359331944,
    61.30495632325391,
    61.178392129775204,
    60.828052806931396,
    61.193376458033484
  ],
  "actions": [],
  "observations": [
    1,
    1,
    1,
    1,
    1,
    1,
    1,
    1,
    1,
    1,
    1,
    1,
    1,
    1,
    1,
    1,
    1,
    1,
    1,
    1,
    1,
    1,
    1,
    1,
    1,
    1,
    1,
    1,
    1,
    1,
    1,
    1,
    1,
    1,
    1,
    1,
    1,
    1,
    1,
    1,
    1,
    1,
    1,
    1,
    1,
    1,
    1,
    1,
    1,
    1,
    1,
    1,
    1,
    1,
    1,
    1,
    1,
    1,
    1,
    1,
    1,
    1,
    1,
    1,
    1,
    1,
    1,
    1,
    1,
    1,
    1,
    1,
    2,
    2,
    2,
    2,
    2,
    2,
    2,
    2,
    2,
    2,
    1,
    2,
    2,
    2,
    2,
    2,
    2,
    2,
    2,
    2,
    2,
    2,
    2,
    1,
    1,
    1,
    1,
    1,
    1,
    1,
    1,
    1,
    1,
    1,
    1,
    1,
    1,
    1,
    1,
    1,
    1,
    1,
    1,
    1,
    1,
    1,
    1,
    1,
    1,
    1,
    1,
    1,
    1,
    1,
    1,
    1,
    1,
    1,
    1,
    1,
    1,
    1,
    1,
    1,
    1,
    1,
    1,
    1,
    1,
    1,
    1,
    1,
    1,
    1,
    1,
    1,
    1,
    1,
    1,
    1,
    1,
    1,
    1,
    1,
    1,
    1,
    1,
    1,
    1,
    1,
    1,
    2,
    2,
    1,
    1,
    1,
    2,
    1,
    1,
    1,
    1,
    1,
    1,
    2,
    2,
    2,
    2,
    2,
    2,
    2,
    2,
    2,
    2,
    2,
    2,
    2,
    2,
    2,
    2,
    2,
    2,
    2,
    2,
    2,
    2,
    2,
    2,
    2
  ],