{
  "timesteps": [
    0,
    1,
    2,
    3,
    4,
    5,
    6,
    7,
    8,
    9,
    10,
    11,
    12,
    13,
    14,
    15,
    16,
    17,
    18,
    19,
    20,
    21,
    22,
    23,
    24,
    25,
    26,
    27,
    28,
    29,
    30,
    31,
    32,
    33,
    34,
    35,
    36,
    37,
    38,
    39,
    40,
    41,
    42,
    43,
    44,
    45,
    46,
    47,
    48,
    49,
    50,
    51,
    52,
    53,
    54,
    55,
    56,
    57,
    58,
    59,
    60,
    61,
    62,
    63,
    64,
    65,
    66,
    67,
    68,
    69,
    70,
    71,
    72,
    73,
    74,
    75,
    76,
    77,
    78,
    79,
    80,
    81,
    82,
    83,
    84,
    85,
    86,
    87,
    88,
    89,
    90,
    91,
    92,
    93,
    94,
    95,
    96,
    97,
    98,
    99,
    100,
    101,
    102,
    103,
    104,
    105,
    106,
    107,
    108,
    109,
    110,
    111,
    112,
    113,
    114,
    115,
    116,
    117,
    118,
    119,
    120,
    121,
    122,
    123,
    124,
    125,
    126,
    127,
    128,
    129,
    130,
    131,
    132,
    133,
    134,
    135,
    136,
    137,
    138,
    139,
    140,
    141,
    142,
    143,
    144,
    145,
    146,
    147,
    148,
    149,
    150,
    151,
    152,
    153,
    154,
    155,
    156,
    157,
    158,
    159,
    160,
    161,
    162,
    163,
    164,
    165,
    166,
    167,
    168,
    169,
    170,
    171,
    172,
    173,
    174,
    175,
    176,
    177,
    178,
    179,
    180,
    181,
    182,
    183,
    184,
    185,
    186,
    187,
    188,
    189,
    190,
    191,
    192,
    193,
    194,
    195,
    196,
    197,
    198,
    199
  ],
  "states": [
    50.0,
    49.14088715659955,
    50.20202014474868,
    48.92729241126542,
    49.79381486518971,
    48.29816957068155,
    49.07859186309534,
    48.8504137305072,
    50.16072793679973,
    50.8191857613563,
    50.6787734832304,
    49.62817880303855,
    49.317334482395,
    49.21080524112761,
    49.303962488346315,
    48.393704530693284,
    48.99049943840373,
    49.18839155100987,
    47.598855359799956,
    47.750586410522544,
    46.40974633420133,
    45.79435447930393,
    45.725050088031814,
    45.90546636273658,
    45.848961534395876,
    45.59673590340597,
    47.497978909538226,
    47.79079427656552,
    47.76875047147612,
    46.877101789699466,
    46.144801215279166,
    45.54501168610249,
    45.10416910362544,
    45.0633600053548,
    45.63873622090576,
    45.806447813228566,
    47.52826631271389,
    45.74920564777703,
    46.69241697681102,
    46.85920850602051,
    47.16546103239846,
    47.00284355164763,
    45.93850328979398,
    45.22451144956063,
    45.36851983552369,
    45.127579834630566,
    44.5665847119339,
    43.580215591873554,
    42.61591760503354,
    43.85301012108519,
    44.17279383759124,
    44.19450356593036,
    43.72553336836564,
    42.50482638050028,
    43.36685522541011,
    44.41001650062111,
    45.97104506162634,
    45.675301600744,
    45.00137544504913,
    45.20516746918034,
    45.66530685145954,
    45.99797945403551,
    47.473035808923754,
    47.16297072237666,
    47.86848774891168,
    48.21586937263685,
    49.51115628488572,
    49.52024131978721,
    49.60699938722877,
    49.57673473851805,
    48.53984405509754,
    47.544034997802555,
    48.64796611140771,
    48.80264325384967,
    49.04834892624564,
    48.98702986570433,
    48.123410605692506,
    48.88481944288589,
    49.56870507595119,
    49.86012799282263,
    49.36972611153355,
    49.73633952366522,
    49.285607888610116,
    49.33557053909894,
    49.90382395458876,
    51.04631261232655,
    50.60048189063898,
    50.71374006128036,
    51.526572254587876,
    51.921718781883094,
    52.51929818965954,
    52.19785275023311,
    51.789134262448165,
    51.99812090017555,
    50.897863225050656,
    50.938926107297746,
    51.71423604083414,
    50.202099531989106,
    49.46882374862564,
    48.11781482766781,
    47.9096022750955,
    47.248065664057386,
    46.86452975685087,
    47.42918713466762,
    47.415502704762794,
    47.36960686184631,
    47.093258414501,
    48.00854636576344,
    48.26868216108412,
    47.78697604112682,
    47.05373122791487,
    46.414519084750395,
    46.023875167496094,
    46.06573211469884,
    46.13825201671174,
    45.45611862851992,
    46.27409968714951,
    45.835520796360676,
    45.74651653157143,
    45.24165025957864,
    43.82242552167325,
    43.905345590032134,
    43.94983895236811,
    42.99470871415466,
    42.587437314832684,
    41.93096619178524,
    40.92783213335695,
    41.05342966000395,
    41.02815277825279,
    41.00480001886887,
    40.80961784688578,
    40.3537348874607,
    40.554562742544526,
    41.82093508050983,
    41.31862160931171,
    40.99947752026851,
    40.67487262554772,
    41.99869795426069,
    40.78321649765027,
    41.58615682339399,
    41.56648816551733,
    41.71312755210598,
    41.1065478186945,
    44.10365779447349,
    43.70025547192476,
    44.150755317198694,
    45.267970915344534,
    44.619099164105364,
    44.10246582000572,
    43.85264153556424,
    43.94064435497903,
    44.02979639171488,
    44.66312963895281,
    44.2238579471036,
    44.72062971109087,
    44.68969882927035,
    45.17106653917832,
    45.13211938032376,
    44.755033678652836,
    45.57537108321152,
    46.26474773622699,
    46.0734863724015,
    47.01523691917993,
    47.361428164936925,
    48.333585646218744,
    48.24769792489831,
    47.449336821513455,
    47.26256915177471,
    49.08477631064686,
    49.8233707279124,
    48.81410678658643,
    48.454513797516654,
    47.95430745628082,
    47.34861519110952,
    48.211000952615315,
    48.23372249328303,
    48.403226194441714,
    49.39786222917856,
    48.275330049010755,
    47.47877593212215,
    46.58742740158731,
    44.98529756366696,
    45.07992540132024,
    44.82555624631838,
    43.981767802500045,
    43.037308338981646,
    42.32076844859359,
    41.616678453982615,
    41.469163801418205,
    43.32820651421066,
    43.01804173097791,
    42.3178707619879,
    41.72439292284929,
    40.67679437904254,
    41.82852522364657,
    41.102069659543226,
    40.84708170572634,
    41.71529516610794,
    42.1387478430324,
    41.429326154568244,
    43.55075800635346
  ],
  "actions": [],
  "observations": [
    1,
    1,
    1,
    1,
    1,
    1,
    1,
    1,
    1,
    1,
    1,
    1,
    1,
    1,
    1,
    1,
    1,
    1,
    1,
    1,
    1,
    1,
    1,
    1,
    1,
    1,
    1,
    1,
    1,
    1,
    1,
    1,
    1,
    1,
    1,
    1,
    1,
    1,
    1,
    1,
    1,
    1,
    1,
    1,
    1,
    1,
    0,
    0,
    0,
    0,
    0,
    0,
    0,
    0,
    0,
    0,
    1,
    1,
    1,
    1,
    1,
    1,
    1,
    1,
    1,
    1,
    1,
    1,
    1,
    1,
    1,
    1,
    1,
    1,
    1,
    1,
    1,
    1,
    1,
    1,
    1,
    1,
    1,
    1,
    1,
    1,
    1,
    1,
    1,
    1,
    1,
    1,
    1,
    1,
    1,
    1,
    1,
    1,
    1,
    1,
    1,
    1,
    1,
    1,
    1,
    1,
    1,
    1,
    1,
    1,
    1,
    1,
    1,
    1,
    1,
    1,
    1,
    1,
    1,
    1,
    0,
    0,
    0,
    0,
    0,
    0,
    0,
    0,
    0,
    0,
    0,
    0,
    0,
    0,
    0,
    0,
    0,
    0,
    0,
    0,
    0,
    0,
    0,
    0,
    0,
    0,
    1,
    0,
    0,
    0,
    0,
    0,
    0,
    0,
    0,
    0,
    1,
    1,
    0,
    1,
    1,
    1,
    1,
    1,
    1,
    1,
    1,
    1,
    1,
    1,
    1,
    1,
    1,
    1,
    1,
    1,
    1,
    1,
    1,
    1,
    1,
    0,
    1,
    0,
    0,
    0,
    0,
    0,
    0,
    0,
    0,
    0,
    0,
    0,
    0,
    0,
    0,
    0,
    0,
    0
  ],