{
  "timesteps": [
    0,
    1,
    2,
    3,
    4,
    5,
    6,
    7,
    8,
    9,
    10,
    11,
    12,
    13,
    14,
    15,
    16,
    17,
    18,
    19,
    20,
    21,
    22,
    23,
    24,
    25,
    26,
    27,
    28,
    29,
    30,
    31,
    32,
    33,
    34,
    35,
    36,
    37,
    38,
    39,
    40,
    41,
    42,
    43,
    44,
    45,
    46,
    47,
    48,
    49,
    50,
    51,
    52,
    53,
    54,
    55,
    56,
    57,
    58,
    59,
    60,
    61,
    62,
    63,
    64,
    65,
    66,
    67,
    68,
    69,
    70,
    71,
    72,
    73,
    74,
    75,
    76,
    77,
    78,
    79,
    80,
    81,
    82,
    83,
    84,
    85,
    86,
    87,
    88,
    89,
    90,
    91,
    92,
    93,
    94,
    95,
    96,
    97,
    98,
    99,
    100,
    101,
    102,
    103,
    104,
    105,
    106,
    107,
    108,
    109,
    110,
    111,
    112,
    113,
    114,
    115,
    116,
    117,
    118,
    119,
    120,
    121,
    122,
    123,
    124,
    125,
    126,
    127,
    128,
    129,
    130,
    131,
    132,
    133,
    134,
    135,
    136,
    137,
    138,
    139,
    140,
    141,
    142,
    143,
    144,
    145,
    146,
    147,
    148,
    149,
    150,
    151,
    152,
    153,
    154,
    155,
    156,
    157,
    158,
    159,
    160,
    161,
    162,
    163,
    164,
    165,
    166,
    167,
    168,
    169,
    170,
    171,
    172,
    173,
    174,
    175,
    176,
    177,
    178,
    179,
    180,
    181,
    182,
    183,
    184,
    185,
    186,
    187,
    188,
    189,
    190,
    191,
    192,
    193,
    194,
    195,
    196,
    197,
    198,
    199
  ],
  "states": [
    50.0,
    49.32006083567751,
    48.455477495026926,
    47.89412387352813,
    49.267592409582385,
    49.43710810643621,
    49.74723858371144,
    49.596126082557326,
    50.50532638393832,
    50.033195195367405,
    49.78905407876031,
    50.19310628226249,
    50.90107894426337,
    50.09018305553801,
    48.71956612832747,
    47.94269973058171,
    47.02858041270644,
    47.39073214849185,
    48.40542273394186,
    47.50332483073399,
    46.92761197965361,
    45.618138070809486,
    47.343411584803526,
    46.60219993060214,
    46.039994582111596,
    48.84721197106147,
    49.17798038560964,
    48.2879070460807,
    46.95534761662241,
    47.656481531883685,
    46.89441821145757,
    47.267181276930074,
    46.53962924314371,
    47.11483760701735,
    47.204861382240125,
    48.443449422977785,
    48.248035256994584,
    48.62091083535352,
    47.61670900539505,
    48.172851369909644,
    48.63370020508325,
    49.67538492393706,
    47.85251029185059,
    49.27923454809744,
    49.36624632199237,
    49.563806113779755,
    50.70885358735635,
    50.46887826617866,
    50.52303734430133,
    50.42623310543295,
    50.66504909233895,
    50.47013455377309,
    49.070459177044924,
    48.02050640646104,
    47.61044650884107,
    46.297936383901536,
    47.82955593443794,
    46.31595519950229,
    46.66775703785547,
    46.325268028928484,
    44.96203313762808,
    44.505436262504475,
    45.159196396457915,
    45.68798130561795,
    46.14258409346917,
    46.03027157834631,
    44.82835063885406,
    45.81233459557811,
    45.759750407586445,
    46.72642552948688,
    46.676713954677304,
    46.26083258861822,
    45.82927769916658,
    46.21456417085797,
    45.52312384357072,
    46.66861302095116,
    45.93938659056194,
    44.38487490306418,
    45.743083409410126,
    45.724107215021014,
    46.23542237949561,
    45.728391800805696,
    45.94038995948715,
    45.47980767435646,
    45.989660731112885,
    46.934275362533086,
    47.11739850491874,
    46.378411841624036,
    46.435941981261294,
    45.49400162681652,
    45.757021383218074,
    45.49350382714361,
    45.508494206227056,
    46.12427763587215,
    46.550327292376146,
    45.819311434420456,
    45.11123436501857,
    43.96767237342063,
    43.19558669993137,
    42.57373010708887,
    41.164318427824554,
    41.33759009064299,
    40.878606683868114,
    41.416314600201204,
    40.46613698885459,
    40.53366588901732,
    40.279028460602035,
    39.669303675143375,
    40.73635148348369,
    40.35303071264538,
    41.02753687672932,
    40.14579968219649,
    40.463517952811024,
    40.669233944036456,
    40.18437216145619,
    39.818422878098964,
    41.06596835468241,
    41.01975660202505,
    42.079925953769376,
    42.267184051301314,
    43.246292480568776,
    42.796175413624795,
    43.07155039772169,
    42.829996990157625,
    45.00718563029665,
    46.5134851511316,
    46.791313666223765,
    46.83497653283604,
    47.778481928483465,
    47.211003542242736,
    46.615343670165586,
    46.541364033806374,
    46.56028388352355,
    47.12459141351883,
    48.27389673117516,
    49.82109481773028,
    50.5760310452967,
    48.836691295847515,
    48.77488032540031,
    48.404144287150146,
    48.23423606930762,
    47.86547709541198,
    47.99644816353993,
    47.95448280175696,
    46.36243658502083,
    46.67689241279362,
    45.84444896571694,
    44.98046934358586,
    45.09491874421332,
    45.02236745250307,
    45.45176826611481,
    44.608008921816605,
    43.78722908609106,
    43.03265714272504,
    43.75532068455774,
    43.54895965574954,
    42.41742802571677,
    42.86794969456295,
    42.167818694871485,
    43.61900626114824,
    42.03733279569695,
    41.846948298721415,
    40.79216730858189,
    40.96744841203259,
    40.464829514903755,
    41.13108247964353,
    41.11273592599698,
    39.57324818579054,
    40.57981963174423,
    41.39623724092173,
    41.413079610858276,
    41.29830538469007,
    40.897431017953856,
    39.18790386237883,
    38.59937148186458,
    38.49516310116117,
    38.282161568025614,
    37.66193578722664,
    37.703194621039145,
    37.61792954896365,
    37.95643275105992,
    38.66853872989383,
    38.295504052748264,
    38.939959106782155,
    38.963318627840664,
    38.817971736055064,
    39.513412218071096,
    37.92392727834308,
    36.645573103739494,
    36.36308882371051,
    37.99040837073807,
    37.320895155897034,
    37.97642356766107,
    38.42611531229971,
    39.23881966708414,
    38.80855367511632,
    38.62448836192635,
    40.01383413321753,
    40.79245202822199,
    41.60637949961935,
    40.98233131555884
  ],
  "actions": [],
  "observations": [
    1,
    1,
    1,
    1,
    1,
    1,
    1,
    1,
    1,
    1,
    1,
    1,
    1,
    1,
    1,
    1,
    1,
    1,
    1,
    1,
    1,
    1,
    1,
    1,
    1,
    1,
    1,
    1,
    1,
    1,
    1,
    1,
    1,
    1,
    1,
    1,
    1,
    1,
    1,
    1,
    1,
    1,
    1,
    1,
    1,
    1,
    1,
    1,
    1,
    1,
    1,
    1,
    1,
    1,
    1,
    1,
    1,
    1,
    1,
    1,
    0,
    0,
    1,
    1,
    1,
    1,
    0,
    1,
    1,
    1,
    1,
    1,
    1,
    1,
    1,
    1,
    1,
    0,
    1,
    1,
    1,
    1,
    1,
    1,
    1,
    1,
    1,
    1,
    1,
    1,
    1,
    1,
    1,
    1,
    1,
    1,
    1,
    0,
    0,
    0,
    0,
    0,
    0,
    0,
    0,
    0,
    0,
    0,
    0,
    0,
    0,
    0,
    0,
    0,
    0,
    0,
    0,
    0,
    0,
    0,
    0,
    0,
    0,
    0,
    1,
    1,
    1,
    1,
    1,
    1,
    1,
    1,
    1,
    1,
    1,
    1,
    1,
    1,
    1,
    1,
    1,
    1,
    1,
    1,
    1,
    1,
    1,
    0,
    1,
    1,
    1,
    0,
    0,
    0,
    0,
    0,
    0,
    0,
    0,
    0,
    0,
    0,
    0,
    0,
    0,
    0,
    0,
    0,
    0,
    0,
    0,
    0,
    0,
    0,
    0,
    0,
    0,
    0,
    0,
    0,
    0,
    0,
    0,
    0,
    0,
    0,
    0,
    0,
    0,
    0,
    0,
    0,
    0,
    0,
    0,
    0,
    0,
    0,
    0,
    0
  ],