{
  "timesteps": [
    0,
    1,
    2,
    3,
    4,
    5,
    6,
    7,
    8,
    9,
    10,
    11,
    12,
    13,
    14,
    15,
    16,
    17,
    18,
    19,
    20,
    21,
    22,
    23,
    24,
    25,
    26,
    27,
    28,
    29,
    30,
    31,
    32,
    33,
    34,
    35,
    36,
    37,
    38,
    39,
    40,
    41,
    42,
    43,
    44,
    45,
    46,
    47,
    48,
    49,
    50,
    51,
    52,
    53,
    54,
    55,
    56,
    57,
    58,
    59,
    60,
    61,
    62,
    63,
    64,
    65,
    66,
    67,
    68,
    69,
    70,
    71,
    72,
    73,
    74,
    75,
    76,
    77,
    78,
    79,
    80,
    81,
    82,
    83,
    84,
    85,
    86,
    87,
    88,
    89,
    90,
    91,
    92,
    93,
    94,
    95,
    96,
    97,
    98,
    99,
    100,
    101,
    102,
    103,
    104,
    105,
    106,
    107,
    108,
    109,
    110,
    111,
    112,
    113,
    114,
    115,
    116,
    117,
    118,
    119,
    120,
    121,
    122,
    123,
    124,
    125,
    126,
    127,
    128,
    129,
    130,
    131,
    132,
    133,
    134,
    135,
    136,
    137,
    138,
    139,
    140,
    141,
    142,
    143,
    144,
    145,
    146,
    147,
    148,
    149,
    150,
    151,
    152,
    153,
    154,
    155,
    156,
    157,
    158,
    159,
    160,
    161,
    162,
    163,
    164,
    165,
    166,
    167,
    168,
    169,
    170,
    171,
    172,
    173,
    174,
    175,
    176,
    177,
    178,
    179,
    180,
    181,
    182,
    183,
    184,
    185,
    186,
    187,
    188,
    189,
    190,
    191,
    192,
    193,
    194,
    195,
    196,
    197,
    198,
    199
  ],
  "states": [
    50.0,
    52.64172584204131,
    54.575957111400974,
    53.73850462680437,
    51.33166727997444,
    50.6625518041714,
    49.846116621001855,
    48.03991347522085,
    47.472146634422664,
    49.3557988624445,
    49.49501797777475,
    48.60113841507292,
    50.25693281545326,
    50.64362623740136,
    50.283870427149026,
    48.48007664445243,
    48.83070895203412,
    49.683069426943334,
    47.92921310772836,
    45.956015924405406,
    45.36736936812733,
    49.519942966680475,
    47.38492127476619,
    47.464035967319624,
    48.27870305854242,
    45.795195690450946,
    44.63861328894823,
    47.80353929548967,
    51.01317947627917,
    52.87621379455541,
    52.76034256899853,
    52.52747772479521,
    52.862293791988414,
    48.95377200206572,
    45.87322405921256,
    46.07218371590631,
    46.46114531591196,
    49.31997423932827,
    49.08995121140304,
    49.357136252841975,
    48.43537084760062,
    50.27231487475018,
    48.700997459159034,
    48.83560509986648,
    51.74564605329945,
    52.57916105043894,
    51.847076229897546,
    55.200151837335326,
    57.00949135211342,
    58.132777318713856,
    58.94101405466818,
    58.55857061099247,
    56.91045717872402,
    55.48698728816101,
    56.68128942530258,
    55.13627771338236,
    52.52068128157539,
    51.54434414026163,
    49.62317164195117,
    50.18257816689788,
    47.842741752443075,
    47.270767758257946,
    43.47953810932127,
    42.83448752950854,
    43.03567917732382,
    47.756195664067526,
    47.44179249681461,
    46.625276939504026,
    47.789440150042125,
    49.31894447737127,
    49.649363831178505,
    50.76354571434146,
    50.04282987333542,
    52.957058202460765,
    52.96601527663168,
    55.099768065127726,
    54.45237484709759,
    55.89121088903743,
    52.83079391375145,
    54.77549244109776,
    53.61338073324021,
    54.240127592434355,
    51.73133047074281,
    49.249689074055766,
    50.42982268001629,
    49.890695145199366,
    50.201044484131565,
    46.47599062586561,
    46.916067311554045,
    46.540634468700425,
    46.777084722672306,
    45.78818261686335,
    45.84816770512389,
    45.865237491664956,
    45.67799919047231,
    48.457236696116304,
    47.18934419939954,
    44.24279422339034,
    43.01403010345076,
    44.06585424606386,
    43.06855856793579,
    41.156930751802214,
    39.51434123942865,
    40.70276849174905,
    41.12570655856227,
    39.83901364499311,
    38.91588181908632,
    39.66498022937623,
    38.0247805110484,
    40.541558521143735,
    42.81894815371376,
    41.140015206863815,
    41.238805713865865,
    43.16598780913841,
    41.61735126364369,
    42.08891709705051,
    41.83236019923058,
    43.79432909047737,
    41.95046435978563,
    43.76217960462344,
    45.51719407919588,
    39.4881427272604,
    40.4524583024858,
    40.72974012940292,
    40.026960528606466,
    42.36015141055291,
    41.60739932697727,
    41.021294819864366,
    39.70653432114135,
    39.19179654012375,
    37.800944013335865,
    36.88243210536927,
    34.32322970183587,
    35.827288766394425,
    35.97223647499871,
    37.748648442319535,
    38.719286697800285,
    39.930980023251614,
    39.25182428032967,
    36.44072263171824,
    39.12271562117429,
    38.64638367630031,
    36.43019615434916,
    37.34923538889736,
    36.9424078590365,
    37.76986318087019,
    36.398275218539744,
    35.64206954816639,
    34.39716866221545,
    32.06452439757015,
    35.72724876732986,
    34.215458714314366,
    35.22267141999534,
    36.2573199806118,
    36.154546577110224,
    34.50273423384146,
    35.827979351689194,
    35.69028099749695,
    34.34675135170714,
    32.673597486178295,
    30.912772299451937,
    32.117710563617244,
    28.57842807088938,
    28.228037136167405,
    29.266655970697347,
    24.417500980707974,
    23.10409006782666,
    24.903906711717898,
    24.380151949565967,
    21.969940736342693,
    21.106050030911852,
    19.417140337131816,
    20.097224712013894,
    21.146989087297722,
    21.4990085096865,
    20.522574330277326,
    21.737353457392533,
    22.413080044862955,
    18.956756053005172,
    18.19982551059766,
    17.999246980557167,
    16.28232608372055,
    13.525664729186627,
    15.432983419171855,
    18.26583551018925,
    18.062718674330906,
    18.764016585090804,
    15.348394106010177,
    15.579032070184487,
    14.570735914894028,
    13.398300140057362,
    13.130535238621965,
    11.475760625683382,
    12.996883064888108,
    14.226699988445054,
    15.10486937102358,
    11.076090394670912,
    10.518517681822916,
    9.55823437187654,
    9.296597709659306,
    7.744987228469366
  ],
  "actions": [],
  "observations": [
    1,
    1,
    1,
    1,
    1,
    1,
    1,
    1,
    1,
    1,
    1,
    1,
    1,
    1,
    1,
    1,
    1,
    1,
    1,
    1,
    1,
    1,
    1,
    1,
    1,
    1,
    0,
    1,
    1,
    1,
    1,
    1,
    1,
    1,
    1,
    1,
    1,
    1,
    1,
    1,
    1,
    1,
    1,
    1,
    1,
    1,
    1,
    2,
    2,
    2,
    2,
    2,
    2,
    2,
    2,
    2,
    1,
    1,
    1,
    1,
    1,
    1,
    0,
    0,
    0,
    1,
    1,
    1,
    1,
    1,
    1,
    1,
    1,
    1,
    1,
    2,
    1,
    2,
    1,
    1,
    1,
    1,
    1,
    1,
    1,
    1,
    1,
    1,
    1,
    1,
    1,
    1,
    1,
    1,
    1,
    1,
    1,
    0,
    0,
    0,
    0,
    0,
    0,
    0,
    0,
    0,
    0,
    0,
    0,
    0,
    0,
    0,
    0,
    0,
    0,
    0,
    0,
    0,
    0,
    0,
    1,
    0,
    0,
    0,
    0,
    0,
    0,
    0,
    0,
    0,
    0,
    0,
    0,
    0,
    0,
    0,
    0,
    0,
    0,
    0,
    0,
    0,
    0,
    0,
    0,
    0,
    0,
    0,
    0,
    0,
    0,
    0,
    0,
    0,
    0,
    0,
    0,
    0,
    0,
    0,
    0,
    0,
    0,
    0,
    0,
    0,
    0,
    0,
    0,
    0,
    0,
    0,
    0,
    0,
    0,
    0,
    0,
    0,
    0,
    0,
    0,
    0,
    0,
    0,
    0,
    0,
    0,
    0,
    0,
    0,
    0,
    0,
    0,
    0,
    0,
    0,
    0,
    0,
    0,
    0
  ],