{
  "timesteps": [
    0,
    1,
    2,
    3,
    4,
    5,
    6,
    7,
    8,
    9,
    10,
    11,
    12,
    13,
    14,
    15,
    16,
    17,
    18,
    19,
    20,
    21,
    22,
    23,
    24,
    25,
    26,
    27,
    28,
    29,
    30,
    31,
    32,
    33,
    34,
    35,
    36,
    37,
    38,
    39,
    40,
    41,
    42,
    43,
    44,
    45,
    46,
    47,
    48,
    49,
    50,
    51,
    52,
    53,
    54,
    55,
    56,
    57,
    58,
    59,
    60,
    61,
    62,
    63,
    64,
    65,
    66,
    67,
    68,
    69,
    70,
    71,
    72,
    73,
    74,
    75,
    76,
    77,
    78,
    79,
    80,
    81,
    82,
    83,
    84,
    85,
    86,
    87,
    88,
    89,
    90,
    91,
    92,
    93,
    94,
    95,
    96,
    97,
    98,
    99,
    100,
    101,
    102,
    103,
    104,
    105,
    106,
    107,
    108,
    109,
    110,
    111,
    112,
    113,
    114,
    115,
    116,
    117,
    118,
    119,
    120,
    121,
    122,
    123,
    124,
    125,
    126,
    127,
    128,
    129,
    130,
    131,
    132,
    133,
    134,
    135,
    136,
    137,
    138,
    139,
    140,
    141,
    142,
    143,
    144,
    145,
    146,
    147,
    148,
    149,
    150,
    151,
    152,
    153,
    154,
    155,
    156,
    157,
    158,
    159,
    160,
    161,
    162,
    163,
    164,
    165,
    166,
    167,
    168,
    169,
    170,
    171,
    172,
    173,
    174,
    175,
    176,
    177,
    178,
    179,
    180,
    181,
    182,
    183,
    184,
    185,
    186,
    187,
    188,
    189,
    190,
    191,
    192,
    193,
    194,
    195,
    196,
    197,
    198,
    199
  ],
  "states": [
    50.0,
    52.53235398814048,
    52.196148065603545,
    52.29057818972289,
    52.14637258422918,
    53.6020071827808,
    55.48599500372075,
    54.79742983145554,
    55.44132227473987,
    57.710215994034655,
    59.36749512355169,
    60.03502936223132,
    59.76905640722119,
    58.25796196971763,
    58.50211965589738,
    57.22630139994477,
    58.038041373418956,
    60.44288102954339,
    60.732279048960535,
    60.40955636916093,
    59.11205842104729,
    57.93765674742057,
    56.84729454017741,
    58.282902340936594,
    58.75621721484703,
    60.497247393691225,
    59.845032570259185,
    62.02341609169788,
    62.03868123178533,
    64.11338395127052,
    64.39999367461493,
    60.763649126418564,
    59.26290868641169,
    59.46246353410285,
    64.4330871641728,
    61.92103973274283,
    61.64858809771113,
    63.27080341213713,
    67.52657129197759,
    67.7533096816177,
    67.61121252965349,
    69.49549760207432,
    70.37015629740137,
    75.10273936627112,
    74.41434385234918,
    73.11623498542338,
    72.19259519468963,
    73.51447287607594,
    73.83804479827738,
    71.38203694356311,
    70.80297689660382,
    73.53259453525511,
    72.4851007245288,
    72.34543573219408,
    73.44688375950412,
    75.51865273764993,
    74.88067073129989,
    76.54638083465905,
    75.02822524322194,
    75.40630249375144,
    75.1533391819237,
    75.18287417760313,
    74.81162680984964,
    73.91266626153613,
    74.7029702454309,
    75.29809947140328,
    76.09448891865797,
    74.9302126417407,
    75.40716263842002,
    78.19905981005297,
    78.84812562891369,
    83.04652534468428,
    82.35121702631776,
    83.69615451921774,
    85.50259130086084,
    84.94518679693824,
    86.94758406601089,
    87.78188546361595,
    88.30474294852883,
    85.60236824553019,
    86.53141707957779,
    88.1192178066231,
    88.71469445503129,
    89.57769402685486,
    89.57806903409676,
    87.16969322453225,
    89.08536886284008,
    89.4335324745846,
    86.4404170586053,
    88.30534043852496,
    87.86726504105411,
    89.30556386441306,
    88.27662393263205,
    87.94837899459824,
    88.3113576738886,
    89.41834942172544,
    88.19930146686305,
    85.22758104209979,
    86.0711939613167,
    83.83118990227457,
    83.3231595691784,
    81.47498765946742,
    76.74565370857187,
    77.2838908663753,
    78.66487305732637,
    77.54609944558544,
    78.55690006306178,
    81.76835837931117,
    81.20615219928546,
    80.15320574263016,
    78.0964738530922,
    79.8247217032865,
    81.71033468211753,
    84.02843970104377,
    83.82787975267958,
    85.53918530966521,
    87.51730150923751,
    88.09224802505871,
    90.68020693997711,
    89.10861777644485,
    89.38237363180849,
    88.33476963337718,
    87.35054347894817,
    89.27341728836404,
    88.6439377291675,
    87.49638387293331,
    87.60569909651872,
    85.44699790445945,
    86.38078134471067,
    85.12790148437033,
    84.9451244847689,
    85.89581339933217,
    86.04518572188955,
    85.65452649574279,
    86.71988142186495,
    83.80807188885296,
    84.86337595114797,
    85.71576636490015,
    84.57311981937427,
    82.3687904524899,
    83.40667813431766,
    84.88255965340065,
    84.28946090078344,
    86.44825094241529,
    85.59926925291875,
    87.51085740465729,
    86.62496730441322,
    86.52667079877436,
    85.8213183727308,
    86.31692401939301,
    83.62561269651984,
    85.17183852947423,
    85.18804173067413,
    86.48424991180548,
    84.88948504439227,
    84.75290320330072,
    87.23851541378512,
    87.5580923504051,
    87.76747599553372,
    89.15423866594205,
    92.29972075150401,
    95.8882076464515,
    95.12273832113897,
    92.4572243304039,
    92.25272874843533,
    92.6935575088353,
    90.46305714759501,
    92.74948397163642,
    90.54872677210867,
    91.39732490298809,
    89.82002296287291,
    90.82471207814747,
    88.89367771736296,
    87.47163068468825,
    86.48542906800782,
    86.27729912975205,
    88.20750955829011,
    86.57647252401371,
    85.7168719766444,
    85.16701378127091,
    84.72581628547006,
    84.33922663094543,
    83.55437681639698,
    83.44027506427605,
    84.88360841398475,
    85.2269118173836,
    86.78476183695597,
    88.54687603971965,
    90.51046084288721,
    90.2679716104036,
    91.76483953218907,
    91.16017149938344,
    91.2165151638799,
    90.56060718359552,
    93.212004523638,
    95.88586763159462,
    97.00695808482443,
    97.10836284779434,
    99.45430353851415,
    98.53922294376096,
    96.13682242682891
  ],
  "actions": [],
  "observations": [
    1,
    1,
    1,
    1,
    1,
    1,
    2,
    1,
    2,
    2,
    2,
    2,
    2,
    2,
    2,
    2,
    2,
    2,
    2,
    2,
    2,
    2,
    2,
    2,
    2,
    2,
    2,
    2,
    2,
    2,
    2,
    2,
    2,
    2,
    2,
    2,
    2,
    2,
    2,
    2,
    2,
    2,
    2,
    2,
    2,
    2,
    2,
    2,
    2,
    2,
    2,
    2,
    2,
    2,
    2,
    2,
    2,
    2,
    2,
    2,
    2,
    2,
    2,
    2,
    2,
    2,
    2,
    2,
    2,
    2,
    2,
    2,
    2,
    2,
    2,
    2,
    2,
    2,
    2,
    2,
    2,
    2,
    2,
    2,
    2,
    2,
    2,
    2,
    2,
    2,
    2,
    2,
    2,
    2,
    2,
    2,
    2,
    2,
    2,
    2,
    2,
    2,
    2,
    2,
    2,
    2,
    2,
    2,
    2,
    2,
    2,
    2,
    2,
    2,
    2,
    2,
    2,
    2,
    2,
    2,
    2,
    2,
    2,
    2,
    2,
    2,
    2,
    2,
    2,
    2,
    2,
    2,
    2,
    2,
    2,
    2,
    2,
    2,
    2,
    2,
    2,
    2,
    2,
    2,
    2,
    2,
    2,
    2,
    2,
    2,
    2,
    2,
    2,
    2,
    2,
    2,
    2,
    2,
    2,
    2,
    2,
    2,
    2,
    2,
    2,
    2,
    2,
    2,
    2,
    2,
    2,
    2,
    2,
    2,
    2,
    2,
    2,
    2,
    2,
    2,
    2,
    2,
    2,
    2,
    2,
    2,
    2,
    2,
    2,
    2,
    2,
    2,
    2,
    2,
    2,
    2,
    2,
    2,
    2,
    2
  ],