{
  "timesteps": [
    0,
    1,
    2,
    3,
    4,
    5,
    6,
    7,
    8,
    9,
    10,
    11,
    12,
    13,
    14,
    15,
    16,
    17,
    18,
    19,
    20,
    21,
    22,
    23,
    24,
    25,
    26,
    27,
    28,
    29,
    30,
    31,
    32,
    33,
    34,
    35,
    36,
    37,
    38,
    39,
    40,
    41,
    42,
    43,
    44,
    45,
    46,
    47,
    48,
    49,
    50,
    51,
    52,
    53,
    54,
    55,
    56,
    57,
    58,
    59,
    60,
    61,
    62,
    63,
    64,
    65,
    66,
    67,
    68,
    69,
    70,
    71,
    72,
    73,
    74,
    75,
    76,
    77,
    78,
    79,
    80,
    81,
    82,
    83,
    84,
    85,
    86,
    87,
    88,
    89,
    90,
    91,
    92,
    93,
    94,
    95,
    96,
    97,
    98,
    99,
    100,
    101,
    102,
    103,
    104,
    105,
    106,
    107,
    108,
    109,
    110,
    111,
    112,
    113,
    114,
    115,
    116,
    117,
    118,
    119,
    120,
    121,
    122,
    123,
    124,
    125,
    126,
    127,
    128,
    129,
    130,
    131,
    132,
    133,
    134,
    135,
    136,
    137,
    138,
    139,
    140,
    141,
    142,
    143,
    144,
    145,
    146,
    147,
    148,
    149,
    150,
    151,
    152,
    153,
    154,
    155,
    156,
    157,
    158,
    159,
    160,
    161,
    162,
    163,
    164,
    165,
    166,
    167,
    168,
    169,
    170,
    171,
    172,
    173,
    174,
    175,
    176,
    177,
    178,
    179,
    180,
    181,
    182,
    183,
    184,
    185,
    186,
    187,
    188,
    189,
    190,
    191,
    192,
    193,
    194,
    195,
    196,
    197,
    198,
    199
  ],
  "states": [
    50.0,
    49.77892503012055,
    50.15907617979169,
    50.180139212962885,
    48.60355295196315,
    49.46461309049602,
    50.106360543805614,
    50.18631464870309,
    52.301453452075414,
    52.63835127406298,
    51.70925178814875,
    53.739409767151976,
    53.07069776052578,
    53.014167547570224,
    53.198314126484355,
    55.23337419721259,
    55.671982699216876,
    57.132685888559024,
    56.75780030611249,
    58.54095610886809,
    56.23328375222285,
    56.29421979069026,
    54.46962208601812,
    55.24937404370897,
    55.835280926207275,
    58.078143820574155,
    59.297344156489295,
    58.59881310908544,
    56.58468168237565,
    54.61439876020798,
    53.88877521504203,
    55.55502309942154,
    52.792715180986406,
    52.98160260988015,
    50.27582558480809,
    51.72996713268716,
    51.06497612185191,
    51.25157800462184,
    49.641151700461975,
    49.698644548754245,
    47.94750997664979,
    46.614083180066245,
    47.98750708899317,
    46.43972729714529,
    45.92492458111228,
    45.43903085364551,
    45.3458825555418,
    43.91012964800051,
    41.86592438759597,
    41.27968942413425,
    42.896279011542525,
    42.152654269024744,
    38.642913191986,
    35.64701159361523,
    36.976801776378636,
    35.95195107554133,
    40.880302294604505,
    40.289219061134105,
    38.038439434344184,
    39.47829796230501,
    41.16804826276042,
    39.72061215657311,
    43.45176178921561,
    44.178151253818356,
    43.79481419659632,
    43.67180693945317,
    43.17400612800872,
    40.97463772840634,
    43.37297865688084,
    43.059747239307505,
    41.82095516462123,
    43.42711629903627,
    41.832148176335785,
    41.07883090504739,
    39.06078202178114,
    39.979826984667625,
    40.307404510097605,
    39.240928293092,
    36.7673307682754,
    39.66620518666561,
    40.27230006448663,
    40.16054612716722,
    39.22797126754652,
    40.25151098174913,
    42.02323167876649,
    40.54696232167474,
    38.99796964742374,
    37.825254434959795,
    38.83158170660761,
    41.42239744358603,
    43.88939403940825,
    46.04268271424963,
    45.97767476022842,
    47.57142038832684,
    48.01050842567841,
    48.512327098061405,
    50.3015804171917,
    49.10540817000777,
    47.85275637682734,
    50.80513242837229,
    48.734700171644626,
    50.27436406722318,
    49.803443542958654,
    51.17649704352266,
    50.30819381267743,
    49.467557462972174,
    49.47646516054895,
    54.14294850193537,
    51.223938301150625,
    51.63903181555565,
    50.568354585306984,
    51.22656919906447,
    51.8085311460617,
    53.864783189090296,
    53.965593904397565,
    54.22064951731135,
    54.55633557718082,
    51.79118277508969,
    48.417406569873165,
    49.42280882089391,
    49.281128023853775,
    46.932821903531554,
    47.467071586199694,
    44.67335916137709,
    45.20616187840077,
    42.92233127128361,
    41.327225667961564,
    39.44693684747144,
    40.588418862022735,
    41.03460868170513,
    42.417756984510675,
    43.76048709027953,
    45.86607717720678,
    46.998736455516614,
    48.542265860299956,
    48.25196671294167,
    46.945954493804784,
    48.09391547458262,
    48.83617736494727,
    47.598512639527854,
    49.63552086589923,
    48.21497020523171,
    46.01496116263509,
    43.173543524771254,
    40.16075682800746,
    38.9615152680126,
    41.01098671620808,
    40.622106427878165,
    41.621707117753886,
    39.60862142193292,
    36.2220206811402,
    35.71725967619731,
    36.39340956208063,
    35.430393566475274,
    38.36004043427548,
    38.47514787501484,
    38.44592584356114,
    38.691970638710906,
    38.48108516416988,
    38.10896498437569,
    38.434154113922034,
    35.77949136771111,
    36.14812658084055,
    37.55820813383682,
    39.014521611904044,
    38.61975895440076,
    40.32302020212473,
    39.55867201666385,
    38.83567297836086,
    38.849462981302956,
    38.4214252192962,
    41.6783911787307,
    42.06985402283404,
    41.72593124958532,
    41.096704911918145,
    38.237870991926286,
    37.01724397037826,
    36.46281099352691,
    35.91494397063984,
    35.90832541533098,
    38.12991818327249,
    39.925654381204396,
    40.01288311550676,
    39.67598815910208,
    40.18620159460772,
    43.19442438233814,
    43.83506335175232,
    44.564801010038984,
    44.47844928829984,
    44.79722786440189,
    43.31077638110382,
    43.23580516629078,
    43.03559262317864,
    41.37023533757181,
    41.855338331502544,
    43.26031767573684,
    42.90775367786247,
    43.193747639177516,
    41.5403665302005,
    38.674021253679285,
    37.184702211513105
  ],
  "actions": [],
  "observations": [
    1,
    1,
    1,
    1,
    1,
    1,
    1,
    1,
    1,
    1,
    1,
    1,
    1,
    1,
    1,
    2,
    2,
    2,
    2,
    2,
    2,
    2,
    1,
    2,
    2,
    2,
    2,
    2,
    2,
    1,
    1,
    2,
    1,
    1,
    1,
    1,
    1,
    1,
    1,
    1,
    1,
    1,
    1,
    1,
    1,
    1,
    1,
    0,
    0,
    0,
    0,
    0,
    0,
    0,
    0,
    0,
    0,
    0,
    0,
    0,
    0,
    0,
    0,
    0,
    0,
    0,
    0,
    0,
    0,
    0,
    0,
    0,
    0,
    0,
    0,
    0,
    0,
    0,
    0,
    0,
    0,
    0,
    0,
    0,
    0,
    0,
    0,
    0,
    0,
    0,
    0,
    1,
    1,
    1,
    1,
    1,
    1,
    1,
    1,
    1,
    1,
    1,
    1,
    1,
    1,
    1,
    1,
    1,
    1,
    1,
    1,
    1,
    1,
    1,
    1,
    1,
    1,
    1,
    1,
    1,
    1,
    1,
    1,
    0,
    1,
    0,
    0,
    0,
    0,
    0,
    0,
    0,
    1,
    1,
    1,
    1,
    1,
    1,
    1,
    1,
    1,
    1,
    1,
    0,
    0,
    0,
    0,
    0,
    0,
    0,
    0,
    0,
    0,
    0,
    0,
    0,
    0,
    0,
    0,
    0,
    0,
    0,
    0,
    0,
    0,
    0,
    0,
    0,
    0,
    0,
    0,
    0,
    0,
    0,
    0,
    0,
    0,
    0,
    0,
    0,
    0,
    0,
    0,
    0,
    0,
    0,
    0,
    0,
    0,
    0,
    0,
    0,
    0,
    0,
    0,
    0,
    0,
    0,
    0,
    0
  ],