{
  "timesteps": [
    0,
    1,
    2,
    3,
    4,
    5,
    6,
    7,
    8,
    9,
    10,
    11,
    12,
    13,
    14,
    15,
    16,
    17,
    18,
    19,
    20,
    21,
    22,
    23,
    24,
    25,
    26,
    27,
    28,
    29,
    30,
    31,
    32,
    33,
    34,
    35,
    36,
    37,
    38,
    39,
    40,
    41,
    42,
    43,
    44,
    45,
    46,
    47,
    48,
    49,
    50,
    51,
    52,
    53,
    54,
    55,
    56,
    57,
    58,
    59,
    60,
    61,
    62,
    63,
    64,
    65,
    66,
    67,
    68,
    69,
    70,
    71,
    72,
    73,
    74,
    75,
    76,
    77,
    78,
    79,
    80,
    81,
    82,
    83,
    84,
    85,
    86,
    87,
    88,
    89,
    90,
    91,
    92,
    93,
    94,
    95,
    96,
    97,
    98,
    99,
    100,
    101,
    102,
    103,
    104,
    105,
    106,
    107,
    108,
    109,
    110,
    111,
    112,
    113,
    114,
    115,
    116,
    117,
    118,
    119,
    120,
    121,
    122,
    123,
    124,
    125,
    126,
    127,
    128,
    129,
    130,
    131,
    132,
    133,
    134,
    135,
    136,
    137,
    138,
    139,
    140,
    141,
    142,
    143,
    144,
    145,
    146,
    147,
    148,
    149,
    150,
    151,
    152,
    153,
    154,
    155,
    156,
    157,
    158,
    159,
    160,
    161,
    162,
    163,
    164,
    165,
    166,
    167,
    168,
    169,
    170,
    171,
    172,
    173,
    174,
    175,
    176,
    177,
    178,
    179,
    180,
    181,
    182,
    183,
    184,
    185,
    186,
    187,
    188,
    189,
    190,
    191,
    192,
    193,
    194,
    195,
    196,
    197,
    198,
    199
  ],
  "states": [
    50.0,
    49.95457087727677,
    49.943366257269204,
    49.952241601466135,
    49.845023671839435,
    49.78446248644777,
    49.93988106997568,
    49.807146002014434,
    49.60294393138306,
    49.3974026025165,
    49.24036747992598,
    49.13786536094128,
    49.09396589200116,
    48.940750137343066,
    48.79961814057058,
    48.8039036022069,
    48.863461116934474,
    48.936594250590986,
    48.69839822015214,
    48.77587267153848,
    48.58018002309716,
    48.39888265357576,
    48.421558676057735,
    48.472165540583674,
    48.606646264409484,
    48.543141604504854,
    48.52108518664993,
    48.57877696683287,
    48.75246597790285,
    48.88882390315683,
    48.752674873357435,
    48.5923643490497,
    48.673986279462156,
    48.451329042120605,
    48.45834915552413,
    48.44536937268319,
    48.387435771474735,
    48.49616321710659,
    48.63614480785999,
    48.490958508155046,
    48.648638012681,
    48.7567446704695,
    48.736761391305734,
    48.78469038180162,
    48.688060206866886,
    48.68698445005036,
    48.75751328624217,
    48.695673189097,
    48.73427311875403,
    48.64190342608569,
    48.6895419343923,
    48.73371833817109,
    48.71476531310273,
    48.654634253655956,
    48.662413115665615,
    48.757586934861564,
    48.69782339330129,
    48.8414241277872,
    48.899253774094205,
    49.01510361558831,
    48.8915962837081,
    48.919707492404314,
    49.06212444559274,
    49.10106510051515,
    49.016361853401676,
    49.04673186102758,
    48.954401789601,
    49.031609618877134,
    48.932165454158294,
    49.054814007246044,
    48.96969266240649,
    49.028183617333475,
    49.06415756162777,
    49.097390012831326,
    48.867155654367515,
    48.82388481618491,
    48.7948900262778,
    48.75951239539898,
    48.64823732426551,
    48.673980023052174,
    48.6193409554562,
    48.4192105800598,
    48.4448642019756,
    48.50531916634808,
    48.42962046594738,
    48.548574472183525,
    48.60697619819478,
    48.6587338757747,
    48.572353676892426,
    48.5498918304852,
    48.44302245937949,
    48.429642094672495,
    48.47517202162289,
    48.48201089256733,
    48.54753529222479,
    48.68421668028113,
    48.74528765060755,
    48.74484658364898,
    48.817800994941635,
    48.8071221475769,
    48.812146484305984,
    48.78618703234437,
    48.54721363833374,
    48.58651312145645,
    48.64282098692153,
    48.84745645222007,
    48.98474480312478,
    49.059161487741164,
    49.00515261093691,
    48.888782929897495,
    48.834005839759705,
    48.949612409290836,
    49.09151861099,
    49.19122117282739,
    49.205447777883336,
    48.993951145460876,
    48.97013166030198,
    48.94007043387435,
    48.93863590850679,
    48.971871655965444,
    49.13175491255482,
    49.306076905041216,
    49.26424184006763,
    49.332009625920584,
    49.31477742340122,
    49.346082967819456,
    49.30770418493345,
    49.34330947995724,
    49.338734083099084,
    49.151648854047245,
    49.321428909814685,
    49.269762597816154,
    49.17834167690422,
    49.14928446270071,
    49.20095385953592,
    49.0875486486812,
    49.04597721946963,
    49.014691122163455,
    49.149981695264536,
    49.19199680000982,
    48.99025144714235,
    48.880480600595284,
    48.794114946372595,
    48.83957717114891,
    48.696527627710864,
    48.60070662675929,
    48.572552021475566,
    48.551463822873345,
    48.492437170707,
    48.4884237110221,
    48.62523123877745,
    48.72855068988232,
    48.69240852080805,
    48.66452255688147,
    48.79341026847754,
    48.74177716399185,
    48.72751030222184,
    48.657034220734275,
    48.57982710400488,
    48.626458807925644,
    48.62662540210336,
    48.667130113104456,
    48.56325172870339,
    48.4830894403037,
    48.38527921606893,
    48.4784242290066,
    48.39459997986044,
    48.43414035896925,
    48.44976994816925,
    48.35170861015796,
    48.32621108579767,
    48.43394748409243,
    48.23800769007016,
    48.334575208179075,
    48.30677737193465,
    48.345315617984305,
    48.3420549532265,
    48.329056187276386,
    48.36636276619426,
    48.4105801310565,
    48.40240415611447,
    48.53800065705464,
    48.512663640032,
    48.465697930714164,
    48.41878889086807,
    48.31674298452706,
    48.32947557501138,
    48.316244173295644,
    48.449224669586755,
    48.65482744191583,
    48.793608269833875,
    48.67633778677936,
    48.54333850614805,
    48.70361810143826,
    48.65591378909088,
    48.67863981575246,
    48.636058901813335,
    48.6380572885903,
    48.529025528885526,
    48.539486105203856,
    48.49844681495488
  ],
  "actions": [],
  "observations": [
    1,
    1,
    1,
    1,
    1,
    1,
    1,
    1,
    1,
    1,
    1,
    1,
    1,
    1,
    1,
    1,
    1,
    1,
    1,
    1,
    1,
    1,
    1,
    1,
    1,
    1,
    1,
    1,
    1,
    1,
    1,
    1,
    1,
    1,
    1,
    1,
    1,
    1,
    1,
    1,
    1,
    1,
    1,
    1,
    1,
    1,
    1,
    1,
    1,
    1,
    1,
    1,
    1,
    1,
    1,
    1,
    1,
    1,
    1,
    1,
    1,
    1,
    1,
    1,
    1,
    1,
    1,
    1,
    1,
    1,
    1,
    1,
    1,
    1,
    1,
    1,
    1,
    1,
    1,
    1,
    1,
    1,
    1,
    1,
    1,
    1,
    1,
    1,
    1,
    1,
    1,
    1,
    1,
    1,
    1,
    1,
    1,
    1,
    1,
    1,
    1,
    1,
    1,
    1,
    1,
    1,
    1,
    1,
    1,
    1,
    1,
    1,
    1,
    1,
    1,
    1,
    1,
    1,
    1,
    1,
    1,
    1,
    1,
    1,
    1,
    1,
    1,
    1,
    1,
    1,
    1,
    1,
    1,
    1,
    1,
    1,
    1,
    1,
    1,
    1,
    1,
    1,
    1,
    1,
    1,
    1,
    1,
    1,
    1,
    1,
    1,
    1,
    1,
    1,
    1,
    1,
    1,
    1,
    1,
    1,
    1,
    1,
    1,
    1,
    1,
    1,
    1,
    1,
    1,
    1,
    1,
    1,
    1,
    1,
    1,
    1,
    1,
    1,
    1,
    1,
    1,
    1,
    1,
    1,
    1,
    1,
    1,
    1,
    1,
    1,
    1,
    1,
    1,
    1,
    1,
    1,
    1,
    1,
    1,
    1
  ],