{
  "timesteps": [
    0,
    1,
    2,
    3,
    4,
    5,
    6,
    7,
    8,
    9,
    10,
    11,
    12,
    13,
    14,
    15,
    16,
    17,
    18,
    19,
    20,
    21,
    22,
    23,
    24,
    25,
    26,
    27,
    28,
    29,
    30,
    31,
    32,
    33,
    34,
    35,
    36,
    37,
    38,
    39,
    40,
    41,
    42,
    43,
    44,
    45,
    46,
    47,
    48,
    49,
    50,
    51,
    52,
    53,
    54,
    55,
    56,
    57,
    58,
    59,
    60,
    61,
    62,
    63,
    64,
    65,
    66,
    67,
    68,
    69,
    70,
    71,
    72,
    73,
    74,
    75,
    76,
    77,
    78,
    79,
    80,
    81,
    82,
    83,
    84,
    85,
    86,
    87,
    88,
    89,
    90,
    91,
    92,
    93,
    94,
    95,
    96,
    97,
    98,
    99,
    100,
    101,
    102,
    103,
    104,
    105,
    106,
    107,
    108,
    109,
    110,
    111,
    112,
    113,
    114,
    115,
    116,
    117,
    118,
    119,
    120,
    121,
    122,
    123,
    124,
    125,
    126,
    127,
    128,
    129,
    130,
    131,
    132,
    133,
    134,
    135,
    136,
    137,
    138,
    139,
    140,
    141,
    142,
    143,
    144,
    145,
    146,
    147,
    148,
    149,
    150,
    151,
    152,
    153,
    154,
    155,
    156,
    157,
    158,
    159,
    160,
    161,
    162,
    163,
    164,
    165,
    166,
    167,
    168,
    169,
    170,
    171,
    172,
    173,
    174,
    175,
    176,
    177,
    178,
    179,
    180,
    181,
    182,
    183,
    184,
    185,
    186,
    187,
    188,
    189,
    190,
    191,
    192,
    193,
    194,
    195,
    196,
    197,
    198,
    199
  ],
  "states": [
    50.0,
    50.154949681776856,
    50.125693273086725,
    50.18835340839245,
    50.26828071390229,
    50.18205712545961,
    50.33779639697098,
    50.30950677636376,
    50.252055947988545,
    50.38548104167004,
    50.39205514154579,
    50.40983198820669,
    50.48314219166276,
    50.32183105744636,
    50.3448632583641,
    50.30906822057434,
    50.26592934837026,
    50.16278190995576,
    49.9808483633172,
    50.011641080029705,
    49.93155339911483,
    50.00833699238634,
    50.103994697618646,
    50.226226463396465,
    50.296590005181486,
    50.33370086525558,
    50.17199950726087,
    50.29318584872173,
    50.48770631511967,
    50.467756968644714,
    50.58125688666855,
    50.502039120740235,
    50.591373555881624,
    50.69854579302021,
    50.60982527020512,
    50.787697424782216,
    50.715220845689046,
    50.83348778806001,
    50.83512274082448,
    50.742526488152386,
    50.74281017341272,
    50.70029702748429,
    50.41834878297797,
    50.464220384982625,
    50.476205597601215,
    50.43572437856356,
    50.59688701261146,
    50.602925721092575,
    50.59950354207551,
    50.508415019856976,
    50.46588145432241,
    50.39025606504008,
    50.42209028767137,
    50.45067521995802,
    50.25860640975194,
    50.14346415622503,
    50.155737512279245,
    50.034933337510076,
    50.105187999918385,
    50.19912049176158,
    50.27606959960732,
    50.31808215640275,
    50.31555432885243,
    50.15469992789194,
    50.234947876718586,
    50.40272678272549,
    50.58327119922044,
    50.533011047770906,
    50.425686813039235,
    50.526100647698016,
    50.35726369428668,
    50.243730061590654,
    50.199211176285964,
    50.071969461314346,
    50.00486842953024,
    49.898775089346145,
    49.914072385946,
    49.88255682592039,
    50.08206214438906,
    49.99439120310598,
    49.99110797672051,
    50.0082427531241,
    49.95206671750782,
    50.00527932655073,
    49.88686798219738,
    49.894818594846576,
    49.94451124749689,
    49.90986449614524,
    49.983298498393786,
    50.02994197578719,
    50.01046929527058,
    49.72747433636877,
    49.75724533422428,
    49.85101101797725,
    49.87405192035341,
    49.79933453666558,
    49.67684650274116,
    49.689946230177306,
    49.78375576889538,
    49.95811829510313,
    50.014970248719855,
    49.91671467350897,
    49.76582125404385,
    49.915830114185354,
    49.990149581741285,
    50.05822319307838,
    49.913282672428274,
    49.778584720800346,
    49.758822701767095,
    49.85567606258266,
    49.85887103164886,
    49.790722555876435,
    49.75209163009067,
    49.62045623768344,
    49.572655161233946,
    49.64391022427987,
    49.554200131644244,
    49.53304631150043,
    49.4442722323775,
    49.33878230877179,
    49.15497718364872,
    49.187335495194446,
    49.15844840109807,
    49.34504317563514,
    49.34017428741533,
    49.376692339178504,
    49.4826497855767,
    49.55665930120723,
    49.59237804659821,
    49.60301494059861,
    49.62575208409607,
    49.47233534427615,
    49.54773290342938,
    49.479008283477306,
    49.257361033626616,
    49.23380864506306,
    48.99455078672477,
    49.012586403152476,
    48.938112036963616,
    49.03812221721896,
    48.881123239407685,
    48.870709166534866,
    48.91049295806359,
    48.940749348462155,
    48.939949629562626,
    48.928419026902105,
    48.874902998411926,
    48.809002095744205,
    48.80935330004178,
    49.034437258410684,
    49.181849995112636,
    49.31553409195445,
    49.17956551901664,
    49.268533985793304,
    49.415237633957815,
    49.45913787575607,
    49.313283248307044,
    49.35666824323902,
    49.348474449701285,
    49.39806309242226,
    49.50016175845408,
    49.36155484925348,
    49.30702298765171,
    49.37385105375752,
    49.39536605673465,
    49.64401800734837,
    49.68945855520363,
    49.859972961443695,
    49.832713481412405,
    49.78666488624275,
    49.71781816283648,
    49.73538090928927,
    49.7405782324915,
    49.73644642302268,
    49.64503002848838,
    49.5379365141584,
    49.42278929475192,
    49.33871016339931,
    49.23090778164496,
    49.115431659631334,
    49.206648095532735,
    49.25426868784661,
    49.29809988511149,
    49.1426415353598,
    49.159035133464755,
    49.275430400656035,
    49.20595804805048,
    49.23751705989835,
    49.23365058870622,
    49.21979421435847,
    49.07792884260292,
    49.29792403108512,
    49.371997313552654,
    49.376978538528064,
    49.45980559625591,
    49.469450033353624,
    49.353048072035826,
    49.32144137700058,
    49.42752557866067,
    49.45095991409844,
    49.43234730410769
  ],
  "actions": [],
  "observations": [
    1,
    1,
    1,
    1,
    1,
    1,
    1,
    1,
    1,
    1,
    1,
    1,
    1,
    1,
    1,
    1,
    1,
    1,
    1,
    1,
    1,
    1,
    1,
    1,
    1,
    1,
    1,
    1,
    1,
    1,
    1,
    1,
    1,
    1,
    1,
    1,
    1,
    1,
    1,
    1,
    1,
    1,
    1,
    1,
    1,
    1,
    1,
    1,
    1,
    1,
    1,
    1,
    1,
    1,
    1,
    1,
    1,
    1,
    1,
    1,
    1,
    1,
    1,
    1,
    1,
    1,
    1,
    1,
    1,
    1,
    1,
    1,
    1,
    1,
    1,
    1,
    1,
    1,
    1,
    1,
    1,
    1,
    1,
    1,
    1,
    1,
    1,
    1,
    1,
    1,
    1,
    1,
    1,
    1,
    1,
    1,
    1,
    1,
    1,
    1,
    1,
    1,
    1,
    1,
    1,
    1,
    1,
    1,
    1,
    1,
    1,
    1,
    1,
    1,
    1,
    1,
    1,
    1,
    1,
    1,
    1,
    1,
    1,
    1,
    1,
    1,
    1,
    1,
    1,
    1,
    1,
    1,
    1,
    1,
    1,
    1,
    1,
    1,
    1,
    1,
    1,
    1,
    1,
    1,
    1,
    1,
    1,
    1,
    1,
    1,
    1,
    1,
    1,
    1,
    1,
    1,
    1,
    1,
    1,
    1,
    1,
    1,
    1,
    1,
    1,
    1,
    1,
    1,
    1,
    1,
    1,
    1,
    1,
    1,
    1,
    1,
    1,
    1,
    1,
    1,
    1,
    1,
    1,
    1,
    1,
    1,
    1,
    1,
    1,
    1,
    1,
    1,
    1,
    1,
    1,
    1,
    1,
    1,
    1,
    1
  ],