{
  "timesteps": [
    0,
    1,
    2,
    3,
    4,
    5,
    6,
    7,
    8,
    9,
    10,
    11,
    12,
    13,
    14,
    15,
    16,
    17,
    18,
    19,
    20,
    21,
    22,
    23,
    24,
    25,
    26,
    27,
    28,
    29,
    30,
    31,
    32,
    33,
    34,
    35,
    36,
    37,
    38,
    39,
    40,
    41,
    42,
    43,
    44,
    45,
    46,
    47,
    48,
    49,
    50,
    51,
    52,
    53,
    54,
    55,
    56,
    57,
    58,
    59,
    60,
    61,
    62,
    63,
    64,
    65,
    66,
    67,
    68,
    69,
    70,
    71,
    72,
    73,
    74,
    75,
    76,
    77,
    78,
    79,
    80,
    81,
    82,
    83,
    84,
    85,
    86,
    87,
    88,
    89,
    90,
    91,
    92,
    93,
    94,
    95,
    96,
    97,
    98,
    99,
    100,
    101,
    102,
    103,
    104,
    105,
    106,
    107,
    108,
    109,
    110,
    111,
    112,
    113,
    114,
    115,
    116,
    117,
    118,
    119,
    120,
    121,
    122,
    123,
    124,
    125,
    126,
    127,
    128,
    129,
    130,
    131,
    132,
    133,
    134,
    135,
    136,
    137,
    138,
    139,
    140,
    141,
    142,
    143,
    144,
    145,
    146,
    147,
    148,
    149,
    150,
    151,
    152,
    153,
    154,
    155,
    156,
    157,
    158,
    159,
    160,
    161,
    162,
    163,
    164,
    165,
    166,
    167,
    168,
    169,
    170,
    171,
    172,
    173,
    174,
    175,
    176,
    177,
    178,
    179,
    180,
    181,
    182,
    183,
    184,
    185,
    186,
    187,
    188,
    189,
    190,
    191,
    192,
    193,
    194,
    195,
    196,
    197,
    198,
    199
  ],
  "states": [
    50.0,
    49.54828492135362,
    50.445701751069464,
    50.25273989002646,
    52.51744422510212,
    53.80962221145671,
    51.85434670725462,
    52.191275555491615,
    51.04737395339436,
    50.67835156185727,
    48.5746491051289,
    48.32749818367943,
    49.046921120119855,
    46.32193574135243,
    43.89521600717877,
    45.47694419990324,
    44.87424939048594,
    44.885354536450414,
    46.436543734710206,
    42.588527276879624,
    39.540470976088336,
    36.51969727834643,
    35.893847756415624,
    36.69532321293751,
    40.84669760381061,
    40.96065164046338,
    42.51055736253756,
    43.23134500603917,
    39.61538086536094,
    39.67319223946575,
    39.88544385362464,
    41.24934069520373,
    40.12824752993799,
    40.52794477561333,
    41.841703121478005,
    43.60086373155666,
    42.14592849477796,
    40.08955592701258,
    42.217059987460246,
    44.86780857675344,
    42.11883863510548,
    42.3636680748142,
    43.441390701473736,
    45.209411103019335,
    47.141348509722135,
    45.68648789947675,
    45.19932325184695,
    46.581292239782016,
    47.12430076796891,
    51.61439033334834,
    51.85052743135516,
    53.24551352096708,
    53.27081820144763,
    55.88947845401971,
    58.31749010819218,
    57.24264298394541,
    57.12336293112869,
    56.316178924057816,
    53.27003103425356,
    53.71783908785547,
    54.10760213870076,
    53.162571752549084,
    54.19922161642037,
    54.03978798127005,
    53.886284550011126,
    51.35626386683128,
    52.38848738550534,
    50.5703071763617,
    49.0609271348648,
    52.25566588563066,
    52.76285008755714,
    49.65299973429749,
    51.989689275126025,
    52.46449995235332,
    53.64257980180649,
    54.09850993801918,
    52.14035118804907,
    53.33649863402454,
    50.85337976651666,
    52.80130903788509,
    50.845747573506856,
    49.65547683747616,
    51.03967249428068,
    54.841998626170785,
    58.45796910794997,
    59.833915715636614,
    58.76266260511582,
    62.01931468455373,
    61.9663617561875,
    60.32796885803884,
    61.35463621761856,
    62.354940936121395,
    61.87818255496914,
    63.77130766435416,
    64.04075912749194,
    66.12305959820729,
    70.37374969232823,
    71.76393228744632,
    71.43338460928106,
    71.04044950677351,
    73.24827041497014,
    73.59909299176121,
    76.86330834473074,
    74.91060125049694,
    74.7074428056375,
    74.14406849471511,
    77.13493595653671,
    76.36177579719421,
    74.88464066712064,
    72.48465103737514,
    73.78801572652795,
    77.17415590288792,
    75.957667067867,
    76.80276754742292,
    74.87352343963933,
    68.92161489375952,
    69.05126436698431,
    68.6999081502564,
    69.42535708420091,
    67.80495941648934,
    68.90472588022449,
    68.39978258873714,
    65.56388895759555,
    66.8855883914896,
    65.35370873169408,
    64.5444131178697,
    66.39756744398673,
    63.15430776151781,
    62.22831395355383,
    63.077605455238086,
    61.27615106082925,
    63.80023930765369,
    60.980533760506766,
    61.55109983394216,
    64.67309212517426,
    61.961531305169416,
    61.02436461533565,
    58.79633485095765,
    58.52209223837394,
    56.487653656362895,
    54.45467232629354,
    51.526763142108706,
    50.880557712893825,
    54.6703825809861,
    52.82576820533988,
    52.82736200135626,
    53.202566195503536,
    54.0272488754323,
    53.09711956372665,
    54.69703815336909,
    53.01015318773489,
    54.01600967079461,
    52.81643184795828,
    50.03969948810587,
    50.40349557988942,
    49.72807641936853,
    50.533063729100796,
    52.420252138798816,
    47.40975524708254,
    47.54415115941669,
    46.21786142674152,
    50.23573572087503,
    52.679985134421905,
    51.58482230472094,
    54.09952442281497,
    54.09070021515234,
    56.077158102111284,
    57.26706831780223,
    54.78131115912542,
    54.2125954700178,
    53.90093434142336,
    55.22147688193529,
    57.334566233428916,
    58.270289732256934,
    56.30163805102671,
    52.925922468326355,
    54.17456706525288,
    52.563773395164326,
    52.42772888845363,
    54.41210604126323,
    56.953332325740305,
    60.36106684015269,
    59.105039622917744,
    55.80317053006939,
    54.572510220546306,
    51.53842215851149,
    49.14856511200148,
    51.677863551886524,
    49.98941070286037,
    52.564573418830896,
    52.950335168972636,
    55.903988057308005,
    55.39917670546785,
    58.69023781910979,
    56.971744050002954,
    56.71883777102069,
    56.20764597713379,
    59.9859013766015,
    60.01889176749144,
    58.602594387323926,
    54.97074246239086
  ],
  "actions": [],
  "observations": [
    1,
    1,
    1,
    1,
    1,
    1,
    1,
    1,
    1,
    1,
    1,
    1,
    1,
    1,
    0,
    1,
    0,
    0,
    1,
    0,
    0,
    0,
    0,
    0,
    0,
    0,
    0,
    0,
    0,
    0,
    0,
    0,
    0,
    0,
    0,
    0,
    0,
    0,
    0,
    0,
    0,
    0,
    0,
    1,
    1,
    1,
    1,
    1,
    1,
    1,
    1,
    1,
    1,
    2,
    2,
    2,
    2,
    2,
    1,
    1,
    1,
    1,
    1,
    1,
    1,
    1,
    1,
    1,
    1,
    1,
    1,
    1,
    1,
    1,
    1,
    1,
    1,
    1,
    1,
    1,
    1,
    1,
    1,
    1,
    2,
    2,
    2,
    2,
    2,
    2,
    2,
    2,
    2,
    2,
    2,
    2,
    2,
    2,
    2,
    2,
    2,
    2,
    2,
    2,
    2,
    2,
    2,
    2,
    2,
    2,
    2,
    2,
    2,
    2,
    2,
    2,
    2,
    2,
    2,
    2,
    2,
    2,
    2,
    2,
    2,
    2,
    2,
    2,
    2,
    2,
    2,
    2,
    2,
    2,
    2,
    2,
    2,
    2,
    2,
    2,
    1,
    1,
    1,
    1,
    1,
    1,
    1,
    1,
    1,
    1,
    1,
    1,
    1,
    1,
    1,
    1,
    1,
    1,
    1,
    1,
    1,
    1,
    1,
    1,
    1,
    1,
    2,
    2,
    1,
    1,
    1,
    2,
    2,
    2,
    2,
    1,
    1,
    1,
    1,
    1,
    2,
    2,
    2,
    2,
    1,
    1,
    1,
    1,
    1,
    1,
    1,
    2,
    2,
    2,
    2,
    2,
    2,
    2,
    2,
    2
  ],