{
  "timesteps": [
    0,
    1,
    2,
    3,
    4,
    5,
    6,
    7,
    8,
    9,
    10,
    11,
    12,
    13,
    14,
    15,
    16,
    17,
    18,
    19,
    20,
    21,
    22,
    23,
    24,
    25,
    26,
    27,
    28,
    29,
    30,
    31,
    32,
    33,
    34,
    35,
    36,
    37,
    38,
    39,
    40,
    41,
    42,
    43,
    44,
    45,
    46,
    47,
    48,
    49,
    50,
    51,
    52,
    53,
    54,
    55,
    56,
    57,
    58,
    59,
    60,
    61,
    62,
    63,
    64,
    65,
    66,
    67,
    68,
    69,
    70,
    71,
    72,
    73,
    74,
    75,
    76,
    77,
    78,
    79,
    80,
    81,
    82,
    83,
    84,
    85,
    86,
    87,
    88,
    89,
    90,
    91,
    92,
    93,
    94,
    95,
    96,
    97,
    98,
    99,
    100,
    101,
    102,
    103,
    104,
    105,
    106,
    107,
    108,
    109,
    110,
    111,
    112,
    113,
    114,
    115,
    116,
    117,
    118,
    119,
    120,
    121,
    122,
    123,
    124,
    125,
    126,
    127,
    128,
    129,
    130,
    131,
    132,
    133,
    134,
    135,
    136,
    137,
    138,
    139,
    140,
    141,
    142,
    143,
    144,
    145,
    146,
    147,
    148,
    149,
    150,
    151,
    152,
    153,
    154,
    155,
    156,
    157,
    158,
    159,
    160,
    161,
    162,
    163,
    164,
    165,
    166,
    167,
    168,
    169,
    170,
    171,
    172,
    173,
    174,
    175,
    176,
    177,
    178,
    179,
    180,
    181,
    182,
    183,
    184,
    185,
    186,
    187,
    188,
    189,
    190,
    191,
    192,
    193,
    194,
    195,
    196,
    197,
    198,
    199
  ],
  "states": [
    50.0,
    51.646333095295255,
    49.65422948815025,
    49.12105889015578,
    51.48156081891935,
    52.40926196233047,
    48.68133979520827,
    49.218256699335974,
    47.39967913479463,
    48.40633558951102,
    52.87396742445412,
    53.99767378966908,
    51.66987532320585,
    53.41457172519235,
    52.991772663730444,
    54.73056637868096,
    53.110478062544395,
    54.83558100549561,
    55.12691867278219,
    54.625294876790846,
    53.73963202507771,
    55.97223190488514,
    58.5620540224477,
    61.454062034796316,
    58.75842346636951,
    56.52973637696606,
    56.34093819540624,
    55.50387830823439,
    53.493709157860565,
    50.06302294534907,
    51.063160270009625,
    49.74465607091383,
    49.85991937866358,
    51.89551489505181,
    53.566588960161305,
    51.19522581550075,
    52.919943091704894,
    53.112678838763195,
    51.70792175828587,
    53.8514187220315,
    50.77953319757621,
    50.70347110938373,
    51.68155320440059,
    54.50284291387299,
    54.751410241204205,
    55.171160104110704,
    55.887530685464185,
    53.912747591333876,
    52.553364453350284,
    52.650236851124056,
    52.71198482183513,
    49.212403648035824,
    48.539377704160515,
    48.68167210427891,
    49.28027738538786,
    50.59400147463158,
    50.697496018715555,
    48.933869676557904,
    49.3124155202939,
    47.88426794001738,
    45.320501704758264,
    41.961995604487036,
    40.534481572241795,
    39.91533094451258,
    34.93225860190994,
    34.94539205883416,
    36.5224419227144,
    39.26977988382423,
    41.17618012396419,
    44.30517199409731,
    46.00504083235768,
    48.357871376260206,
    51.24709814883454,
    53.28019705226711,
    56.191954131342555,
    56.84660759332356,
    56.39963640648218,
    55.85388470207682,
    55.120855753690186,
    56.76604854666286,
    56.88885242336899,
    56.999725958350886,
    57.460843179606805,
    57.37700583461434,
    57.96517880312545,
    58.395883415005294,
    56.53592838287913,
    56.466634928975786,
    54.20939651063283,
    55.08773502552784,
    54.16872736668782,
    52.269509564418236,
    49.66472232179745,
    49.48159643140016,
    49.67224320197329,
    46.985218653882036,
    44.70336903449738,
    48.149194904871976,
    46.243807113552684,
    46.28214237449946,
    49.65027692638786,
    48.27279161699415,
    51.138812296245696,
    51.702888494997,
    50.49727741076145,
    48.82744034099484,
    48.84098680627619,
    52.4863942976695,
    50.55156854054843,
    54.30850612654452,
    51.82472095710342,
    56.061275628087614,
    54.85652244305124,
    55.034212234900814,
    53.68251844631311,
    53.88200822370196,
    52.64143750036312,
    52.736677029237676,
    54.68111231682805,
    55.157347309933165,
    49.91433421561082,
    50.180924548677595,
    49.19163443476952,
    50.64894931642893,
    49.12660423660621,
    50.07685473171674,
    49.3094285731283,
    49.24429452545354,
    52.20727400578713,
    51.687279059223194,
    53.8549358107903,
    56.0345076923131,
    60.984374398200316,
    61.748108657271146,
    59.286625920754645,
    60.4303152153417,
    61.44921791650897,
    59.70981559494186,
    59.15904855632413,
    56.55442483351236,
    58.61573384786315,
    56.69829062779684,
    56.86917329586004,
    53.71129692677837,
    54.49042321069526,
    57.643571334565735,
    57.44493461140579,
    54.22200054413972,
    51.72819227548456,
    52.298593693624426,
    53.127260865624876,
    54.234291687274236,
    51.15126505093458,
    51.13994067830306,
    50.81359572469952,
    53.50907072786228,
    55.07671334079118,
    57.11979251158897,
    56.95797442119858,
    58.236536020074894,
    56.17800011578757,
    59.58916458544512,
    59.988383301600074,
    57.45983395950415,
    60.22118756601329,
    58.40553057149114,
    59.782334682722265,
    60.39718125394532,
    61.350225913005865,
    62.019903013500816,
    61.20053388128463,
    58.83904262945973,
    58.93309135549716,
    58.62891671553523,
    61.56379924071145,
    63.91991256094317,
    63.20643365004905,
    65.2178652335748,
    67.51401864646076,
    69.58266894254956,
    68.10544282074862,
    68.41540799366015,
    65.91933599105941,
    67.98983925958922,
    69.4230474374444,
    71.49410676545435,
    72.85723097561238,
    72.18679845893458,
    72.50238096661336,
    72.04566951361055,
    73.90645558963942,
    73.13151566663079,
    73.58940990704842,
    71.78493721936591,
    75.48104211522134,
    73.14728129387225,
    74.60112460421567,
    74.59828167183676,
    73.38469120227343,
    75.01622299392363,
    71.53013996761017
  ],
  "actions": [],
  "observations": [
    1,
    1,
    1,
    1,
    1,
    1,
    1,
    1,
    1,
    1,
    1,
    1,
    1,
    1,
    1,
    1,
    1,
    1,
    2,
    1,
    1,
    2,
    2,
    2,
    2,
    2,
    2,
    2,
    1,
    1,
    1,
    1,
    1,
    1,
    1,
    1,
    1,
    1,
    1,
    1,
    1,
    1,
    1,
    1,
    1,
    2,
    2,
    1,
    1,
    1,
    1,
    1,
    1,
    1,
    1,
    1,
    1,
    1,
    1,
    1,
    1,
    0,
    0,
    0,
    0,
    0,
    0,
    0,
    0,
    0,
    1,
    1,
    1,
    1,
    2,
    2,
    2,
    2,
    2,
    2,
    2,
    2,
    2,
    2,
    2,
    2,
    2,
    2,
    1,
    2,
    1,
    1,
    1,
    1,
    1,
    1,
    0,
    1,
    1,
    1,
    1,
    1,
    1,
    1,
    1,
    1,
    1,
    1,
    1,
    1,
    1,
    2,
    1,
    2,
    1,
    1,
    1,
    1,
    1,
    2,
    1,
    1,
    1,
    1,
    1,
    1,
    1,
    1,
    1,
    1,
    1,
    2,
    2,
    2,
    2,
    2,
    2,
    2,
    2,
    2,
    2,
    2,
    2,
    1,
    1,
    2,
    2,
    1,
    1,
    1,
    1,
    1,
    1,
    1,
    1,
    1,
    2,
    2,
    2,
    2,
    2,
    2,
    2,
    2,
    2,
    2,
    2,
    2,
    2,
    2,
    2,
    2,
    2,
    2,
    2,
    2,
    2,
    2,
    2,
    2,
    2,
    2,
    2,
    2,
    2,
    2,
    2,
    2,
    2,
    2,
    2,
    2,
    2,
    2,
    2,
    2,
    2,
    2,
    2,
    2
  ],