{
  "timesteps": [
    0,
    1,
    2,
    3,
    4,
    5,
    6,
    7,
    8,
    9,
    10,
    11,
    12,
    13,
    14,
    15,
    16,
    17,
    18,
    19,
    20,
    21,
    22,
    23,
    24,
    25,
    26,
    27,
    28,
    29,
    30,
    31,
    32,
    33,
    34,
    35,
    36,
    37,
    38,
    39,
    40,
    41,
    42,
    43,
    44,
    45,
    46,
    47,
    48,
    49,
    50,
    51,
    52,
    53,
    54,
    55,
    56,
    57,
    58,
    59,
    60,
    61,
    62,
    63,
    64,
    65,
    66,
    67,
    68,
    69,
    70,
    71,
    72,
    73,
    74,
    75,
    76,
    77,
    78,
    79,
    80,
    81,
    82,
    83,
    84,
    85,
    86,
    87,
    88,
    89,
    90,
    91,
    92,
    93,
    94,
    95,
    96,
    97,
    98,
    99,
    100,
    101,
    102,
    103,
    104,
    105,
    106,
    107,
    108,
    109,
    110,
    111,
    112,
    113,
    114,
    115,
    116,
    117,
    118,
    119,
    120,
    121,
    122,
    123,
    124,
    125,
    126,
    127,
    128,
    129,
    130,
    131,
    132,
    133,
    134,
    135,
    136,
    137,
    138,
    139,
    140,
    141,
    142,
    143,
    144,
    145,
    146,
    147,
    148,
    149,
    150,
    151,
    152,
    153,
    154,
    155,
    156,
    157,
    158,
    159,
    160,
    161,
    162,
    163,
    164,
    165,
    166,
    167,
    168,
    169,
    170,
    171,
    172,
    173,
    174,
    175,
    176,
    177,
    178,
    179,
    180,
    181,
    182,
    183,
    184,
    185,
    186,
    187,
    188,
    189,
    190,
    191,
    192,
    193,
    194,
    195,
    196,
    197,
    198,
    199
  ],
  "states": [
    50.0,
    50.739757689855544,
    50.619930246877445,
    50.82879494412042,
    48.96878309101852,
    48.860359679054376,
    48.684250598753394,
    49.594788432930386,
    49.868024663816314,
    50.6423609992507,
    52.463069861215914,
    53.319772537333854,
    54.24230965359989,
    54.10883140295504,
    54.271390910960704,
    54.27780091403699,
    53.032973942943244,
    51.819121443795126,
    51.85484277735907,
    50.959441594866185,
    51.07390356780517,
    50.58389780610847,
    50.99841325293848,
    51.33985282219847,
    50.67415833383302,
    52.07237943641906,
    51.52264274484011,
    50.06922088257383,
    50.75800742210121,
    50.680624414196544,
    50.94892901441815,
    51.61817505774766,
    48.15547140100506,
    48.043101825298535,
    46.656224385863034,
    45.70506655088102,
    46.33444321151241,
    45.13039239256881,
    44.01580689487318,
    44.141292821588905,
    42.96371465977505,
    42.782726322787425,
    43.66697064438783,
    44.83363719184584,
    45.339420730159006,
    44.04382365833308,
    44.46810771342228,
    43.14220933617825,
    42.12576862284684,
    40.99219283566936,
    40.37057443734434,
    41.21912378940226,
    40.48983613664325,
    39.9800697800804,
    40.92752481316638,
    41.227900061872965,
    40.829337933588,
    39.94187800553763,
    39.872822146932734,
    39.22342831110588,
    39.32011499491643,
    40.66177832593297,
    39.529003325672335,
    39.919305622859646,
    40.60194588512645,
    40.8555181775971,
    40.68346509790439,
    41.7211539199638,
    41.416554394256295,
    39.91465808150647,
    40.1916204413322,
    39.489992980522835,
    37.12786619298695,
    37.213355711008894,
    36.58441701020787,
    36.419983662479325,
    35.01835145870239,
    33.62438081572396,
    33.62898283800871,
    34.26223769406651,
    32.1539504293487,
    33.91678223996343,
    31.462660792383208,
    30.24461207812307,
    29.551673767320242,
    28.163552686882255,
    28.791296089202184,
    29.867981415094597,
    30.826784159993387,
    31.511712811307703,
    33.0027949996684,
    33.89208464932896,
    34.55027277081646,
    35.334778646227036,
    34.19301656222827,
    35.306379842414266,
    35.4221646641741,
    36.121988887504436,
    35.69471304588791,
    34.5415947714108,
    33.686393306827796,
    35.10495777374364,
    35.93052550290733,
    35.9100151137857,
    36.02070367930092,
    36.52690315252708,
    36.358883897749955,
    37.23467337611688,
    36.22008940632477,
    36.41787821011276,
    37.90116713147582,
    38.24677261285495,
    37.68441040560932,
    39.672710821317374,
    39.12657294704482,
    38.89538144672029,
    39.080308283754526,
    38.07716491621977,
    37.30543225577242,
    37.271963797115006,
    36.95573005864033,
    36.82318317909613,
    37.45734625442645,
    36.04900103811786,
    36.34103554851025,
    37.91406373953417,
    38.07914501777412,
    38.73410569626033,
    37.02852975121409,
    36.38388331028924,
    34.42113820871183,
    33.35306052924464,
    33.36615984084951,
    32.59904145146,
    31.824054538288735,
    33.29774161534812,
    33.208731835906214,
    34.81122265424318,
    35.01073151456131,
    35.13892902013105,
    35.12765994355332,
    34.10850432476345,
    34.925470372292246,
    35.74739219249413,
    34.80355051306491,
    34.97589332355008,
    33.63191062404246,
    34.58947919820008,
    34.50105264211584,
    35.28922547635643,
    34.280940528869756,
    32.951126403621224,
    32.916184367498126,
    34.03887444164107,
    33.31705524590731,
    34.20609427020134,
    35.02913963601273,
    36.416245411857574,
    36.23985057256739,
    37.20497540025812,
    37.64526927363427,
    37.734695052885996,
    37.92463841633141,
    37.12630218329002,
    37.18375896112083,
    36.84404154393709,
    37.12469856778767,
    38.365496440264934,
    36.178048731413945,
    36.72393829380955,
    37.990310271262295,
    36.65405506896984,
    36.91646304063145,
    38.564844362929264,
    38.36618867409159,
    37.05744177436731,
    37.733742360024564,
    38.17076646445552,
    38.36532185110588,
    39.4422456051279,
    39.405399319873844,
    38.713731054152305,
    39.76492454273176,
    39.32256578829698,
    40.839013802599965,
    38.39689460429656,
    39.90285235093855,
    40.61064396136976,
    38.6981942152684,
    37.77032089124544,
    40.01100939970823,
    40.47619199742669,
    40.12800042339543,
    39.049328674613236,
    39.192077042256415,
    40.68671225894166,
    41.248942305427285,
    41.98570049712264,
    42.30500577886564,
    41.19373793446686,
    39.87906648819818
  ],
  "actions": [],
  "observations": [
    1,
    1,
    1,
    1,
    1,
    1,
    1,
    1,
    1,
    1,
    1,
    1,
    1,
    1,
    1,
    1,
    1,
    1,
    1,
    1,
    1,
    1,
    1,
    1,
    1,
    1,
    1,
    1,
    1,
    1,
    1,
    1,
    1,
    1,
    1,
    1,
    1,
    1,
    0,
    0,
    0,
    0,
    0,
    0,
    1,
    0,
    0,
    0,
    0,
    0,
    0,
    0,
    0,
    0,
    0,
    0,
    0,
    0,
    0,
    0,
    0,
    0,
    0,
    0,
    0,
    0,
    0,
    0,
    0,
    0,
    0,
    0,
    0,
    0,
    0,
    0,
    0,
    0,
    0,
    0,
    0,
    0,
    0,
    0,
    0,
    0,
    0,
    0,
    0,
    0,
    0,
    0,
    0,
    0,
    0,
    0,
    0,
    0,
    0,
    0,
    0,
    0,
    0,
    0,
    0,
    0,
    0,
    0,
    0,
    0,
    0,
    0,
    0,
    0,
    0,
    0,
    0,
    0,
    0,
    0,
    0,
    0,
    0,
    0,
    0,
    0,
    0,
    0,
    0,
    0,
    0,
    0,
    0,
    0,
    0,
    0,
    0,
    0,
    0,
    0,
    0,
    0,
    0,
    0,
    0,
    0,
    0,
    0,
    0,
    0,
    0,
    0,
    0,
    0,
    0,
    0,
    0,
    0,
    0,
    0,
    0,
    0,
    0,
    0,
    0,
    0,
    0,
    0,
    0,
    0,
    0,
    0,
    0,
    0,
    0,
    0,
    0,
    0,
    0,
    0,
    0,
    0,
    0,
    0,
    0,
    0,
    0,
    0,
    0,
    0,
    0,
    0,
    0,
    0,
    0,
    0,
    0,
    0,
    0,
    0
  ],