{
  "timesteps": [
    0,
    1,
    2,
    3,
    4,
    5,
    6,
    7,
    8,
    9,
    10,
    11,
    12,
    13,
    14,
    15,
    16,
    17,
    18,
    19,
    20,
    21,
    22,
    23,
    24,
    25,
    26,
    27,
    28,
    29,
    30,
    31,
    32,
    33,
    34,
    35,
    36,
    37,
    38,
    39,
    40,
    41,
    42,
    43,
    44,
    45,
    46,
    47,
    48,
    49,
    50,
    51,
    52,
    53,
    54,
    55,
    56,
    57,
    58,
    59,
    60,
    61,
    62,
    63,
    64,
    65,
    66,
    67,
    68,
    69,
    70,
    71,
    72,
    73,
    74,
    75,
    76,
    77,
    78,
    79,
    80,
    81,
    82,
    83,
    84,
    85,
    86,
    87,
    88,
    89,
    90,
    91,
    92,
    93,
    94,
    95,
    96,
    97,
    98,
    99,
    100,
    101,
    102,
    103,
    104,
    105,
    106,
    107,
    108,
    109,
    110,
    111,
    112,
    113,
    114,
    115,
    116,
    117,
    118,
    119,
    120,
    121,
    122,
    123,
    124,
    125,
    126,
    127,
    128,
    129,
    130,
    131,
    132,
    133,
    134,
    135,
    136,
    137,
    138,
    139,
    140,
    141,
    142,
    143,
    144,
    145,
    146,
    147,
    148,
    149,
    150,
    151,
    152,
    153,
    154,
    155,
    156,
    157,
    158,
    159,
    160,
    161,
    162,
    163,
    164,
    165,
    166,
    167,
    168,
    169,
    170,
    171,
    172,
    173,
    174,
    175,
    176,
    177,
    178,
    179,
    180,
    181,
    182,
    183,
    184,
    185,
    186,
    187,
    188,
    189,
    190,
    191,
    192,
    193,
    194,
    195,
    196,
    197,
    198,
    199
  ],
  "states": [
    50.0,
    49.89288453180304,
    49.811358455480885,
    50.085047575949154,
    49.59313438946063,
    49.514588170095536,
    49.16203162057929,
    49.35633018761398,
    49.57165629435449,
    49.339109959732966,
    49.768771255948565,
    49.82112693944427,
    49.261621579141455,
    49.47918651086723,
    49.66161107036148,
    49.5762887576271,
    49.293685176426614,
    49.60926875289064,
    49.348057198377056,
    49.44105052200254,
    49.570891131777834,
    49.588321034877296,
    49.81762038187665,
    49.954863030830694,
    50.006383776808505,
    49.941527358850884,
    50.00816450311686,
    49.962735758997106,
    49.41646527303781,
    49.50993459726668,
    49.15373995389693,
    48.561647718853145,
    48.50882236027389,
    48.7673048712887,
    49.00454067565147,
    48.87449984150996,
    48.8161195118952,
    48.09785104466077,
    48.29022694021649,
    48.29321729620627,
    48.27082461057532,
    48.31652815003944,
    48.49438220220295,
    48.26062029230569,
    48.24407737638256,
    48.32522807705343,
    48.344125035880474,
    48.231841361646424,
    48.58350380445759,
    48.964058231934935,
    49.480638919790515,
    49.34982595571667,
    49.35083310022277,
    49.61633700590474,
    49.543887340350054,
    49.66433134758688,
    49.32238235019258,
    49.27658966713843,
    49.56952089776589,
    50.314760008570374,
    50.89107777357445,
    51.63590820726981,
    51.244111515989424,
    51.036694376406096,
    51.14679937399123,
    51.0497033509803,
    50.71396575243353,
    50.82726875838711,
    51.31226107890762,
    51.51607163434648,
    51.145903142028814,
    51.52309962576448,
    51.57593775622162,
    52.190033977854064,
    52.41486948160271,
    52.111285256718105,
    51.57591572279815,
    51.690180430402805,
    51.84310898023421,
    51.95938541910746,
    51.88111240699583,
    51.724292472102206,
    51.7273381613456,
    51.429950373063456,
    51.320379113187194,
    51.32268381767964,
    51.20861978410733,
    51.0177758525204,
    50.980981561744514,
    50.98156050145879,
    51.26133229082533,
    51.509236842781796,
    51.499947663309065,
    51.62601591212371,
    51.86371359545488,
    51.97690148313092,
    51.770311449961284,
    51.57026089396723,
    51.513118362351044,
    51.67217263563652,
    51.53109267400702,
    51.63369876202267,
    52.03171077564887,
    52.27361288107476,
    51.87908353529724,
    51.740294836527056,
    51.632468123792435,
    51.951340149855206,
    51.961409018536095,
    52.058237371723834,
    52.40223963916451,
    52.64957042173323,
    52.320087782742185,
    52.12491922674879,
    52.30957794105735,
    52.30993915934242,
    52.33433613204852,
    52.456114096134115,
    52.259258545382224,
    51.8870244385554,
    52.05429103219176,
    51.93757053244272,
    51.794471102395214,
    51.62398638372597,
    51.322503597077926,
    51.74290681745214,
    51.354389639236686,
    51.701701384259536,
    50.982388386975835,
    51.372684427122124,
    51.37651186719438,
    51.83142155986919,
    52.594076365176655,
    52.65952618047233,
    52.86192683989674,
    52.426794413005105,
    52.32029142241931,
    52.431019708678264,
    52.37109609284951,
    52.46243580065525,
    52.50667070160137,
    52.40267440197345,
    52.80999226891281,
    53.29286396370439,
    52.88853397851999,
    52.914349321898484,
    53.029227910944854,
    52.45675577594059,
    52.6321557808425,
    52.03434941663575,
    51.75661867783278,
    51.29105914259087,
    51.40053775414815,
    51.50812198330982,
    51.8738409358192,
    50.93061037220581,
    50.95519818194882,
    51.42711847224278,
    50.879021284206615,
    50.39595330539336,
    50.78752081630218,
    50.78414403996161,
    51.160671152900484,
    51.39442263557895,
    51.28798443448169,
    51.366744088819786,
    51.63145580638986,
    51.68408407394429,
    51.78200076174117,
    52.11511429984316,
    51.8990861027538,
    52.41790749188046,
    52.75807634263413,
    52.93281602791725,
    52.67062535552446,
    52.75033768116176,
    52.99504278005628,
    52.766929679968136,
    53.06314961359716,
    52.542649235074045,
    52.501131016250135,
    52.323216308370895,
    52.50350019582324,
    52.06505954241865,
    52.04271159067171,
    52.50563492930813,
    52.668129126805105,
    52.56868258218478,
    52.68500198301328,
    52.44901545822195,
    52.2107030902295,
    51.95377750425714,
    51.94042398300205,
    51.97973018571574,
    51.593587553881,
    51.40815578771624,
    51.95206415910086,
    52.01125572495199,
    52.07911642060314,
    52.088873951457586,
    52.332962285261026
  ],
  "actions": [],
  "observations": [
    1,
    1,
    1,
    1,
    1,
    1,
    1,
    1,
    1,
    1,
    1,
    1,
    1,
    1,
    1,
    1,
    1,
    1,
    1,
    1,
    1,
    1,
    1,
    1,
    1,
    1,
    1,
    1,
    1,
    1,
    1,
    1,
    1,
    1,
    1,
    1,
    1,
    1,
    1,
    1,
    1,
    1,
    1,
    1,
    1,
    1,
    1,
    1,
    1,
    1,
    1,
    1,
    1,
    1,
    1,
    1,
    1,
    1,
    1,
    1,
    1,
    1,
    1,
    1,
    1,
    1,
    1,
    1,
    1,
    1,
    1,
    1,
    1,
    1,
    1,
    1,
    1,
    1,
    1,
    1,
    1,
    1,
    1,
    1,
    1,
    1,
    1,
    1,
    1,
    1,
    1,
    1,
    1,
    1,
    1,
    1,
    1,
    1,
    1,
    1,
    1,
    1,
    1,
    1,
    1,
    1,
    1,
    1,
    1,
    1,
    1,
    1,
    1,
    1,
    1,
    1,
    1,
    1,
    1,
    1,
    1,
    1,
    1,
    1,
    1,
    1,
    1,
    1,
    1,
    1,
    1,
    1,
    1,
    1,
    1,
    1,
    1,
    1,
    1,
    1,
    1,
    1,
    1,
    1,
    1,
    1,
    1,
    1,
    1,
    1,
    1,
    1,
    1,
    1,
    1,
    1,
    1,
    1,
    1,
    1,
    1,
    1,
    1,
    1,
    1,
    1,
    1,
    1,
    1,
    1,
    1,
    1,
    1,
    1,
    1,
    1,
    1,
    1,
    1,
    1,
    1,
    1,
    1,
    1,
    1,
    1,
    1,
    1,
    1,
    1,
    1,
    1,
    1,
    1,
    1,
    1,
    1,
    1,
    1,
    1
  ],