{
  "timesteps": [
    0,
    1,
    2,
    3,
    4,
    5,
    6,
    7,
    8,
    9,
    10,
    11,
    12,
    13,
    14,
    15,
    16,
    17,
    18,
    19,
    20,
    21,
    22,
    23,
    24,
    25,
    26,
    27,
    28,
    29,
    30,
    31,
    32,
    33,
    34,
    35,
    36,
    37,
    38,
    39,
    40,
    41,
    42,
    43,
    44,
    45,
    46,
    47,
    48,
    49,
    50,
    51,
    52,
    53,
    54,
    55,
    56,
    57,
    58,
    59,
    60,
    61,
    62,
    63,
    64,
    65,
    66,
    67,
    68,
    69,
    70,
    71,
    72,
    73,
    74,
    75,
    76,
    77,
    78,
    79,
    80,
    81,
    82,
    83,
    84,
    85,
    86,
    87,
    88,
    89,
    90,
    91,
    92,
    93,
    94,
    95,
    96,
    97,
    98,
    99,
    100,
    101,
    102,
    103,
    104,
    105,
    106,
    107,
    108,
    109,
    110,
    111,
    112,
    113,
    114,
    115,
    116,
    117,
    118,
    119,
    120,
    121,
    122,
    123,
    124,
    125,
    126,
    127,
    128,
    129,
    130,
    131,
    132,
    133,
    134,
    135,
    136,
    137,
    138,
    139,
    140,
    141,
    142,
    143,
    144,
    145,
    146,
    147,
    148,
    149,
    150,
    151,
    152,
    153,
    154,
    155,
    156,
    157,
    158,
    159,
    160,
    161,
    162,
    163,
    164,
    165,
    166,
    167,
    168,
    169,
    170,
    171,
    172,
    173,
    174,
    175,
    176,
    177,
    178,
    179,
    180,
    181,
    182,
    183,
    184,
    185,
    186,
    187,
    188,
    189,
    190,
    191,
    192,
    193,
    194,
    195,
    196,
    197,
    198,
    199
  ],
  "states": [
    50.0,
    50.15174471724044,
    49.78551879100295,
    50.310421040093374,
    49.900409787821104,
    50.755846457970414,
    50.541606892129764,
    51.11499537860453,
    51.65994433553339,
    51.67228039921504,
    51.6236199267604,
    51.30872124797334,
    51.41483107056575,
    51.55376214235364,
    51.3833500780748,
    51.12287917197647,
    50.98033665409808,
    50.469922854194245,
    51.05644164496731,
    51.18137270380001,
    51.12894949253472,
    51.80391874371565,
    51.72784364667686,
    51.72823855275921,
    52.15539993644245,
    52.06567268143832,
    52.23786400190119,
    52.1153361903471,
    52.14401961376715,
    51.84522712728388,
    51.99335288298123,
    51.432496703058185,
    51.16663259089558,
    50.448703381191955,
    49.89882074853556,
    50.12106907056068,
    50.077491922456495,
    50.46646415188148,
    50.22610775052286,
    50.2609766733014,
    50.601908531672834,
    50.899123829857615,
    50.81866504889799,
    51.09972806794882,
    51.06442597394543,
    51.197178890201165,
    51.05182210923276,
    51.4598966279783,
    51.42202592637018,
    51.091127135413984,
    50.857073966641636,
    50.975198997375614,
    51.19977563526923,
    51.3897085073388,
    51.69817013553443,
    51.57841732577652,
    52.045414845361904,
    51.776416175124616,
    52.20987231769423,
    52.127626806416146,
    52.34819275726812,
    52.616643606924406,
    52.54386128481363,
    52.82637942675771,
    52.91972823969076,
    53.05175854952003,
    53.1737123201728,
    52.5867434920453,
    53.29874340135685,
    52.94541903521391,
    52.563947164553845,
    52.83537775185339,
    53.14540119547866,
    53.17766279687818,
    53.78524094422645,
    54.176417576608415,
    54.35121479469918,
    54.48902526962895,
    54.52008824597412,
    54.565121642909446,
    55.163345856619145,
    55.647642326410825,
    55.370801036159904,
    55.82590104656835,
    56.24592841059778,
    56.268652861947494,
    56.25852296787145,
    56.01010031638964,
    55.74525312689913,
    55.76023141699186,
    55.65608269340999,
    55.87908523629783,
    55.42419135575616,
    56.102856963594704,
    56.609839677046565,
    56.46022287812593,
    56.46547672008177,
    56.501243843724396,
    55.80099765322958,
    56.09083127791013,
    56.37264440075601,
    56.24819539970146,
    56.5039076833017,
    56.42523802703528,
    56.50355615951556,
    56.127366904467735,
    56.575911591023306,
    56.7043062387951,
    57.02088208490141,
    56.5708856314103,
    56.40687576677335,
    56.097850360886255,
    55.90341896702018,
    55.7707398450895,
    56.31821794987048,
    56.60601780158918,
    56.76642727315569,
    56.24224639193334,
    55.84053651855199,
    55.73084234658156,
    55.79055992846314,
    55.550452342383316,
    54.96612760284161,
    55.520492301437045,
    55.85131252624147,
    55.980473412130706,
    56.10580540096069,
    56.03005843597403,
    55.97085234424585,
    55.391836923576165,
    55.49337248692866,
    55.46897548181285,
    55.03923827018066,
    54.24816168125682,
    53.91718136136606,
    53.94088818024438,
    54.23503067202524,
    53.991876787828154,
    54.452808980732534,
    54.98442407759742,
    54.837811930468796,
    54.50980866217047,
    54.67389825981375,
    54.349045565828376,
    54.371834487265446,
    54.5531636600927,
    54.40780496154036,
    54.20289092304652,
    54.009121499152016,
    53.8335813830872,
    53.59222705242385,
    53.99060665982975,
    53.76575423378268,
    53.948039707623884,
    54.672510021256045,
    54.53151479483748,
    54.220168984238875,
    54.173483108250934,
    54.170622976948486,
    54.22606433490419,
    53.894509938053915,
    53.554239834103264,
    53.81109888361618,
    53.976326410283285,
    53.6851988988544,
    53.64124208679672,
    53.42438247075229,
    53.58800994160901,
    52.95014233328218,
    53.276124396086296,
    53.156232271133845,
    53.32238830345434,
    52.96465730540159,
    53.26593949565097,
    53.07912709694644,
    53.106267035313515,
    52.842521601560236,
    52.42851170544253,
    52.66447533054369,
    52.835804648937916,
    53.127738910176525,
    53.65384770326537,
    53.481582149943826,
    53.469239123807846,
    52.989977171421636,
    53.17800150513142,
    53.10094920299109,
    52.98512012434404,
    52.9385709486473,
    53.08603208405646,
    53.01007529052106,
    53.549548334719205,
    54.008025246815365,
    54.352512343499924,
    54.469529940338994,
    54.58672892335722,
    55.1540299622946,
    54.9282154832339,
    54.91537470726835,
    54.84017522303793,
    54.6616241681733
  ],
  "actions": [],
  "observations": [
    1,
    1,
    1,
    1,
    1,
    1,
    1,
    1,
    1,
    1,
    1,
    1,
    1,
    1,
    1,
    1,
    1,
    1,
    1,
    1,
    1,
    1,
    1,
    1,
    1,
    1,
    1,
    1,
    1,
    1,
    1,
    1,
    1,
    1,
    1,
    1,
    1,
    1,
    1,
    1,
    1,
    1,
    1,
    1,
    1,
    1,
    1,
    1,
    1,
    1,
    1,
    1,
    1,
    1,
    1,
    1,
    1,
    1,
    1,
    1,
    1,
    1,
    1,
    1,
    1,
    1,
    1,
    1,
    1,
    1,
    1,
    1,
    1,
    1,
    1,
    1,
    1,
    1,
    1,
    1,
    2,
    2,
    2,
    2,
    2,
    2,
    2,
    2,
    2,
    2,
    2,
    2,
    2,
    2,
    2,
    2,
    2,
    2,
    2,
    2,
    2,
    2,
    2,
    2,
    2,
    2,
    2,
    2,
    2,
    2,
    2,
    2,
    2,
    2,
    2,
    2,
    2,
    2,
    2,
    2,
    2,
    2,
    1,
    2,
    2,
    2,
    2,
    2,
    2,
    2,
    2,
    2,
    2,
    1,
    1,
    1,
    1,
    1,
    1,
    1,
    1,
    1,
    1,
    1,
    1,
    1,
    1,
    1,
    1,
    1,
    1,
    1,
    1,
    1,
    1,
    1,
    1,
    1,
    1,
    1,
    1,
    1,
    1,
    1,
    1,
    1,
    1,
    1,
    1,
    1,
    1,
    1,
    1,
    1,
    1,
    1,
    1,
    1,
    1,
    1,
    1,
    1,
    1,
    1,
    1,
    1,
    1,
    1,
    1,
    1,
    1,
    1,
    1,
    1,
    1,
    1,
    2,
    1,
    1,
    1
  ],