{
  "timesteps": [
    0,
    1,
    2,
    3,
    4,
    5,
    6,
    7,
    8,
    9,
    10,
    11,
    12,
    13,
    14,
    15,
    16,
    17,
    18,
    19,
    20,
    21,
    22,
    23,
    24,
    25,
    26,
    27,
    28,
    29,
    30,
    31,
    32,
    33,
    34,
    35,
    36,
    37,
    38,
    39,
    40,
    41,
    42,
    43,
    44,
    45,
    46,
    47,
    48,
    49,
    50,
    51,
    52,
    53,
    54,
    55,
    56,
    57,
    58,
    59,
    60,
    61,
    62,
    63,
    64,
    65,
    66,
    67,
    68,
    69,
    70,
    71,
    72,
    73,
    74,
    75,
    76,
    77,
    78,
    79,
    80,
    81,
    82,
    83,
    84,
    85,
    86,
    87,
    88,
    89,
    90,
    91,
    92,
    93,
    94,
    95,
    96,
    97,
    98,
    99,
    100,
    101,
    102,
    103,
    104,
    105,
    106,
    107,
    108,
    109,
    110,
    111,
    112,
    113,
    114,
    115,
    116,
    117,
    118,
    119,
    120,
    121,
    122,
    123,
    124,
    125,
    126,
    127,
    128,
    129,
    130,
    131,
    132,
    133,
    134,
    135,
    136,
    137,
    138,
    139,
    140,
    141,
    142,
    143,
    144,
    145,
    146,
    147,
    148,
    149,
    150,
    151,
    152,
    153,
    154,
    155,
    156,
    157,
    158,
    159,
    160,
    161,
    162,
    163,
    164,
    165,
    166,
    167,
    168,
    169,
    170,
    171,
    172,
    173,
    174,
    175,
    176,
    177,
    178,
    179,
    180,
    181,
    182,
    183,
    184,
    185,
    186,
    187,
    188,
    189,
    190,
    191,
    192,
    193,
    194,
    195,
    196,
    197,
    198,
    199
  ],
  "states": [
    50.0,
    50.06684611660854,
    50.19035464257233,
    50.08011349566165,
    50.174593399297585,
    49.67302537980956,
    49.28726777958438,
    49.29201199150728,
    49.11817269080143,
    49.32503210707391,
    49.347031259947414,
    49.310427239811155,
    49.49570327582003,
    49.69920164827178,
    49.80862761869897,
    50.33212785498137,
    49.79663303620349,
    49.715348397963496,
    49.80913658904085,
    49.83065084706144,
    50.566567961847554,
    50.73198868567388,
    50.65724072341906,
    50.894869407062245,
    50.44736947074677,
    50.13799704758191,
    50.15139281551851,
    50.28698243222103,
    50.383617386876615,
    50.177399510653544,
    49.838224980331226,
    50.09901212118535,
    49.54953004332803,
    49.743145134353945,
    49.8965106655431,
    50.594729253510614,
    51.1065265072985,
    51.33883181615956,
    51.29270616427861,
    51.147327974160824,
    51.0973079815301,
    51.07180991857174,
    51.05142149542998,
    51.20253365964579,
    51.351868595713555,
    50.927559565855816,
    50.6517659872563,
    50.65624033734025,
    51.27479456889092,
    50.87877092353849,
    50.73832301457413,
    50.520050647368144,
    50.56313066418426,
    50.59829708110756,
    50.14128965066933,
    49.81246805991281,
    49.64310217563588,
    49.9513262070217,
    49.65151418202996,
    49.5832982394724,
    48.94557379353943,
    49.20062667745943,
    49.37619798597865,
    49.594266286640504,
    49.80907975524804,
    50.25378341113049,
    50.15522630580697,
    50.37834525111561,
    50.18060232382554,
    50.04235691983179,
    50.18665858484107,
    49.98843087054418,
    50.2002331610448,
    50.61116918490779,
    50.08501280345259,
    49.7600085667542,
    49.88303658329531,
    49.955422758035986,
    49.817764020509046,
    49.795143424687915,
    49.913913197763385,
    50.03764062564155,
    49.9291246120451,
    49.76775489277651,
    50.088910091615716,
    49.435929498711026,
    49.0208792974957,
    49.15181163168575,
    49.458261719870826,
    49.176104084386814,
    48.42495521749482,
    48.38130251416541,
    48.51265228219798,
    48.255993791147596,
    48.120795517324964,
    48.26676377346903,
    48.047943065220686,
    48.401057435387926,
    48.51131153571486,
    48.72101004749738,
    48.44249551784853,
    48.34123092329099,
    48.29375862706428,
    49.03393546484619,
    48.90138620217573,
    49.080859305507396,
    49.108421317317784,
    48.76496905361084,
    48.795491211920655,
    48.82088238782472,
    48.793007464019105,
    49.25073248422801,
    49.198204929251894,
    48.7462715674673,
    48.13523674731477,
    47.71487933942002,
    47.23596202470989,
    46.88674591191738,
    47.316169625105225,
    47.00590442134556,
    47.28793637589691,
    47.24060484339106,
    47.196736232107696,
    46.59722851564991,
    45.82366560700038,
    46.60731424974199,
    47.05934631040793,
    47.199624059971654,
    47.72248553514536,
    48.01330015822794,
    47.71977955075206,
    47.93352108137098,
    47.80490991729817,
    47.901380955133625,
    47.63188681129529,
    48.014904948974305,
    48.09827839910842,
    48.279472380597134,
    48.00006164881166,
    48.02367669553497,
    47.782695744992374,
    47.475361815290576,
    47.59498539652023,
    47.659920217297106,
    47.90458935780908,
    47.81082098399375,
    47.868773931719716,
    48.01400710990368,
    48.34349037291592,
    48.67331272601233,
    48.665917815396526,
    48.68191111499515,
    48.06117640377473,
    48.39484096175582,
    48.97230877734386,
    48.75375131203291,
    48.80271198533452,
    49.133831367823504,
    49.39989332061551,
    49.243369300602446,
    49.34032223640146,
    48.737441597469605,
    48.87120596499118,
    48.777951258003284,
    48.592100896793504,
    48.48686972243684,
    48.573304161897894,
    48.24253470492426,
    47.89118254061147,
    47.47271677336032,
    47.180325801197526,
    46.99619151978699,
    47.27774982389913,
    47.66069850245237,
    47.96401307038133,
    47.48893107947633,
    46.902058855134825,
    46.62336958647811,
    46.74188860777433,
    46.762466404597696,
    46.52620882362953,
    46.71747526840146,
    46.797159971431476,
    46.53960702699518,
    46.36063755396975,
    45.9045506651041,
    45.37444939523964,
    45.79369523263298,
    45.63049789374108,
    45.470358232909874,
    45.308173385669555,
    44.94503898385905,
    44.71867529078585,
    44.714523205016796,
    44.66812626312385,
    44.50726559436579,
    44.29337557188165,
    44.75020866211974,
    45.088544630805764,
    45.48875715919076,
    45.791836237803395
  ],
  "actions": [],
  "observations": [
    1,
    1,
    1,
    1,
    1,
    1,
    1,
    1,
    1,
    1,
    1,
    1,
    1,
    1,
    1,
    1,
    1,
    1,
    1,
    1,
    1,
    1,
    1,
    1,
    1,
    1,
    1,
    1,
    1,
    1,
    1,
    1,
    1,
    1,
    1,
    1,
    1,
    1,
    1,
    1,
    1,
    1,
    1,
    1,
    1,
    1,
    1,
    1,
    1,
    1,
    1,
    1,
    1,
    1,
    1,
    1,
    1,
    1,
    1,
    1,
    1,
    1,
    1,
    1,
    1,
    1,
    1,
    1,
    1,
    1,
    1,
    1,
    1,
    1,
    1,
    1,
    1,
    1,
    1,
    1,
    1,
    1,
    1,
    1,
    1,
    1,
    1,
    1,
    1,
    1,
    1,
    1,
    1,
    1,
    1,
    1,
    1,
    1,
    1,
    1,
    1,
    1,
    1,
    1,
    1,
    1,
    1,
    1,
    1,
    1,
    1,
    1,
    1,
    1,
    1,
    1,
    1,
    1,
    1,
    1,
    1,
    1,
    1,
    1,
    1,
    1,
    1,
    1,
    1,
    1,
    1,
    1,
    1,
    1,
    1,
    1,
    1,
    1,
    1,
    1,
    1,
    1,
    1,
    1,
    1,
    1,
    1,
    1,
    1,
    1,
    1,
    1,
    1,
    1,
    1,
    1,
    1,
    1,
    1,
    1,
    1,
    1,
    1,
    1,
    1,
    1,
    1,
    1,
    1,
    1,
    1,
    1,
    1,
    1,
    1,
    1,
    1,
    1,
    1,
    1,
    1,
    1,
    1,
    1,
    1,
    1,
    1,
    1,
    1,
    1,
    1,
    0,
    0,
    0,
    0,
    0,
    0,
    0,
    1,
    1
  ],