{
  "timesteps": [
    0,
    1,
    2,
    3,
    4,
    5,
    6,
    7,
    8,
    9,
    10,
    11,
    12,
    13,
    14,
    15,
    16,
    17,
    18,
    19,
    20,
    21,
    22,
    23,
    24,
    25,
    26,
    27,
    28,
    29,
    30,
    31,
    32,
    33,
    34,
    35,
    36,
    37,
    38,
    39,
    40,
    41,
    42,
    43,
    44,
    45,
    46,
    47,
    48,
    49,
    50,
    51,
    52,
    53,
    54,
    55,
    56,
    57,
    58,
    59,
    60,
    61,
    62,
    63,
    64,
    65,
    66,
    67,
    68,
    69,
    70,
    71,
    72,
    73,
    74,
    75,
    76,
    77,
    78,
    79,
    80,
    81,
    82,
    83,
    84,
    85,
    86,
    87,
    88,
    89,
    90,
    91,
    92,
    93,
    94,
    95,
    96,
    97,
    98,
    99,
    100,
    101,
    102,
    103,
    104,
    105,
    106,
    107,
    108,
    109,
    110,
    111,
    112,
    113,
    114,
    115,
    116,
    117,
    118,
    119,
    120,
    121,
    122,
    123,
    124,
    125,
    126,
    127,
    128,
    129,
    130,
    131,
    132,
    133,
    134,
    135,
    136,
    137,
    138,
    139,
    140,
    141,
    142,
    143,
    144,
    145,
    146,
    147,
    148,
    149,
    150,
    151,
    152,
    153,
    154,
    155,
    156,
    157,
    158,
    159,
    160,
    161,
    162,
    163,
    164,
    165,
    166,
    167,
    168,
    169,
    170,
    171,
    172,
    173,
    174,
    175,
    176,
    177,
    178,
    179,
    180,
    181,
    182,
    183,
    184,
    185,
    186,
    187,
    188,
    189,
    190,
    191,
    192,
    193,
    194,
    195,
    196,
    197,
    198,
    199
  ],
  "states": [
    50.0,
    50.32385511175584,
    48.79433619630778,
    48.40106060157612,
    49.25512928020537,
    47.059447723622256,
    46.71041135184405,
    46.49244087736209,
    48.9228965174165,
    47.503508758812615,
    46.132435782273554,
    45.740383217140874,
    45.475131455530416,
    43.7643275374363,
    43.46472747686684,
    44.61660056744647,
    44.79383764751992,
    45.48822107027463,
    42.10674560786384,
    41.464945129895796,
    41.242164071714335,
    42.54573776865025,
    44.043261091671475,
    43.086981990089406,
    44.81402763613641,
    44.05836986620831,
    43.59543377209595,
    42.74521852399889,
    44.61172754939659,
    45.74508697340847,
    46.30768912417322,
    45.217307119228614,
    43.477060793496186,
    45.40233624241918,
    44.93232063539334,
    44.651841563374454,
    44.19712109566485,
    42.91569388372146,
    43.954222082010205,
    42.66918764576782,
    39.828877818172145,
    40.20991640574516,
    38.27612364919411,
    36.89752471889295,
    34.117771711960486,
    36.32158644401003,
    37.94049933576323,
    36.74134082466136,
    36.48453794626932,
    38.04059827801081,
    39.112756206258915,
    39.52975805433534,
    38.58768931330127,
    37.51967746029005,
    39.396963861119254,
    40.69794308870339,
    41.0771720635598,
    40.10838602458974,
    39.042646650279195,
    40.236109253588076,
    41.45351500529843,
    40.73370661628114,
    40.312105181706386,
    38.819826703558654,
    37.50289260648883,
    37.393617298309714,
    34.17442348438487,
    35.651059775774705,
    37.90578178596845,
    38.510679032742864,
    37.46871277007181,
    39.05060142069368,
    38.77918575432151,
    39.235142283434726,
    40.44453531033726,
    39.83067891444841,
    41.74026418244534,
    43.03632115582103,
    44.09949330627822,
    45.48666374008247,
    45.43072064934111,
    44.428011809841905,
    43.828963753091976,
    44.05859624744778,
    43.25493285638942,
    44.96976779311992,
    45.65250510733256,
    46.54524596032413,
    49.286807630515995,
    49.60499835231905,
    49.867506551397696,
    49.0856580799924,
    47.52863611997412,
    48.85145365132921,
    50.39708575431432,
    48.626111982381104,
    48.29768361424106,
    49.5273848790686,
    48.105431135553594,
    47.87006619981482,
    48.646548433935735,
    46.92934110005343,
    47.19528287663292,
    46.52476801366827,
    47.412437349686925,
    47.40799031715234,
    48.215563250914386,
    47.56236256385754,
    50.415957108541164,
    52.25112223832182,
    51.06263514479201,
    50.03590169372694,
    49.922573599628315,
    47.58248253374832,
    48.035639179621626,
    47.72357150026212,
    49.65585413251054,
    50.94153038653878,
    48.422687846936824,
    47.0504779967558,
    46.27993014511416,
    47.75666974258431,
    46.87418619806724,
    47.83086181491426,
    47.16541931440293,
    46.85478964550871,
    45.009376615225435,
    44.13547775428546,
    43.9346515062938,
    47.801199918759295,
    45.69671359371558,
    48.25612186689523,
    50.38356624908057,
    50.74076757281045,
    50.66979713600281,
    50.139568466946635,
    50.41634589794241,
    51.40860469027226,
    49.9746830229235,
    50.14624840119456,
    50.24233689430939,
    52.12497030600994,
    50.540261465920544,
    51.03022687013957,
    48.754106064158606,
    48.55695793013489,
    48.8054102892551,
    49.557946474823,
    49.617185326725874,
    49.21888545083984,
    49.327979108376596,
    46.87672807049614,
    47.55371001048113,
    49.404880197147016,
    48.524092141058084,
    45.43561459391065,
    46.82409915942069,
    45.2963969797687,
    44.68179252720105,
    45.10762761248199,
    46.14007271418812,
    46.53452424522156,
    47.31123168810276,
    47.51742515223068,
    45.908967989675986,
    45.01532371580198,
    39.760246556289346,
    39.32047475321281,
    39.00635646676306,
    40.991710116707274,
    38.88869737396275,
    38.74328004762528,
    39.25578022038381,
    38.082262392252915,
    37.717358025503636,
    37.05910528884291,
    36.4534388292001,
    36.600012182431215,
    34.31287294568172,
    36.295634521376634,
    36.27037990415367,
    36.362920586841085,
    35.94010819634862,
    37.373227933422456,
    39.75547394662939,
    41.46273456641012,
    42.7332607444965,
    42.41914392072233,
    41.937459092334855,
    41.88974443993476,
    42.063476921429135,
    42.0368262163898,
    40.591104438812366,
    40.87739487070653,
    43.00065704495509,
    43.56031239765732,
    43.49465457546888,
    42.132507680787334,
    41.27142477247651,
    43.20089567502328,
    42.41274802189948
  ],
  "actions": [],
  "observations": [
    1,
    1,
    1,
    1,
    1,
    1,
    1,
    1,
    1,
    1,
    1,
    1,
    1,
    0,
    0,
    0,
    0,
    1,
    0,
    0,
    0,
    0,
    0,
    0,
    0,
    0,
    0,
    0,
    0,
    1,
    1,
    1,
    0,
    1,
    0,
    0,
    0,
    0,
    0,
    0,
    0,
    0,
    0,
    0,
    0,
    0,
    0,
    0,
    0,
    0,
    0,
    0,
    0,
    0,
    0,
    0,
    0,
    0,
    0,
    0,
    0,
    0,
    0,
    0,
    0,
    0,
    0,
    0,
    0,
    0,
    0,
    0,
    0,
    0,
    0,
    0,
    0,
    0,
    0,
    1,
    1,
    0,
    0,
    0,
    0,
    0,
    1,
    1,
    1,
    1,
    1,
    1,
    1,
    1,
    1,
    1,
    1,
    1,
    1,
    1,
    1,
    1,
    1,
    1,
    1,
    1,
    1,
    1,
    1,
    1,
    1,
    1,
    1,
    1,
    1,
    1,
    1,
    1,
    1,
    1,
    1,
    1,
    1,
    1,
    1,
    1,
    1,
    0,
    0,
    1,
    1,
    1,
    1,
    1,
    1,
    1,
    1,
    1,
    1,
    1,
    1,
    1,
    1,
    1,
    1,
    1,
    1,
    1,
    1,
    1,
    1,
    1,
    1,
    1,
    1,
    1,
    1,
    1,
    0,
    1,
    1,
    1,
    1,
    1,
    1,
    1,
    0,
    0,
    0,
    0,
    0,
    0,
    0,
    0,
    0,
    0,
    0,
    0,
    0,
    0,
    0,
    0,
    0,
    0,
    0,
    0,
    0,
    0,
    0,
    0,
    0,
    0,
    0,
    0,
    0,
    0,
    0,
    0,
    0,
    0
  ],