{
  "timesteps": [
    0,
    1,
    2,
    3,
    4,
    5,
    6,
    7,
    8,
    9,
    10,
    11,
    12,
    13,
    14,
    15,
    16,
    17,
    18,
    19,
    20,
    21,
    22,
    23,
    24,
    25,
    26,
    27,
    28,
    29,
    30,
    31,
    32,
    33,
    34,
    35,
    36,
    37,
    38,
    39,
    40,
    41,
    42,
    43,
    44,
    45,
    46,
    47,
    48,
    49,
    50,
    51,
    52,
    53,
    54,
    55,
    56,
    57,
    58,
    59,
    60,
    61,
    62,
    63,
    64,
    65,
    66,
    67,
    68,
    69,
    70,
    71,
    72,
    73,
    74,
    75,
    76,
    77,
    78,
    79,
    80,
    81,
    82,
    83,
    84,
    85,
    86,
    87,
    88,
    89,
    90,
    91,
    92,
    93,
    94,
    95,
    96,
    97,
    98,
    99,
    100,
    101,
    102,
    103,
    104,
    105,
    106,
    107,
    108,
    109,
    110,
    111,
    112,
    113,
    114,
    115,
    116,
    117,
    118,
    119,
    120,
    121,
    122,
    123,
    124,
    125,
    126,
    127,
    128,
    129,
    130,
    131,
    132,
    133,
    134,
    135,
    136,
    137,
    138,
    139,
    140,
    141,
    142,
    143,
    144,
    145,
    146,
    147,
    148,
    149,
    150,
    151,
    152,
    153,
    154,
    155,
    156,
    157,
    158,
    159,
    160,
    161,
    162,
    163,
    164,
    165,
    166,
    167,
    168,
    169,
    170,
    171,
    172,
    173,
    174,
    175,
    176,
    177,
    178,
    179,
    180,
    181,
    182,
    183,
    184,
    185,
    186,
    187,
    188,
    189,
    190,
    191,
    192,
    193,
    194,
    195,
    196,
    197,
    198,
    199
  ],
  "states": [
    50.0,
    52.08860652683336,
    52.58777929657882,
    52.82204023329743,
    52.68802116836223,
    54.01588532624835,
    53.47128558749843,
    53.92394501464401,
    52.869765396609054,
    53.554292314203806,
    52.74327432145585,
    52.86546749964368,
    53.61720533962534,
    53.177364978017245,
    53.011199478055296,
    53.60060276346911,
    53.169136008318965,
    54.57329017149504,
    53.896882889565,
    54.23922664191568,
    53.680655790475015,
    52.28988426571958,
    51.91851922637433,
    53.06807002599766,
    53.541372739849045,
    53.82886110956173,
    53.81002038284311,
    53.46872466495204,
    52.96653703213563,
    53.6379664400457,
    53.88646336755144,
    55.48348533614537,
    54.23551509425,
    53.982999899466115,
    52.94430307691724,
    52.465202448596926,
    52.50064402417685,
    53.25592071111287,
    53.28626387324918,
    53.223749621413816,
    53.37130654009909,
    54.439344784306996,
    54.41246695359945,
    53.927867124158304,
    53.258200145223526,
    53.36006080827616,
    53.82425749299079,
    53.76664267458044,
    54.21178363209561,
    54.08451739108079,
    53.42838375395862,
    52.67541754251771,
    52.98889454587795,
    52.78772235036654,
    53.14105542716466,
    53.56710209124645,
    52.5046749537304,
    52.47489869413271,
    52.77452152066959,
    52.23116429199317,
    52.74344236311025,
    52.24726376081703,
    51.22870113793347,
    52.05329780721352,
    51.55153238891962,
    51.760940790327716,
    52.022330087478345,
    51.774790448355276,
    51.57117011644588,
    50.33980177984051,
    50.70185011098749,
    50.69765616131715,
    51.34015330347048,
    50.77820157187182,
    51.927230763701765,
    52.35309039582168,
    51.911268655903946,
    52.31996279465289,
    51.719651805626505,
    51.994685809255756,
    51.56744713401236,
    51.91648057498075,
    52.963906372522366,
    52.767949454160494,
    53.37826284649828,
    54.43182027364713,
    54.91068661269374,
    54.32375310619543,
    54.319295252966164,
    53.6356445283502,
    52.96574807755572,
    53.76690169185669,
    54.19226271130897,
    54.061773873287684,
    52.357088450277644,
    52.069509010236814,
    51.565102163915995,
    51.5299562999907,
    50.456183306012015,
    51.68885655929463,
    52.77997065501031,
    51.76824353500224,
    50.87163363516765,
    51.221552698310376,
    51.27477000979354,
    50.147830099924235,
    49.94345460726636,
    50.03702867851873,
    50.44141444617885,
    50.78217390616602,
    49.74918837504748,
    49.69255843733902,
    49.04751395828525,
    48.347567998098874,
    47.910997939298895,
    49.25387695442299,
    49.141824603416055,
    49.33032900796532,
    48.42054744015723,
    48.70748322071694,
    48.8117003321301,
    48.73507569532955,
    49.135361420911174,
    49.43314337553049,
    50.39388906319877,
    49.811456890037604,
    49.01603883572687,
    49.5902813816056,
    49.312336872293926,
    49.86780959143255,
    49.18085462635384,
    49.97632401120696,
    50.17113182786197,
    51.67563738753489,
    53.1911866542936,
    53.20402766639804,
    52.67626047986325,
    52.86427836580746,
    53.573783842133146,
    52.71643587940319,
    51.41213029792741,
    51.04269992271532,
    50.93117284765608,
    51.580747207537314,
    51.98931866532041,
    51.09109159062263,
    52.25266817566111,
    51.740698643302366,
    51.66711920735297,
    51.60564947367754,
    52.15112519804906,
    52.51555590118955,
    51.407948189593924,
    51.845575187658824,
    51.72440269222387,
    51.02403284029339,
    51.81925353655986,
    52.225829809810264,
    53.53423570634036,
    53.78835669820086,
    54.57370925370807,
    55.06475658656288,
    56.37902957614064,
    56.46244590054103,
    57.14061782778043,
    57.42190154840387,
    56.88649469043642,
    56.92384224507084,
    57.09112237335423,
    56.37044122775201,
    56.3785473780718,
    56.62210424337494,
    57.34083280787554,
    57.783133082401235,
    58.14512378485413,
    56.86624642048064,
    57.45868566485896,
    57.86795453554131,
    57.76765646399843,
    58.703364136338024,
    59.01280931624998,
    59.55804889806872,
    58.692798530948366,
    58.890990501730116,
    58.87884472219353,
    58.33994321679045,
    58.70994139736338,
    58.701470975427014,
    59.34738605245908,
    59.37643442378699,
    58.48864304252022,
    56.89960684094824,
    56.98302681946265,
    56.35572101133392,
    54.3694215396897,
    52.255568117470844,
    51.72495982684788,
    52.130946467866075,
    51.782044824219696,
    52.58851558286614,
    52.284385637142144
  ],
  "actions": [],
  "observations": [
    1,
    1,
    1,
    1,
    1,
    1,
    1,
    1,
    1,
    1,
    1,
    1,
    1,
    1,
    1,
    1,
    1,
    1,
    1,
    1,
    1,
    1,
    1,
    1,
    1,
    1,
    1,
    1,
    1,
    1,
    1,
    2,
    1,
    1,
    1,
    1,
    1,
    1,
    1,
    1,
    1,
    1,
    1,
    1,
    1,
    1,
    1,
    1,
    1,
    1,
    1,
    1,
    1,
    1,
    1,
    1,
    1,
    1,
    1,
    1,
    1,
    1,
    1,
    1,
    1,
    1,
    1,
    1,
    1,
    1,
    1,
    1,
    1,
    1,
    1,
    1,
    1,
    1,
    1,
    1,
    1,
    1,
    1,
    1,
    1,
    1,
    1,
    1,
    1,
    1,
    1,
    1,
    1,
    1,
    1,
    1,
    1,
    1,
    1,
    1,
    1,
    1,
    1,
    1,
    1,
    1,
    1,
    1,
    1,
    1,
    1,
    1,
    1,
    1,
    1,
    1,
    1,
    1,
    1,
    1,
    1,
    1,
    1,
    1,
    1,
    1,
    1,
    1,
    1,
    1,
    1,
    1,
    1,
    1,
    1,
    1,
    1,
    1,
    1,
    1,
    1,
    1,
    1,
    1,
    1,
    1,
    1,
    1,
    1,
    1,
    1,
    1,
    1,
    1,
    1,
    1,
    1,
    1,
    1,
    1,
    1,
    2,
    2,
    2,
    2,
    2,
    2,
    2,
    2,
    2,
    2,
    2,
    2,
    2,
    2,
    2,
    2,
    2,
    2,
    2,
    2,
    2,
    2,
    2,
    2,
    2,
    2,
    2,
    2,
    2,
    2,
    2,
    2,
    2,
    1,
    1,
    1,
    1,
    1,
    1
  ],