{
  "timesteps": [
    0,
    1,
    2,
    3,
    4,
    5,
    6,
    7,
    8,
    9,
    10,
    11,
    12,
    13,
    14,
    15,
    16,
    17,
    18,
    19,
    20,
    21,
    22,
    23,
    24,
    25,
    26,
    27,
    28,
    29,
    30,
    31,
    32,
    33,
    34,
    35,
    36,
    37,
    38,
    39,
    40,
    41,
    42,
    43,
    44,
    45,
    46,
    47,
    48,
    49,
    50,
    51,
    52,
    53,
    54,
    55,
    56,
    57,
    58,
    59,
    60,
    61,
    62,
    63,
    64,
    65,
    66,
    67,
    68,
    69,
    70,
    71,
    72,
    73,
    74,
    75,
    76,
    77,
    78,
    79,
    80,
    81,
    82,
    83,
    84,
    85,
    86,
    87,
    88,
    89,
    90,
    91,
    92,
    93,
    94,
    95,
    96,
    97,
    98,
    99,
    100,
    101,
    102,
    103,
    104,
    105,
    106,
    107,
    108,
    109,
    110,
    111,
    112,
    113,
    114,
    115,
    116,
    117,
    118,
    119,
    120,
    121,
    122,
    123,
    124,
    125,
    126,
    127,
    128,
    129,
    130,
    131,
    132,
    133,
    134,
    135,
    136,
    137,
    138,
    139,
    140,
    141,
    142,
    143,
    144,
    145,
    146,
    147,
    148,
    149,
    150,
    151,
    152,
    153,
    154,
    155,
    156,
    157,
    158,
    159,
    160,
    161,
    162,
    163,
    164,
    165,
    166,
    167,
    168,
    169,
    170,
    171,
    172,
    173,
    174,
    175,
    176,
    177,
    178,
    179,
    180,
    181,
    182,
    183,
    184,
    185,
    186,
    187,
    188,
    189,
    190,
    191,
    192,
    193,
    194,
    195,
    196,
    197,
    198,
    199
  ],
  "states": [
    50.0,
    50.60720929234995,
    50.276495976069825,
    49.14178816496067,
    48.39018445477602,
    47.67294753996127,
    46.62486374699456,
    47.35019670521784,
    46.013049168310104,
    46.36658351798053,
    47.1860831248601,
    47.11582341362535,
    46.15356910933712,
    46.27011184556405,
    46.613977532913424,
    46.08692015520628,
    44.534287143157684,
    43.968548919355946,
    43.87167307881259,
    43.18070646867696,
    43.5555182461114,
    44.264663408496105,
    43.919835750940585,
    45.32900323068963,
    44.94089378446686,
    45.8930165304635,
    46.466403411274534,
    46.82010735141741,
    45.62291184032272,
    46.418679036334325,
    47.42721725018991,
    47.85884329367035,
    48.29208392076202,
    47.939513372278675,
    47.586099274568156,
    47.929138614993654,
    47.3068575331105,
    47.13423107580416,
    46.412686802909846,
    45.54852978806911,
    44.07506163172493,
    44.50010770334133,
    45.69995492673682,
    45.78350357856212,
    45.96117881233926,
    46.7718356437925,
    48.081937732243134,
    49.467364991379355,
    49.295242265883516,
    50.23441279373804,
    50.113651541328665,
    51.310965042062236,
    51.10901490638857,
    51.15365116338313,
    51.195949189522906,
    52.10892813178805,
    52.27968877447827,
    51.42924528370262,
    50.81861101953677,
    51.2940575506166,
    50.741517832350084,
    52.33589664593878,
    52.834710644785105,
    52.51489064144519,
    52.51682675934257,
    53.34182528270414,
    52.85042756981287,
    52.271850912038474,
    51.939030649921634,
    51.37188084738042,
    51.60261817012146,
    50.9486314054078,
    51.41003188788727,
    51.9722986600052,
    51.76926849788471,
    51.78698405104478,
    50.42155177740076,
    49.01720494692286,
    48.70601052520952,
    48.988599168908685,
    49.216101931459384,
    48.39959808217207,
    48.57305843647537,
    49.913029339134724,
    49.84541302769856,
    50.02810051654896,
    49.81159562407078,
    49.069676035132716,
    50.729751819304504,
    50.19035199401653,
    49.63117841504318,
    49.376843830665315,
    50.8135896015994,
    50.277341171945125,
    50.2841306641831,
    49.8624736934576,
    50.252151565946534,
    51.32354009238902,
    50.768467297898866,
    50.791980247834196,
    50.48181659189444,
    51.82157299443326,
    51.680579566714556,
    52.624169769083466,
    51.70966683253416,
    51.154309705852285,
    51.02771927403948,
    51.91453350539701,
    52.77084085181543,
    53.03693289676056,
    51.932916854293524,
    51.20807680949424,
    50.263648221887905,
    49.99876499231933,
    49.78078757281899,
    49.43144745211372,
    50.40890729210533,
    49.565284425110974,
    50.40566349802221,
    49.66869818676552,
    50.755628902897996,
    51.35015146340368,
    51.13724347512583,
    51.210376875134045,
    50.7512893425478,
    50.116083563503786,
    49.35121611996268,
    50.19684630470989,
    49.28790187588004,
    50.018098779957576,
    49.59861248014551,
    49.081974222551125,
    49.06530441029448,
    49.19510558152185,
    48.95990195620121,
    49.58805152985524,
    49.010851180884295,
    49.99948790258806,
    50.398651550004644,
    50.735321340822146,
    50.41490317656807,
    51.307576482160094,
    51.103331925957264,
    51.39664910590492,
    51.06204033668651,
    49.70908398031554,
    50.30382095776219,
    49.606277984042435,
    49.752763705503234,
    49.126191648048625,
    49.126907102102855,
    48.253448227675484,
    48.69301039160011,
    49.9889879725854,
    50.46047837355138,
    49.92266312083107,
    49.23406283619456,
    49.513447637687996,
    50.23238511268723,
    50.19638533082663,
    49.90984204193767,
    49.896369141674356,
    50.060514474729494,
    50.27962275453433,
    51.08999229934369,
    52.14035162266807,
    53.310166509258146,
    52.568969685020875,
    53.078599681405336,
    54.9257037831519,
    55.73568063104685,
    55.38255071935049,
    54.61153845629597,
    55.46462329991224,
    54.23430744128874,
    53.72310568743528,
    52.45809352084191,
    53.15954832363356,
    52.88710480798318,
    53.944332270911126,
    53.16484454921733,
    53.666473831133466,
    52.99369603817417,
    54.063769904489426,
    53.529924524498334,
    52.42944864529297,
    50.443818993948064,
    49.134878219161635,
    49.285948735776024,
    49.77977593557085,
    50.174133467196384,
    49.78258828880083,
    49.41475621853261,
    50.75777430200946,
    50.91702748823825,
    51.89550452999711,
    52.337665978125,
    53.50116947993436,
    53.18901887120897,
    53.1748025939638,
    54.424277962619705
  ],
  "actions": [],
  "observations": [
    1,
    1,
    1,
    1,
    1,
    1,
    1,
    1,
    1,
    1,
    1,
    1,
    1,
    1,
    1,
    1,
    0,
    0,
    0,
    0,
    0,
    0,
    0,
    1,
    0,
    1,
    1,
    1,
    1,
    1,
    1,
    1,
    1,
    1,
    1,
    1,
    1,
    1,
    1,
    1,
    0,
    0,
    1,
    1,
    1,
    1,
    1,
    1,
    1,
    1,
    1,
    1,
    1,
    1,
    1,
    1,
    1,
    1,
    1,
    1,
    1,
    1,
    1,
    1,
    1,
    1,
    1,
    1,
    1,
    1,
    1,
    1,
    1,
    1,
    1,
    1,
    1,
    1,
    1,
    1,
    1,
    1,
    1,
    1,
    1,
    1,
    1,
    1,
    1,
    1,
    1,
    1,
    1,
    1,
    1,
    1,
    1,
    1,
    1,
    1,
    1,
    1,
    1,
    1,
    1,
    1,
    1,
    1,
    1,
    1,
    1,
    1,
    1,
    1,
    1,
    1,
    1,
    1,
    1,
    1,
    1,
    1,
    1,
    1,
    1,
    1,
    1,
    1,
    1,
    1,
    1,
    1,
    1,
    1,
    1,
    1,
    1,
    1,
    1,
    1,
    1,
    1,
    1,
    1,
    1,
    1,
    1,
    1,
    1,
    1,
    1,
    1,
    1,
    1,
    1,
    1,
    1,
    1,
    1,
    1,
    1,
    1,
    1,
    1,
    1,
    1,
    1,
    1,
    1,
    1,
    2,
    2,
    1,
    2,
    1,
    1,
    1,
    1,
    1,
    1,
    1,
    1,
    1,
    1,
    1,
    1,
    1,
    1,
    1,
    1,
    1,
    1,
    1,
    1,
    1,
    1,
    1,
    1,
    1,
    1
  ],