{
  "timesteps": [
    0,
    1,
    2,
    3,
    4,
    5,
    6,
    7,
    8,
    9,
    10,
    11,
    12,
    13,
    14,
    15,
    16,
    17,
    18,
    19,
    20,
    21,
    22,
    23,
    24,
    25,
    26,
    27,
    28,
    29,
    30,
    31,
    32,
    33,
    34,
    35,
    36,
    37,
    38,
    39,
    40,
    41,
    42,
    43,
    44,
    45,
    46,
    47,
    48,
    49,
    50,
    51,
    52,
    53,
    54,
    55,
    56,
    57,
    58,
    59,
    60,
    61,
    62,
    63,
    64,
    65,
    66,
    67,
    68,
    69,
    70,
    71,
    72,
    73,
    74,
    75,
    76,
    77,
    78,
    79,
    80,
    81,
    82,
    83,
    84,
    85,
    86,
    87,
    88,
    89,
    90,
    91,
    92,
    93,
    94,
    95,
    96,
    97,
    98,
    99,
    100,
    101,
    102,
    103,
    104,
    105,
    106,
    107,
    108,
    109,
    110,
    111,
    112,
    113,
    114,
    115,
    116,
    117,
    118,
    119,
    120,
    121,
    122,
    123,
    124,
    125,
    126,
    127,
    128,
    129,
    130,
    131,
    132,
    133,
    134,
    135,
    136,
    137,
    138,
    139,
    140,
    141,
    142,
    143,
    144,
    145,
    146,
    147,
    148,
    149,
    150,
    151,
    152,
    153,
    154,
    155,
    156,
    157,
    158,
    159,
    160,
    161,
    162,
    163,
    164,
    165,
    166,
    167,
    168,
    169,
    170,
    171,
    172,
    173,
    174,
    175,
    176,
    177,
    178,
    179,
    180,
    181,
    182,
    183,
    184,
    185,
    186,
    187,
    188,
    189,
    190,
    191,
    192,
    193,
    194,
    195,
    196,
    197,
    198,
    199
  ],
  "states": [
    50.0,
    49.399177822882166,
    48.797764447677814,
    49.4140799483081,
    47.443612054319054,
    47.92706194628392,
    49.07268255066322,
    48.81055535924234,
    49.03398219831741,
    49.46501681241092,
    49.15824688389348,
    49.108211731996704,
    48.876249153952315,
    47.237701937267595,
    47.73314557174182,
    48.369703256241394,
    48.40418942893134,
    48.11161957056889,
    48.359245280221316,
    48.8213062270938,
    49.13614019311757,
    49.05454845522832,
    48.97059724037418,
    49.70240705634974,
    48.63971446697251,
    49.73093790805065,
    49.25507747077973,
    48.75379160832466,
    48.27010750692432,
    47.69530467307266,
    48.05463385560445,
    47.50785997313,
    47.46575048176848,
    47.554830426791106,
    48.050212183964504,
    46.59589401197129,
    46.04686647641965,
    45.571403263169174,
    45.72053282135877,
    44.76993644715506,
    45.730424216073864,
    44.77912265622269,
    43.9808788752319,
    43.09590973779092,
    41.94197188139011,
    41.98008492991796,
    42.35697905913391,
    42.23019205401495,
    41.86014639055009,
    41.41561463726073,
    41.50345463381779,
    41.79187933019666,
    41.40750652474361,
    40.807478019749844,
    40.54201697270436,
    41.905868382895115,
    42.30166639081376,
    41.40558215049747,
    39.856781395875444,
    38.96479307631405,
    38.658989044320876,
    38.55433407739739,
    37.986709598264504,
    38.0452519363051,
    38.14254781754714,
    37.045251856581174,
    37.97243376484652,
    39.658059783252305,
    39.56748712080092,
    40.07745242809008,
    39.650870033200384,
    39.62787593918103,
    38.78585903962626,
    39.33435656002622,
    40.1505194672191,
    42.05219469442465,
    42.1238106997727,
    42.0448971854358,
    41.91913760128095,
    41.80046449531186,
    42.04131452690382,
    43.68207879091495,
    42.59273918217753,
    42.00925129352563,
    41.35147710281143,
    40.153274090837726,
    40.97106623328228,
    40.426307670480675,
    40.863507031916534,
    41.60507397533299,
    41.204017152057894,
    41.03751905016106,
    41.02457364706992,
    40.844141312238115,
    42.36309605141054,
    41.74710890631039,
    41.63111262047542,
    42.058972019193305,
    41.35852751008808,
    41.121967460756615,
    39.69935112512598,
    39.57696433315102,
    39.20067453710639,
    40.331597147344006,
    39.87340964930867,
    39.18186104529707,
    38.617774601368026,
    38.89890044612293,
    37.49329325645015,
    37.67324360462827,
    36.44434642567031,
    36.63604052640799,
    35.98407205325035,
    35.94167011454164,
    35.04041343979041,
    34.56722659056045,
    35.57120528742488,
    35.75720893064453,
    35.45936205113884,
    35.32529855734568,
    35.379740722207785,
    35.29387227776918,
    34.89792114279246,
    35.59757943364861,
    35.0235050833837,
    35.16513039425369,
    35.84430870765441,
    35.61520883638787,
    35.85104350900757,
    35.24317194872346,
    35.806910784454715,
    35.32745723888861,
    34.44117935720415,
    32.74801936034233,
    33.547458913690996,
    33.346122220569455,
    32.371837222329894,
    32.43282631298472,
    32.27658472707149,
    32.505731219151095,
    33.2780415755289,
    33.08400364495631,
    32.732671209883065,
    33.296937744242165,
    33.19484418833826,
    33.052702896066535,
    33.71202285615401,
    33.18521850109935,
    33.03004412318832,
    32.49941484312582,
    32.68246418214591,
    31.167787087266987,
    31.953035943976147,
    31.473827066344157,
    31.479411703315613,
    31.830806223382822,
    32.04810372432615,
    31.368295473632443,
    30.92356473378013,
    30.049128618221697,
    28.964623888358656,
    29.018270880040262,
    30.06160696022775,
    30.255548229397533,
    31.09014882109619,
    29.65216634368146,
    31.591209658120036,
    32.119474262338066,
    31.726703558464347,
    32.218585747109685,
    31.64819440252271,
    30.666853768244675,
    29.629761166312573,
    30.26195020820346,
    30.694373517647556,
    30.950438354073132,
    31.538767038982293,
    31.473437219594885,
    30.586333994722366,
    31.95101762582913,
    30.311673653633985,
    29.605260139132884,
    30.157537724536915,
    30.13127490845214,
    30.45808876196629,
    29.392645975579168,
    29.308588262302226,
    29.288107440795127,
    29.60824757681071,
    29.049825035462973,
    28.676384558619613,
    28.309235914378853,
    28.45324896664757,
    29.68598651378218,
    29.832757755203044,
    29.758903344610133,
    30.219408415212662,
    29.648089580862017,
    30.3384075875658,
    29.686604002280518,
    29.424450909391005
  ],
  "actions": [],
  "observations": [
    1,
    1,
    1,
    1,
    1,
    1,
    1,
    1,
    1,
    1,
    1,
    1,
    1,
    1,
    1,
    1,
    1,
    1,
    1,
    1,
    1,
    1,
    1,
    1,
    1,
    1,
    1,
    1,
    1,
    1,
    1,
    1,
    1,
    1,
    1,
    1,
    1,
    1,
    1,
    0,
    1,
    0,
    0,
    0,
    0,
    0,
    0,
    0,
    0,
    0,
    0,
    0,
    0,
    0,
    0,
    0,
    0,
    0,
    0,
    0,
    0,
    0,
    0,
    0,
    0,
    0,
    0,
    0,
    0,
    0,
    0,
    0,
    0,
    0,
    0,
    0,
    0,
    0,
    0,
    0,
    0,
    0,
    0,
    0,
    0,
    0,
    0,
    0,
    0,
    0,
    0,
    0,
    0,
    0,
    0,
    0,
    0,
    0,
    0,
    0,
    0,
    0,
    0,
    0,
    0,
    0,
    0,
    0,
    0,
    0,
    0,
    0,
    0,
    0,
    0,
    0,
    0,
    0,
    0,
    0,
    0,
    0,
    0,
    0,
    0,
    0,
    0,
    0,
    0,
    0,
    0,
    0,
    0,
    0,
    0,
    0,
    0,
    0,
    0,
    0,
    0,
    0,
    0,
    0,
    0,
    0,
    0,
    0,
    0,
    0,
    0,
    0,
    0,
    0,
    0,
    0,
    0,
    0,
    0,
    0,
    0,
    0,
    0,
    0,
    0,
    0,
    0,
    0,
    0,
    0,
    0,
    0,
    0,
    0,
    0,
    0,
    0,
    0,
    0,
    0,
    0,
    0,
    0,
    0,
    0,
    0,
    0,
    0,
    0,
    0,
    0,
    0,
    0,
    0,
    0,
    0,
    0,
    0,
    0,
    0
  ],