{
  "timesteps": [
    0,
    1,
    2,
    3,
    4,
    5,
    6,
    7,
    8,
    9,
    10,
    11,
    12,
    13,
    14,
    15,
    16,
    17,
    18,
    19,
    20,
    21,
    22,
    23,
    24,
    25,
    26,
    27,
    28,
    29,
    30,
    31,
    32,
    33,
    34,
    35,
    36,
    37,
    38,
    39,
    40,
    41,
    42,
    43,
    44,
    45,
    46,
    47,
    48,
    49,
    50,
    51,
    52,
    53,
    54,
    55,
    56,
    57,
    58,
    59,
    60,
    61,
    62,
    63,
    64,
    65,
    66,
    67,
    68,
    69,
    70,
    71,
    72,
    73,
    74,
    75,
    76,
    77,
    78,
    79,
    80,
    81,
    82,
    83,
    84,
    85,
    86,
    87,
    88,
    89,
    90,
    91,
    92,
    93,
    94,
    95,
    96,
    97,
    98,
    99,
    100,
    101,
    102,
    103,
    104,
    105,
    106,
    107,
    108,
    109,
    110,
    111,
    112,
    113,
    114,
    115,
    116,
    117,
    118,
    119,
    120,
    121,
    122,
    123,
    124,
    125,
    126,
    127,
    128,
    129,
    130,
    131,
    132,
    133,
    134,
    135,
    136,
    137,
    138,
    139,
    140,
    141,
    142,
    143,
    144,
    145,
    146,
    147,
    148,
    149,
    150,
    151,
    152,
    153,
    154,
    155,
    156,
    157,
    158,
    159,
    160,
    161,
    162,
    163,
    164,
    165,
    166,
    167,
    168,
    169,
    170,
    171,
    172,
    173,
    174,
    175,
    176,
    177,
    178,
    179,
    180,
    181,
    182,
    183,
    184,
    185,
    186,
    187,
    188,
    189,
    190,
    191,
    192,
    193,
    194,
    195,
    196,
    197,
    198,
    199
  ],
  "states": [
    50.0,
    49.58997878196973,
    50.83189293691252,
    50.93854044094186,
    51.16245952814458,
    52.43799018888595,
    53.50608355809046,
    54.768832759019475,
    56.23289043965445,
    55.627461354894265,
    54.07031031918955,
    53.39430228139113,
    53.98911063354798,
    54.421850375942014,
    55.50807482727559,
    56.33971728392995,
    57.37562677698447,
    58.42632512874134,
    60.14757262717056,
    59.165059516372786,
    60.02093352163445,
    59.869281401752616,
    60.465648409898186,
    60.024204727554306,
    60.25754898078389,
    60.89195360767864,
    60.712132896948674,
    60.95840621522158,
    60.20241641199737,
    59.56746944879526,
    59.72186155122079,
    60.4761736336377,
    59.45754720151831,
    58.27963219486378,
    59.641230904762764,
    59.32939815394184,
    59.41931733361461,
    58.02096467072033,
    57.99654794063795,
    58.02129969807913,
    58.47041201149602,
    59.2429694625411,
    59.812709568515395,
    60.31315339315773,
    60.2183793616284,
    60.362377293480115,
    58.46708938810378,
    57.09296589835669,
    55.8632844825997,
    55.083452455831946,
    54.70311473873896,
    55.643856816930395,
    56.235704068839496,
    57.41772665699899,
    56.79769653575681,
    55.83988492973904,
    53.49880421307972,
    54.39477172916096,
    54.40564180699609,
    52.67674361037264,
    52.614509674451455,
    52.4769362520045,
    52.20073719313774,
    51.75770427448245,
    51.440690550900385,
    52.80826491132151,
    54.09385215798801,
    54.82991003566393,
    54.94322990664549,
    54.45051376647667,
    55.181148342726395,
    55.483449090243305,
    55.17584843662929,
    55.04581394056501,
    55.832280316377535,
    54.045458011092165,
    55.08661434545146,
    54.36157683230974,
    54.16790577295733,
    54.90004104533184,
    55.29265215692141,
    54.31401975319942,
    54.67403303640132,
    55.96438307910411,
    55.085503322073556,
    54.01434997850901,
    54.03762045787275,
    52.90673585574163,
    53.065396428752315,
    53.29417374008729,
    52.57978563035522,
    51.4938253174245,
    51.17751317425183,
    51.01640948545689,
    50.033170035065886,
    50.19065892423835,
    48.57678224924872,
    48.35500022594969,
    47.305557585388286,
    49.03254821027698,
    50.06679990790114,
    50.154838248495636,
    49.38159281342465,
    49.258822651551746,
    48.271749573947424,
    49.70927244931862,
    49.5922982611907,
    50.18127802539986,
    48.19848802019916,
    49.407540468420386,
    49.40847988072276,
    49.64570850911994,
    49.642091363684855,
    52.67600706475647,
    53.77765866247823,
    52.407822864460215,
    52.18709672453263,
    53.89239843210981,
    53.952254577391415,
    53.40881237116317,
    52.557561616565614,
    54.024807409582465,
    55.354203723557355,
    55.44060180979255,
    54.19638549483233,
    55.2500348358222,
    54.93276882821976,
    55.290140652135044,
    55.87691166649081,
    55.52543829086916,
    56.76828687641936,
    56.52622331424608,
    56.06322106696739,
    56.51209024817505,
    56.86535439984649,
    58.973771170034645,
    55.41903513654929,
    54.376158158542076,
    56.02158793684483,
    57.05458443575392,
    57.96708608732099,
    58.11228562508504,
    58.771539529048674,
    58.46579293554024,
    57.736741912389284,
    56.23480646401325,
    56.065758514930565,
    55.84583178263527,
    57.52253967838228,
    57.01461657504782,
    58.4913473172728,
    55.86923664201034,
    55.738662828454245,
    56.60985673691869,
    56.21357546881726,
    55.05530915524562,
    54.77352388124899,
    53.20769034387924,
    53.51424350868808,
    54.65342946362431,
    55.026371605027435,
    55.01856211915999,
    54.81221321432547,
    53.946371031194175,
    54.75760749869066,
    55.25509504423913,
    54.74266423262464,
    55.81603842011907,
    55.15001386275969,
    53.7167159546329,
    55.11155487102101,
    54.735903157526,
    54.96327098555949,
    55.21264304493436,
    54.33643879766949,
    54.381770824694534,
    54.54199973739418,
    55.823096526025324,
    56.12528301298291,
    56.45893483310907,
    57.59271513020958,
    58.23432270319925,
    58.36098468219663,
    57.63585798767802,
    57.381717095508606,
    56.69744406417211,
    57.383641313285146,
    56.92621170953439,
    56.67488214457736,
    56.74126505076345,
    54.79624387868228,
    53.48911755525454,
    52.126604633699806,
    50.90861246851156,
    51.5769158574266,
    53.16382128430996,
    52.32574991412802,
    51.88932223301085,
    52.37265887396689,
    51.26196803406304,
    49.92573578010782
  ],
  "actions": [],
  "observations": [
    1,
    1,
    1,
    1,
    1,
    1,
    1,
    1,
    2,
    2,
    1,
    1,
    1,
    1,
    2,
    2,
    2,
    2,
    2,
    2,
    2,
    2,
    2,
    2,
    2,
    2,
    2,
    2,
    2,
    2,
    2,
    2,
    2,
    2,
    2,
    2,
    2,
    2,
    2,
    2,
    2,
    2,
    2,
    2,
    2,
    2,
    2,
    2,
    2,
    2,
    1,
    2,
    2,
    2,
    2,
    2,
    1,
    1,
    1,
    1,
    1,
    1,
    1,
    1,
    1,
    1,
    1,
    1,
    1,
    1,
    2,
    2,
    2,
    2,
    2,
    1,
    2,
    1,
    1,
    1,
    2,
    1,
    1,
    2,
    2,
    1,
    1,
    1,
    1,
    1,
    1,
    1,
    1,
    1,
    1,
    1,
    1,
    1,
    1,
    1,
    1,
    1,
    1,
    1,
    1,
    1,
    1,
    1,
    1,
    1,
    1,
    1,
    1,
    1,
    1,
    1,
    1,
    1,
    1,
    1,
    1,
    1,
    2,
    2,
    1,
    2,
    1,
    2,
    2,
    2,
    2,
    2,
    2,
    2,
    2,
    2,
    2,
    1,
    2,
    2,
    2,
    2,
    2,
    2,
    2,
    2,
    2,
    2,
    2,
    2,
    2,
    2,
    2,
    2,
    2,
    2,
    1,
    1,
    1,
    1,
    2,
    2,
    1,
    1,
    1,
    2,
    1,
    2,
    2,
    1,
    2,
    1,
    1,
    2,
    1,
    1,
    1,
    2,
    2,
    2,
    2,
    2,
    2,
    2,
    2,
    2,
    2,
    2,
    2,
    2,
    1,
    1,
    1,
    1,
    1,
    1,
    1,
    1,
    1,
    1
  ],