{
  "timesteps": [
    0,
    1,
    2,
    3,
    4,
    5,
    6,
    7,
    8,
    9,
    10,
    11,
    12,
    13,
    14,
    15,
    16,
    17,
    18,
    19,
    20,
    21,
    22,
    23,
    24,
    25,
    26,
    27,
    28,
    29,
    30,
    31,
    32,
    33,
    34,
    35,
    36,
    37,
    38,
    39,
    40,
    41,
    42,
    43,
    44,
    45,
    46,
    47,
    48,
    49,
    50,
    51,
    52,
    53,
    54,
    55,
    56,
    57,
    58,
    59,
    60,
    61,
    62,
    63,
    64,
    65,
    66,
    67,
    68,
    69,
    70,
    71,
    72,
    73,
    74,
    75,
    76,
    77,
    78,
    79,
    80,
    81,
    82,
    83,
    84,
    85,
    86,
    87,
    88,
    89,
    90,
    91,
    92,
    93,
    94,
    95,
    96,
    97,
    98,
    99,
    100,
    101,
    102,
    103,
    104,
    105,
    106,
    107,
    108,
    109,
    110,
    111,
    112,
    113,
    114,
    115,
    116,
    117,
    118,
    119,
    120,
    121,
    122,
    123,
    124,
    125,
    126,
    127,
    128,
    129,
    130,
    131,
    132,
    133,
    134,
    135,
    136,
    137,
    138,
    139,
    140,
    141,
    142,
    143,
    144,
    145,
    146,
    147,
    148,
    149,
    150,
    151,
    152,
    153,
    154,
    155,
    156,
    157,
    158,
    159,
    160,
    161,
    162,
    163,
    164,
    165,
    166,
    167,
    168,
    169,
    170,
    171,
    172,
    173,
    174,
    175,
    176,
    177,
    178,
    179,
    180,
    181,
    182,
    183,
    184,
    185,
    186,
    187,
    188,
    189,
    190,
    191,
    192,
    193,
    194,
    195,
    196,
    197,
    198,
    199
  ],
  "states": [
    50.0,
    48.533721928105244,
    49.01458286900398,
    50.49126850791209,
    48.608526413419995,
    46.622734999863226,
    45.63006683298647,
    45.73099973649906,
    45.67707919209847,
    45.93666459236372,
    45.557972509899834,
    45.87356254383585,
    46.29517026510687,
    46.904719662907475,
    47.5938786212888,
    46.758459744223764,
    46.9855519246736,
    46.60890859754957,
    46.00848152815194,
    46.199833734866665,
    45.86116735564103,
    46.3211494933256,
    46.811475473757184,
    46.24957456547802,
    45.891072962303724,
    47.29971252253504,
    46.45413779492999,
    47.71645693946235,
    48.21804550065273,
    47.1430496979371,
    46.95961636846513,
    47.1836703387184,
    46.36040584863288,
    46.69008387640973,
    46.73910683229486,
    48.32349454101235,
    48.354624248939224,
    49.555198941243496,
    50.72914049619984,
    51.82479868288183,
    51.45066751036937,
    52.26308323773469,
    51.78796238050795,
    52.07548908885747,
    51.912249994675435,
    51.705889803292926,
    51.23499265765277,
    50.47229940470594,
    50.212071858799014,
    50.388452185727495,
    48.01847387052183,
    48.52401437608597,
    48.3435542708057,
    48.52976026972303,
    48.23454378651943,
    47.60767045489195,
    47.2152834511054,
    46.74197656992838,
    46.60896982747725,
    47.26854767489404,
    45.60084565167442,
    46.53805556579274,
    47.87900259772975,
    46.8100233957606,
    46.00832076492442,
    46.71707562468023,
    47.42741717285973,
    46.97656758293837,
    46.99814388187197,
    46.51030493053691,
    47.78116902425946,
    46.80850397492347,
    46.880835210743086,
    44.60523306725639,
    46.089189427856006,
    44.93079068449336,
    44.25559112472614,
    43.86459465714578,
    44.10278521723943,
    43.51975615106758,
    43.595893685986844,
    44.29917090123713,
    45.223595660900585,
    45.94454718624685,
    45.505903294927236,
    44.665751917352445,
    43.256520491032326,
    43.787829203778436,
    42.154216640541335,
    41.211327530380565,
    40.60532904591037,
    41.44251730761817,
    42.83000477501983,
    42.29073355848104,
    41.24186119553727,
    40.90588939718982,
    40.19734779452964,
    40.801642868607004,
    40.903895414709936,
    41.22433922182138,
    42.42248768429226,
    40.477594435414325,
    39.16525067060595,
    38.0748894573774,
    39.09948052616954,
    38.157797190146205,
    39.83132748410199,
    39.480079953145776,
    38.80592784666973,
    38.74435606935998,
    39.03314199017607,
    39.20238684120755,
    40.375205851729824,
    41.29436038139285,
    39.45992324730495,
    39.479492574047484,
    40.28857196665908,
    39.341133799110054,
    38.418562034527,
    36.86748646833363,
    37.09566071951937,
    37.70683341234018,
    37.31322547632703,
    36.70507292563248,
    37.18396481413891,
    37.36437521642984,
    37.363554142646656,
    34.97122921506385,
    36.959898324314096,
    36.92347631083013,
    36.38305175189094,
    35.15323801998351,
    33.712909520808175,
    33.59055498159276,
    34.665779191907944,
    35.459046871728155,
    36.21978977803106,
    35.556363133334685,
    35.8973523655127,
    34.61030368391825,
    34.776292788747185,
    35.220986557164316,
    35.71030813612277,
    36.68247681649602,
    37.997430202258066,
    39.034450127734345,
    38.703307382101116,
    40.21283398488097,
    40.55948601035458,
    40.45471479774119,
    39.75923881190929,
    39.60535410751762,
    41.67235834225934,
    39.20358553310231,
    40.52685592075915,
    40.520873032161234,
    40.05161290332739,
    42.820225229020025,
    42.47460207661218,
    42.06943449786025,
    43.34264150600188,
    44.122866962233296,
    43.97112048512112,
    45.040338881107026,
    43.696042651442845,
    43.82071429448337,
    43.760695973230895,
    43.71076303008979,
    43.82823826208349,
    45.760821269162385,
    45.66625466853016,
    45.87252984638124,
    45.30744424900105,
    46.08376935858772,
    48.106786284423016,
    48.13761148882795,
    48.938978121254195,
    48.31251421785581,
    46.77865052858395,
    45.21768278951117,
    44.72349376609438,
    44.27456397333312,
    44.54437422273143,
    44.1941517956658,
    42.48674547169711,
    41.289277654949416,
    40.97283647202108,
    42.25753390196802,
    41.671877842086374,
    42.96541661529046,
    42.84102489850748,
    41.8831648059038,
    41.88989471134119,
    41.488119308753504,
    42.618738172957414,
    41.87677110506767,
    41.797734712633336,
    41.59927635678583,
    41.43915321763129,
    40.52983181208202,
    38.84038029935722
  ],
  "actions": [],
  "observations": [
    1,
    1,
    1,
    1,
    1,
    1,
    1,
    1,
    1,
    1,
    1,
    1,
    1,
    1,
    1,
    1,
    1,
    1,
    1,
    1,
    1,
    1,
    1,
    1,
    1,
    1,
    1,
    1,
    1,
    1,
    1,
    1,
    1,
    1,
    1,
    1,
    1,
    1,
    1,
    1,
    1,
    1,
    1,
    1,
    1,
    1,
    1,
    1,
    1,
    1,
    1,
    1,
    1,
    1,
    1,
    1,
    1,
    1,
    1,
    1,
    1,
    1,
    1,
    1,
    1,
    1,
    1,
    1,
    1,
    1,
    1,
    1,
    1,
    0,
    1,
    0,
    0,
    0,
    0,
    0,
    0,
    0,
    1,
    1,
    1,
    0,
    0,
    0,
    0,
    0,
    0,
    0,
    0,
    0,
    0,
    0,
    0,
    0,
    0,
    0,
    0,
    0,
    0,
    0,
    0,
    0,
    0,
    0,
    0,
    0,
    0,
    0,
    0,
    0,
    0,
    0,
    0,
    0,
    0,
    0,
    0,
    0,
    0,
    0,
    0,
    0,
    0,
    0,
    0,
    0,
    0,
    0,
    0,
    0,
    0,
    0,
    0,
    0,
    0,
    0,
    0,
    0,
    0,
    0,
    0,
    0,
    0,
    0,
    0,
    0,
    0,
    0,
    0,
    0,
    0,
    0,
    0,
    0,
    0,
    0,
    0,
    0,
    0,
    1,
    0,
    0,
    0,
    0,
    0,
    1,
    1,
    1,
    1,
    1,
    1,
    1,
    1,
    1,
    1,
    1,
    0,
    0,
    0,
    0,
    0,
    0,
    0,
    0,
    0,
    0,
    0,
    0,
    0,
    0,
    0,
    0,
    0,
    0,
    0,
    0
  ],