{
  "timesteps": [
    0,
    1,
    2,
    3,
    4,
    5,
    6,
    7,
    8,
    9,
    10,
    11,
    12,
    13,
    14,
    15,
    16,
    17,
    18,
    19,
    20,
    21,
    22,
    23,
    24,
    25,
    26,
    27,
    28,
    29,
    30,
    31,
    32,
    33,
    34,
    35,
    36,
    37,
    38,
    39,
    40,
    41,
    42,
    43,
    44,
    45,
    46,
    47,
    48,
    49,
    50,
    51,
    52,
    53,
    54,
    55,
    56,
    57,
    58,
    59,
    60,
    61,
    62,
    63,
    64,
    65,
    66,
    67,
    68,
    69,
    70,
    71,
    72,
    73,
    74,
    75,
    76,
    77,
    78,
    79,
    80,
    81,
    82,
    83,
    84,
    85,
    86,
    87,
    88,
    89,
    90,
    91,
    92,
    93,
    94,
    95,
    96,
    97,
    98,
    99,
    100,
    101,
    102,
    103,
    104,
    105,
    106,
    107,
    108,
    109,
    110,
    111,
    112,
    113,
    114,
    115,
    116,
    117,
    118,
    119,
    120,
    121,
    122,
    123,
    124,
    125,
    126,
    127,
    128,
    129,
    130,
    131,
    132,
    133,
    134,
    135,
    136,
    137,
    138,
    139,
    140,
    141,
    142,
    143,
    144,
    145,
    146,
    147,
    148,
    149,
    150,
    151,
    152,
    153,
    154,
    155,
    156,
    157,
    158,
    159,
    160,
    161,
    162,
    163,
    164,
    165,
    166,
    167,
    168,
    169,
    170,
    171,
    172,
    173,
    174,
    175,
    176,
    177,
    178,
    179,
    180,
    181,
    182,
    183,
    184,
    185,
    186,
    187,
    188,
    189,
    190,
    191,
    192,
    193,
    194,
    195,
    196,
    197,
    198,
    199
  ],
  "states": [
    50.0,
    50.974818401958196,
    51.20455838666793,
    51.204718695384315,
    51.61252243557762,
    51.3797545531693,
    51.77698549748194,
    51.847535187469425,
    52.08325836768547,
    53.41265882208591,
    53.78329680597387,
    54.483144420448184,
    54.53183802566774,
    53.212624988109575,
    54.04571814000224,
    54.182346264378886,
    53.79969549045897,
    53.16314617206324,
    53.05590247213899,
    52.03801332354706,
    52.3897820531914,
    52.390391444476876,
    51.935164416021415,
    52.930530601224774,
    52.91808014227192,
    52.58786169797063,
    51.657720471443106,
    50.84590284763091,
    51.544840732853274,
    51.21313276230417,
    50.76011338935524,
    50.32528091065941,
    50.029243588592635,
    49.76598892153498,
    50.6773005264761,
    50.92356785847414,
    50.529554078325226,
    48.69095397519466,
    48.081258901046375,
    50.06618299359386,
    50.06390613612087,
    50.229677299634766,
    49.887233953960155,
    50.39993523227681,
    50.08879422158047,
    51.47913887052943,
    51.124296139496735,
    50.98929503866792,
    51.71497912869696,
    51.204135273274716,
    51.90722647366498,
    51.54261588540241,
    50.69048306639962,
    51.367906523894554,
    49.85646722110997,
    49.86744364792313,
    50.22085787518706,
    50.31766041165025,
    49.42545516802106,
    49.30994908479738,
    49.77553719605172,
    48.368284124051144,
    48.40730596550804,
    48.01970642817426,
    47.22969201478089,
    46.88384265579632,
    47.7462643086079,
    49.2255485867903,
    49.35905831544261,
    50.45119559200563,
    49.43962594254293,
    48.827620849591014,
    49.10363249428812,
    48.3889145071054,
    48.24969768670873,
    48.179703825453004,
    48.109137544124486,
    47.94252074086165,
    48.04845898137338,
    48.57595777058806,
    48.44451636866512,
    48.29917109954143,
    48.01250348972954,
    48.49207627471352,
    47.86219515103232,
    47.63431316143145,
    47.59749215238434,
    48.403623094465146,
    46.72766516157482,
    45.69455775462744,
    45.217229300264,
    45.17050694638977,
    45.59277305198554,
    46.12420103653612,
    46.24801080497633,
    47.37227167926872,
    47.39721208083278,
    47.7830378788624,
    49.20788501646204,
    48.28705986412704,
    47.44146549815085,
    48.20868917560812,
    49.15192074677588,
    49.03764268629966,
    49.35393025066975,
    50.39651953693286,
    51.58912133535389,
    51.28511331559802,
    51.58097243834293,
    51.53374305547647,
    51.717529137985224,
    51.867195154515976,
    49.897647049758305,
    50.398152140855636,
    49.625260109819834,
    48.5961238570719,
    47.38712455021334,
    48.05912509790683,
    48.57615488797281,
    48.453123296018916,
    48.7642958637291,
    48.64184470407017,
    49.57757439076322,
    49.94910296294418,
    50.772771651407254,
    50.98619551268856,
    49.90384157053359,
    49.68033209720924,
    48.69755602174673,
    48.951579727357334,
    48.31130642384406,
    49.945189761102725,
    50.364874903977245,
    48.331006640610894,
    48.668062302752425,
    48.29924233659237,
    46.858699453859444,
    45.890098398958855,
    45.80205438100988,
    46.07351705178942,
    45.78113286068875,
    45.488428551734934,
    44.97848780618768,
    45.51975098574679,
    46.17278243155465,
    45.472609301342814,
    45.39035491686525,
    46.206145085215354,
    45.59755146811554,
    44.99413879670429,
    44.23287852617369,
    44.770207712011306,
    45.59206814810285,
    44.688938428414936,
    44.792551751118175,
    45.606055076060734,
    46.91658071542878,
    46.08456235440256,
    46.16290295427189,
    46.25295885584793,
    45.67734773650171,
    46.1429560239773,
    45.20156373863994,
    45.55548188266244,
    46.096719798196226,
    45.80230827458975,
    46.509700721408265,
    47.39232339993134,
    47.39846191965003,
    47.42080981383355,
    47.816840549193216,
    48.07452351702578,
    47.566506396200495,
    47.676689435001116,
    47.58267456672522,
    47.029525746850595,
    47.74684886495683,
    46.76163407583381,
    47.2225682983306,
    46.81090463315263,
    46.90383370021786,
    46.76139751688395,
    46.4274295978402,
    46.48754370779253,
    46.79589278447559,
    48.713508960456764,
    48.66088023191822,
    48.984791201233,
    48.96802081883488,
    49.134839914110024,
    50.2429712466311,
    51.694752750274766,
    53.09141277768586,
    51.853269562681646,
    51.858089742987865,
    53.01852473286812,
    54.48249469326795,
    54.375109516565345,
    53.63460064946488,
    52.78305729435705,
    52.27903375760187
  ],
  "actions": [],
  "observations": [
    1,
    1,
    1,
    1,
    1,
    1,
    1,
    1,
    1,
    1,
    1,
    1,
    1,
    1,
    1,
    1,
    1,
    1,
    1,
    1,
    1,
    1,
    1,
    1,
    1,
    1,
    1,
    1,
    1,
    1,
    1,
    1,
    1,
    1,
    1,
    1,
    1,
    1,
    1,
    1,
    1,
    1,
    1,
    1,
    1,
    1,
    1,
    1,
    1,
    1,
    1,
    1,
    1,
    1,
    1,
    1,
    1,
    1,
    1,
    1,
    1,
    1,
    1,
    1,
    1,
    1,
    1,
    1,
    1,
    1,
    1,
    1,
    1,
    1,
    1,
    1,
    1,
    1,
    1,
    1,
    1,
    1,
    1,
    1,
    1,
    1,
    1,
    1,
    1,
    1,
    1,
    1,
    1,
    1,
    1,
    1,
    1,
    1,
    1,
    1,
    1,
    1,
    1,
    1,
    1,
    1,
    1,
    1,
    1,
    1,
    1,
    1,
    1,
    1,
    1,
    1,
    1,
    1,
    1,
    1,
    1,
    1,
    1,
    1,
    1,
    1,
    1,
    1,
    1,
    1,
    1,
    1,
    1,
    1,
    1,
    1,
    1,
    1,
    1,
    1,
    1,
    1,
    0,
    1,
    1,
    1,
    1,
    1,
    1,
    0,
    0,
    0,
    1,
    0,
    0,
    1,
    1,
    1,
    1,
    1,
    1,
    1,
    1,
    1,
    1,
    1,
    1,
    1,
    1,
    1,
    1,
    1,
    1,
    1,
    1,
    1,
    1,
    1,
    1,
    1,
    1,
    1,
    1,
    1,
    1,
    1,
    1,
    1,
    1,
    1,
    1,
    1,
    1,
    1,
    1,
    1,
    1,
    1,
    1,
    1
  ],