{
  "timesteps": [
    0,
    1,
    2,
    3,
    4,
    5,
    6,
    7,
    8,
    9,
    10,
    11,
    12,
    13,
    14,
    15,
    16,
    17,
    18,
    19,
    20,
    21,
    22,
    23,
    24,
    25,
    26,
    27,
    28,
    29,
    30,
    31,
    32,
    33,
    34,
    35,
    36,
    37,
    38,
    39,
    40,
    41,
    42,
    43,
    44,
    45,
    46,
    47,
    48,
    49,
    50,
    51,
    52,
    53,
    54,
    55,
    56,
    57,
    58,
    59,
    60,
    61,
    62,
    63,
    64,
    65,
    66,
    67,
    68,
    69,
    70,
    71,
    72,
    73,
    74,
    75,
    76,
    77,
    78,
    79,
    80,
    81,
    82,
    83,
    84,
    85,
    86,
    87,
    88,
    89,
    90,
    91,
    92,
    93,
    94,
    95,
    96,
    97,
    98,
    99,
    100,
    101,
    102,
    103,
    104,
    105,
    106,
    107,
    108,
    109,
    110,
    111,
    112,
    113,
    114,
    115,
    116,
    117,
    118,
    119,
    120,
    121,
    122,
    123,
    124,
    125,
    126,
    127,
    128,
    129,
    130,
    131,
    132,
    133,
    134,
    135,
    136,
    137,
    138,
    139,
    140,
    141,
    142,
    143,
    144,
    145,
    146,
    147,
    148,
    149,
    150,
    151,
    152,
    153,
    154,
    155,
    156,
    157,
    158,
    159,
    160,
    161,
    162,
    163,
    164,
    165,
    166,
    167,
    168,
    169,
    170,
    171,
    172,
    173,
    174,
    175,
    176,
    177,
    178,
    179,
    180,
    181,
    182,
    183,
    184,
    185,
    186,
    187,
    188,
    189,
    190,
    191,
    192,
    193,
    194,
    195,
    196,
    197,
    198,
    199
  ],
  "states": [
    50.0,
    49.366584907322554,
    48.40980174591712,
    49.189000219262624,
    50.9774740689791,
    50.83623510959599,
    51.260002905618634,
    50.36850366813459,
    50.625678805598966,
    52.92167536552647,
    52.161502879081944,
    50.57093844691563,
    50.410033750606566,
    49.94656278727097,
    50.915876326012665,
    49.925942431540726,
    49.8368180188188,
    49.23179930906595,
    48.25020140762231,
    48.96346926025205,
    48.14856335071431,
    48.458003732720215,
    50.8640270998274,
    50.814097693606,
    50.236148204267074,
    50.636302606552576,
    49.3689028408893,
    48.70315691899779,
    48.203310711002,
    45.37158437699337,
    44.08639842752691,
    44.68162162239183,
    44.332746918629965,
    44.076845784458605,
    42.49388884975747,
    44.72920897820121,
    42.474443166172165,
    41.6592525939278,
    43.26369060574129,
    43.5622949491302,
    44.12318868738519,
    44.950428062010715,
    46.558373052066,
    46.97355449229957,
    46.96255032276224,
    46.56570941824965,
    45.73245022313514,
    45.029558717111236,
    45.33547400802859,
    44.362044416389566,
    45.282038226347,
    44.9420754050099,
    45.67810039564355,
    47.79312760323861,
    49.24873457256605,
    48.431575433484646,
    51.379652896664055,
    51.47974922730139,
    53.80236634360914,
    54.26439237946384,
    55.56022217107171,
    56.28091695683205,
    57.16128666889615,
    58.302749928504234,
    56.26726300473783,
    53.28802991476998,
    51.68993502823045,
    54.04330419647221,
    54.0360180803124,
    54.89550063612873,
    53.14038506489474,
    54.21236596317903,
    54.90691346937951,
    55.96189128722126,
    56.86327219987506,
    57.654085449327624,
    55.62892497505887,
    55.774903689370575,
    53.66655499696465,
    53.22305156155396,
    54.89810961886623,
    56.5425399802677,
    57.438754634818,
    56.63748779179558,
    55.10888744228665,
    54.30343403644924,
    55.492403872667374,
    55.29769241445711,
    54.11743270161168,
    53.7323425954321,
    53.83580889207292,
    54.48366755935259,
    55.78845954595359,
    52.91072678763327,
    53.94136248330116,
    54.09293252800585,
    54.23588088845424,
    54.022813742021896,
    53.86786256109586,
    53.342395963004,
    54.929461132364466,
    54.73201818035302,
    53.86328714149312,
    54.11105845790601,
    53.022722909066445,
    51.495885359478535,
    52.277670165774225,
    50.79165099164741,
    49.064940716144775,
    48.86658019663725,
    47.82952777428737,
    47.69822034217669,
    47.84507017321761,
    47.76191574732177,
    47.21536697858322,
    48.72172097620101,
    45.595480444037456,
    45.263216842274474,
    47.04941985270438,
    48.38557409740223,
    47.89048674045904,
    49.81763805073536,
    49.10120607054551,
    48.06669025470924,
    49.26458863420557,
    49.26073207013079,
    49.97455319476686,
    51.31968403553419,
    49.43520450956772,
    47.19613828273958,
    47.53864578495632,
    48.15504481693518,
    47.08095842974053,
    48.882398995830215,
    46.72974103926084,
    46.8062072082072,
    46.85464681764317,
    48.648669563989245,
    48.37760491084783,
    50.08114532914897,
    49.57071708808029,
    48.947271505085745,
    48.280506680126,
    48.656984158623274,
    46.24037909068886,
    46.375468061785185,
    45.427500702631875,
    46.09935896485742,
    46.270587974261325,
    45.87261356526462,
    46.61543142203437,
    47.583129391654865,
    50.37112872488891,
    50.41705142523477,
    51.17043297502196,
    51.38644178927934,
    50.89698025983069,
    51.12126826029667,
    49.033279627377894,
    48.02340526629121,
    48.41696233861264,
    47.00141021410802,
    45.51054703896681,
    45.34797428888899,
    46.431574440661365,
    46.92781265175378,
    46.77718089973251,
    47.05607185752441,
    46.049040577992514,
    46.63526005844315,
    46.219202285728485,
    47.83388337032881,
    47.81589168957669,
    47.83867748363326,
    48.12774396019017,
    49.26849750136045,
    49.69670315923325,
    49.62388204360855,
    48.8301810382152,
    49.631651563315046,
    49.857390904731346,
    50.45598933425045,
    50.08237112496586,
    52.11348323334913,
    52.47475837788769,
    52.58966717201015,
    53.01666359391578,
    52.694268298611206,
    54.11827756046842,
    53.92041603062352,
    53.124624932820055,
    53.627855961406624,
    52.41850713280984,
    51.38160433239865,
    51.71277518233938,
    51.58516226251102,
    51.6976486061826,
    52.9965584671608,
    56.04760829396763,
    56.11982527543631,
    56.21523783929299
  ],
  "actions": [],
  "observations": [
    1,
    1,
    1,
    1,
    1,
    1,
    1,
    1,
    1,
    1,
    1,
    1,
    1,
    1,
    1,
    1,
    1,
    1,
    1,
    1,
    1,
    1,
    1,
    1,
    1,
    1,
    1,
    1,
    1,
    1,
    0,
    0,
    0,
    0,
    0,
    0,
    0,
    0,
    0,
    0,
    0,
    0,
    1,
    1,
    1,
    1,
    1,
    1,
    1,
    0,
    1,
    0,
    1,
    1,
    1,
    1,
    1,
    1,
    1,
    1,
    2,
    2,
    2,
    2,
    2,
    1,
    1,
    1,
    1,
    1,
    1,
    1,
    1,
    2,
    2,
    2,
    2,
    2,
    1,
    1,
    1,
    2,
    2,
    2,
    2,
    1,
    2,
    2,
    1,
    1,
    1,
    1,
    2,
    1,
    1,
    1,
    1,
    1,
    1,
    1,
    1,
    1,
    1,
    1,
    1,
    1,
    1,
    1,
    1,
    1,
    1,
    1,
    1,
    1,
    1,
    1,
    1,
    1,
    1,
    1,
    1,
    1,
    1,
    1,
    1,
    1,
    1,
    1,
    1,
    1,
    1,
    1,
    1,
    1,
    1,
    1,
    1,
    1,
    1,
    1,
    1,
    1,
    1,
    1,
    1,
    1,
    1,
    1,
    1,
    1,
    1,
    1,
    1,
    1,
    1,
    1,
    1,
    1,
    1,
    1,
    1,
    1,
    1,
    1,
    1,
    1,
    1,
    1,
    1,
    1,
    1,
    1,
    1,
    1,
    1,
    1,
    1,
    1,
    1,
    1,
    1,
    1,
    1,
    1,
    1,
    1,
    1,
    1,
    1,
    1,
    1,
    1,
    1,
    1,
    1,
    1,
    1,
    1,
    2,
    2
  ],