{
  "timesteps": [
    0,
    1,
    2,
    3,
    4,
    5,
    6,
    7,
    8,
    9,
    10,
    11,
    12,
    13,
    14,
    15,
    16,
    17,
    18,
    19,
    20,
    21,
    22,
    23,
    24,
    25,
    26,
    27,
    28,
    29,
    30,
    31,
    32,
    33,
    34,
    35,
    36,
    37,
    38,
    39,
    40,
    41,
    42,
    43,
    44,
    45,
    46,
    47,
    48,
    49,
    50,
    51,
    52,
    53,
    54,
    55,
    56,
    57,
    58,
    59,
    60,
    61,
    62,
    63,
    64,
    65,
    66,
    67,
    68,
    69,
    70,
    71,
    72,
    73,
    74,
    75,
    76,
    77,
    78,
    79,
    80,
    81,
    82,
    83,
    84,
    85,
    86,
    87,
    88,
    89,
    90,
    91,
    92,
    93,
    94,
    95,
    96,
    97,
    98,
    99,
    100,
    101,
    102,
    103,
    104,
    105,
    106,
    107,
    108,
    109,
    110,
    111,
    112,
    113,
    114,
    115,
    116,
    117,
    118,
    119,
    120,
    121,
    122,
    123,
    124,
    125,
    126,
    127,
    128,
    129,
    130,
    131,
    132,
    133,
    134,
    135,
    136,
    137,
    138,
    139,
    140,
    141,
    142,
    143,
    144,
    145,
    146,
    147,
    148,
    149,
    150,
    151,
    152,
    153,
    154,
    155,
    156,
    157,
    158,
    159,
    160,
    161,
    162,
    163,
    164,
    165,
    166,
    167,
    168,
    169,
    170,
    171,
    172,
    173,
    174,
    175,
    176,
    177,
    178,
    179,
    180,
    181,
    182,
    183,
    184,
    185,
    186,
    187,
    188,
    189,
    190,
    191,
    192,
    193,
    194,
    195,
    196,
    197,
    198,
    199
  ],
  "states": [
    50.0,
    49.37338461297441,
    49.27947642631417,
    47.217157042505,
    48.69269297453733,
    48.94645368599445,
    50.32346796168836,
    50.69612135427799,
    51.241067286081176,
    51.202851879454656,
    52.83809893173054,
    51.82325181525863,
    51.55189694583216,
    50.42902246678115,
    51.607802855712556,
    51.97423578685414,
    51.57936747884717,
    51.83574739180014,
    53.41024390525541,
    53.26516511854473,
    51.56490695546781,
    50.70702016339918,
    49.265207051938475,
    49.53519340114479,
    48.2775788165464,
    48.05442713448585,
    49.360100664590185,
    50.2885038550504,
    50.11896514527911,
    50.53633871003939,
    51.74088345297306,
    51.663983127023734,
    53.30952914335665,
    53.22681242681007,
    54.194537754841285,
    55.63243280771088,
    56.989510546953824,
    56.52470394658059,
    55.57040604367356,
    56.20459625703307,
    57.06024816098301,
    56.73305154134133,
    57.30980830799496,
    58.023168850010514,
    57.620994266520015,
    56.97121129466328,
    57.3241746800505,
    55.899942957570694,
    57.82717751295718,
    57.29190789275756,
    58.63010271954438,
    57.72170804008546,
    58.15245295291314,
    56.24120723677365,
    55.94249775091701,
    53.44707043751591,
    53.091014344724776,
    53.41647732781615,
    53.079698311599394,
    52.63371062945372,
    54.53871061808954,
    55.08220664496607,
    55.49376558409836,
    55.59558303426842,
    53.030577691557085,
    51.263361178312955,
    51.25173509520448,
    49.365376964211954,
    50.44048714369576,
    50.2778700350917,
    51.538238146628736,
    52.68115297835265,
    52.69204497122445,
    53.02600878519455,
    54.096484388426845,
    54.560688486910166,
    55.87461306274723,
    54.900282151890025,
    53.26880278121172,
    54.53650272731989,
    54.026983632766246,
    55.75556173436011,
    55.800197965214075,
    57.25767339391201,
    56.567869428661425,
    57.55283825666716,
    57.477855678356725,
    57.255845418968384,
    56.038833641512234,
    58.548758878649316,
    56.9594810955688,
    57.73279465849839,
    59.04281896893847,
    60.92420541230097,
    61.63154376778007,
    60.773972594875126,
    59.56283618354294,
    61.22801609773574,
    61.500541471879444,
    61.24364597513595,
    60.50441135000827,
    62.08580653036979,
    63.27253659621458,
    64.5352781816509,
    64.34546840213225,
    65.31125322524402,
    67.1868568515254,
    65.93738333477656,
    66.44564912982027,
    67.55835914761434,
    66.75160484193255,
    67.43550624519119,
    66.23973467174865,
    65.27005715141105,
    64.149380421553,
    64.93775682663401,
    65.94470626146838,
    68.17597972572791,
    66.49811492913759,
    64.90894393016184,
    66.04567505085004,
    66.03420494577402,
    64.48008961887926,
    63.96325900702651,
    63.82181913366747,
    61.936482188794585,
    62.27061820146313,
    63.83466352276726,
    61.078321838647256,
    60.1692455910241,
    60.99436766050821,
    60.58467499541647,
    60.247328512640856,
    58.35469145879727,
    57.39328837013825,
    57.49837474299973,
    58.96519379290355,
    59.27638671681845,
    58.626799789851724,
    58.812234916933775,
    59.84274598661967,
    60.001276457280355,
    61.309879924222834,
    60.17622012457448,
    59.75264526256361,
    61.107312263869936,
    61.24694797220348,
    58.17073636108648,
    57.258305301083304,
    55.955417366359995,
    54.83049956770567,
    55.53404538269905,
    55.692295980773956,
    55.30267699073366,
    56.331194216605155,
    57.765634296564556,
    57.8197598625303,
    56.54623912866441,
    58.51562868733379,
    58.31197556829123,
    59.64545296777158,
    58.057676681595964,
    59.15895879812705,
    58.054827062456376,
    56.742355717055716,
    58.012280530492696,
    56.97453032131905,
    55.40489284487523,
    57.414140730273026,
    58.270596666624144,
    56.99601510644827,
    57.25441726799401,
    57.257732027607226,
    60.51822819612912,
    60.498059519378046,
    58.99945173309888,
    59.26286131960349,
    58.53889857185235,
    59.34969040396995,
    57.85000630873527,
    57.87373023814249,
    57.20401782345682,
    59.461313954680946,
    60.44284376051843,
    59.35521468120778,
    58.69472845375997,
    58.09774234606241,
    57.3785073248186,
    57.37740191456135,
    59.08683519903287,
    60.62748819954407,
    60.93822565514162,
    60.39787475893634,
    61.86887419732956,
    60.965663517743494,
    59.43371800612213,
    57.58260112776099,
    58.49612014013824,
    57.29498413036763,
    57.05220401459633,
    58.538762052406426
  ],
  "actions": [],
  "observations": [
    1,
    1,
    1,
    1,
    1,
    1,
    1,
    1,
    1,
    1,
    1,
    1,
    1,
    1,
    1,
    1,
    1,
    1,
    1,
    1,
    1,
    1,
    1,
    1,
    1,
    1,
    1,
    1,
    1,
    1,
    1,
    1,
    1,
    1,
    1,
    2,
    2,
    2,
    2,
    2,
    2,
    2,
    2,
    2,
    2,
    2,
    2,
    2,
    2,
    2,
    2,
    2,
    2,
    2,
    2,
    1,
    1,
    1,
    1,
    1,
    1,
    2,
    2,
    2,
    1,
    1,
    1,
    1,
    1,
    1,
    1,
    1,
    1,
    1,
    1,
    1,
    2,
    1,
    1,
    1,
    1,
    2,
    2,
    2,
    2,
    2,
    2,
    2,
    2,
    2,
    2,
    2,
    2,
    2,
    2,
    2,
    2,
    2,
    2,
    2,
    2,
    2,
    2,
    2,
    2,
    2,
    2,
    2,
    2,
    2,
    2,
    2,
    2,
    2,
    2,
    2,
    2,
    2,
    2,
    2,
    2,
    2,
    2,
    2,
    2,
    2,
    2,
    2,
    2,
    2,
    2,
    2,
    2,
    2,
    2,
    2,
    2,
    2,
    2,
    2,
    2,
    2,
    2,
    2,
    2,
    2,
    2,
    2,
    2,
    2,
    1,
    2,
    2,
    2,
    2,
    2,
    2,
    2,
    2,
    2,
    2,
    2,
    2,
    2,
    2,
    2,
    2,
    2,
    2,
    2,
    2,
    2,
    2,
    2,
    2,
    2,
    2,
    2,
    2,
    2,
    2,
    2,
    2,
    2,
    2,
    2,
    2,
    2,
    2,
    2,
    2,
    2,
    2,
    2,
    2,
    2,
    2,
    2,
    2,
    2
  ],