{
  "timesteps": [
    0,
    1,
    2,
    3,
    4,
    5,
    6,
    7,
    8,
    9,
    10,
    11,
    12,
    13,
    14,
    15,
    16,
    17,
    18,
    19,
    20,
    21,
    22,
    23,
    24,
    25,
    26,
    27,
    28,
    29,
    30,
    31,
    32,
    33,
    34,
    35,
    36,
    37,
    38,
    39,
    40,
    41,
    42,
    43,
    44,
    45,
    46,
    47,
    48,
    49,
    50,
    51,
    52,
    53,
    54,
    55,
    56,
    57,
    58,
    59,
    60,
    61,
    62,
    63,
    64,
    65,
    66,
    67,
    68,
    69,
    70,
    71,
    72,
    73,
    74,
    75,
    76,
    77,
    78,
    79,
    80,
    81,
    82,
    83,
    84,
    85,
    86,
    87,
    88,
    89,
    90,
    91,
    92,
    93,
    94,
    95,
    96,
    97,
    98,
    99,
    100,
    101,
    102,
    103,
    104,
    105,
    106,
    107,
    108,
    109,
    110,
    111,
    112,
    113,
    114,
    115,
    116,
    117,
    118,
    119,
    120,
    121,
    122,
    123,
    124,
    125,
    126,
    127,
    128,
    129,
    130,
    131,
    132,
    133,
    134,
    135,
    136,
    137,
    138,
    139,
    140,
    141,
    142,
    143,
    144,
    145,
    146,
    147,
    148,
    149,
    150,
    151,
    152,
    153,
    154,
    155,
    156,
    157,
    158,
    159,
    160,
    161,
    162,
    163,
    164,
    165,
    166,
    167,
    168,
    169,
    170,
    171,
    172,
    173,
    174,
    175,
    176,
    177,
    178,
    179,
    180,
    181,
    182,
    183,
    184,
    185,
    186,
    187,
    188,
    189,
    190,
    191,
    192,
    193,
    194,
    195,
    196,
    197,
    198,
    199
  ],
  "states": [
    50.0,
    48.334544206047525,
    49.18021081122583,
    47.283728895459326,
    45.357636562300776,
    43.66959217816134,
    42.45994965182443,
    43.067492967596195,
    44.03635469751103,
    42.92090423608292,
    42.27647120662237,
    44.29120387603217,
    44.31003749590424,
    43.430674906288964,
    43.67819985192076,
    45.140067360859234,
    47.68067710127585,
    45.42610991333353,
    44.90344820186516,
    45.14170920142991,
    44.9678989716614,
    44.680873468934884,
    46.404541835896275,
    47.11636281209696,
    46.6000124486082,
    47.204600287074996,
    49.148370316372365,
    48.37289268601162,
    48.45644863663783,
    48.453655344023964,
    49.41850007543832,
    50.88071891196807,
    50.28500530667692,
    49.36792975779539,
    48.84456939907825,
    45.86041570654061,
    43.53487190085465,
    43.44100071595955,
    43.05104924600692,
    42.480314875825016,
    43.32012924430188,
    41.62074743142421,
    40.994659483278504,
    40.93786879177408,
    42.95628194932797,
    45.02986015055289,
    44.83255671526236,
    43.90671610776987,
    43.56947364493172,
    42.927598185938294,
    43.34065790847407,
    43.908627002392386,
    43.272227698019044,
    44.37110528983517,
    45.99381901402281,
    45.9115315544192,
    44.38562779203432,
    43.437979540721784,
    40.71870387106934,
    40.82472538473115,
    40.472182529585076,
    39.17570355539716,
    38.4895494938365,
    38.91618620462098,
    37.2393202388351,
    37.90039057904996,
    39.68640264068581,
    41.00762996673952,
    41.91694570274921,
    43.471365352568036,
    45.46414375557772,
    44.614028207521756,
    44.359580036465225,
    43.07112732217337,
    43.308253484170706,
    43.35616600684335,
    42.719340049133,
    44.39416188886159,
    43.97833486823142,
    45.77652495062594,
    44.82033305240934,
    44.420581039779606,
    44.14989187706123,
    46.13532280853861,
    45.75887782155563,
    45.960268955549566,
    44.30160523242215,
    47.13156571910746,
    47.70897581520612,
    48.53797424937859,
    48.68604362635683,
    47.71063240601876,
    47.84413484260071,
    48.598786202536694,
    46.88306306740098,
    47.5585255307776,
    48.38593552157863,
    47.304903876574734,
    47.70332227336108,
    47.61010649701016,
    46.26772502488945,
    46.73494317751869,
    46.3156363678929,
    45.05502987089431,
    46.00950721897219,
    46.79663365210296,
    46.132411791896665,
    45.46226760039778,
    43.39404642720448,
    45.36053672557899,
    45.22694080930883,
    43.951790569547505,
    43.893468349923054,
    44.63518740257902,
    44.69328578959317,
    46.51823202969573,
    45.0482526865401,
    45.95425096201057,
    44.83903772045734,
    44.47923398025834,
    43.10185180455973,
    42.70471355253642,
    44.23531951552275,
    42.24687815465535,
    42.046481573873734,
    43.167662542326,
    43.583425807401184,
    42.422120102757326,
    41.15594634069157,
    41.02875000233827,
    43.3223394421546,
    44.08529207247739,
    42.602418559516146,
    41.01890643492734,
    40.80218154407328,
    40.3515023522302,
    39.730615291103554,
    39.907145111775606,
    40.586276404503714,
    39.833051263807484,
    40.17925493164846,
    40.97879205173901,
    41.450529159465155,
    38.96626305696632,
    41.569292606851675,
    41.87033127532566,
    40.99667254411213,
    40.934957849140964,
    40.66676501150933,
    40.08459013180994,
    40.902162560299615,
    43.61589120600394,
    42.267872265400335,
    42.03678739539693,
    40.421452914928985,
    39.884892199567474,
    41.325474706109354,
    43.10024513976306,
    43.36982206774729,
    42.08399912195824,
    41.93573854963093,
    40.67683352084644,
    41.9056536162378,
    41.36763407355981,
    40.76580146582376,
    39.75286702730981,
    38.46549830341161,
    37.77655572006581,
    39.48000881185018,
    39.999871719417364,
    42.05352734187827,
    44.06334854336269,
    43.78863980129325,
    46.478420479707005,
    46.4541676154499,
    45.873118032187406,
    45.07716621307882,
    44.23729861833964,
    43.19127690142369,
    43.388135829168995,
    45.417048791240326,
    46.681367561522016,
    46.932749404889236,
    49.27256061709367,
    49.896876472874986,
    50.84278898824816,
    50.153532875737056,
    50.347171895185475,
    49.21156821797251,
    49.21482396232567,
    47.16310571488257,
    47.84953797504242,
    47.76832831273868,
    48.25798206679808,
    47.54005761839089,
    49.25793240092791,
    49.80408238678554,
    51.4690304058194,
    50.37904312575411,
    50.59832566205128,
    49.103574144799786
  ],
  "actions": [],
  "observations": [
    1,
    1,
    1,
    1,
    1,
    0,
    0,
    0,
    0,
    0,
    0,
    0,
    0,
    0,
    0,
    1,
    1,
    1,
    0,
    1,
    0,
    0,
    1,
    1,
    1,
    1,
    1,
    1,
    1,
    1,
    1,
    1,
    1,
    1,
    1,
    1,
    0,
    0,
    0,
    0,
    0,
    0,
    0,
    0,
    0,
    1,
    0,
    0,
    0,
    0,
    0,
    0,
    0,
    0,
    1,
    1,
    0,
    0,
    0,
    0,
    0,
    0,
    0,
    0,
    0,
    0,
    0,
    0,
    0,
    0,
    1,
    0,
    0,
    0,
    0,
    0,
    0,
    0,
    0,
    1,
    0,
    0,
    0,
    1,
    1,
    1,
    0,
    1,
    1,
    1,
    1,
    1,
    1,
    1,
    1,
    1,
    1,
    1,
    1,
    1,
    1,
    1,
    1,
    1,
    1,
    1,
    1,
    1,
    0,
    1,
    1,
    0,
    0,
    0,
    0,
    1,
    1,
    1,
    0,
    0,
    0,
    0,
    0,
    0,
    0,
    0,
    0,
    0,
    0,
    0,
    0,
    0,
    0,
    0,
    0,
    0,
    0,
    0,
    0,
    0,
    0,
    0,
    0,
    0,
    0,
    0,
    0,
    0,
    0,
    0,
    0,
    0,
    0,
    0,
    0,
    0,
    0,
    0,
    0,
    0,
    0,
    0,
    0,
    0,
    0,
    0,
    0,
    0,
    0,
    0,
    0,
    0,
    0,
    1,
    1,
    1,
    1,
    0,
    0,
    0,
    1,
    1,
    1,
    1,
    1,
    1,
    1,
    1,
    1,
    1,
    1,
    1,
    1,
    1,
    1,
    1,
    1,
    1,
    1,
    1
  ],