{
  "timesteps": [
    0,
    1,
    2,
    3,
    4,
    5,
    6,
    7,
    8,
    9,
    10,
    11,
    12,
    13,
    14,
    15,
    16,
    17,
    18,
    19,
    20,
    21,
    22,
    23,
    24,
    25,
    26,
    27,
    28,
    29,
    30,
    31,
    32,
    33,
    34,
    35,
    36,
    37,
    38,
    39,
    40,
    41,
    42,
    43,
    44,
    45,
    46,
    47,
    48,
    49,
    50,
    51,
    52,
    53,
    54,
    55,
    56,
    57,
    58,
    59,
    60,
    61,
    62,
    63,
    64,
    65,
    66,
    67,
    68,
    69,
    70,
    71,
    72,
    73,
    74,
    75,
    76,
    77,
    78,
    79,
    80,
    81,
    82,
    83,
    84,
    85,
    86,
    87,
    88,
    89,
    90,
    91,
    92,
    93,
    94,
    95,
    96,
    97,
    98,
    99,
    100,
    101,
    102,
    103,
    104,
    105,
    106,
    107,
    108,
    109,
    110,
    111,
    112,
    113,
    114,
    115,
    116,
    117,
    118,
    119,
    120,
    121,
    122,
    123,
    124,
    125,
    126,
    127,
    128,
    129,
    130,
    131,
    132,
    133,
    134,
    135,
    136,
    137,
    138,
    139,
    140,
    141,
    142,
    143,
    144,
    145,
    146,
    147,
    148,
    149,
    150,
    151,
    152,
    153,
    154,
    155,
    156,
    157,
    158,
    159,
    160,
    161,
    162,
    163,
    164,
    165,
    166,
    167,
    168,
    169,
    170,
    171,
    172,
    173,
    174,
    175,
    176,
    177,
    178,
    179,
    180,
    181,
    182,
    183,
    184,
    185,
    186,
    187,
    188,
    189,
    190,
    191,
    192,
    193,
    194,
    195,
    196,
    197,
    198,
    199
  ],
  "states": [
    50.0,
    52.54133864301489,
    51.407304784856905,
    51.23657925074546,
    52.581404570069836,
    52.02872470263922,
    51.398098649811004,
    51.08826294279884,
    50.8414633022456,
    48.861636748490845,
    47.52427662614525,
    45.950789054603504,
    44.313945001019064,
    45.20268235106419,
    48.46169352929554,
    49.479652142657336,
    50.08088559563646,
    49.71000615963957,
    48.504053727083196,
    49.38730810770989,
    47.62372976432219,
    45.88097768626638,
    44.64822042345281,
    44.52413456202366,
    45.6007821569568,
    45.13654454588743,
    46.47648635882784,
    47.10487247680966,
    49.3075633619368,
    48.38426311528472,
    46.455009293902584,
    47.71835184144215,
    47.10725463315523,
    48.96206655777129,
    49.12388525387373,
    51.42282632672615,
    49.86563168915614,
    49.544924940747045,
    49.84502301531874,
    46.92975528787549,
    46.937681729183964,
    48.54596026798958,
    48.31898527762724,
    50.352298345177246,
    50.08392720668266,
    47.58325655361998,
    46.108253557111574,
    44.68852057418134,
    44.9544175396105,
    43.50175603650758,
    41.63074056252433,
    45.18386476799113,
    45.621637914942575,
    49.514148959335955,
    48.80092361181733,
    48.20959977305658,
    49.85246348222132,
    49.406451756122394,
    51.041955953011765,
    50.830732052085786,
    50.78940841964798,
    49.68839590198888,
    53.27256707451758,
    54.31426065294293,
    53.632001864669306,
    52.40450778660186,
    51.26519085622104,
    51.13290710162356,
    53.81650320720182,
    52.31941228327252,
    51.769543323919365,
    50.997971492394434,
    51.22350256590159,
    48.59990268403249,
    45.95023982233089,
    46.29452747487304,
    46.34664276902565,
    43.03911618533047,
    45.85288390979719,
    44.185906014576446,
    44.345172816051885,
    44.02688053285322,
    45.18406921523254,
    43.48135731761874,
    42.985435359158,
    43.40255928513168,
    45.327418332520026,
    45.48305332401946,
    42.082459208001126,
    43.8958130321331,
    44.903498578721994,
    43.86793547446858,
    44.49176124068967,
    44.54525661215693,
    44.981027303302575,
    45.646606744456236,
    44.93490416884725,
    44.608210730686636,
    45.15030371685124,
    47.48945171029678,
    47.308034048989384,
    50.622452685595846,
    51.256526244873875,
    51.09734128409638,
    50.77054133597629,
    48.25160496129874,
    49.11920517799776,
    45.9877026389008,
    44.933438573587594,
    45.320218222967945,
    45.61328625971828,
    44.00423609787355,
    43.685498210930895,
    43.515580509550496,
    39.95669170758146,
    41.90958430052309,
    44.17480619417233,
    42.218029119220645,
    42.185537191382494,
    42.15257041599629,
    41.24315127058606,
    42.298346999090064,
    39.573606920759346,
    39.93695411514021,
    39.111140938518574,
    41.482584625554644,
    43.67403206055668,
    44.72043391805195,
    45.14415210235182,
    45.76948711152057,
    47.15117704655583,
    44.42009590921262,
    45.82470524472029,
    47.144744827781636,
    45.61464248531459,
    41.99688668460621,
    40.73769095135087,
    40.54771216230381,
    41.59739793073711,
    41.10331049887512,
    40.844859325736735,
    42.55377271270496,
    42.67056781347221,
    40.54108381718951,
    43.13217944110727,
    43.127191599376246,
    41.06437695747134,
    42.78728377316904,
    42.57262963462965,
    43.16764265450502,
    43.13450161327749,
    44.56251630695865,
    47.77131336849165,
    48.443891622205065,
    46.42629336825373,
    46.36010480712964,
    44.40432503140418,
    43.697269114629655,
    39.35483125820791,
    37.891059547207576,
    38.99387200451901,
    40.481680634164206,
    40.00864005657846,
    39.76026221158094,
    39.222147929869664,
    39.21565212678916,
    41.35626504618831,
    41.318696470310215,
    42.85615234596443,
    43.82253179411349,
    44.06756528239772,
    45.61971604117237,
    45.80171068576769,
    48.18893739531388,
    50.23045754126673,
    50.53131138140696,
    48.655685529565936,
    48.05532776579937,
    47.7675290657682,
    45.29845401278064,
    41.78910989602109,
    42.216476873440854,
    42.60866528410335,
    39.21417069517157,
    42.06347409250497,
    40.764440495029916,
    40.09810440395731,
    36.91923398388438,
    36.80488481258212,
    35.52167416849852,
    36.50656905489641,
    37.88295925201049,
    34.79664057569708,
    37.64416467157692,
    36.8753665537489,
    37.642225691124686,
    36.62910052634683,
    38.23072188621639,
    36.282677150646805,
    36.56509411577341,
    34.80444806226576
  ],
  "actions": [],
  "observations": [
    1,
    1,
    1,
    1,
    1,
    1,
    1,
    1,
    1,
    1,
    1,
    1,
    0,
    1,
    1,
    1,
    1,
    1,
    1,
    1,
    1,
    1,
    0,
    0,
    1,
    1,
    1,
    1,
    1,
    1,
    1,
    1,
    1,
    1,
    1,
    1,
    1,
    1,
    1,
    1,
    1,
    1,
    1,
    1,
    1,
    1,
    1,
    0,
    0,
    0,
    0,
    1,
    1,
    1,
    1,
    1,
    1,
    1,
    1,
    1,
    1,
    1,
    1,
    1,
    1,
    1,
    1,
    1,
    1,
    1,
    1,
    1,
    1,
    1,
    1,
    1,
    1,
    0,
    1,
    0,
    0,
    0,
    1,
    0,
    0,
    0,
    1,
    1,
    0,
    0,
    0,
    0,
    0,
    0,
    0,
    1,
    0,
    0,
    1,
    1,
    1,
    1,
    1,
    1,
    1,
    1,
    1,
    1,
    0,
    1,
    1,
    0,
    0,
    0,
    0,
    0,
    0,
    0,
    0,
    0,
    0,
    0,
    0,
    0,
    0,
    0,
    0,
    0,
    1,
    1,
    1,
    0,
    1,
    1,
    1,
    0,
    0,
    0,
    0,
    0,
    0,
    0,
    0,
    0,
    0,
    0,
    0,
    0,
    0,
    0,
    0,
    0,
    1,
    1,
    1,
    1,
    0,
    0,
    0,
    0,
    0,
    0,
    0,
    0,
    0,
    0,
    0,
    0,
    0,
    0,
    0,
    1,
    1,
    1,
    1,
    1,
    1,
    1,
    1,
    1,
    0,
    0,
    0,
    0,
    0,
    0,
    0,
    0,
    0,
    0,
    0,
    0,
    0,
    0,
    0,
    0,
    0,
    0,
    0,
    0
  ],