{
  "timesteps": [
    0,
    1,
    2,
    3,
    4,
    5,
    6,
    7,
    8,
    9,
    10,
    11,
    12,
    13,
    14,
    15,
    16,
    17,
    18,
    19,
    20,
    21,
    22,
    23,
    24,
    25,
    26,
    27,
    28,
    29,
    30,
    31,
    32,
    33,
    34,
    35,
    36,
    37,
    38,
    39,
    40,
    41,
    42,
    43,
    44,
    45,
    46,
    47,
    48,
    49,
    50,
    51,
    52,
    53,
    54,
    55,
    56,
    57,
    58,
    59,
    60,
    61,
    62,
    63,
    64,
    65,
    66,
    67,
    68,
    69,
    70,
    71,
    72,
    73,
    74,
    75,
    76,
    77,
    78,
    79,
    80,
    81,
    82,
    83,
    84,
    85,
    86,
    87,
    88,
    89,
    90,
    91,
    92,
    93,
    94,
    95,
    96,
    97,
    98,
    99,
    100,
    101,
    102,
    103,
    104,
    105,
    106,
    107,
    108,
    109,
    110,
    111,
    112,
    113,
    114,
    115,
    116,
    117,
    118,
    119,
    120,
    121,
    122,
    123,
    124,
    125,
    126,
    127,
    128,
    129,
    130,
    131,
    132,
    133,
    134,
    135,
    136,
    137,
    138,
    139,
    140,
    141,
    142,
    143,
    144,
    145,
    146,
    147,
    148,
    149,
    150,
    151,
    152,
    153,
    154,
    155,
    156,
    157,
    158,
    159,
    160,
    161,
    162,
    163,
    164,
    165,
    166,
    167,
    168,
    169,
    170,
    171,
    172,
    173,
    174,
    175,
    176,
    177,
    178,
    179,
    180,
    181,
    182,
    183,
    184,
    185,
    186,
    187,
    188,
    189,
    190,
    191,
    192,
    193,
    194,
    195,
    196,
    197,
    198,
    199
  ],
  "states": [
    50.0,
    49.84105063685528,
    52.19331019151305,
    52.63106557260156,
    51.25945789671146,
    52.34266056906775,
    50.46466075017692,
    51.14054279756244,
    49.72957125528342,
    48.67037042948914,
    48.66936698199982,
    46.33970354146684,
    46.97376876658843,
    48.91251675824813,
    49.91125240534293,
    50.38792211246966,
    48.33272748940859,
    49.00504284147541,
    48.99001575267162,
    49.876018315246654,
    50.64660909750828,
    50.553360959762294,
    49.15506032551163,
    49.22155889836406,
    49.06943105511037,
    48.37448709923101,
    46.78342605396871,
    44.29756684531196,
    45.00532025463109,
    48.59228066654204,
    50.16448102214869,
    49.35954377473585,
    51.13780370814172,
    52.15535906488788,
    55.23019257495697,
    54.63783293132129,
    54.55780302369572,
    56.43476900575052,
    55.06549665175874,
    54.71577100288669,
    53.044826161609656,
    53.426509126092064,
    54.00801941256422,
    53.3709100256951,
    55.18358043036445,
    55.213683283013,
    56.875581748926,
    57.54562413479848,
    56.41797460439835,
    56.62822656087954,
    56.757223962649356,
    55.987195481710515,
    56.12361635284576,
    54.2373234313743,
    55.70697711658929,
    57.51029603499925,
    56.36505121258501,
    54.19111549468228,
    54.352030346790144,
    55.502381045346496,
    52.618712748965045,
    53.07991863731954,
    52.85175229011006,
    51.668018879448226,
    53.62718524791732,
    51.84676927463993,
    51.33541030634808,
    51.831951875002694,
    51.899430824678724,
    51.663299665331486,
    51.5600419551645,
    51.02828921224894,
    51.87339257929511,
    49.10345060298201,
    48.51866862455684,
    44.278906254358205,
    44.998709356201495,
    46.024956845019744,
    46.35639547061651,
    43.20141704122251,
    43.48228764766962,
    46.355373645146365,
    46.13937003080498,
    46.598041006664246,
    50.36157267687548,
    51.36192822052486,
    50.499201055815405,
    47.470639240278516,
    49.96535568257485,
    50.85382549542797,
    51.19404992561475,
    51.281360617473965,
    49.76925008572987,
    51.09457024753811,
    52.255361523423595,
    55.22213633215559,
    54.94525841312626,
    52.6682155617383,
    53.06427382067928,
    51.61699894218232,
    51.02589845434932,
    49.01041430898274,
    51.62947989304215,
    51.761671821281716,
    52.682737739027495,
    51.3556464630582,
    52.92226703407803,
    51.202028875790106,
    50.37074584846295,
    49.87153299087576,
    50.60692649593055,
    52.23530671507495,
    49.80210329113375,
    47.54192932143893,
    47.37038439934275,
    47.899599577522565,
    48.00369351698354,
    51.246129910492925,
    49.953396621080245,
    50.17701063466249,
    49.283930571242685,
    49.59665747797225,
    49.990645903854535,
    47.62314966111514,
    44.748666640892125,
    45.019550711947325,
    44.94400684832939,
    45.95888374585787,
    46.24663477345075,
    46.013941744515,
    48.12937936819545,
    47.838891953884584,
    48.51051216948409,
    49.47585713515613,
    51.442969961627064,
    53.562886738120504,
    55.35325866428534,
    53.778467810252096,
    52.84647092999281,
    52.23490951359027,
    52.38309085588825,
    56.33268464888298,
    57.49482213502855,
    55.53964549395341,
    54.62278519646948,
    55.31115417510642,
    54.054090237203106,
    54.750914745318454,
    55.112723705089714,
    54.537723042079925,
    53.06695665103953,
    53.04833807187013,
    53.74831627326149,
    53.32862428875315,
    54.1216817031155,
    53.54133575647162,
    54.94202535223194,
    54.54405161004967,
    53.63487669752683,
    52.062246946577176,
    54.651521251765374,
    52.9575317697529,
    52.85645582520614,
    55.23507555909699,
    55.262051645593694,
    54.70123028431213,
    55.920931036327495,
    56.2804757531038,
    57.01089234335154,
    59.22365579811421,
    58.5069613264111,
    61.77947754446508,
    59.71523051416568,
    60.89543441369807,
    63.30706496084769,
    61.53984405131168,
    59.0099670370275,
    59.20047151673045,
    60.185969945543384,
    61.15504784799886,
    61.64327333957258,
    64.45876673581364,
    66.59681319773165,
    66.59202175964919,
    64.319449907274,
    62.99321716123287,
    63.22945447553885,
    61.97959371836744,
    62.22843066495052,
    62.2024774027389,
    62.56541055332459,
    58.254172897859796,
    58.10151890865898,
    58.0772101839858,
    57.06550994067931,
    54.95389240954753,
    53.95051338390124,
    53.25623719090879,
    53.732362588256876,
    52.98512193477563,
    54.34210404610167
  ],
  "actions": [],
  "observations": [
    1,
    1,
    1,
    1,
    1,
    1,
    1,
    1,
    1,
    1,
    1,
    1,
    1,
    1,
    1,
    1,
    1,
    1,
    1,
    1,
    1,
    1,
    1,
    1,
    1,
    1,
    1,
    0,
    1,
    1,
    1,
    1,
    1,
    1,
    2,
    1,
    1,
    2,
    2,
    1,
    1,
    1,
    1,
    1,
    2,
    2,
    2,
    2,
    2,
    2,
    2,
    2,
    2,
    1,
    2,
    2,
    2,
    1,
    1,
    2,
    1,
    1,
    1,
    1,
    1,
    1,
    1,
    1,
    1,
    1,
    1,
    1,
    1,
    1,
    1,
    0,
    0,
    1,
    1,
    0,
    0,
    1,
    1,
    1,
    1,
    1,
    1,
    1,
    1,
    1,
    1,
    1,
    1,
    1,
    1,
    2,
    1,
    1,
    1,
    1,
    1,
    1,
    1,
    1,
    1,
    1,
    1,
    1,
    1,
    1,
    1,
    1,
    1,
    1,
    1,
    1,
    1,
    1,
    1,
    1,
    1,
    1,
    1,
    1,
    0,
    1,
    0,
    1,
    1,
    1,
    1,
    1,
    1,
    1,
    1,
    1,
    2,
    1,
    1,
    1,
    1,
    2,
    2,
    2,
    1,
    2,
    1,
    1,
    2,
    1,
    1,
    1,
    1,
    1,
    1,
    1,
    1,
    1,
    1,
    1,
    1,
    1,
    1,
    2,
    2,
    1,
    2,
    2,
    2,
    2,
    2,
    2,
    2,
    2,
    2,
    2,
    2,
    2,
    2,
    2,
    2,
    2,
    2,
    2,
    2,
    2,
    2,
    2,
    2,
    2,
    2,
    2,
    2,
    2,
    2,
    1,
    1,
    1,
    1,
    1
  ],